tree
version=v4
num_class=4
num_tree_per_iteration=4
label_index=0
max_feature_idx=25
objective=multiclass num_class:4
feature_names=Column_0 Column_1 Column_2 Column_3 Column_4 Column_5 Column_6 Column_7 Column_8 Column_9 Column_10 Column_11 Column_12 Column_13 Column_14 Column_15 Column_16 Column_17 Column_18 Column_19 Column_20 Column_21 Column_22 Column_23 Column_24 Column_25
feature_infos=[7.0681880000000001:34.190739999999998] [68.798124999999999:97.032016999999996] [0:3902.5] [0.28000000000000003:36.960000000000001] [0.080000000000000002:1303.77] [-0.87:2.02] [-0.75700000000000001:0.94599999999999995] [1:8] [0:3.5579999999999998] [0.070999999999999994:0.10000000000000001] [0.3458:0.71960000000000002] [0.046699999999999998:0.46729999999999999] [0.090899999999999995:0.16950000000000001] [0:50.718518518518529] [0.0001:60.750723386797581] [0:276.39999999999998] [0:663.60000000000002] [0:1350.4000000000001] [0:1612.1000000000001] [2:46.200000000000003] [1.5142857142857142:44.957142857142863] [0:100] [-50:81] [0:14] [0:14] [1:4]
tree_sizes=1745 1712 1723 1708 1769 1759 1785 1744 1773 1761 1775 1751 1765 1755 1784 1762 1774 1764 1784 1758 1769 1764 1779 1760 1777 1762 1784 1765 1767 1768 1789 1760 1773 1765 1785 1763 1759 1774 1787 1754 1770 1782 1787 1764 1773 1786 1788 1754 1775 1783 1779 1753 1769 1773 1786 1773 1780 1772 1777 1768 1778 1760 1783 1769 1779 1768 1774 1772 1778 1765 1774 1765 1770 1768 1771 1764 1772 1766 1767 1771 1775 1764 1779 1770 1774 1764 1780 1761 1767 1769 1770 1772 1777 1773 1783 1768 1767 1769 1775 1775 1764 1772 1776 1776 1778 1780 1780 1775 1768 1773 1758 1774 1772 1779 1787 1771 1773 1782 1777 1769 1783 1783 1781 1774 1777 1779 1787 1772 1772 1767 1783 1790 1772 1773 1786 1775 1780 1783 1777 1769 1771 1780 1786 1770 1769 1778 1754 1764 1764 1777 1778 1776 1761 1779 1770 1773 1769 1781 1765 1782 1769 1783 1766 1754 1761 1771 1783 1758 1785 1796 1780 1764 1762 1784 1781 1762 1787 1783 1769 1776 1768 1792 1766 1769 1767 1786 1783 1774 1788 1797 1779 1771 1793 1801 1768 1753 1768 1800 1778 1760 1761 1804 1789 1769 1774 1807 1776 1761 1793 1806 1780 1763 1772 1800 1759 1764 1763 1803 1789 1745 1783 1817 1785 1766 1775 1805 1763 1756 1781 1810 1761 1762 1772 1807 1772 1771 1778 1804 1767 1766

Tree=0
num_leaves=15
num_cat=0
split_feature=1 23 7 1 17 4 7 18 12 5 1 5 6 6
split_gain=6537.73 3254.02 2240.38 1274.16 1199.91 1065.9 975.399 1246.17 944.164 838.379 1156 531.869 509.076 284.84
threshold=79.433365000000023 1.0000000180025095e-35 6.5000000000000009 73.172706000000019 11.150000000000004 395.30000000000001 5.5000000000000009 32.050000000000018 0.094550000000000009 -0.094999999999999987 91.527837500000018 0.31500000000000006 0.034000000000000009 0.21100000000000005
decision_type=2 2 2 2 2 2 2 2 2 2 2 2 2 2
left_child=1 2 8 13 -5 6 7 -2 -1 10 -7 -11 -8 -3
right_child=5 3 -4 4 -6 9 12 -9 -10 11 -12 -13 -14 -15
leaf_value=-0.36196638836987211 -0.41122598587833625 -0.4954646945873315 -0.35505572506304361 -0.45820740058534104 -0.41733108155621113 -0.4354026917299878 -0.40932417120123221 -0.3822041415687476 -0.42311304775673658 -0.38106402854472993 -0.372970175266639 -0.40052164583092376 -0.36670541710031324 -0.46016170903419784
leaf_weight=722.72819963097572 4769.5946415662766 928.7601101398468 2106.7571105957031 2816.8471188545227 4950.6440807580948 2780.4021018743515 757.11583662033081 16476.674612164497 4990.9099462926388 6066.3318586349487 1011.0553097724915 8341.2063056230545 9400.463089466095 1484.8405305147171
leaf_count=2459 16228 3160 7168 9584 16844 9460 2576 56060 16981 20640 3440 28380 31984 5052
internal_value=-0.397573 -0.423383 -0.399128 -0.442015 -0.432155 -0.388206 -0.382626 -0.388719 -0.415378 -0.397834 -0.418754 -0.392329 -0.369882 -0.473746
internal_weight=67604.3 18001.5 7820.4 10181.1 7767.49 49602.8 31403.8 21246.3 5713.64 18199 3791.46 14407.5 10157.6 2413.6
internal_count=230016 61248 26608 34640 26428 168768 106848 72288 19440 61920 12900 49020 34560 8212
is_linear=0
shrinkage=1


Tree=1
num_leaves=15
num_cat=0
split_feature=5 24 5 23 24 10 11 9 20 8 8 5 9 22
split_gain=13847.6 3264.92 2533.73 2358.81 2043.28 1676.34 1875.63 1156.38 165.227 79.776 56.2671 84.0207 48.0327 1.88064
threshold=0.34000000000000002 2.5000000000000004 0.24500000000000002 1.0000000180025095e-35 2.5000000000000004 0.54655000000000009 0.35430000000000006 0.07690000000000001 38.935714285714297 2.7710000000000004 1.4550000000000003 0.36500000000000005 0.096450000000000008 43.500000000000007
decision_type=2 2 2 2 2 2 2 2 2 2 2 2 2 2
left_child=2 5 8 4 -4 6 -2 -7 9 -1 13 -12 -10 -3
right_child=1 10 3 -5 -6 7 -8 -9 12 -11 11 -13 -14 -15
leaf_value=-2.9907376519195101 -2.887101300023176 -2.9920992782937788 -2.8879218522067758 -2.992390617875389 -2.9906811628723453 -2.6158923880074583 -2.7471341030269403 -2.7914107364730052 -2.9329810887727437 -2.7397020874254721 -2.7677785908087964 -2.9878783226887831 -2.8167015967042022 -2.89763241895667
leaf_weight=8439.3751695156097 1143.0409191548824 343.24206250905991 1948.9078522324562 1489.0531904697418 643.47993117570877 108.49984489381313 302.74424806237221 694.59687937796116 21.040395453572273 3.1659529209136954 7.1233940720558193 11.080835223197935 15.368063136935232 0.52765882015228172
leaf_count=127952 17330 5204 29548 22576 9756 1645 4590 10531 319 48 108 168 233 8
internal_value=-2.95283 -2.84805 -2.9746 -2.94224 -2.91343 -2.82562 -2.85779 -2.7677 -2.99019 -2.99064 -2.98742 -2.90175 -2.8839 -2.99195
internal_weight=15171.2 2610.86 12560.4 4081.44 2592.39 2248.88 1445.79 803.097 8478.95 8442.54 361.974 18.2042 36.4085 343.77
internal_count=230016 39584 190432 61880 39304 34096 21920 12176 128552 128000 5488 276 552 5212
is_linear=0
shrinkage=1


Tree=2
num_leaves=15
num_cat=0
split_feature=23 1 6 1 1 15 0 5 6 7 5 12 1 22
split_gain=14310 5591.65 3683.79 3662.49 1543.71 1416.36 929.435 1358.09 1150.63 825.728 649.443 443.394 387.354 201.457
threshold=4.5000000000000009 79.120410000000007 0.43000000000000005 86.366141500000012 80.125411500000013 4.0500000000000007 16.176255000000005 0.065000000000000016 0.084000000000000019 6.5000000000000009 -0.094999999999999987 0.094550000000000009 89.145583000000002 17.500000000000004
decision_type=2 2 2 2 2 2 2 2 2 2 2 2 2 2
left_child=2 5 3 4 -1 10 7 -3 -8 11 -2 -4 -5 -7
right_child=1 6 9 12 -6 13 8 -9 -10 -11 -12 -13 -14 -15
leaf_value=-1.5095757063899626 -1.415911691896945 -1.5608638511578659 -1.5876027554426324 -1.5603159110227367 -1.5438296583337867 -1.4917111730824133 -1.511423419123715 -1.4695049100313105 -1.5616249055869531 -1.5927523248920161 -1.4596267948412696 -1.5642193891079279 -1.5860314071445962 -1.5329831818214235
leaf_weight=4763.1974270343781 1153.2234191298485 603.89899760484695 2639.0386195331812 2175.8257217407227 10628.622357845306 696.94417649507523 1928.898131608963 1246.2685980200768 2795.8286926150322 5850.2156227231026 3227.0573101639748 8745.5758167952299 4478.6938992738724 513.53781425952911
leaf_count=21296 5156 2700 11799 9728 47520 3116 8624 5572 12500 26156 14428 39101 20024 2296
internal_value=-1.54549 -1.49811 -1.56017 -1.54663 -1.53323 -1.46135 -1.52937 -1.49932 -1.54113 -1.57749 -1.44812 -1.56964 -1.57762 -1.50922
internal_weight=51446.8 12165.7 39281.2 22046.3 15391.8 5590.76 6574.89 1850.17 4724.73 17234.8 4380.28 11384.6 6654.52 1210.48
internal_count=230016 54392 175624 98568 68816 24996 29396 8272 21124 77056 19584 50900 29752 5412
is_linear=0
shrinkage=1


Tree=3
num_leaves=15
num_cat=0
split_feature=1 13 0 6 7 18 6 0 1 5 6 1 10 5
split_gain=8653.14 1540.53 1301.04 953.047 961.335 773.365 1378.11 466.836 418.864 310.832 243.213 112.92 83.5989 63.0154
threshold=89.145583000000002 19.178322580645165 17.394289000000004 0.28050000000000003 6.5000000000000009 39.250000000000007 0.38650000000000001 28.072009000000005 91.363129500000014 0.31500000000000006 0.43800000000000006 76.807391500000008 0.70760000000000012 0.13500000000000004
decision_type=2 2 2 2 2 2 2 2 2 2 2 2 2 2
left_child=2 3 11 8 -5 10 -7 9 -2 -3 -4 13 -9 -1
right_child=1 7 5 4 -6 6 -8 12 -10 -11 -12 -13 -14 -15
leaf_value=-2.804251066972669 -2.6778376912115465 -2.6613640098677429 -2.7759108261961249 -2.6646213144282576 -2.7543564664287978 -2.7848902111261169 -2.7394354310870317 -2.4932967372807902 -2.7795227916859022 -2.5256702486119882 -2.8031207374166613 -2.8067559173988266 -2.7493493456808484 -2.717928668264606
leaf_weight=33.826677918434143 129.98214200139046 170.69943949580193 1277.2703014016151 1404.7467635571957 378.9840766787529 3745.0517395436764 3005.8761850297451 103.82910861074924 458.53941178321838 56.06458654999733 2300.2140984535217 4886.0756993293762 3.2887047976255408 56.377796530723572
leaf_count=432 1660 2180 16312 17940 4840 47828 38388 1326 5856 716 29376 62400 42 720
internal_value=-2.77016 -2.68774 -2.78473 -2.70189 -2.68369 -2.77461 -2.76465 -2.58718 -2.75706 -2.62782 -2.79341 -2.80573 -2.50116 -2.7503
internal_weight=18010.8 2706.13 15304.7 2372.25 1783.73 10328.4 6750.93 333.882 588.522 226.764 3577.48 4976.28 107.118 90.2045
internal_count=230016 34560 195456 30296 22780 131904 86216 4264 7516 2896 45688 63552 1368 1152
is_linear=0
shrinkage=1


Tree=4
num_leaves=15
num_cat=0
split_feature=1 18 1 4 7 1 23 5 1 23 6 5 7 5
split_gain=5612.7 2879.51 1647.73 927.462 1004.95 1365.87 809.543 769.015 1034.06 686.81 507.756 492.789 488.744 168.641
threshold=79.20344200000001 3.350000000000001 72.731423000000021 395.30000000000001 5.5000000000000009 80.867646000000022 1.0000000180025095e-35 -0.094999999999999987 91.527837500000018 8.5000000000000018 0.034000000000000009 0.31500000000000006 5.5000000000000009 -0.094999999999999987
decision_type=2 2 2 2 2 2 2 2 2 2 2 2 2 2
left_child=1 6 13 4 5 -2 12 8 -5 -4 -6 -9 -1 -3
right_child=3 2 9 7 10 -7 -8 11 -10 -11 -12 -13 -14 -15
leaf_value=0.0045426672839162996 -0.01715894324330192 -0.093282696430310827 -0.018904113852180902 -0.03596053015105815 -0.011515119057205175 0.013892471212390482 -0.092237594072086718 0.015703130014514496 0.023330621110815779 -0.045589606214087211 0.029727663945410179 -0.0030790286531983454 0.048817818891198544 -0.063425903070942494
leaf_weight=1097.0631270110607 4452.3326814472675 667.93991529941559 9117.8456236124039 2815.5256750583649 809.87547236680984 17311.47090446949 143.82540100812912 6012.8148381412029 995.3326780796051 3278.0128906965256 9503.0155392289162 8330.9753703474998 1443.368369102478 1620.116846114397
leaf_count=3704 15104 2160 30648 9460 2736 59232 468 20640 3440 10816 32848 28380 5012 5368
internal_value=4.923e-05 -0.0244524 -0.0331569 0.008521 0.0136323 0.00754012 0.0231645 -0.000509917 -0.0204747 -0.0259609 0.0264889 0.00479432 0.029698 -0.0721418
internal_weight=67599.5 17368.2 14683.9 50231.3 32076.7 21763.8 2684.26 18154.6 3810.86 12395.9 10312.9 14343.8 2540.43 2288.06
internal_count=230016 58176 48992 171840 109920 74336 9184 61920 12900 41464 35584 49020 8716 7528
is_linear=0
shrinkage=0.05


Tree=5
num_leaves=15
num_cat=0
split_feature=5 24 5 23 24 10 11 9 19 18 8 12 9 22
split_gain=11734.8 2495.57 2450.8 2173.53 1786.06 1022.25 1207.64 847.643 154.262 75.1354 53.4821 71.2333 51.5538 1.77776
threshold=0.34000000000000002 2.5000000000000004 0.24500000000000002 1.0000000180025095e-35 2.5000000000000004 0.54655000000000009 0.35430000000000006 0.094750000000000015 39.750000000000007 0.45000000000000007 1.4550000000000003 0.094750000000000015 0.097750000000000017 43.500000000000007
decision_type=2 2 2 2 2 2 2 2 2 2 2 2 2 2
left_child=2 5 8 4 -4 6 -2 -7 9 -1 13 -12 -10 -3
right_child=1 10 3 -5 -6 7 -8 -9 12 -11 11 -13 -14 -15
leaf_value=0.074677890286668158 0.059254576310207085 -0.039184302196077464 0.05906103618312987 -0.039488587350205245 -0.037709034094112269 0.12966525487159528 0.16285768923930963 0.26511602089806047 0.026444605271018686 -0.037790838095322826 0.16131847832637664 -0.035029955874580652 0.17086287798441305 0.050352435532700149
leaf_weight=14.876945763826368 1216.0444807782769 331.39634849503636 2061.5516963675618 1439.2898814678192 620.28536111116409 821.73564770817757 365.91371916979551 134.3921273201704 15.140226341784002 8144.3274858668447 7.9532407037913826 11.019039727747439 10.441134616732596 0.55531195551156898
leaf_count=224 17330 5204 29548 22576 9756 10432 4590 1744 226 127960 108 168 142 8
internal_value=-7.80881e-05 0.0906081 -0.0213681 0.0100777 0.036679 0.107888 0.0832184 0.148704 -0.0372014 -0.0375858 -0.034368 0.0472799 0.0853895 -0.0390345
internal_weight=15194.9 2889.01 12305.9 4121.13 2681.84 2538.09 1581.96 956.128 8184.79 8159.2 350.924 18.9723 25.5814 331.952
internal_count=230016 39584 190432 61880 39304 34096 21920 12176 128552 128184 5488 276 368 5212
is_linear=0
shrinkage=0.05


Tree=6
num_leaves=15
num_cat=0
split_feature=23 1 6 6 1 17 4 0 9 8 5 13 12 5
split_gain=12432.5 7933.67 1764.25 1735.44 2025.32 1710.32 1242.83 936.036 732.181 1154.89 619.946 575.857 555.136 177.065
threshold=1.0000000180025095e-35 79.846519500000014 0.15050000000000002 0.43000000000000005 86.303114500000007 11.150000000000004 379.33500000000009 15.360888500000001 0.077600000000000016 0.95200000000000007 -0.094999999999999987 4.0447467837451514 0.09845000000000001 0.18500000000000003
decision_type=2 2 2 2 2 2 2 2 2 2 2 2 2 2
left_child=3 5 6 4 7 10 -3 -1 9 -5 -2 -7 -4 -10
right_child=1 2 12 8 -6 11 -8 -9 13 -11 -12 -13 -14 -15
leaf_value=0.042361524599455913 0.13611942189152978 0.0056946764391943823 0.0012097828017446147 0.012380956936660302 -0.034886812535527341 0.039032604546185463 0.055559193785442884 -0.0019822553264049908 -0.027368681953919335 -0.035486033665290517 0.082046837745608114 0.076508318404596751 -0.025528689950157647 -0.045099422942954957
leaf_weight=1393.8044237792492 662.13617539405823 3090.4073387384415 3990.9731946289539 1926.9360650330782 4962.6425814628601 4407.3815624862909 2097.8409098386765 8140.8901440799236 1727.1221501529217 3641.3871596455574 2657.7960687428713 1335.7418376803398 3779.5072821676731 7621.8608521670103
leaf_count=6048 2664 13788 17980 8706 22844 18948 9192 36256 7894 16692 11044 5608 17112 35240
internal_value=-3.2666e-05 0.0283772 0.0032793 -0.0213022 -0.00898264 0.0642631 0.0258571 0.00450002 -0.0332749 -0.0189215 0.0928312 0.0477487 -0.0117956 -0.0418239
internal_weight=51436.4 22021.8 12958.7 29414.6 14497.3 9063.06 5188.25 9534.69 14917.3 5568.32 3319.93 5743.12 7770.48 9348.98
internal_count=230016 96336 58072 133680 65148 38264 22980 42304 68532 25398 13708 24556 35092 43134
is_linear=0
shrinkage=0.05


Tree=7
num_leaves=15
num_cat=0
split_feature=1 0 13 18 6 6 7 0 1 5 6 1 5 5
split_gain=7548.32 1261.34 1097.02 731.941 1253.86 687.504 663.01 434.498 328.137 297.911 233.675 108.939 59.9179 56.38
threshold=89.145583000000002 17.394289000000004 17.871982414068746 39.250000000000007 0.38650000000000001 0.28050000000000003 6.5000000000000009 28.176661000000003 91.363129500000014 0.13500000000000004 0.43800000000000006 76.807391500000008 0.31500000000000006 0.13500000000000004
decision_type=2 2 2 2 2 2 2 2 2 2 2 2 2 2
left_child=1 11 5 10 -5 8 -7 9 -2 -4 -3 13 -9 -1
right_child=2 3 7 4 -6 6 -8 12 -10 -11 -12 -13 -14 -15
leaf_value=-0.033877864220537762 0.080361230343557299 -0.0058527772157006622 0.075603770318001584 -0.014384766222561888 0.028774333471956279 0.089013796033028822 0.013518165167255354 0.1968166600933747 -0.011134453114495927 0.16100184114031893 -0.032652186613115926 -0.03638787696431077 0.27133890571424552 0.047677936854479866
leaf_weight=33.004403382539749 127.69062294065952 1280.6664629504085 227.000598102808 3699.0607673674822 3087.4515715539455 1459.4237751886249 363.18562442064285 81.240138128399849 421.33452045917511 185.64272426068783 2229.3035863563418 4723.9138658642769 40.379084251821041 59.205124787986279
leaf_count=432 1508 16312 2680 47828 38388 17016 4592 832 5448 2064 29376 62400 420 720
internal_value=-2.55927e-05 -0.0142164 0.0737759 -0.0043372 0.00525001 0.0591948 0.07397 0.138503 0.0101453 0.114023 -0.022874 -0.0353372 0.221559 0.0184868
internal_weight=18018.5 15112.6 2905.9 10296.5 6786.51 2371.63 1822.61 534.263 549.025 412.643 3509.97 4816.12 121.619 92.2095
internal_count=230016 195456 34560 131904 86216 28564 21608 5996 6956 4744 45688 63552 1252 1152
is_linear=0
shrinkage=0.05


Tree=8
num_leaves=15
num_cat=0
split_feature=1 18 1 4 7 1 23 5 1 15 6 7 5 12
split_gain=4839.63 2531.22 1413.04 844.335 921.765 1240.69 695.558 661.108 918.004 571.555 470.592 456.257 449.544 134.618
threshold=79.20344200000001 3.350000000000001 72.731423000000021 395.30000000000001 5.5000000000000009 80.867646000000022 1.0000000180025095e-35 -0.094999999999999987 91.527837500000018 7.1500000000000012 0.034000000000000009 5.5000000000000009 0.31500000000000006 0.099450000000000024
decision_type=2 2 2 2 2 2 2 2 2 2 2 2 2 2
left_child=1 6 13 4 5 -2 11 8 -5 -4 -6 -1 -9 -3
right_child=3 2 9 7 10 -7 -8 12 -10 -11 -12 -13 -14 -15
leaf_value=0.0045990981778565388 -0.016322268308117435 -0.053446945293448414 -0.028853576749906264 -0.033290534285976003 -0.01113904682720899 0.013220935466189977 -0.082118780347831807 0.014865350382810415 0.022643052046861015 -0.0012536294351713356 0.028539097372915451 0.047605708660614338 -0.0031257408101128814 -0.077388227274187982
leaf_weight=1097.3529073297977 4480.3645837605 1117.904004663229 10276.300975054502 2864.5933680534363 812.22932249307632 17183.242468565702 149.87962093949318 5955.8524143993855 986.08181691169739 2294.6268272995949 9344.7674337029457 1407.9959098696709 8326.080252379179 1236.6752846240997
leaf_count=3704 15104 3608 33812 9460 2736 59232 468 20640 3440 7652 32848 5012 28380 3920
internal_value=9.02886e-05 -0.0224717 -0.0304738 0.00803086 0.0129379 0.00711095 0.0225094 -0.000580461 -0.018967 -0.0238156 0.0253661 0.0287686 0.00437691 -0.0660214
internal_weight=67533.9 17580.7 14925.5 49953.2 31820.6 21663.6 2655.23 18132.6 3850.68 12570.9 10157 2505.35 14281.9 2354.58
internal_count=230016 58176 48992 171840 109920 74336 9184 61920 12900 41464 35584 8716 49020 7528
is_linear=0
shrinkage=0.05


Tree=9
num_leaves=15
num_cat=0
split_feature=5 5 23 24 24 10 11 18 18 5 8 12 23 22
split_gain=10138.8 2377.09 2309.8 1980.42 1736.87 681.257 858.533 602.864 103.571 51.2162 50.9923 57.0252 43.2522 3.44524
threshold=0.34000000000000002 0.21000000000000005 1.0000000180025095e-35 2.5000000000000004 2.5000000000000004 0.54655000000000009 0.34175000000000005 168.95000000000007 0.65000000000000024 -0.34499999999999992 1.4550000000000003 0.094750000000000015 13.500000000000002 51.500000000000007
decision_type=2 2 2 2 2 2 2 2 2 2 2 2 2 2
left_child=1 8 4 5 -3 6 -2 -7 12 -10 13 -12 -1 -5
right_child=3 2 -4 10 -6 7 -8 -9 9 -11 11 -13 -14 -15
leaf_value=0.10689523290534519 0.042728567096783951 0.055386404656026192 -0.039416952561472381 -0.039093751662770383 -0.037706002870022771 0.11912894079181902 0.11421533368508099 0.37913485657807305 0.0012512687859102282 -0.039002568819896499 0.1359256624709303 -0.034768466638911213 -0.039649485004323276 0.13400288828591322
leaf_weight=17.385511778295044 960.32223302125931 2242.4727692008018 1660.8819171637297 319.56813104450703 645.21180092543364 1070.8875537067652 746.46030627191067 22.768255658447742 79.871384009718895 7405.7503543272614 9.0821223482489604 10.607836838811634 7.0878300964832297 0.28772181272506614
leaf_count=244 12996 30688 26936 5208 10496 11912 8924 264 1284 120680 108 168 104 4
internal_value=-0.000121803 -0.0209608 0.00756441 0.0799072 0.0345862 0.093734 0.0739933 0.124542 -0.0382373 -0.0385731 -0.0341306 0.0439653 0.0644538 -0.038938
internal_weight=15198.6 12058.7 4548.57 3139.98 2887.68 2800.44 1706.78 1093.66 7510.1 7485.62 339.546 19.69 24.4733 319.856
internal_count=230016 190432 68120 39584 41184 34096 21920 12176 122312 121964 5488 276 348 5212
is_linear=0
shrinkage=0.05


Tree=10
num_leaves=15
num_cat=0
split_feature=23 1 6 6 1 17 4 0 9 8 6 12 5 5
split_gain=11069.5 6582.8 1753.71 1650.96 1893.43 1582.43 1121.17 889.456 717.293 1093.83 587.434 427.134 395.089 176.118
threshold=1.0000000180025095e-35 80.330773000000008 0.15050000000000002 0.43000000000000005 87.532413000000005 13.050000000000002 379.33500000000009 15.360888500000001 0.077600000000000016 0.95200000000000007 0.021000000000000005 0.09845000000000001 -0.094999999999999987 0.18500000000000003
decision_type=2 2 2 2 2 2 2 2 2 2 2 2 2 2
left_child=3 5 6 4 7 12 -3 -1 9 -5 -7 -4 -2 -10
right_child=1 2 11 8 -6 10 -8 -9 13 -11 -12 -13 -14 -15
leaf_value=0.039099833623580445 0.10939987230166576 0.002100419624525405 -0.0034850206195565165 0.012053613536899922 -0.038233918234300085 0.080003769277439851 0.05030395511228275 -0.0032664923502289281 -0.026547994145850091 -0.03469902939213098 0.033515703828139599 -0.028165485090991565 0.071036182435775322 -0.04445738800789005
leaf_weight=1435.8834259063005 837.02624922990799 2685.253149420023 3670.135597422719 1935.045505553484 3909.7178207933903 773.54267370700836 2190.2030082941055 9028.7349857389927 1688.267188668251 3539.2977499067783 5592.0380056798458 3356.1417924314737 3385.6738548576832 7344.3411200046539
leaf_count=6048 3112 12012 16620 8706 18620 3184 9192 40480 7894 16692 23260 15560 13396 35240
internal_value=-7.33494e-05 0.0262286 0.000714028 -0.0205548 -0.00854532 0.0549082 0.0237549 0.00254673 -0.0324545 -0.0181731 0.0391649 -0.0152738 0.0786407 -0.04111
internal_weight=51371.3 22490 11901.7 28881.3 14374.3 10588.3 4875.46 10464.6 14507 5474.34 6365.58 7026.28 4222.7 9032.61
internal_count=230016 96336 53384 133680 65148 42952 21204 46528 68532 25398 26444 32180 16508 43134
is_linear=0
shrinkage=0.05


Tree=11
num_leaves=15
num_cat=0
split_feature=1 0 4 24 5 0 7 2 0 6 1 0 7 10
split_gain=6658.2 1228.1 850.469 690.696 982.691 611.121 435.091 238.621 265.816 211.795 104.884 52.5323 51.8222 47.98
threshold=89.145583000000002 17.394289000000004 624.04000000000008 1.0000000180025095e-35 0.13500000000000004 24.356775500000001 2.5000000000000004 2223.1000000000004 27.861397500000006 0.43800000000000006 76.807391500000008 16.228959000000007 5.5000000000000009 0.63085000000000013
decision_type=2 2 2 2 2 2 2 2 2 2 2 2 2 2
left_child=1 10 5 9 -5 -2 -7 8 -4 -3 12 -12 -1 -9
right_child=2 3 7 4 -6 6 -8 13 -10 -11 11 -13 -14 -15
leaf_value=0.042575219150179595 -0.024844873079359276 -0.0077359450813778534 0.085289792530504976 -0.014811819174211555 0.024138049415405888 0.08933087523157536 0.045285997615708819 0.00019606551363793385 0.1645627480199742 -0.031677987178828956 -0.039450331415213653 -0.027388725429151464 -0.036752555805758091 0.13061756569242086
leaf_weight=64.02077904343605 218.91199456900358 1637.3808382973075 163.02925930172205 3076.177289776504 3419.4278173670173 920.1460173651576 1435.3268942609429 41.906461030244827 300.97015216201544 2119.2601343691349 3337.8738980963826 1237.3725766167045 30.34621374309063 8.4785645157098752
leaf_count=768 2688 20892 1824 40260 41980 9992 16600 480 2880 28772 45312 17088 384 96
internal_value=-2.65536e-05 -0.0138579 0.0667928 -0.00417724 0.00569224 0.0550651 0.0624918 0.125488 0.13671 -0.0212425 -0.0351121 -0.0361883 0.0170653 0.0221428
internal_weight=18010.6 14921.9 3088.77 10252.2 6495.61 2574.38 2355.47 514.384 463.999 3756.64 4669.61 4575.25 94.367 50.385
internal_count=230016 195456 34560 131904 82240 29280 26592 5280 4704 49664 63552 62400 1152 576
is_linear=0
shrinkage=0.05


Tree=12
num_leaves=15
num_cat=0
split_feature=1 18 1 4 7 18 23 5 1 17 6 7 5 5
split_gain=4202.68 2238.14 1248.21 773.345 848.181 1177 608.254 562.229 827.033 510.995 434.6 426.852 407.175 130.553
threshold=79.20344200000001 3.350000000000001 72.926704500000014 395.30000000000001 5.5000000000000009 32.050000000000018 1.0000000180025095e-35 -0.094999999999999987 91.527837500000018 54.350000000000016 0.034000000000000009 5.5000000000000009 0.31500000000000006 -0.094999999999999987
decision_type=2 2 2 2 2 2 2 2 2 2 2 2 2 2
left_child=1 6 13 4 5 -2 11 8 -5 -4 -6 -1 -9 -3
right_child=3 2 9 7 10 -7 -8 12 -10 -11 -12 -13 -14 -15
leaf_value=0.0046368848015313291 -0.014157183204200655 -0.076857766352809956 -0.02599962518010672 -0.030893837531790386 -0.010649284095572253 0.013260395542146711 -0.074709331022369457 0.014006886040999221 0.022225885970234852 0.0015703425879997858 0.027442966340761467 0.046474163689691844 -0.0031680714240475321 -0.052351387731051996
leaf_weight=1097.3873071968555 5138.6387211382389 770.25892198085785 10502.466231971979 2906.9954953193665 815.18325263261795 16429.024184733629 153.46466246247292 5896.2665810883045 979.68239313364029 2000.8691825866699 9192.8334918320179 1371.752667427063 8320.7121978402138 1845.7365828454494
leaf_count=3704 17336 2360 34140 9460 2736 57000 468 20640 3440 6632 32848 5012 28380 5860
internal_value=0.000126472 -0.0207627 -0.028159 0.00758661 0.0123102 0.00672798 0.0218768 -0.000652145 -0.0175044 -0.0215877 0.0243402 0.02788 0.00395497 -0.0595671
internal_weight=67421.3 17741.9 15119.3 49679.3 31575.7 21567.7 2622.6 18103.7 3886.68 12503.3 10008 2469.14 14217 2616
internal_count=230016 58176 48992 171840 109920 74336 9184 61920 12900 40772 35584 8716 49020 8220
is_linear=0
shrinkage=0.05


Tree=13
num_leaves=15
num_cat=0
split_feature=5 5 23 24 24 9 1 0 18 5 8 5 6 22
split_gain=8842.46 2305.74 2140.74 1608.5 1546.94 545.296 704.255 495.602 102.18 51.1305 48.7766 49.606 41.4933 3.05193
threshold=0.34000000000000002 0.18500000000000003 1.0000000180025095e-35 2.5000000000000004 2.5000000000000004 0.094750000000000015 84.262094000000005 25.673447000000007 0.65000000000000024 -0.34499999999999992 1.4550000000000003 0.36500000000000005 0.12150000000000001 51.500000000000007
decision_type=2 2 2 2 2 2 2 2 2 2 2 2 2 2
left_child=1 8 4 5 -3 6 -2 -7 12 -10 13 -12 -1 -5
right_child=3 2 -4 10 -6 7 -8 -9 9 -11 11 -13 -14 -15
leaf_value=0.012530268046449411 0.055658295432019347 0.050785622533068314 -0.039343517427083308 -0.039006839692070916 -0.037584381215297218 0.17153382715704354 0.10801069033096232 -0.004807409897613215 0.0012874557090862141 -0.038958567552890455 0.12149809856801658 -0.034710539289580247 0.1460071536801992 0.11482930713468559
leaf_weight=15.283211380243303 1705.306105017662 2356.8039106093347 1608.5020963922143 307.98159173503518 626.97053821012378 265.70268542319536 1030.6216530650854 46.873188510537148 79.802550137042999 7116.3605711609125 9.8725624680519122 10.474644422531126 9.4057620018720609 0.32274016737937827
leaf_count=212 19137 30764 27032 5208 10564 2808 11701 450 1284 120456 108 168 120 4
internal_value=-0.000150656 -0.0205477 0.00715186 0.0711972 0.0322167 0.0825271 0.0753794 0.14509 -0.0381639 -0.0385123 -0.0338973 0.0410826 0.063381 -0.0388458
internal_weight=15190.3 11813.1 4592.28 3377.16 2983.77 3048.5 2735.93 312.576 7220.85 7196.16 328.652 20.3472 24.689 308.304
internal_count=230016 190432 68360 39584 41328 34096 30838 3258 122072 121740 5488 276 332 5212
is_linear=0
shrinkage=0.05


Tree=14
num_leaves=15
num_cat=0
split_feature=23 1 6 6 1 17 4 0 9 8 13 12 10 5
split_gain=9897.85 5495.38 1576.01 1573.36 1770.46 1307.06 933.248 776.499 702.719 1035.34 494.771 403.576 329.951 175.303
threshold=1.0000000180025095e-35 80.330773000000008 0.15050000000000002 0.43000000000000005 87.532413000000005 13.050000000000002 375.72500000000008 15.360888500000001 0.077600000000000016 0.95200000000000007 4.7838918918918933 0.09845000000000001 0.61450000000000016 0.18500000000000003
decision_type=2 2 2 2 2 2 2 2 2 2 2 2 2 2
left_child=3 5 6 4 7 12 -3 -1 9 -5 -7 -4 -2 -10
right_child=1 2 11 8 -6 10 -8 -9 13 -11 -12 -13 -14 -15
leaf_value=0.036062501499510069 0.078497120039299581 0.0018290365345403359 -0.0031959474155754848 0.011688095221820042 -0.03746464550426841 0.029522901575878932 0.045332630626468265 -0.0030616840213178375 -0.025781370345146732 -0.033955481396762598 0.066439135525693457 -0.027360985905988774 0.046741945218733753 -0.043869792711722345
leaf_weight=1476.3211434334517 3356.6698675751686 2617.8545188009739 3652.5006483644247 1944.0532518625259 3780.3543113917112 5481.7634438127279 2330.0212938338518 8996.4067817181349 1652.105669900775 3442.2962773740292 1087.729367017746 3278.8011618107557 1081.5982439219952 7078.0189230144024
leaf_count=6048 12455 11752 16620 8706 18620 22280 9452 40480 7894 16692 4164 15560 4053 35240
internal_value=-0.000117473 0.0243449 0.00076013 -0.0198523 -0.00813396 0.0497967 0.0223155 0.00245358 -0.0316841 -0.0174817 0.0356352 -0.014627 0.0707584 -0.0404467
internal_weight=51256.5 22886.9 11879.2 28369.6 14253.1 11007.8 4947.88 10472.7 14116.5 5386.35 6569.49 6931.3 4438.27 8730.12
internal_count=230016 96336 53384 133680 65148 42952 21204 46528 68532 25398 26444 32180 16508 43134
is_linear=0
shrinkage=0.05


Tree=15
num_leaves=15
num_cat=0
split_feature=1 0 18 12 0 14 6 10 3 1 5 0 16 5
split_gain=5910.29 1193.27 671.271 1131 664.951 536.69 419.329 226.241 138.44 104.533 49.0092 36.9325 8.81528 5.95263
threshold=89.145583000000002 17.067687000000003 39.250000000000007 0.096500000000000016 24.356775500000001 25.230464926550948 0.084000000000000019 0.47790000000000005 0.93500000000000016 76.807391500000008 0.13500000000000004 16.176255000000005 121.55000000000003 0.23000000000000001
decision_type=2 2 2 2 2 2 2 2 2 2 2 2 2 2
left_child=1 9 7 -4 12 6 -6 -3 -7 10 -1 -11 13 -2
right_child=4 2 3 -5 5 8 -8 -9 -10 11 -12 -13 -14 -15
leaf_value=-0.033778656859783478 -0.03210115847420953 -0.0011404845745963839 0.050415234631497989 -0.0042568030447580176 0.017180302534072215 0.067229964756023844 0.068099178074065014 -0.030125409195994796 0.13444438380979803 -0.039465764237310463 0.041647106796590082 -0.02872951346565247 0.09925728600351208 -0.015024519389539704
leaf_weight=32.61894679069519 126.71839074790478 918.32709731906652 1128.9197523444891 5836.8768293485045 499.63399118185043 99.922409705817699 2119.7432903572917 2522.5204001218081 328.34087743610144 3155.4029899090528 63.389625571668148 1073.5483582541347 1.4318207204341877 85.441161848604679
leaf_count=432 1636 11959 13536 74556 5928 1008 22084 34637 2852 44352 720 15264 16 1036
internal_value=-1.20668e-05 -0.0134952 -0.00432137 0.00460368 0.0608937 0.0668707 0.0583866 -0.0223896 0.118762 -0.0355691 0.0160212 -0.0367403 -0.0243896 -0.025224
internal_weight=17992.8 14731.6 10406.6 6965.8 3261.23 3047.64 2619.38 3440.85 428.263 4324.96 96.0086 4228.95 213.591 212.16
internal_count=230016 195456 134688 88092 34560 31872 28012 46596 3860 60768 1152 59616 2688 2672
is_linear=0
shrinkage=0.05


Tree=16
num_leaves=15
num_cat=0
split_feature=1 7 12 5 1 4 7 18 9 5 1 0 5 17
split_gain=3661.31 1984.63 847.131 800.516 788.151 709.527 782.452 1056.26 611.868 480.024 738.382 436.839 370.308 181.372
threshold=79.20344200000001 6.5000000000000009 0.09845000000000001 0.32500000000000007 72.537452000000016 395.30000000000001 5.5000000000000009 32.050000000000018 0.090500000000000011 -0.094999999999999987 91.527837500000018 24.423701500000004 0.31500000000000006 13.050000000000002
decision_type=2 2 2 2 2 2 2 2 2 2 2 2 2 2
left_child=1 3 -3 4 -1 6 7 -2 -5 10 -7 -8 -11 -4
right_child=5 2 13 8 -6 9 11 -9 -10 12 -12 -13 -14 -15
leaf_value=-0.05868628505779111 -0.013326318983804656 0.039832279801266551 -0.040477415260772941 -0.024850492699856487 -0.025720118385342008 -0.028680476001712269 0.030304374748653325 0.012612160018106581 0.025772455382991832 0.013217075944793578 0.02161331602120144 0.0073906221332581236 -0.003210094462014295 0.0024401314405617996
leaf_weight=2191.9601839184761 5169.2900929152966 1805.6665025651455 464.94116538763046 1209.1816435158253 10488.732567995787 2944.3252259492874 6883.0077721476555 16303.425317913294 1178.8111335337162 5840.3336859941483 970.27283611893654 2980.821229159832 8314.8882291615009 523.1849884390831
leaf_count=6800 17336 6606 1470 3978 33676 9460 24768 57000 3954 20640 3440 10816 28380 1692
internal_value=0.000158757 -0.0192413 0.0194649 -0.0264175 -0.0314186 0.00717268 0.0117227 0.00636779 0.00013907 -0.000717953 -0.0162146 0.0233799 0.00356763 -0.0177538
internal_weight=67268.8 17862.5 2793.79 15068.7 12680.7 49406.4 31336.5 21472.7 2387.99 18069.8 3914.6 9863.83 14155.2 988.126
internal_count=230016 58176 9768 48408 40476 171840 109920 74336 7932 61920 12900 35584 49020 3162
is_linear=0
shrinkage=0.05


Tree=17
num_leaves=15
num_cat=0
split_feature=5 5 23 24 24 10 11 9 18 5 8 12 23 22
split_gain=7732.58 2234.78 1985.91 1378.95 1325.6 434.311 601.219 495.945 95.905 50.7772 46.8468 41.627 37.583 2.74878
threshold=0.34000000000000002 0.18500000000000003 1.0000000180025095e-35 2.5000000000000004 2.5000000000000004 0.54655000000000009 0.35430000000000006 0.07690000000000001 0.65000000000000024 -0.34499999999999992 1.4550000000000003 0.094750000000000015 13.500000000000002 51.500000000000007
decision_type=2 2 2 2 2 2 2 2 2 2 2 2 2 2
left_child=1 8 3 -3 5 6 -2 -7 12 -10 13 -12 -1 -6
right_child=4 2 -4 -5 10 7 -8 -9 9 -11 11 -13 -14 -15
leaf_value=0.094619866386080068 0.041987863263678427 0.046767827926400482 -0.039272158441939785 -0.037453979307208639 -0.038927787380177395 0.16917360406545967 0.10516423102206147 0.082595173738811312 0.0012152416035571695 -0.038867674233067487 0.10664748136493625 -0.034453729487962569 -0.039687948124911665 0.10013618758937047
leaf_weight=18.90941916406155 1463.4692045226693 2462.3143269270658 1551.3263200335205 605.51636860519648 297.39726328104734 193.83104315400124 507.0656216070056 1127.9630032926798 79.934736631810665 6840.7051510214806 10.841547250747682 10.09326399117708 7.1889180392026892 0.3557702898979177
leaf_count=228 17330 30764 27032 10564 5208 1645 4590 10531 1284 120456 108 168 104 4
internal_value=-0.000179978 -0.0201218 0.00683115 0.0301445 0.0636928 0.073118 0.0582446 0.0952912 -0.0380439 -0.0384047 -0.0336785 0.0386186 0.0576241 -0.0387616
internal_weight=15176.9 11565.9 4619.16 3067.83 3611.02 3292.33 1970.53 1321.79 6946.74 6920.64 318.688 20.9348 26.0983 297.753
internal_count=230016 190432 68360 41328 39584 34096 21920 12176 122072 121740 5488 276 332 5212
is_linear=0
shrinkage=0.05


Tree=18
num_leaves=15
num_cat=0
split_feature=23 1 6 1 6 17 4 9 8 0 5 12 5 5
split_gain=8902.99 4641.7 1504.64 1657.67 1420.72 1094.27 778.381 686.474 971.195 683.69 471.122 382.043 332.752 175.856
threshold=1.0000000180025095e-35 80.330773000000008 0.43000000000000005 87.532413000000005 0.15050000000000002 11.150000000000004 355.65000000000003 0.077600000000000016 0.95200000000000007 15.360888500000001 0.065000000000000016 0.09845000000000001 -0.094999999999999987 0.18500000000000003
decision_type=2 2 2 2 2 2 2 2 2 2 2 2 2 2
left_child=2 5 3 9 6 12 -3 8 -4 -1 -7 -6 -2 -9
right_child=1 4 7 -5 11 10 -8 13 -10 -11 -12 -13 -14 -15
leaf_value=0.033477347008877965 0.094615112655172598 0.00048487599236164279 0.011073209194852482 -0.036730917431373675 -0.0029009052829091385 0.02329048818697934 0.039937602452188102 -0.024998179534528681 -0.033244108755761885 -0.0028739243883799358 0.049419232520134186 -0.026582453195686792 0.058971844604581915 -0.043342517405694031
leaf_weight=1511.5389705300331 813.41884380578995 2398.468490511179 1959.4355406612158 3656.499228939414 3634.5841103643179 4317.4777837693691 2611.3645449280739 1615.5369012206793 3349.4182621985674 8966.1534489095211 2873.3148316890001 3204.7090015858412 3357.7833921611309 6828.6121589690447
leaf_count=6048 2708 10808 8706 18620 16620 16932 10396 7894 16692 40480 11168 15560 12144 35240
internal_value=-0.000160996 0.0227155 -0.0192016 -0.00774521 0.000820481 0.0455492 0.0210495 -0.0309755 -0.0168871 0.0023702 0.0337311 -0.0139974 0.0659226 -0.0398329
internal_weight=51098.3 23211.1 27887.2 14134.2 11849.1 11362 5009.83 13753 5308.85 10477.7 7190.79 6839.29 4171.2 8444.15
internal_count=230016 96336 133680 65148 53384 42952 21204 68532 25398 46528 28100 32180 14852 43134
is_linear=0
shrinkage=0.05


Tree=19
num_leaves=15
num_cat=0
split_feature=1 0 18 5 0 0 7 14 6 1 7 0 16 5
split_gain=5277.75 1156.43 638.05 1053.74 566.268 419.462 343.085 289.489 224.487 101.806 44.595 38.0254 7.90727 5.90033
threshold=89.145583000000002 17.067687000000003 41.350000000000016 0.13500000000000004 24.356775500000001 27.720594500000001 6.5000000000000009 19.023764550668705 0.43800000000000006 76.807391500000008 5.5000000000000009 16.176255000000005 121.55000000000003 0.23000000000000001
decision_type=2 2 2 2 2 2 2 2 2 2 2 2 2 2
left_child=1 9 8 -4 12 6 -6 -7 -3 10 -1 -11 13 -2
right_child=4 2 3 -5 5 7 -8 -9 -10 11 -12 -13 -14 -15
leaf_value=0.037354102993579281 -0.0317733270468228 -0.005855562720369363 -0.014872696442107595 0.024209055699543333 0.059843936313952351 0.050453256563861196 0.0090950362435829255 0.12188166287793736 -0.031908886112938697 -0.039365837161052658 -0.036524309565791162 -0.028287183420781205 0.088741514673180963 -0.014588633566494473
leaf_weight=68.13238450884819 122.9296370819211 1361.3661570847034 3459.1376029551029 3439.9138653874397 2189.375131636858 215.02205251902342 392.78066284954548 416.84200690686703 2105.6556874066591 3041.3693468272686 29.172391466796398 1039.1736292392015 1.5451017767190922 84.136765465140343
leaf_count=768 1636 17404 46164 40824 21976 2136 4424 3336 30296 44352 384 15264 16 1036
internal_value=1.55165e-05 -0.0131307 -0.00418001 0.00461373 0.0558783 0.0610597 0.0521243 0.0975747 -0.0216787 -0.0353392 0.015205 -0.0365445 -0.0239498 -0.0247907
internal_weight=17966.6 14543.9 10366.1 6899.05 3422.63 3214.02 2582.16 631.864 3467.02 4177.85 97.3048 4080.54 208.612 207.066
internal_count=230016 195456 134688 86988 34560 31872 26400 5472 47700 60768 1152 59616 2688 2672
is_linear=0
shrinkage=0.05


Tree=20
num_leaves=15
num_cat=0
split_feature=1 7 4 23 6 1 7 15 20 5 1 5 3 12
split_gain=3195.8 2032.99 804.504 781.083 730.162 677.068 500.009 488.419 447.875 443.954 698.977 357.456 333.69 149.228
threshold=79.846519500000014 6.5000000000000009 386.62500000000006 3.5000000000000004 0.021000000000000005 72.537452000000016 5.5000000000000009 7.1500000000000012 38.850000000000009 -0.094999999999999987 91.527837500000018 0.31500000000000006 0.71500000000000008 0.098750000000000018
decision_type=2 2 2 2 2 2 2 2 2 2 2 2 2 2
left_child=1 5 4 13 12 8 -6 -7 -1 10 -4 -11 -2 -3
right_child=2 3 9 -5 6 7 -8 -9 -10 11 -12 -13 -14 -15
leaf_value=-0.056216768799980603 -0.044355791422488564 0.040969437674525266 -0.026402253680834438 -0.020178437167839375 0.010619711171903481 -0.023022036282264631 0.02582128555638416 0.00071219510955204907 -0.0012192851176904787 0.01286055202555313 0.021819663603153922 -0.0029010631548850273 -0.0019987662001872361 0.0044856083087253295
leaf_weight=2119.9762577712536 658.00140851736069 1979.8191807866096 3159.1587549448013 853.67477914690971 17410.30545130372 12216.08150729537 7847.4671252369881 2635.2080713510513 448.49156790971756 6104.8274181783199 986.01930034160614 8757.2031227052212 1585.0673126876354 326.50117814540863
leaf_count=6520 2208 7466 10100 2680 60908 39088 29008 8680 1480 21792 3520 29964 5508 1094
internal_value=0.000188487 -0.0162167 0.00744778 0.0206807 0.0129149 -0.02291 0.0153428 -0.0188106 -0.0466134 -0.000462354 -0.0149316 0.00357328 -0.0144241 0.0358045
internal_weight=67087.8 20579.8 46508 3160 27500.8 17419.8 25257.8 14851.3 2568.47 19007.2 4145.18 14862 2243.07 2306.32
internal_count=230016 67008 163008 11240 97632 55768 89916 47768 8000 65376 13620 51756 7716 8560
is_linear=0
shrinkage=0.05


Tree=21
num_leaves=15
num_cat=0
split_feature=5 24 12 23 1 7 6 20 8 5 18 23 9 5
split_gain=7014.91 3410.77 1671.99 1468.36 1142.31 706.141 154.749 131.608 77.6551 58.1193 38.9451 26.4727 28.0463 0.0283257
threshold=0.24500000000000002 1.0000000180025095e-35 0.091550000000000006 1.0000000180025095e-35 87.286400000000015 6.5000000000000009 0.53800000000000014 38.935714285714297 2.1100000000000008 0.18500000000000003 32.050000000000018 1.0000000180025095e-35 0.09395000000000002 0.36500000000000005
decision_type=2 2 2 2 2 2 2 2 2 2 2 2 2 2
left_child=7 3 6 4 -2 -4 -3 8 9 -1 -10 12 -9 -5
right_child=1 2 5 13 -6 -7 -8 11 10 -11 -12 -13 -14 -15
leaf_value=-0.038427936958736184 0.052151235590667672 0.35340347904787195 -0.028879767833108274 -0.03920520942094944 0.12977730933954593 0.10439120516236873 -0.04047900049535192 0.023802068447566684 0.13704365359200973 -0.017801477237349091 -0.0073400083706255176 -0.039494161158363711 0.11095994025462036 -0.040890002372050087
leaf_weight=6648.906281337142 4729.6474112272263 32.651861727237701 2282.2860032655299 374.39359876140952 526.70021772384644 103.91975606232882 2.6998417004942885 18.791888050734997 9.3222266361117381 360.00719893723726 9.3595441579818708 6.9912305474281302 18.139744531363249 26.728582017123699
leaf_count=121540 49940 273 37070 6756 5864 1256 33 242 128 6176 156 112 198 272
internal_value=-0.00019231 0.0316382 -0.0180188 0.0528928 0.0599296 -0.0230758 0.323322 -0.0365579 -0.0370971 -0.0373685 0.0647076 0.0497226 0.0666115 -0.0393175
internal_weight=15150.5 8079.03 2421.56 5657.47 5256.35 2386.21 35.3517 7071.52 7027.6 7008.91 18.6818 43.9229 36.9316 401.122
internal_count=230016 101464 38632 62832 55804 38326 306 128552 128000 127716 284 552 440 7028
is_linear=0
shrinkage=0.05


Tree=22
num_leaves=15
num_cat=0
split_feature=23 1 6 1 6 15 9 8 4 0 5 12 8 5
split_gain=8034.38 3935.76 1429.77 1549.55 1284.56 960.465 667.962 912.523 648.691 601.95 422.988 360.692 359.92 175.049
threshold=1.0000000180025095e-35 80.330773000000008 0.43000000000000005 87.532413000000005 0.15050000000000002 2.5500000000000003 0.077600000000000016 0.95200000000000007 375.72500000000008 15.896543000000003 0.21000000000000005 0.09845000000000001 0.66400000000000015 0.18500000000000003
decision_type=2 2 2 2 2 2 2 2 2 2 2 2 2 2
left_child=2 5 3 9 8 10 7 -4 -3 -1 -2 -6 -7 -8
right_child=1 4 6 -5 11 12 13 -9 -10 -11 -12 -13 -14 -15
leaf_value=0.027668970854430271 0.044639329666369763 0.0024778607338935971 0.010498546592705231 -0.036038023331400763 -0.002618253824375976 0.003217347333391777 -0.024290877474689589 -0.032572222165160168 0.038287565607623482 -0.0034177519929828775 0.070663823234865947 -0.025797618387855131 0.0347583023002399 -0.042812961718275963
leaf_weight=1902.0504034906626 5891.4980646073818 2592.0642761290073 1973.83328153193 3540.0890635401011 3617.4490365386009 1639.8448621481657 1582.7147234678268 3262.2023639678955 2469.5690099298954 8589.5044819712639 2124.3575668036938 3130.8983753174543 2016.9363321214914 6574.3042960911989
leaf_count=7564 21224 11752 8706 18620 16620 6508 7894 16692 9452 38964 7640 15560 7580 35240
internal_value=-0.000206811 0.0212593 -0.0185874 -0.00743369 0.000909014 0.0418491 -0.0302728 -0.0163358 0.0199494 0.00221807 0.0515363 -0.0133723 0.0206141 -0.0392191
internal_weight=50907.3 23482.6 27424.7 14031.6 11810 11672.6 13393.1 5236.04 5061.63 10491.6 8015.86 6748.35 3656.78 8157.02
internal_count=230016 96336 133680 65148 53384 42952 68532 25398 21204 46528 28864 32180 14088 43134
is_linear=0
shrinkage=0.05


Tree=23
num_leaves=15
num_cat=0
split_feature=1 0 18 5 0 13 7 6 5 1 5 0 5 11
split_gain=4717.32 1118.39 605.712 1000.76 483.269 349.192 267.719 253.041 162.177 97.9869 43.0828 39.1674 7.22193 14.8928
threshold=89.145583000000002 17.067687000000003 49.550000000000011 0.13500000000000004 24.356775500000001 17.871982414068746 6.5000000000000009 0.43800000000000006 0.31500000000000006 76.807391500000008 0.13500000000000004 16.176255000000005 0.23000000000000001 0.35655000000000009
decision_type=2 2 2 2 2 2 2 2 2 2 2 2 2 2
left_child=1 9 7 -4 12 6 -6 -3 -7 10 -1 -11 -2 -14
right_child=4 2 3 -5 5 8 -8 -9 -10 11 -12 -13 13 -15
leaf_value=-0.033669438828740191 -0.031408109421962552 -0.0055502312008654416 -0.014415876359423091 0.024646051989060561 0.054157710100235207 0.071182045913540201 0.010016690349137394 -0.031627156404928324 0.12254339129702396 -0.03926443153445372 0.036678608989478348 -0.027823099563833276 -0.014396035500174487 0.19666455656098136
leaf_weight=32.17378893494606 118.89651834219694 1676.2971096709371 3275.9858798533678 3282.8003610149026 2224.8557960391045 528.873868688941 406.22546764463186 2090.3861069008708 216.65418037772179 2925.7469863072038 67.26718333363533 1004.9495998471975 83.60232225805521 0.84423914551734824
leaf_count=432 1636 21336 44352 38124 21340 4484 4536 30876 1512 44352 720 15264 1042 10
internal_value=4.44152e-05 -0.0127608 -0.00404194 0.00513538 0.0513935 0.0559016 0.0473426 -0.0200221 0.0861079 -0.0350992 0.0139177 -0.0363393 -0.0234669 -0.012286
internal_weight=17935.6 14355.6 10325.5 6558.79 3579.95 3376.61 2631.08 3766.68 745.528 4030.14 99.441 3930.7 203.343 84.4466
internal_count=230016 195456 134688 82476 34560 31872 25876 52212 5996 60768 1152 59616 2688 1052
is_linear=0
shrinkage=0.05


Tree=24
num_leaves=15
num_cat=0
split_feature=1 18 1 4 7 18 23 0 18 7 5 1 5 12
split_gain=2804.67 1655.85 900.379 590.801 682.757 956.797 473.249 463.22 420.993 343.543 315.566 606.438 299.978 120.797
threshold=79.120410000000007 3.350000000000001 72.926704500000014 405.76500000000004 5.5000000000000009 32.050000000000018 1.0000000180025095e-35 24.423701500000004 69.650000000000034 4.5000000000000009 -0.094999999999999987 91.527837500000018 0.31500000000000006 0.099450000000000024
decision_type=2 2 2 2 2 2 2 2 2 2 2 2 2 2
left_child=1 6 13 4 5 -2 9 -6 -4 -1 11 -5 -12 -3
right_child=3 2 8 10 7 -7 -8 -9 -10 -11 12 -13 -14 -15
leaf_value=0.0057134395424811432 -0.012722058036016793 -0.038211274567830106 -0.023200474204315341 -0.025676586834333194 0.028481755407618242 0.011388764300865026 -0.063725389248079523 0.0053578079899906607 -0.002863356250861245 0.043918568505073356 0.011488542210896459 0.020815933702632732 -0.0038132558575215952 -0.059410390822564607
leaf_weight=1095.4280185997486 5459.8214617073536 1286.1576108038425 8947.2440294623375 2797.4194571971893 6854.9610550403595 16701.120343834162 155.81746444106102 3165.9636799693108 3556.0920507013798 1271.2595617473125 5414.5744625926018 936.09559881687164 7841.3136416077614 1407.2342550158501
leaf_count=3664 18212 3940 28352 8820 25376 59068 468 11680 11520 4992 19488 3360 26796 4280
internal_value=0.00021766 -0.0168377 -0.023065 0.0063637 0.0103459 0.00544855 0.0206783 0.0211761 -0.0174164 0.0262352 -0.00117943 -0.0140196 0.002437 -0.0492873
internal_weight=66890.5 17719.2 15196.7 49171.3 32181.9 22160.9 2522.51 10020.9 12503.3 2366.69 16989.4 3733.52 13255.9 2693.39
internal_count=230016 57216 48092 172800 114336 77280 9124 37056 39872 8656 58464 12180 46284 8220
is_linear=0
shrinkage=0.05


Tree=25
num_leaves=15
num_cat=0
split_feature=5 24 23 12 7 7 18 23 5 20 23 10 8 5
split_gain=6516.36 2973.25 1270.69 1233.82 1015.47 631.453 128.602 191.488 90.8687 59.476 249.746 46.8742 24.7279 0.0244337
threshold=0.24500000000000002 1.0000000180025095e-35 1.0000000180025095e-35 0.091550000000000006 4.5000000000000009 6.5000000000000009 5.950000000000002 1.0000000180025095e-35 0.36500000000000005 34.107142857142868 1.0000000180025095e-35 0.47295000000000004 2.2590000000000003 0.36500000000000005
decision_type=2 2 2 2 2 2 2 2 2 2 2 2 2 2
left_child=6 2 4 8 -2 -5 7 11 -3 12 -11 -1 -8 -4
right_child=1 3 13 5 -6 -7 9 -9 -10 10 -12 -13 -14 -15
leaf_value=0.010621966668864226 0.073094607469292347 0.25798447594116886 -0.039133250782198099 -0.028527900454815354 0.029783501459831233 0.092774167571677002 -0.038536472565010617 -0.03925954599814644 -0.04089617006949605 0.056527506967934918 -0.039124594872948532 0.12709702750598215 0.086157602133696082 -0.04073045139417026
leaf_weight=11.682096417993305 3177.5854059532285 42.796989273279905 359.82853881269693 2221.2203230075538 2357.335517026484 112.73129677399993 6304.1181883253157 61.228183522820473 2.7037331573665133 86.73063387721777 320.11659848317504 33.14777297526598 3.9784029573202124 25.65171817690134
leaf_count=126 29320 276 6756 37070 26484 1256 119548 1080 30 1268 6064 402 64 272
internal_value=-0.000192715 0.0295632 0.0485352 -0.0176418 0.0546483 -0.0226689 -0.0364 0.0182285 0.240224 -0.0372628 -0.0187337 0.0967451 -0.0384578 -0.0392395
internal_weight=15120.9 8299.85 5920.4 2379.45 5534.92 2333.95 6821 106.058 45.5007 6714.94 406.847 44.8299 6308.1 385.48
internal_count=230016 101464 62832 38632 55804 38326 128552 1608 306 126944 7332 528 119612 7028
is_linear=0
shrinkage=0.05


Tree=26
num_leaves=15
num_cat=0
split_feature=23 1 6 1 6 17 4 6 9 8 0 9 10 5
split_gain=7220.47 3373.68 1356.58 1448.23 973.27 972.003 743.812 701.757 653.611 858.936 531.335 336.596 284.224 175.078
threshold=1.0000000180025095e-35 80.867646000000022 0.43000000000000005 87.532413000000005 0.15050000000000002 13.050000000000002 351.12000000000006 0.021000000000000005 0.077600000000000016 0.95200000000000007 15.360888500000001 0.094750000000000015 0.61450000000000016 0.18500000000000003
decision_type=2 2 2 2 2 2 2 2 2 2 2 2 2 2
left_child=2 5 3 10 6 12 -3 -7 9 -4 -1 -6 -2 -10
right_child=1 4 8 -5 11 7 -8 -9 13 -11 -12 -13 -14 -15
leaf_value=0.028849637713346327 0.061078826892866867 -0.0068529109191740366 0.010075866450256016 -0.03535079441806948 -0.0221855929246512 0.065022720777835025 0.033394458014269768 0.020297825804719619 -0.023559921767258515 -0.031866616119042367 -0.0026363680019964642 0.0020125872127257599 0.033490344573101807 -0.04231335203953298
leaf_weight=1576.6336420923471 3822.8881545513868 1968.5410827696323 1984.4097541421652 3425.0080913752317 3990.8553576767445 1008.9061691761017 2753.9285415112972 6711.2757421284914 1549.3606660664082 3171.5323059558868 8923.7687753587961 2245.7861210405827 1235.2124293744564 6325.9136481583118
leaf_count=6048 12899 9028 8706 18620 19694 3692 10476 25740 7894 16692 40480 10474 4333 35240
internal_value=-0.000260685 0.0198483 -0.0179682 -0.00711776 -0.000505875 0.0373048 0.0166175 0.0261427 -0.0295632 -0.0157239 0.00209125 -0.0134719 0.0543416 -0.0386239
internal_weight=50694 23737.4 26956.6 13925.4 10959.1 12778.3 4722.47 7720.18 13031.2 5155.94 10500.4 6236.64 5058.1 7875.27
internal_count=230016 96336 133680 65148 49672 46664 19504 29432 68532 25398 46528 30168 17232 43134
is_linear=0
shrinkage=0.05


Tree=27
num_leaves=15
num_cat=0
split_feature=1 0 24 12 0 14 6 6 9 1 0 5 16 0
split_gain=4250.76 1084.51 572.649 769.584 419.687 294.75 310.773 184.859 113.78 95.6768 40.3432 39.3116 7.16773 5.9649
threshold=89.145583000000002 17.067687000000003 1.0000000180025095e-35 0.096500000000000016 24.356775500000001 25.230464926550948 0.084000000000000019 0.43800000000000006 0.076700000000000004 76.807391500000008 16.176255000000005 0.13500000000000004 121.55000000000003 11.067572500000002
decision_type=2 2 2 2 2 2 2 2 2 2 2 2 2 2
left_child=1 9 7 -4 12 6 -6 -3 -7 11 -11 -1 13 -2
right_child=4 2 3 -5 5 8 -8 -9 -10 10 -12 -13 -14 -15
leaf_value=-0.033377804164358225 -0.033941556069347754 -0.0077534725615450413 0.041408462665418998 -0.0030943498142136537 0.011574969407321221 0.15728934037684406 0.053178740551457132 -0.030581436694515525 0.078411152760196751 -0.039172413535180896 -0.027365095840367178 0.034247433688528638 0.081097928418547641 -0.016368643118523804
leaf_weight=31.142681568861008 84.503944545984268 1644.1450432613492 1178.3805422671139 5532.0199710056186 550.05864801257849 50.504012994468212 2439.9586100131273 1925.3868402689695 482.50489123910666 2821.0329526215792 972.96486977487803 69.337291188538074 1.6389248147606839 112.68210677057505
leaf_count=432 1152 21280 13238 70762 5928 374 22084 29408 3486 44352 15264 720 16 1520
internal_value=8.7717e-05 -0.012399 -0.00388641 0.00472057 0.0476426 0.0516313 0.0455251 -0.0200668 0.0858851 -0.0348691 -0.0361444 0.0132877 -0.023034 -0.0238995
internal_weight=17896.3 14174.4 10279.9 6710.4 3721.85 3523.03 2990.02 3569.53 533.009 3894.48 3794 100.48 198.825 197.186
internal_count=230016 195456 134688 84000 34560 31872 28012 50688 3860 60768 59616 1152 2688 2672
is_linear=0
shrinkage=0.05


Tree=28
num_leaves=15
num_cat=0
split_feature=1 18 1 4 7 1 0 23 16 7 7 13 18 12
split_gain=2454.81 1487.02 824.331 534.083 654.662 916.639 441.98 433.78 334.501 302.416 295.749 472.627 422.313 118.089
threshold=79.057118500000016 2.9500000000000011 72.537452000000016 405.76500000000004 5.5000000000000009 80.867646000000022 24.284024000000006 1.0000000180025095e-35 39.550000000000004 5.5000000000000009 6.5000000000000009 0.73879928315412202 111.45000000000003 0.096100000000000005
decision_type=2 2 2 2 2 2 2 2 2 2 2 2 2 2
left_child=1 7 13 4 5 -2 -6 9 -4 -1 12 -12 -5 -3
right_child=3 2 8 10 6 -7 -8 -9 -10 -11 11 -13 -14 -15
leaf_value=0.0069345503424844803 -0.013946589573090629 -0.021301407342692303 -0.019242824909560283 -0.013146817951250563 0.027740743042805105 0.01039527309718434 0.0053711534847296887 -0.064428601412081329 0.009168665469684787 0.043996044000105525 0.039732512948245424 -0.002737056484963191 0.0041201678991004964 -0.054014101650570107
leaf_weight=1041.2816345989704 4979.6909252405167 321.27836725115776 11671.726438254118 6795.192257463932 6693.9018914103508 17316.333965420723 3295.1049918830395 139.35931634902954 1136.8849660158157 1167.647918254137 1070.5073943138123 1688.1473710238934 7394.6431088447571 1952.2266607582569
leaf_count=3484 16448 980 36896 22620 25152 61536 12256 420 3720 4736 3804 5940 26100 5924
internal_value=0.00024219 -0.0158832 -0.0216458 0.00595115 0.00972434 0.00495866 0.0203616 0.0211277 -0.016721 0.0265254 -0.00123637 0.0137434 -0.0041486 -0.0493913
internal_weight=66663.9 17430.4 15082.1 49233.5 32285 22296 9989.01 2348.29 12808.6 2208.93 16948.5 2758.65 14189.8 2273.51
internal_count=230016 56160 47520 173856 115392 77984 37408 8640 40616 8220 58464 9744 48720 6904
is_linear=0
shrinkage=0.05


Tree=29
num_leaves=15
num_cat=0
split_feature=5 24 23 12 1 7 18 23 6 20 23 10 8 5
split_gain=6038.17 2595 1108.28 987.857 862.215 567.148 125.17 166.973 61.7711 60.4594 229.86 36.1703 22.7872 0.0220622
threshold=0.24500000000000002 1.0000000180025095e-35 1.0000000180025095e-35 0.091550000000000006 87.286400000000015 6.5000000000000009 5.950000000000002 1.0000000180025095e-35 0.53800000000000014 34.107142857142868 1.0000000180025095e-35 0.47295000000000004 2.2590000000000003 0.36500000000000005
decision_type=2 2 2 2 2 2 2 2 2 2 2 2 2 2
left_child=6 2 4 8 -2 -5 7 11 -3 12 -11 -1 -8 -4
right_child=1 3 13 5 -6 -7 9 -9 -10 10 -12 -13 -14 -15
leaf_value=0.0099104588287146946 0.04329747466089786 0.20644697100591075 -0.039069742021953735 -0.028184354352272387 0.10617798064549795 0.082830590803739862 -0.038446677742188101 -0.039195924591882869 -0.040356652479288116 0.051228141673934913 -0.03904821732304084 0.11042113364392646 0.076812594273262355 -0.040612775281440326
leaf_weight=11.835411150008438 5200.2902809605002 51.253832615911961 346.82554024085402 2164.1398539580405 609.00295515358448 121.50571959093213 6059.5721171014011 59.130735598504543 2.6671897694468489 91.63682908192277 305.85027272999287 36.72691111266613 4.2912756651639929 24.823340602219105
leaf_count=126 49940 273 6756 37070 5864 1256 119548 1080 33 1268 6064 402 64 272
internal_value=-0.000213896 0.0275578 0.0445342 -0.0172925 0.0498894 -0.0222828 -0.0362358 0.0172252 0.194239 -0.0371268 -0.0182359 0.0859251 -0.0383651 -0.0391728
internal_weight=15089.6 8520.51 6180.94 2339.57 5809.29 2285.65 6569.04 107.693 53.921 6461.35 397.487 48.5623 6063.86 371.649
internal_count=230016 101464 62832 38632 55804 38326 128552 1608 306 126944 7332 528 119612 7028
is_linear=0
shrinkage=0.05


Tree=30
num_leaves=15
num_cat=0
split_feature=23 1 6 1 6 17 9 8 4 6 10 9 5 5
split_gain=6537.32 2913.55 1299.72 1363.59 883.976 841.394 639.387 809.349 637.523 599.929 517.697 318.132 296.93 175.786
threshold=1.0000000180025095e-35 80.867646000000022 0.43000000000000005 87.532413000000005 0.15050000000000002 11.150000000000004 0.077600000000000016 0.95200000000000007 351.12000000000006 0.021000000000000005 0.46850000000000008 0.094750000000000015 -0.094999999999999987 0.18500000000000003
decision_type=2 2 2 2 2 2 2 2 2 2 2 2 2 2
left_child=2 5 3 10 8 12 7 -4 -3 -7 -1 -6 -2 -8
right_child=1 4 6 -5 11 9 13 -9 -10 -11 -12 -13 -14 -15
leaf_value=-0.027452774759204691 0.077827044830872022 -0.0061976556975682946 0.0096121797536081431 -0.034710558754557225 -0.021498129844440758 0.059628068491591982 -0.022868438645753702 -0.031232496418658801 0.031041511187765242 0.019894922681274945 0.0062361279646945813 0.0021194387798967036 0.045550815751987918 -0.041880491514002444
leaf_weight=1301.8535142093897 877.06173354387283 1945.8921446204185 1996.1315537691116 3319.2813010662794 3917.9883581399918 1093.4428146779537 1518.1615583449602 3090.8125148713589 2807.5154385715723 7242.9787964820862 9192.789262637496 2241.6598875969648 3799.4614055454731 6104.9067905694246
leaf_count=5713 2728 9028 8706 18620 19694 3876 7894 16692 10476 27248 40815 10474 12812 35240
internal_value=-0.000299902 0.0186507 -0.0173944 -0.00677767 -0.000402161 0.0346291 -0.0289332 -0.0152049 0.015797 0.0251065 0.00205704 -0.0129031 0.0516041 -0.0380942
internal_weight=50449.9 23926 26523.9 13813.9 10913.1 13012.9 12710 5086.94 4753.41 8336.42 10494.6 6159.65 4676.52 7623.07
internal_count=230016 96336 133680 65148 49672 46664 68532 25398 19504 31124 46528 30168 15540 43134
is_linear=0
shrinkage=0.05


Tree=31
num_leaves=15
num_cat=0
split_feature=1 0 18 5 0 7 6 6 11 1 0 7 5 11
split_gain=3823.76 1046.97 546.379 881.398 363.768 273.568 339.017 238.084 206.631 93.0873 41.5116 36.8302 7.2826 12.2598
threshold=89.145583000000002 17.067687000000003 49.550000000000011 0.13500000000000004 24.356775500000001 6.5000000000000009 0.12150000000000001 0.43800000000000006 0.30580000000000007 76.807391500000008 16.176255000000005 5.5000000000000009 0.23000000000000001 0.35655000000000009
decision_type=2 2 2 2 2 2 2 2 2 2 2 2 2 2
left_child=1 9 7 -4 12 6 -6 -3 -7 11 -11 -1 -2 -14
right_child=4 2 3 -5 5 8 -8 -9 -10 10 -12 -13 13 -15
leaf_value=0.031090819378017304 -0.030798454574687124 -0.0053868349438600839 -0.013905018737532155 0.02265874595373106 0.022232846562326675 0.006276547625368856 0.062040315494321076 -0.031038924674153198 0.12855826811332235 -0.03907598232901488 -0.026889205517988835 -0.036302847239189605 -0.013300476528092971 0.1655659092860296
leaf_weight=73.740303352475166 112.57915277034044 1668.6982456929982 3216.4745422378182 3380.4072016105056 684.40485294163227 500.13251245766878 2447.6325997188687 1975.2169988490641 37.11056612432003 2710.7260454818606 941.45040803775191 27.958808049559593 80.496887102723122 0.96953937411308189
leaf_count=768 1636 21336 44352 38124 6872 4969 19664 30876 367 44352 15264 384 1042 10
internal_value=0.000123884 -0.0120323 -0.00375234 0.00483117 0.044159 0.0476873 0.0533417 -0.0192918 0.0147233 -0.0346206 -0.0359345 0.0125632 -0.0225586 -0.0111718
internal_weight=17858 13994.7 10240.8 6596.88 3863.33 3669.28 3132.04 3643.92 537.243 3753.88 3652.18 101.699 194.046 81.4664
internal_count=230016 195456 134688 82476 34560 31872 26536 52212 5336 60768 59616 1152 2688 1052
is_linear=0
shrinkage=0.05


Tree=32
num_leaves=15
num_cat=0
split_feature=1 18 1 4 5 0 23 17 7 7 13 18 4 12
split_gain=2167.71 1340.48 747.608 494.216 641.059 821.905 382.829 353.547 306.785 287.054 476.956 395.575 268.424 110.872
threshold=79.057118500000016 3.350000000000001 72.926704500000014 395.30000000000001 0.065000000000000016 16.518526500000004 1.0000000180025095e-35 54.350000000000016 4.5000000000000009 6.5000000000000009 0.58539126016260179 111.45000000000003 297.92500000000001 0.099450000000000024
decision_type=2 2 2 2 2 2 2 2 2 2 2 2 2 2
left_child=1 6 13 4 12 -6 8 -4 -1 11 -11 -5 -2 -3
right_child=3 2 7 9 5 -7 -8 -9 -10 10 -12 -13 -14 -15
leaf_value=0.0056584716198599203 0.024743473528556142 -0.033713502531778669 -0.018932850830931741 -0.012087559777965834 -0.01254733329030523 0.010267912647232704 -0.056709930795539293 0.0040785368282248548 0.04243486017367748 0.042382242910791991 -0.00078570658627782018 0.0041477357471042279 0.0078999377784098514 -0.053983523313839911
leaf_weight=1090.199045330286 7318.4592471420765 1297.5511037111282 10324.921548813581 7294.1539136469364 5369.893637791276 14901.412133201957 153.85441678762436 1991.0562713742256 1181.7712327390909 955.0790336728096 1938.843236207962 7725.7515068650246 3494.9147172868252 1405.1787943542004
leaf_count=3652 26856 3940 32404 24220 18324 53892 468 6496 4920 3472 6848 27380 12864 4280
internal_value=0.00026766 -0.0148682 -0.0204386 0.00565636 0.0094684 0.00422413 0.0196189 -0.0152127 0.0247878 -0.000958428 0.013461 -0.00373665 0.0192996 -0.0442521
internal_weight=66443 17444.5 15018.7 48998.5 31084.7 20271.3 2425.82 12316 2271.97 17913.8 2893.92 15019.9 10813.4 2702.73
internal_count=230016 56160 47120 173856 111936 72216 9040 38900 8572 61920 10320 51600 39720 8220
is_linear=0
shrinkage=0.05


Tree=33
num_leaves=15
num_cat=0
split_feature=5 23 24 18 21 23 7 11 5 7 8 5 24 1
split_gain=5634.22 2341.43 1783.02 637.553 125.123 273.036 84.7715 47.3514 42.3468 62.3543 38.1909 0.042975 0.00824107 0.0012503
threshold=0.24500000000000002 1.0000000180025095e-35 2.5000000000000004 2.6500000000000008 29.500000000000004 1.0000000180025095e-35 6.5000000000000009 0.12730000000000002 -0.80499999999999983 2.5000000000000004 2.7710000000000004 0.36500000000000005 2.5000000000000004 72.731423000000021
decision_type=2 2 2 2 2 2 2 2 2 2 2 2 2 2
left_child=4 2 3 -2 5 7 -4 -1 9 -6 -10 13 -13 -3
right_child=1 11 6 -5 8 -7 -8 -9 10 -11 -12 12 -14 -15
leaf_value=0.26372198422137444 0.014638523399060807 -0.039287711472233484 -0.038357377001919248 0.052430811302479133 0.36392166542606047 -0.039057730801635222 0.057056309958928741 0.069691105020371277 -0.037663441912723312 0.013233774508779397 0.15616821530537173 -0.040755933324834612 -0.039241945540459768 -0.039031255294257522
leaf_weight=3.287830024957656 1411.8237026631832 49.69431946054101 754.41976487636566 5325.3031570464373 1.4874662160873402 145.8645988330245 24.02042930200696 72.052840895950794 6100.9606262147427 8.5734013468027097 2.5423288121819487 45.273127317428589 11.214882750064133 1089.0197944194078
leaf_count=39 14400 860 14756 48760 24 2884 284 813 124612 152 28 484 204 21716
internal_value=-0.000197632 0.0258951 0.0362328 0.0445111 -0.0360771 0.000865146 -0.0354132 0.0781585 -0.0374138 0.0650818 -0.0375827 -0.0391092 -0.0404554 -0.0390424
internal_weight=15045.5 8710.77 7515.57 6737.13 6334.77 221.205 778.44 75.3407 6113.56 10.0609 6103.5 1195.2 56.488 1138.71
internal_count=230016 101464 78200 63160 128552 3736 15040 852 124816 176 124640 23264 688 22576
is_linear=0
shrinkage=0.05


Tree=34
num_leaves=15
num_cat=0
split_feature=23 1 6 1 6 17 9 8 4 6 10 12 5 5
split_gain=5898.85 2501.7 1233.35 1282.74 812.084 748.494 624.48 762.985 553.498 531.918 487.572 305.784 264.061 174.876
threshold=1.0000000180025095e-35 80.867646000000022 0.43000000000000005 87.532413000000005 0.15050000000000002 11.150000000000004 0.077600000000000016 0.95200000000000007 351.12000000000006 0.021000000000000005 0.46850000000000008 0.09845000000000001 -0.094999999999999987 0.18500000000000003
decision_type=2 2 2 2 2 2 2 2 2 2 2 2 2 2
left_child=2 5 3 10 8 12 7 -4 -3 -7 -1 -6 -2 -8
right_child=1 4 6 -5 11 9 13 -9 -10 -11 -12 -13 -14 -15
leaf_value=-0.026911644701161287 0.072497746644416813 -0.005573612297178729 0.0092290638898865681 -0.03410297732121597 -0.0022481665307809953 0.055201841327161785 -0.022243148615524979 -0.030581221148326804 0.029127825960317932 0.01826923792078132 0.0059860806853720685 -0.02476495152277626 0.042300402120062086 -0.041421629099637598
leaf_weight=1283.0230469256639 890.48446786403656 1924.5745594799519 2005.7159728556871 3220.7090125232935 3346.649255618453 1124.0891639590263 1490.4366818964481 3009.3527088314295 2851.898148059845 7346.1462534070015 9219.2350474447012 2744.1348810344934 3870.9868308901787 5869.6488205045462
leaf_count=5713 2728 9028 8706 18620 15680 3876 7894 16692 10476 27248 40815 14488 12812 35240
internal_value=-0.000349719 0.0174872 -0.0168203 -0.00649837 -0.000288889 0.0320868 -0.0282664 -0.0146596 0.0151456 0.0231706 0.00196708 -0.0123929 0.0479479 -0.0375379
internal_weight=50197.1 24099 26098.1 13723 10867.3 13231.7 12375.2 5015.07 4776.47 8470.24 10502.3 6090.78 4761.47 7360.09
internal_count=230016 96336 133680 65148 49672 46664 68532 25398 19504 31124 46528 30168 15540 43134
is_linear=0
shrinkage=0.05


Tree=35
num_leaves=15
num_cat=0
split_feature=1 0 18 12 4 0 7 11 2 12 1 0 5 10
split_gain=3442.24 1015.96 511.516 779.895 315.967 254.38 215.151 211.025 111.987 92.4478 90.6095 42.6401 35.0018 30.9884
threshold=89.145583000000002 17.067687000000003 39.250000000000007 0.096500000000000016 624.04000000000008 24.356775500000001 6.5000000000000009 0.34415000000000007 2223.1000000000004 0.098150000000000015 76.807391500000008 16.176255000000005 0.13500000000000004 0.63085000000000013
decision_type=2 2 2 2 2 2 2 2 2 2 2 2 2 2
left_child=1 10 7 -4 5 -2 -7 -3 9 -6 12 -12 -1 -10
right_child=4 2 3 -5 8 6 -8 -9 13 -11 11 -13 -14 -15
leaf_value=-0.033176929777949497 -0.022050028124580789 -0.026607589501201304 0.03915848545713594 -0.0039501749692204807 0.055211727251761794 0.043059950759570149 0.0048562960270075988 0.0068852764724590433 -0.009177878542151293 0.092122607162756665 -0.038990208254912728 -0.026438434939373152 0.030734969334781433 0.080229718201423494
leaf_weight=30.40403575450182 189.13579433038831 2547.9277400225401 1281.6536279767752 5784.0147837772965 300.6662750095129 2628.2832353785634 428.63203777372837 576.74961851537228 52.808434329926968 389.27240808308125 2612.5751917734742 913.1104449108243 72.516912214457989 11.869859635829924
leaf_count=432 2688 38644 13536 74556 2009 22136 4456 7952 480 2695 44352 15264 720 96
internal_value=0.000154001 -0.0116702 -0.00358019 0.00386938 0.0409966 0.0342215 0.0377031 -0.0204255 0.0701399 0.0760373 -0.0343895 -0.0357394 0.0118547 0.00723034
internal_weight=17819.6 13819 10190.3 7065.67 4000.67 3246.05 3056.92 3124.68 754.617 689.939 3628.61 3525.69 102.921 64.6783
internal_count=230016 195456 134688 88092 34560 29280 26592 46596 5280 4704 60768 59616 1152 576
is_linear=0
shrinkage=0.05


Tree=36
num_leaves=15
num_cat=0
split_feature=1 18 1 4 7 0 23 6 7 7 10 7 12 10
split_gain=1920.03 1200.94 693.998 454.675 643.997 780.757 424.27 410.293 336.295 313.834 295.007 312.008 84.4511 39.9172
threshold=79.057118500000016 4.450000000000002 72.537452000000016 386.62500000000006 5.5000000000000009 16.640830000000005 1.0000000180025095e-35 -0.106 4.5000000000000009 5.5000000000000009 0.70760000000000012 6.5000000000000009 0.099450000000000024 0.38430000000000003
decision_type=2 2 2 2 2 2 2 2 2 2 2 2 2 2
left_child=1 6 12 4 5 -2 8 -6 -1 -4 11 -5 -3 -8
right_child=3 2 9 10 7 -7 13 -9 -10 -11 -12 -13 -14 -15
leaf_value=0.004379307680420148 -0.010834227054405451 -0.035197958985748644 -0.019939177454160861 -0.0047082739502063526 -0.027029002456084333 0.010532904065085721 0.068053028395489004 0.022632198029104801 0.041097692649744728 -0.0022516975368389578 0.034906683127062278 0.01288593475307858 -0.054829523196418185 -0.053454757349074303
leaf_weight=1264.4086227416992 6018.5200216174126 1043.0687728524208 9054.7404755353928 15258.62392064929 436.75239244103432 14760.257137432694 6.9784617424011222 8715.5264014750719 1230.3850257098675 3468.5820727348328 564.18339088559151 3018.2260415107012 1153.7785168290138 215.07115045189857
leaf_count=4216 20256 3148 28340 52437 1496 53120 21 33608 5224 11020 2043 10896 3532 659
internal_value=0.000290078 -0.0139501 -0.0195874 0.00538122 0.00921147 0.00434397 0.0165934 0.0202623 0.0224881 -0.0150403 -0.000703536 -0.00180278 -0.0455084 -0.0496361
internal_weight=66209.1 17437 14720.2 48772.1 29931.1 20778.8 2716.84 9152.28 2494.79 12523.3 18841 18276.8 2196.85 222.05
internal_count=230016 56160 46040 173856 108480 73376 10120 35104 9440 39360 65376 63333 6680 680
is_linear=0
shrinkage=0.05


Tree=37
num_leaves=15
num_cat=0
split_feature=5 23 24 14 21 23 7 5 6 11 8 5 24 1
split_gain=5247.96 2126.73 1586.97 517.639 124.277 269.058 80.1183 39.865 49.2521 39.3882 39.3709 0.0377026 0.00732984 0.00122033
threshold=0.24500000000000002 1.0000000180025095e-35 2.5000000000000004 0.21055458808756203 30.500000000000004 1.0000000180025095e-35 6.5000000000000009 -0.80499999999999983 -0.087499999999999981 0.15835000000000002 2.7710000000000004 0.36500000000000005 2.5000000000000004 72.926704500000014
decision_type=2 2 2 2 2 2 2 2 2 2 2 2 2 2
left_child=4 2 3 -2 5 9 -4 8 -6 -1 -9 13 -13 -3
right_child=1 11 6 -5 7 -7 -8 10 -10 -11 -12 12 -14 -15
leaf_value=0.17660952183359949 0.0014998160892703053 -0.039222427768712008 -0.038272815965144792 0.045807791437181798 0.011427457441842178 -0.038991251578161176 0.052509799731994634 -0.037629547761177294 0.30101818025804117 0.060275682641588738 0.16258705916340127 -0.04062151162811569 -0.039164660176670557 -0.038973816922995265
leaf_weight=8.0447302609682065 736.78094476461411 51.801197752356529 728.08144699037075 6258.4112684428692 8.8606832101941091 160.35226146504283 25.142626196146011 5844.8554779812694 1.7598455995321263 76.144983913749456 2.4563949182629576 43.6790143661201 10.760889951139687 1047.4447094909847
leaf_count=84 7680 928 14756 55480 152 3300 284 124152 24 816 24 484 204 21648
internal_value=-0.000197117 0.0242856 0.0337157 0.041141 -0.0359118 -0.000989067 -0.0352425 -0.0373697 0.0594133 0.0713919 -0.0375454 -0.0390491 -0.0403335 -0.0389855
internal_weight=15004.6 8902.1 7748.42 6995.19 6102.47 244.542 753.224 5857.93 10.6205 84.1897 5847.31 1153.69 54.4399 1099.25
internal_count=230016 101464 78200 63160 128552 4200 15040 124352 176 900 124176 23264 688 22576
is_linear=0
shrinkage=0.05


Tree=38
num_leaves=15
num_cat=0
split_feature=23 1 6 1 6 17 9 8 6 4 10 9 10 5
split_gain=5324.86 2165.24 1183.04 1210.4 751.119 658.104 611.093 721.534 483.82 479.764 459.435 293.069 236.564 174.391
threshold=1.0000000180025095e-35 80.867646000000022 0.43000000000000005 87.532413000000005 0.15050000000000002 13.050000000000002 0.077600000000000016 0.95200000000000007 0.021000000000000005 351.12000000000006 0.46850000000000008 0.094750000000000015 0.61450000000000016 0.18500000000000003
decision_type=2 2 2 2 2 2 2 2 2 2 2 2 2 2
left_child=2 5 3 10 9 12 7 -4 -7 -3 -1 -6 -2 -8
right_child=1 4 6 -5 11 8 13 -9 -10 -11 -12 -13 -14 -15
leaf_value=-0.026312118651743956 0.049410855388966661 -0.0049417843006591992 0.0088901185355596182 -0.03348447996415399 -0.020398507526912892 0.051704524110713301 -0.02165021268421349 -0.029971807486330639 0.015969878677656271 0.027383555733550637 0.0058485493504625676 0.0024340013223048754 0.024894722759678297 -0.041009098305301764
leaf_weight=1262.344716951251 4045.9384538531303 1903.1540055274963 2014.1580817401409 3121.7035515606403 3801.8670805692673 1096.1976314783096 1464.4383710175753 2934.6361220926046 6969.055966347456 2892.1973402351141 9231.2662128508091 2229.6095378547907 1300.180373609066 5657.9355992227793
leaf_count=5713 12899 9028 8706 18620 19694 3692 7894 16692 25740 10476 40815 10474 4333 35240
internal_value=-0.000392875 0.0164172 -0.0162551 -0.00615146 -0.000215379 0.0298444 -0.0276512 -0.014155 0.0208268 0.0145544 0.00197973 -0.0119582 0.0434485 -0.0370287
internal_weight=49924.7 24238.2 25686.5 13615.3 10826.8 13411.4 12071.2 4948.79 8065.25 4795.35 10493.6 6031.48 5346.12 7122.37
internal_count=230016 96336 133680 65148 49672 46664 68532 25398 29432 19504 46528 30168 17232 43134
is_linear=0
shrinkage=0.05


Tree=39
num_leaves=15
num_cat=0
split_feature=1 0 7 6 0 10 7 23 1 0 7 14 0 6
split_gain=3108.26 985.573 484.2 692.354 280.412 231.102 231.021 147.42 88.5367 43.8396 32.3785 7.6666 7.21031 9.03019
threshold=89.145583000000002 17.067687000000003 6.5000000000000009 0.044000000000000004 24.356775500000001 0.70760000000000012 6.5000000000000009 2.5000000000000004 76.807391500000008 16.176255000000005 5.5000000000000009 27.42362151808933 11.067572500000002 0.52800000000000014
decision_type=2 2 2 2 2 2 2 2 2 2 2 2 2 2
left_child=1 8 3 -3 12 6 -6 -4 10 -10 -1 -7 -2 -14
right_child=4 2 7 -5 5 11 -8 -9 9 -11 -12 -13 13 -15
leaf_value=0.027786954959492551 -0.033292274875287305 -0.023049187889227319 -0.036980175913562355 0.0091122856695643687 0.048306974184765587 -0.028577219582116765 0.013275822976782965 0.016193705155566274 -0.038907110991784941 -0.025972545369898077 -0.03605992905713274 0.014983465188752413 -0.017330957998493164 0.039365281562797484
leaf_weight=77.052651144564152 78.333560511469841 2249.0235092677176 1207.7980681844056 6537.9695793651044 3264.2032279372215 117.75125843286514 549.92054629325867 146.11507137492299 2518.5068612955511 885.39482647180557 26.75117889046669 11.048492282629011 100.40905643254519 7.5512684807181349
leaf_count=768 1152 30936 20292 81520 25563 905 5336 1940 44352 15264 384 68 1440 96
internal_value=0.000189338 -0.0113102 -0.00340805 0.000880583 0.0381995 0.0410317 0.0432562 -0.0312416 -0.0341555 -0.0355427 0.011333 -0.0248406 -0.0217443 -0.0133653
internal_weight=17777.8 13648.6 10140.9 8786.99 4129.22 3942.92 3814.12 1353.91 3507.71 3403.9 103.804 128.8 186.294 107.96
internal_count=230016 195456 134688 112456 34560 31872 30899 22232 60768 59616 1152 973 2688 1536
is_linear=0
shrinkage=0.05


Tree=40
num_leaves=15
num_cat=0
split_feature=1 7 5 12 9 1 4 6 7 5 23 18 4 17
split_gain=1699.86 1077.77 522.526 509.822 457.506 457.082 427.435 490.998 469.594 345.453 145.372 130.282 125.251 121.544
threshold=79.057118500000016 6.5000000000000009 0.32500000000000007 0.09845000000000001 0.090500000000000011 72.537452000000016 482.61500000000007 0.021000000000000005 5.5000000000000009 0.24500000000000002 4.5000000000000009 32.050000000000018 633.37500000000011 12.250000000000002
decision_type=2 2 2 2 2 2 2 2 2 2 2 2 2 2
left_child=1 2 5 11 -4 -1 7 9 -9 -2 12 -3 -8 -5
right_child=6 3 4 13 -6 -7 10 8 -10 -11 -12 -13 -14 -15
leaf_value=-0.042806497971638054 -0.023689208268902223 0.039281135834739349 -0.017905759144018773 -0.030379048382265468 0.026362275339819635 -0.017799770584118493 0.00076191130452093418 0.0050624060039913309 0.017254896404758743 0.018990171435503054 -0.020854344547915044 -0.018635585195248074 -0.015823725238357456 0.0051301123937285247
leaf_weight=2218.3362353146076 2000.1601426899433 1422.3958213031292 1204.9222014844418 441.51820749044418 1131.9745366573334 10367.626448452473 6272.2390689253807 25633.64112265408 11413.619773641229 621.43137711286545 1216.4367125332355 104.21322444081306 1390.6831989884377 530.588243663311
leaf_count=6800 6876 6042 3842 1366 3818 32268 22024 90412 43760 2088 3996 352 4700 1672
internal_value=0.000311337 -0.0130869 -0.0181758 0.017305 0.00353733 -0.0222073 0.0051193 0.00733895 0.0088187 -0.0135723 -0.00479707 0.0353275 -0.00224808 -0.0109977
internal_weight=65969.8 17421.6 14922.9 2498.72 2336.9 12586 48548.2 39668.9 37047.3 2621.59 8879.36 1526.61 7662.92 972.106
internal_count=230016 56160 46728 9432 7660 39068 173856 143136 134172 8964 30720 6394 26724 3038
is_linear=0
shrinkage=0.05


Tree=41
num_leaves=15
num_cat=0
split_feature=5 23 24 18 20 23 24 7 18 8 8 5 24 1
split_gain=4924.96 1947.71 1429.06 441.725 126.259 288.33 113.798 76.5063 38.6194 22.4913 13.132 0.0323905 0.00640694 0.00116447
threshold=0.24500000000000002 1.0000000180025095e-35 2.5000000000000004 2.9500000000000011 34.178571428571438 1.0000000180025095e-35 1.0000000180025095e-35 6.5000000000000009 0.45000000000000007 2.1100000000000008 0.84450000000000014 0.36500000000000005 2.5000000000000004 72.926704500000014
decision_type=2 2 2 2 2 2 2 2 2 2 2 2 2 2
left_child=4 2 3 -2 8 6 -6 -4 10 -10 -1 13 -13 -3
right_child=1 11 7 -5 5 -7 -8 -9 9 -11 -12 12 -14 -15
leaf_value=-0.025037829443762857 0.014597872023480061 -0.039164391916349704 -0.038190371534541974 0.044819756322910513 0.075596735069280274 -0.038861742299819577 -0.027230991453973053 0.049041815793092747 -0.038104908853664847 0.033897106816496846 0.09457087189422779 -0.040478753149551135 -0.039087053103902626 -0.038917569172724403
leaf_weight=3.3376157283782941 1535.7791345193982 50.159028239548206 702.80107276514173 5683.3838697224855 104.30656272917986 276.78225637227297 36.259609941393137 26.067581474781036 5449.7226435430348 10.86753014847636 7.3447733819484711 41.953449230641127 10.300272237509487 1009.8564844727516
leaf_count=48 15316 928 14756 47844 1112 6208 544 284 120400 176 64 484 204 21648
internal_value=-0.000155292 0.0229814 0.0316538 0.0383905 -0.0357537 -0.00924501 0.0490719 -0.0350706 -0.0377758 -0.0379616 0.0572002 -0.0389892 -0.0402044 -0.0389292
internal_weight=14948.9 9060.3 7948.03 7219.16 5888.62 417.348 140.566 728.869 5471.27 5460.59 10.6824 1112.27 52.2537 1060.02
internal_count=230016 101464 78200 63160 128552 7864 1656 15040 120688 120576 112 23264 688 22576
is_linear=0
shrinkage=0.05


Tree=42
num_leaves=15
num_cat=0
split_feature=23 1 1 24 0 7 6 17 1 6 22 5 1 8
split_gain=4800.31 1871.61 1128.37 1314.37 890.05 759.135 691.576 599.827 448.804 416.237 278.676 238.818 128.59 93.9306
threshold=1.0000000180025095e-35 80.867646000000022 86.303114500000007 1.0000000180025095e-35 14.977038000000002 6.5000000000000009 0.15050000000000002 11.150000000000004 89.145583000000002 0.021000000000000005 11.500000000000002 -0.094999999999999987 89.145583000000002 0.93950000000000011
decision_type=2 2 2 2 2 2 2 2 2 2 2 2 2 2
left_child=2 7 3 5 -5 -1 8 11 -3 -9 -8 -2 13 -4
right_child=1 6 12 4 -6 -7 10 9 -10 -11 -12 -13 -14 -15
leaf_value=-0.011944230839947324 0.065026895164390294 0.019133414752310819 -0.014423829677204271 0.062311597767240039 0.00057681092932983713 -0.042064411167854365 -0.018090659599742005 0.047514370188886601 -0.03096083840584998 0.015530694778816259 0.0062319809088504704 0.036508476860196697 -0.037185345801735631 -0.034219155476343105
leaf_weight=6320.9444584846497 899.65956282615662 4317.258610188961 1371.9053634852171 629.87100474536419 7989.2073130607605 3126.6936092674732 4359.1235249340534 1176.5965698063374 498.77231495082378 7510.7552755922079 1613.5748571157455 3989.1586641967297 4780.0755784660578 1064.0706218928099
leaf_count=30116 2728 17332 7232 2344 37940 20664 22340 3876 2172 27248 7828 12812 29152 6232
internal_value=-0.000444387 0.0153931 -0.0157069 -0.00903124 0.00508831 -0.0219125 -0.000152211 0.0277466 0.0139454 0.0198625 -0.0115197 0.0417565 -0.0324206 -0.0230707
internal_weight=49647.7 24364.9 25282.8 18066.7 8619.08 9447.64 10788.7 13576.2 4816.03 8687.35 5972.7 4888.82 7216.05 2435.98
internal_count=230016 96336 133680 91064 40284 50780 49672 46664 19504 31124 30168 15540 42616 13464
is_linear=0
shrinkage=0.05


Tree=43
num_leaves=15
num_cat=0
split_feature=1 0 18 5 14 6 12 6 2 1 1 9 0 21
split_gain=2810.05 956.053 473.957 713.343 263.968 301.38 255.449 223.407 155.371 139.894 85.5039 77.6842 44.8365 42.112
threshold=89.145583000000002 17.067687000000003 49.550000000000011 0.13500000000000004 22.832067379113948 0.29700000000000004 0.097900000000000015 0.43800000000000006 169.80000000000004 91.363129500000014 76.807391500000008 0.076700000000000004 16.176255000000005 88.500000000000014
decision_type=2 2 2 2 2 2 2 2 2 2 2 2 2 2
left_child=1 10 7 -4 5 9 -7 -3 11 -2 -1 -6 -12 -10
right_child=4 2 3 -5 8 6 -8 -9 13 -11 12 -13 -14 -15
leaf_value=0.010381309060223491 0.048295650723749563 -0.0048190858626696101 -0.012872287942450808 0.020015955528668826 0.097846318847901459 0.019499397291796838 0.050619915960241894 -0.030220499270606882 0.086175614240277976 -0.013378527087529816 -0.038825183140739912 0.03024408264366962 -0.025544224284739708 0.054471308594306336
leaf_weight=105.51217154413462 111.97520890831947 1642.8844335637987 3102.620638910681 3518.5379342138767 47.411908313632011 1227.0552394427359 1425.3805632889271 1829.5861276127398 371.97100650519133 514.03430799394846 2425.6666776500642 409.87732408195734 861.0924222394824 145.79099258780479
leaf_count=1152 976 21336 44352 38124 364 10152 11032 30876 2104 5844 44352 3164 15264 924
internal_value=0.000216772 -0.0109593 -0.00324156 0.00460479 0.0356512 0.0288583 0.0362231 -0.0182027 0.058491 -0.00234678 -0.0339234 0.0372531 -0.0353457 0.0772483
internal_weight=17739.4 13485.9 10093.6 6621.16 4253.5 3278.45 2652.44 3472.47 975.051 626.01 3392.27 457.289 3286.76 517.762
internal_count=230016 195456 134688 82476 34560 28004 21184 52212 6556 6820 60768 3528 59616 3028
is_linear=0
shrinkage=0.05


Tree=44
num_leaves=15
num_cat=0
split_feature=1 18 1 5 7 20 0 4 12 5 23 18 7 0
split_gain=1496.71 967.804 600.036 413.905 705.108 1113.72 456.504 425.422 602.135 498.844 354.638 318.742 297.301 101.41
threshold=79.057118500000016 4.450000000000002 72.926704500000014 0.21000000000000005 6.5000000000000009 32.407142857142865 16.176255000000005 379.33500000000009 0.096500000000000016 -0.094999999999999987 1.0000000180025095e-35 85.550000000000026 4.5000000000000009 21.478647500000005
decision_type=2 2 2 2 2 2 2 2 2 2 2 2 2 2
left_child=1 10 13 7 6 -6 -5 8 -2 -9 12 -4 -1 -3
right_child=3 2 11 4 5 -7 -8 9 -10 -11 -12 -13 -14 -15
leaf_value=0.0043943960407946629 -0.011551623542822798 -0.015359654070721497 -0.016818959236059999 -0.025176195259888807 -0.021017999022618281 0.029278790763528347 -0.0017404808089062493 -0.011467443741881047 0.018409833916769518 0.01068058894946299 -0.045482993427741085 0.00280773214726206 0.039501140573369994 -0.043037636902269118
leaf_weight=1261.5630879402161 1921.4595715254545 388.59434744715691 9497.7249673902988 2416.3326143920422 1516.2286749482155 4015.2399314045906 14836.541260585189 4348.9365910291672 13175.33686003089 6120.0767129659653 217.48397824168205 2644.658148676157 1155.3158626109362 2230.5865105688572
leaf_count=4216 6873 1192 29512 7852 5396 15964 51412 14160 49543 22656 680 8492 5224 6844
internal_value=0.000333027 -0.012244 -0.0172261 0.00485813 -4.22878e-05 0.015492 -0.00502274 0.00922539 0.0145965 0.00148007 0.015673 -0.0125442 0.0211761 -0.0389312
internal_weight=65746.1 17395.9 14761.6 48350.2 22784.3 5531.47 17252.9 25565.8 15096.8 10469 2634.36 12142.4 2416.88 2619.18
internal_count=230016 56160 46040 173856 80624 21360 59264 93232 56416 36816 10120 38004 9440 8036
is_linear=0
shrinkage=0.05


Tree=45
num_leaves=15
num_cat=0
split_feature=5 23 24 14 20 23 24 7 18 5 6 5 24 1
split_gain=4634.54 1790.35 1291.96 382.888 126.045 282.324 96.3184 73.0767 36.1851 20.0629 11.066 0.0274226 0.00549777 0.00120997
threshold=0.24500000000000002 1.0000000180025095e-35 2.5000000000000004 0.21055458808756203 34.035714285714299 1.0000000180025095e-35 1.0000000180025095e-35 6.5000000000000009 0.45000000000000007 -0.34499999999999992 0.12150000000000001 0.36500000000000005 2.5000000000000004 72.926704500000014
decision_type=2 2 2 2 2 2 2 2 2 2 2 2 2 2
left_child=4 2 3 -2 8 6 -6 -4 10 -10 -1 13 -13 -3
right_child=1 11 7 -5 5 -7 -8 -9 9 -11 -12 12 -14 -15
leaf_value=0.0029142852064203769 0.0016665953385390229 -0.039117283355815921 -0.038104525953634776 0.039717302914202612 0.067770343340008782 -0.038803176794087658 -0.025761440104876732 0.045781874572915708 -0.0083953727749844741 -0.038278305105963022 0.10204566053197808 -0.040332983669995992 -0.039015606206477794 -0.038862187900795035
leaf_weight=5.7130675017833692 733.56737117469311 48.817290637642145 677.47093138843775 6695.0746207609773 115.17996676638722 290.47701539099216 36.168677516281605 26.996405743062496 56.783985491842031 5174.8449409604073 5.5500510111451149 40.169456195086241 9.8644950091838819 972.78094427287579
leaf_count=68 7680 928 14756 55480 1144 6792 556 284 1080 118868 44 484 204 21648
internal_value=-0.000103451 0.0218187 0.029823 0.0359599 -0.0355999 -0.0099528 0.0454185 -0.0348899 -0.0377612 -0.037954 0.0517626 -0.0389304 -0.0400733 -0.0388744
internal_weight=14889.5 9204.74 8133.11 7428.64 5684.72 441.826 151.349 704.467 5242.89 5231.63 11.2631 1071.63 50.034 1021.6
internal_count=230016 101464 78200 63160 128552 8492 1700 15040 120060 119948 112 23264 688 22576
is_linear=0
shrinkage=0.05


Tree=46
num_leaves=15
num_cat=0
split_feature=23 1 1 6 6 9 15 1 10 11 12 8 0 5
split_gain=4330.86 1631.34 1085.39 1239.5 763.252 735.742 584.208 446.615 436.344 302.964 286.957 234.173 70.0627 53.7016
threshold=1.0000000180025095e-35 80.330773000000008 87.532413000000005 0.43000000000000005 0.15050000000000002 0.077600000000000016 2.5500000000000003 89.145583000000002 0.46850000000000008 0.25435000000000002 0.09845000000000001 0.66400000000000015 11.067572500000002 -0.86499999999999988
decision_type=2 2 2 2 2 2 2 2 2 2 2 2 2 2
left_child=2 6 3 8 7 -5 9 -3 -1 -2 -6 -8 -4 -14
right_child=1 4 12 5 10 -7 11 -9 -10 -11 -12 -13 13 -15
leaf_value=-0.025833461991890405 0.024665696026404272 0.019618988942023439 0.0056481143353746691 -0.0064850779173430354 -0.0012374793272711365 -0.035181302544054945 -0.0028521900481130822 -0.030430970727917117 0.0057193114049127608 0.043169356542893694 -0.022590572186854906 0.02158572611730096 0.1204152142706324 -0.036365590777319622
leaf_weight=1243.2552154064178 4431.5423855185509 4787.2027626931667 102.00758497416973 3836.9991108030081 3530.9220634400845 5345.4094843715429 1750.4012916684151 491.48431716859341 9232.4717956930399 4417.1058046668768 2838.0079488754272 2228.0529685169458 5.4676898121833792 5135.2783518731594
leaf_count=5713 14675 19032 624 19838 16620 34426 6508 2172 40815 14189 15560 7580 32 32232
internal_value=-0.000490007 0.0144465 -0.0151709 -0.00977997 0.000899932 -0.0231902 0.0267475 0.014959 0.00197464 0.0339024 -0.0107525 0.0108338 -0.0353846 -0.0361988
internal_weight=49375.6 24474.7 24900.9 19658.1 11647.6 9182.41 12827.1 5278.69 10475.7 8848.65 6368.93 3978.45 5242.75 5140.75
internal_count=230016 96336 133680 100792 53384 54264 42952 21204 46528 28864 32180 14088 32888 32264
is_linear=0
shrinkage=0.05


Tree=47
num_leaves=15
num_cat=0
split_feature=1 0 18 5 0 6 10 10 1 0 5 5 19 14
split_gain=2520.06 923.694 441.989 646.464 234.178 214.77 198.399 217.566 82.9279 45.9014 31.04 6.96111 12.099 6.84165
threshold=89.145583000000002 17.067687000000003 49.550000000000011 0.13500000000000004 24.356775500000001 0.43800000000000006 0.70760000000000012 0.60940000000000005 76.807391500000008 16.176255000000005 0.13500000000000004 0.23000000000000001 26.150000000000002 27.42362151808933
decision_type=2 2 2 2 2 2 2 2 2 2 2 2 2 2
left_child=1 8 5 -4 11 -3 7 -6 10 -10 -1 -2 -13 -8
right_child=4 2 3 -5 6 -7 13 -9 9 -11 -12 12 -14 -15
leaf_value=-0.033180103608484807 -0.030143276926665619 -0.0046915006635913567 -0.012463107279059141 0.018827447341828448 0.031062449219980744 -0.029827720729889214 -0.028750667376294586 0.058306450480773403 -0.038738952399958768 -0.02508385001424367 0.026580833229651542 0.11122364792190993 -0.013718672435139629 0.011390611737287089
leaf_weight=30.329512841999531 106.25300309807062 1637.2133583649993 3059.639907810837 3584.4614914953709 3106.7934152334929 1766.9056782573462 118.75902401655912 959.0126620605588 2330.2357705943286 836.29476871341467 76.618819020688534 1.9869908988475788 77.999656263738871 11.65688171982765
leaf_count=432 1636 21336 44352 38124 23358 30876 905 7541 44352 15264 720 28 1024 68
internal_value=0.00021687 -0.0106029 -0.00308812 0.004418 0.0331065 -0.0177384 0.0355414 0.0374886 -0.03367 -0.0351326 0.00963321 -0.0217562 -0.0106149 -0.0251627
internal_weight=17704.2 13321.7 10048.2 6644.1 4382.46 3404.12 4196.22 4065.81 3273.48 3166.53 106.948 186.24 79.9866 130.416
internal_count=230016 195456 134688 82476 34560 52212 31872 30899 60768 59616 1152 2688 1052 973
is_linear=0
shrinkage=0.05


Tree=48
num_leaves=15
num_cat=0
split_feature=1 7 12 12 4 5 0 1 10 12 4 8 18 17
split_gain=1322.47 889.294 441.811 435.663 398.085 561.752 615.767 391.711 262.398 259.49 218.683 178.568 117.263 106.909
threshold=79.057118500000016 6.5000000000000009 0.093550000000000008 0.09845000000000001 386.62500000000006 0.065000000000000016 16.567750000000004 72.537452000000016 0.70760000000000012 0.10830000000000002 279.39000000000004 1.3570000000000004 32.050000000000018 12.250000000000002
decision_type=2 2 2 2 2 2 2 2 2 2 2 2 2 2
left_child=1 2 11 12 5 10 -7 -4 9 -6 -2 -1 -3 -5
right_child=4 3 7 13 8 6 -8 -9 -10 -11 -12 -13 -14 -15
leaf_value=-0.048147169223294352 0.023092224944985879 0.037904286553618313 -0.035840320567293464 -0.027545839796199206 0.001934867615014542 -0.010823541303291622 0.0089081059826009671 -0.013934416661140517 0.033109511091052278 -0.010943704040438375 0.0075420965200600947 0.040123234855851675 -0.016914334512643233 0.0057789359253400726
leaf_weight=65.484899282455444 6660.5832363218069 1348.160933509469 2460.8517485260963 439.92766028642654 12453.257111549377 5540.2329337596893 13809.332193240523 11953.219603955746 544.71693176031113 5702.3419375270605 3422.7846679240465 458.08497050404549 105.16368627548218 531.35024920105934
leaf_count=200 25344 6042 7700 1366 43584 18924 51132 37237 2043 19749 13080 1591 352 1672
internal_value=0.00035333 -0.0114765 -0.0160355 0.0166109 0.00462048 0.00824494 0.00325847 -0.0176743 -0.00108415 -0.00211006 0.0178138 0.0290829 0.0339376 -0.00931509
internal_weight=65495.5 17362.2 14937.6 2424.6 48133.2 29432.9 19349.6 14414.1 18700.3 18155.6 10083.4 523.57 1453.32 971.278
internal_count=230016 56160 46728 9432 173856 108480 70056 44937 65376 63333 38424 1791 6394 3038
is_linear=0
shrinkage=0.05


Tree=49
num_leaves=15
num_cat=0
split_feature=5 23 24 20 20 23 24 7 18 5 8 5 24 1
split_gain=4332.29 1643.12 1173.04 333.314 126.106 260.693 84.4161 68.7807 34.6823 20.3341 9.81454 0.0244301 0.00486862 0.00111456
threshold=0.24500000000000002 1.0000000180025095e-35 2.5000000000000004 29.492857142857151 34.035714285714299 1.0000000180025095e-35 2.5000000000000004 6.5000000000000009 0.45000000000000007 -0.34499999999999992 0.84450000000000014 0.36500000000000005 2.5000000000000004 72.731423000000021
decision_type=2 2 2 2 2 2 2 2 2 2 2 2 2 2
left_child=4 2 3 -2 8 6 -6 -4 10 -10 -1 13 -13 -3
right_child=1 11 7 -5 5 -7 -8 -9 9 -11 -12 12 -14 -15
leaf_value=-0.024782751222992908 0.062480018062946396 -0.039069275872510384 -0.03803316178780905 0.029786795973309268 0.058194939032607612 -0.038746027783406169 -0.039521634032794906 0.041598652602292868 -0.0078721249471640341 -0.038201536690797233 0.077319040417153345 -0.040223242920844032 -0.038961981014633898 -0.038811797439169911
leaf_weight=3.2763310968875876 881.16903423517942 43.99307657033205 656.69664679840207 6764.3943629190326 131.12263610959053 278.18279837444425 26.582582857459784 28.284406237304211 55.884695746004581 4970.7590867467225 8.3576088249683362 38.807202313095331 9.5303285233676416 942.05398752912879
leaf_count=48 6912 860 14756 56248 1280 6792 420 284 1080 118868 64 484 204 21716
internal_value=-9.65272e-05 0.0205588 0.0279388 0.0335548 -0.0354326 -0.00963181 0.041724 -0.034745 -0.0376648 -0.0378643 0.0485653 -0.0388771 -0.0399746 -0.0388233
internal_weight=14839.1 9364.93 8330.54 7645.56 5474.17 435.888 157.705 684.981 5038.28 5026.64 11.6339 1034.38 48.3375 986.047
internal_count=230016 101464 78200 63160 128552 8492 1700 15040 120060 119948 112 23264 688 22576
is_linear=0
shrinkage=0.05


Tree=50
num_leaves=15
num_cat=0
split_feature=23 1 1 8 0 6 17 4 12 6 9 5 0 5
split_gain=3913.26 1426.48 1052.43 1188.41 800.215 577.324 506.779 399.65 367.931 355.664 271.623 226.23 67.2432 48.8242
threshold=1.0000000180025095e-35 80.867646000000022 87.532413000000005 1.2435000000000003 15.128554500000002 0.15050000000000002 11.150000000000004 351.12000000000006 0.09845000000000001 0.021000000000000005 0.095650000000000013 -0.094999999999999987 11.067572500000002 -0.86499999999999988
decision_type=2 2 2 2 2 2 2 2 2 2 2 2 2 2
left_child=2 6 3 4 -1 7 11 -3 -5 -8 -7 -2 -4 -14
right_child=1 5 12 8 -6 10 9 -9 -10 -11 -12 -13 13 -15
leaf_value=0.029671622075888988 0.059732193632465881 -0.0052037073612564363 0.0051083001188343448 -0.038517062288424088 -0.006791599503041955 -0.017915212280030537 0.042230042565792651 0.024126187944037234 0.0014156227799678356 0.013055631222122267 0.0053153746056842721 0.031986025214287797 0.10839771758662729 -0.035886642217044379
leaf_weight=1695.4549045264721 896.75130096077919 1910.4372769147158 102.94566676020622 3694.541704647243 13370.273569688201 4031.0597110241652 1209.9438525140285 2962.4719718694687 683.55588395893574 7647.389142587781 1829.3405828028917 4064.322709441185 5.8701404333114615 4980.8931808248162
leaf_count=7196 2728 9028 624 23782 66928 21474 3876 10476 2886 27248 8694 12812 32 32232
internal_value=-0.000527188 0.0135853 -0.0146501 -0.00935175 -0.00268813 -8.96146e-05 0.0242071 0.0126273 -0.0322823 0.017041 -0.0106637 0.0370014 -0.0348911 -0.0357168
internal_weight=49085.3 24551.7 24533.5 19443.8 15065.7 10733.3 13818.4 4872.91 4378.1 8857.33 5860.4 4961.07 5089.71 4986.76
internal_count=230016 96336 133680 100792 74124 49672 46664 19504 26668 31124 30168 15540 32888 32264
is_linear=0
shrinkage=0.05


Tree=51
num_leaves=15
num_cat=0
split_feature=1 0 7 6 13 6 7 23 1 3 1 1 5 0
split_gain=2262.35 895.658 417.125 599.864 212.543 197.471 183.534 140.925 139.939 87.8205 81.0912 60.0411 54.016 47.1757
threshold=89.145583000000002 17.067687000000003 6.5000000000000009 0.044000000000000004 17.871982414068746 0.12150000000000001 6.5000000000000009 2.5000000000000004 91.14488200000001 14.730000000000002 76.807391500000008 92.913933000000014 0.31500000000000006 16.176255000000005
decision_type=2 2 2 2 2 2 2 2 2 2 2 2 2 2
left_child=1 10 3 -3 5 8 -7 -4 -2 12 -1 -11 -6 -12
right_child=4 2 7 -5 9 6 -8 -9 -10 11 13 -13 -14 -15
leaf_value=0.0092254710860405226 0.060049254027328539 -0.02208785352013571 -0.036491411327885151 0.0083548479629820798 0.021095942035510618 0.036090182554887724 0.0018313537312651597 0.015615207971149304 -0.0096346267864647877 0.11220535444356597 -0.038662519376554315 0.058029753906251307 0.062622080287929136 -0.024593610141375434
leaf_weight=107.65328366309404 83.041292905807495 2140.9795052856207 1078.1253523677588 6626.7903889976442 281.40763787925243 2416.8351865559816 466.3820346519351 147.51507278904319 544.15883776545525 56.372429698705673 2244.5356858670712 551.24458119273186 108.505261965096 811.1980548761785
leaf_count=1152 688 30936 20292 81520 2008 17428 4632 1940 5816 356 44352 3032 600 15264
internal_value=0.00023595 -0.010238 -0.00289818 0.000921122 0.030805 0.0250175 0.0305486 -0.03022 -0.000408481 0.0511717 -0.0334251 0.063056 0.0326519 -0.0349277
internal_weight=17664.7 13156.8 9993.41 8767.77 4507.95 3510.42 2883.22 1225.64 627.2 997.53 3163.39 607.617 389.913 3055.73
internal_count=230016 195456 134688 112456 34560 28564 22060 22232 6504 5996 60768 3388 2608 59616
is_linear=0
shrinkage=0.05


Tree=52
num_leaves=15
num_cat=0
split_feature=1 18 1 14 5 5 4 7 23 7 7 12 9 1
split_gain=1155.21 813.094 525.44 380.232 504.142 422.062 359.614 275.699 262.265 219.923 149.736 98.709 85.0811 9.65971
threshold=79.057118500000016 2.9500000000000011 72.731423000000021 0.37169751118728017 0.21000000000000005 0.24500000000000002 375.72500000000008 5.5000000000000009 1.0000000180025095e-35 5.5000000000000009 5.5000000000000009 0.099450000000000024 0.078050000000000008 85.769548500000013
decision_type=2 2 2 2 2 2 2 2 2 2 2 2 2 2
left_child=1 8 11 10 6 -6 -5 -4 9 -1 12 -3 -2 -12
right_child=3 2 7 4 5 -7 -8 -9 -10 -11 13 -13 -14 -15
leaf_value=0.0065723199281350619 -0.029005324259169487 -0.025808934461473934 -0.015254186590992961 0.013581550795133743 -0.033866014565477505 -0.00040856102932760284 0.001500155701642408 0.0011290522871647102 -0.051266302225265625 0.039710481118958731 0.044438641456770865 -0.045909480270966072 0.024287166132209555 -0.031568471311601343
leaf_weight=1031.9840143471956 122.62276178598404 1206.0703054964542 9195.526019603014 14560.517973080277 987.90575996041298 20557.246092230082 10675.408539965749 3562.8149980306625 127.64933922886848 972.47304353117943 822.68784682452679 1237.4302048385143 192.40799608826637 4.2015351057052603
leaf_count=3484 404 3680 28520 55428 3320 72828 37804 11400 420 4736 3408 3920 648 16
internal_value=0.000369733 -0.0106917 -0.0147472 0.00437069 0.00367486 -0.00194268 0.00847083 -0.0106791 0.0182241 0.0226495 0.0328769 -0.0359882 0.00354357 0.0440524
internal_weight=65256.9 17333.9 15201.8 47923 46781.1 21545.2 25235.9 12758.3 2132.11 2004.46 1141.92 2443.5 315.031 826.889
internal_count=230016 56160 47520 173856 169380 76148 93232 39920 8640 8220 4476 7600 1052 3424
is_linear=0
shrinkage=0.05


Tree=53
num_leaves=15
num_cat=0
split_feature=5 23 24 14 20 23 11 7 8 18 5 5 24 1
split_gain=4067.42 1511.44 1064.04 301.262 126.127 241.735 76.428 66.072 34.4014 22.5056 18.2647 0.021156 0.00421887 0.00110511
threshold=0.24500000000000002 1.0000000180025095e-35 2.5000000000000004 0.21055458808756203 34.035714285714299 1.0000000180025095e-35 0.12730000000000002 6.5000000000000009 1.9935000000000003 34.550000000000018 -0.80499999999999983 0.36500000000000005 2.5000000000000004 72.731423000000021
decision_type=2 2 2 2 2 2 2 2 2 2 2 2 2 2
left_child=4 2 3 -2 8 6 -6 -4 10 -10 -1 13 -13 -3
right_child=1 11 7 -5 5 -7 -8 -9 9 -11 -12 12 -14 -15
leaf_value=0.029234680566211882 0.0010933057484854428 -0.039020011456397399 -0.037951618438230333 0.034579405157894559 0.21232185338278714 -0.038690967570113248 0.031801216530959457 0.039070344514068552 0.1050219475706808 -0.016417479950225865 -0.037952460843056056 -0.040100627521616028 -0.038903815195011883 -0.038759672365215755
leaf_weight=10.136614643037317 741.75851267576218 42.681871969252825 633.47127327695489 7108.2376116737723 6.0899557992815962 266.50078001990914 157.50926461443305 29.123897321522236 6.7916249297559252 8.7052254453301412 4823.2878451868892 37.276436746120453 9.1761150918900949 906.71018602326512
leaf_count=164 7680 860 14756 55480 53 6792 1647 284 64 160 119672 484 204 21716
internal_value=-7.79661e-05 0.0194612 0.0262795 0.0314153 -0.0352713 -0.00932145 0.0385211 -0.0345662 -0.0375731 0.0368044 -0.0378116 -0.0388224 -0.0398642 -0.0387714
internal_weight=14787.5 9508.44 8512.59 7850 5279.02 430.1 163.599 662.595 4848.92 15.4969 4833.42 995.845 46.4526 949.392
internal_count=230016 101464 78200 63160 128552 8492 1700 15040 120060 224 119836 23264 688 22576
is_linear=0
shrinkage=0.05


Tree=54
num_leaves=15
num_cat=0
split_feature=23 1 1 24 0 7 1 6 15 5 9 13 8 5
split_gain=3552.35 1242.98 1012.03 1157.19 711.432 700.329 541.175 551.702 470.827 338.293 206.112 126.635 79.9535 58.2896
threshold=1.0000000180025095e-35 80.867646000000022 86.303114500000007 1.0000000180025095e-35 14.977038000000002 6.5000000000000009 89.145583000000002 0.15050000000000002 4.2500000000000009 0.21000000000000005 0.099150000000000016 9.1458522727272733 0.5445000000000001 1.8750000000000002
decision_type=2 2 2 2 2 2 2 2 2 2 2 2 2 2
left_child=2 8 3 5 -5 -1 7 -3 9 -2 -10 12 -4 -8
right_child=1 6 11 4 -6 -7 13 -9 10 -11 -12 -13 -14 -15
leaf_value=-0.011021796658238627 0.022417675454369658 0.016788848016990685 -0.003833247074551285 0.05517319496359812 0.0011164884341097101 -0.041184237479909583 -0.034330267060975549 -0.0072471725312677204 0.0025530574189143477 0.042594603991050875 0.047318946865109811 -0.036447826290249896 -0.026396208955948727 0.19969271325477003
leaf_weight=6180.5447475686669 7724.6261824220419 4399.7696547806263 477.26770311594009 659.41809402406216 7907.1607713401318 2794.6379280611873 1066.7729436457157 5219.5678137987852 3061.4598836749792 2841.6221294999123 280.70394831895828 3964.8024217784405 2214.0675537288189 2.6674665510654441
leaf_count=30116 25516 17332 2612 2344 37940 20664 5392 26932 11098 9036 1014 26560 13444 16
internal_value=-0.000564227 0.0128167 -0.0141659 -0.00786724 0.00527754 -0.0204136 -4.67508e-06 0.00374662 0.0226701 0.0278439 0.00631289 -0.0307657 -0.022395 -0.0337466
internal_weight=48795.1 24597.2 24197.9 17541.8 8566.58 8975.18 10688.8 9619.34 13908.4 10566.2 3342.16 6656.14 2691.34 1069.44
internal_count=230016 96336 133680 91064 40284 50780 49672 44264 46664 34552 12112 42616 16056 5408
is_linear=0
shrinkage=0.05


Tree=55
num_leaves=15
num_cat=0
split_feature=0 1 0 6 7 19 12 14 6 1 0 5 1 22
split_gain=2103.66 780.608 763.713 453.663 606.072 405.478 607.399 245.447 140.067 76.1716 41.1123 28.5207 19.4737 19.1102
threshold=26.042312500000005 77.065160500000005 17.067687000000003 0.084000000000000019 6.5000000000000009 34.750000000000007 0.096500000000000016 21.722757725892347 0.43800000000000006 76.807391500000008 16.228959000000007 0.13500000000000004 74.928160500000004 39.500000000000007
decision_type=2 2 2 2 2 2 2 2 2 2 2 2 2 2
left_child=2 12 9 7 -5 6 -4 -3 -7 11 -11 -1 -2 -14
right_child=1 3 5 4 -6 8 -8 -9 -10 10 -12 -13 13 -15
leaf_value=-0.033048119012255781 -0.033850526607590282 -0.017763794443371752 0.032648704020758368 0.047161976437048919 -0.0051211957549375286 -0.0077634899014350353 -0.0055407113735039815 0.035753355114957218 -0.034396252136659283 -0.037155374499889933 -0.023658071566120899 0.024286380308906105 -0.017972019479297236 0.12160519326140705
leaf_weight=29.888722248375416 321.16858668997884 625.34593437612057 1298.5388848222792 3489.0429925955832 658.9848841689527 835.97975968196988 5253.5311598666012 325.8989779278636 1205.6672774031758 2388.0509830377996 738.69767089560628 79.07733641192317 369.73754931986332 2.4686919674277297
leaf_count=432 4224 7024 12964 27136 7260 10484 67916 2356 22492 47904 14304 720 4772 28
internal_value=0.000258584 0.0249458 -0.0118303 0.0317141 0.0388559 -0.00403472 0.00202796 0.00057132 -0.0234911 -0.0325345 -0.0339666 0.00855988 -0.0248299 -0.0170463
internal_weight=17622.1 5792.65 11829.4 5099.27 4148.03 8593.72 6552.07 951.245 2041.65 3235.71 3126.75 108.966 693.375 372.206
internal_count=230016 52800 177216 43776 34396 113856 80880 9380 32976 63360 62208 1152 9024 4800
is_linear=0
shrinkage=0.05


Tree=56
num_leaves=15
num_cat=0
split_feature=23 7 18 1 9 4 12 5 11 11 11 0 25 1
split_gain=1054.62 838.403 945.266 747.204 722.262 537.303 530.29 318.626 320.831 228.629 225.283 206.396 191.077 21.606
threshold=9.5000000000000018 6.5000000000000009 19.550000000000008 80.089952000000011 0.095650000000000013 386.62500000000006 0.093550000000000008 -0.20999999999999999 0.21765000000000004 0.29955000000000004 0.13095000000000004 18.638692000000002 3.5000000000000004 83.163638500000005
decision_type=2 2 2 2 2 2 2 2 2 2 2 2 2 2
left_child=1 3 12 6 -4 -5 -1 11 10 -10 -9 -2 -3 -13
right_child=7 2 4 5 -6 -7 -8 8 9 -11 -12 13 -14 -15
leaf_value=0.036988576011285988 0.036444153890693311 0.038005475567188966 -0.017138644878767796 0.0089396184298885552 0.024205594382055193 -0.0033778065809074048 -0.011717847367778766 -0.019924254941577239 -0.03965502915333706 -0.012866472175631119 0.022877326167698914 -0.059017437293128111 0.014536903919697905 -0.017146455275004326
leaf_weight=582.13017179071903 63.890626907348633 3465.1916457116604 2592.6853632330894 20626.476424887776 1782.6524284631014 15511.771224856377 13962.537494525313 516.45234233140945 1362.3740678727627 1917.475457534194 759.60859388113022 711.43991449475288 1156.8661918193102 32.204447329044342
leaf_count=2033 224 14940 9610 77136 6654 53736 44083 1611 4199 5999 2387 2324 4980 100
internal_value=0.000389392 0.00229803 0.0163635 -0.000198916 -0.000293681 0.00365256 -0.00976844 -0.0208484 -0.0157177 -0.0239938 0.0055545 -0.0497949 0.0321315 -0.0572042
internal_weight=65043.8 59680.3 8997.4 50682.9 4375.34 36138.2 14544.7 5363.45 4555.91 3279.85 1276.06 807.535 4622.06 743.644
internal_count=230016 213172 36184 176988 16264 130872 46116 16844 14196 10198 3998 2648 19920 2424
is_linear=0
shrinkage=0.05


Tree=57
num_leaves=15
num_cat=0
split_feature=5 23 24 9 5 14 18 24 1 6 23 24 5 24
split_gain=3812.49 1616.87 1041.12 268.769 69.0614 59.4319 45.5537 41.1184 63.2325 25.3715 14.4599 4.82679 0.0186976 0.00368943
threshold=0.21000000000000005 1.0000000180025095e-35 2.5000000000000004 0.076700000000000004 -0.34499999999999992 29.197181676111345 1.4500000000000004 1.0000000180025095e-35 83.018443000000005 0.55000000000000016 13.500000000000002 2.5000000000000004 0.36500000000000005 2.5000000000000004
decision_type=2 2 2 2 2 2 2 2 2 2 2 2 2 2
left_child=4 2 3 -2 7 -4 10 8 -1 -8 -6 -9 -3 -14
right_child=1 12 5 -5 6 -7 9 11 -10 -11 -12 -13 13 -15
leaf_value=0.0082557039014495119 0.049265593786704406 -0.038717792576379945 -0.037633054356936139 0.025448465609595003 0.0440229772846552 0.039106408083840902 -0.038149585231424393 -0.0054946239854120477 0.15211950153811485 0.17524674051895345 -0.038847281154727402 -0.038991354849108935 -0.03998717453896844 -0.038845627685317873
leaf_weight=31.232022531330585 1437.7878751009703 1088.1680279895663 655.38534682616591 6724.346002381295 22.359831728041176 26.240436434745789 4649.6291296519339 17.855506669729948 10.110545217990873 1.3932921029627312 6.8847022205591193 27.042737066745758 35.834825173020363 8.8201666139066202
leaf_count=368 10306 26936 15364 53994 160 416 120560 360 128 20 156 560 484 204
internal_value=-9.25377e-05 0.0174822 0.0246863 0.0296439 -0.0368775 -0.0346788 -0.0376945 0.00745947 0.0434384 -0.0380857 0.0245138 -0.0256701 -0.0387589 -0.0397617
internal_weight=14743.1 9976.58 8843.76 8162.13 4766.51 681.626 4680.27 86.2408 41.3426 4651.02 29.2445 44.8982 1132.82 44.655
internal_count=230016 107704 80080 64300 122312 15780 120896 1416 496 120580 316 920 27624 688
is_linear=0
shrinkage=0.05


Tree=58
num_leaves=15
num_cat=0
split_feature=23 1 1 8 0 1 6 17 12 6 10 6 13 5
split_gain=3231.71 1086.3 975.125 1104.89 691.17 510.966 507.482 438.655 348.332 307.138 191.161 69.0413 67.2352 49.3133
threshold=1.0000000180025095e-35 80.867646000000022 87.532413000000005 1.2435000000000003 14.977038000000002 89.145583000000002 0.15050000000000002 14.950000000000005 0.09845000000000001 0.021000000000000005 0.61450000000000016 0.30850000000000005 13.292495309568482 1.8750000000000002
decision_type=2 2 2 2 2 2 2 2 2 2 2 2 2 2
left_child=2 7 3 4 -1 6 -3 10 -5 -9 -2 12 -4 -7
right_child=1 5 11 8 -6 13 -8 9 -10 -11 -12 -13 -14 -15
leaf_value=0.028730162287559535 0.036430447306665149 0.016128852756946026 -0.0058983304262476988 -0.037813070105881558 -0.006017493478811301 -0.033722435714555472 -0.0069209211261885006 0.038219597672065196 0.0012113167271018998 0.0096338860327571177 0.015629149443871351 -0.037188906067542091 -0.031820344087614971 0.1675384147800888
leaf_weight=1603.4202256947756 4589.6075105369091 4426.0347794890404 379.80110666900873 3482.4145707711577 13317.26290667057 1041.160655811429 5185.8858483582735 1088.8953439593315 684.16429225355387 6856.8040966838598 1454.5106350183487 3672.3822098821402 732.78590684384108 3.0525057017803183
leaf_count=6688 14211 17332 2440 23782 67436 5392 26932 3420 2886 24340 4693 25272 5176 16
internal_value=-0.000588355 0.0121118 -0.0137001 -0.00864043 -0.00228341 8.41483e-05 0.00369289 0.0212733 -0.0314052 0.0135513 0.0314246 -0.0338831 -0.0229714 -0.0331341
internal_weight=48518.2 24646 23872.2 19087.3 14920.7 10656.1 9611.92 13989.8 4166.58 7945.7 6044.12 4784.97 1112.59 1044.21
internal_count=230016 96336 133680 100792 74124 49672 44264 46664 26668 27760 18904 32888 7616 5408
is_linear=0
shrinkage=0.05


Tree=59
num_leaves=15
num_cat=0
split_feature=0 0 1 6 7 19 12 14 6 1 0 5 1 22
split_gain=1908.94 738.49 703.709 394.527 523.416 384.611 547.388 223.329 136.933 73.7232 41.9677 26.3875 19.2333 16.3967
threshold=26.042312500000005 17.067687000000003 77.065160500000005 0.084000000000000019 6.5000000000000009 34.750000000000007 0.096500000000000016 21.722757725892347 0.43800000000000006 76.807391500000008 16.228959000000007 0.13500000000000004 74.928160500000004 39.500000000000007
decision_type=2 2 2 2 2 2 2 2 2 2 2 2 2 2
left_child=1 9 12 7 -5 6 -3 -4 -7 11 -11 -1 -2 -14
right_child=2 5 3 4 -6 8 -8 -9 -10 10 -12 -13 13 -15
leaf_value=-0.032833575745671535 -0.033589510115738373 0.030583819714151968 -0.017368486359234474 0.043544918680298444 -0.0049743963498643778 -0.0075892904381036188 -0.0053085681842840763 0.033349681857131892 -0.034157590769311338 -0.037019914751886179 -0.02317356522401837 0.022615748191860234 -0.017623625483477474 0.10512952264108427
leaf_weight=29.191588662564754 312.02226813137531 1333.6327300928533 616.01521294564009 3623.7346970848739 656.56153442338109 831.84326747059822 5220.3578890785575 335.1293785199523 1163.0521439053118 2297.8670628163964 718.32106194645166 80.966215539723635 364.61284754052758 2.7408356517553321
leaf_count=432 4224 12964 7024 27136 7260 10484 67916 2356 22492 47904 14304 720 4772 28
internal_value=0.000260584 -0.0114606 0.0234127 0.0296298 0.0361025 -0.00385608 0.00199496 0.000501718 -0.023079 -0.032255 -0.0337223 0.00792179 -0.0244612 -0.0167078
internal_weight=17586 11675.2 5910.82 5231.44 4280.3 8548.89 6553.99 951.145 1994.9 3126.35 3016.19 110.158 679.376 367.354
internal_count=230016 177216 52800 43776 34396 113856 80880 9380 32976 63360 62208 1152 9024 4800
is_linear=0
shrinkage=0.05


Tree=60
num_leaves=15
num_cat=0
split_feature=23 7 18 9 13 12 1 5 11 1 11 0 25 1
split_gain=921.776 769.766 909.381 684.63 675.734 765.837 653.941 306.434 289.796 214.265 209.141 193.686 140.907 20.8111
threshold=9.5000000000000018 6.5000000000000009 12.050000000000002 0.095650000000000013 2.1979513888888893 0.093550000000000008 73.80284450000002 -0.20999999999999999 0.21765000000000004 78.198906000000008 0.29955000000000004 18.638692000000002 3.5000000000000004 83.163638500000005
decision_type=2 2 2 2 2 2 2 2 2 2 2 2 2 2
left_child=1 4 12 -4 5 -1 -6 11 9 -9 -10 -2 -3 -13
right_child=7 2 3 -5 6 -7 -8 8 10 -11 -12 13 -14 -15
leaf_value=0.027119584816971173 0.035752956169727831 0.039698206668716873 -0.012694150011382771 0.025121130079093723 -0.024017812730550023 -0.012105725841852766 0.0054147141059667225 -0.017356752156218385 -0.037336957825406518 0.023918268933401196 -0.011707730670750011 -0.057278695747458877 0.017650208301733791 -0.016219358612377083
leaf_weight=1361.1511284857988 63.24923175573349 2865.3291513025761 3114.3889593631029 1944.0301121622324 2002.7738915681839 14501.463909193873 32710.436813771725 562.08603665232658 1361.8035849630833 713.61211222410202 1915.8061509877443 696.77404338121414 969.97397917509079 32.291369736194611
leaf_count=4807 224 12819 11680 7412 6272 47653 118256 1702 4199 2296 5999 2324 4273 100
internal_value=0.000407516 0.00219522 0.0157606 0.00183886 -0.000190239 -0.00873985 0.00371661 -0.0194806 -0.0144868 0.00573206 -0.0223563 -0.0481787 0.0341221 -0.0554601
internal_weight=64815.2 59469.5 8893.72 5058.42 50575.8 15862.6 34713.2 5345.62 4553.31 1275.7 3277.61 792.315 3835.3 729.065
internal_count=230016 213172 36184 19092 176988 52460 124528 16844 14196 3998 10198 2648 17092 2424
is_linear=0
shrinkage=0.05


Tree=61
num_leaves=15
num_cat=0
split_feature=5 23 24 14 5 7 18 24 1 6 12 18 5 24
split_gain=3621.9 1505.56 959.357 237.816 68.1781 58.2945 44.0068 37.625 39.9261 21.7899 13.0888 3.35927 0.0164807 0.00323816
threshold=0.21000000000000005 1.0000000180025095e-35 2.5000000000000004 0.21055458808756203 -0.34499999999999992 6.5000000000000009 1.4500000000000004 1.5000000000000002 83.018443000000005 0.55000000000000016 0.12710000000000002 58.250000000000021 0.36500000000000005 2.5000000000000004
decision_type=2 2 2 2 2 2 2 2 2 2 2 2 2 2
left_child=4 2 3 -2 7 -4 10 8 -1 -8 -6 -9 -3 -14
right_child=1 12 5 -5 6 -7 9 11 -10 -11 -12 -13 13 -15
leaf_value=0.005523868183624582 0.0010842855210864109 -0.038669222249290244 -0.037878826382791005 0.030765643485541328 0.042009215939126265 0.030974576263475575 -0.038085019312729319 0.053938701483060528 0.10135935360154802 0.14595921115621643 -0.034493533714093881 -0.035939298044104701 -0.039882993021410559 -0.038792722531439755
leaf_weight=36.452412847429514 740.82237342745066 1046.94023116678 627.6320814974606 7579.416741643101 22.387208778411154 32.324145693331957 4480.0963960513473 1.0728126913309086 15.484330691397188 1.6088197529315937 7.4520336538553229 33.608965307474136 34.522828713059425 8.4840182550251466
leaf_count=464 7680 26936 15452 56620 190 328 120560 20 204 20 126 728 484 204
internal_value=-4.06932e-06 0.0167848 0.0235202 0.0281229 -0.0367724 -0.0345064 -0.037616 0.00716733 0.0340961 -0.038019 0.0229035 -0.0331591 -0.0387086 -0.0396679
internal_weight=14668.3 10070.1 8980.2 8320.24 4598.16 659.956 4511.54 86.6185 51.9367 4481.71 29.8392 34.6818 1089.95 43.0068
internal_count=230016 107704 80080 64300 122312 15780 120896 1416 668 120580 316 748 27624 688
is_linear=0
shrinkage=0.05


Tree=62
num_leaves=15
num_cat=0
split_feature=23 1 1 8 10 1 6 15 12 1 7 6 13 0
split_gain=2904.32 967.789 943.997 1038.17 665.999 559.984 464.948 452.858 335.537 137.772 167.637 68.5426 65.8298 43.2302
threshold=1.0000000180025095e-35 86.273917500000024 87.532413000000005 1.2435000000000003 0.63335000000000019 78.341281000000023 0.021000000000000005 0.25000000000000006 0.09845000000000001 91.162811000000019 4.5000000000000009 0.30850000000000005 13.292495309568482 11.067572500000002
decision_type=2 2 2 2 2 2 2 2 2 2 2 2 2 2
left_child=2 5 3 4 -1 7 -7 -2 -5 10 -3 12 -4 -11
right_child=1 9 11 8 -6 6 -8 -9 -10 13 -12 -13 -14 -15
leaf_value=0.0023153711985939313 0.043579602862442814 -0.017240057469281853 -0.0055268083588099247 -0.037296665942601052 -0.027263674875556816 0.032768409040177325 0.0055192872099643466 0.017350084144166361 0.0011286566591425628 -0.0035581124798776073 0.026819992930320211 -0.036766667471038697 -0.031360946671184269 -0.037651863536158514
leaf_weight=12624.710983872414 2389.4688674807549 1191.8892943412066 376.71296441555023 3342.0341694131494 2240.8030433952808 1782.6773126274347 12846.889160841703 5285.9261289536953 684.48566377162933 104.67345927655697 263.63523291051388 3554.5726278051734 713.88863378018141 832.10719452798367
leaf_count=61604 7420 5764 2440 23782 12520 6084 54100 16848 2886 528 1196 25272 5176 4396
internal_value=-0.000640863 0.0113366 -0.0132087 -0.00824346 -0.00214333 0.0145781 0.00883971 0.0255157 -0.0307646 -0.0188857 -0.00925958 -0.0334024 -0.0224374 -0.0338423
internal_weight=48234.5 24697.3 23537.2 18892 14865.5 22305 14629.6 7675.39 4026.52 2392.31 1455.52 4645.17 1090.6 936.781
internal_count=230016 96336 133680 100792 74124 84452 60184 24268 26668 11884 6960 32888 7616 4924
is_linear=0
shrinkage=0.05


Tree=63
num_leaves=15
num_cat=0
split_feature=0 0 1 19 12 6 7 14 11 1 0 5 1 6
split_gain=1724.41 715.562 635.779 361.575 494.697 336.067 448.607 198.129 137.601 71.4104 42.8413 24.5706 16.9765 16.8201
threshold=26.042312500000005 17.067687000000003 76.985062500000012 34.750000000000007 0.096500000000000016 0.084000000000000019 6.5000000000000009 21.722757725892347 0.34415000000000007 76.807391500000008 16.228959000000007 0.13500000000000004 74.928160500000004 0.38650000000000001
decision_type=2 2 2 2 2 2 2 2 2 2 2 2 2 2
left_child=1 9 12 4 -3 7 -7 -4 -5 11 -11 -1 -2 -14
right_child=2 3 5 8 -6 6 -8 -9 -10 10 -12 -13 13 -15
leaf_value=-0.03263393705863004 -0.03333666575743393 0.028730291181259599 -0.016400908710821085 -0.029425210242611993 -0.0050821505963482057 0.040036195433941685 -0.004798698281701313 0.031014921257574664 0.0033369617179388415 -0.036884917599888184 -0.022682743425101574 0.021152333430518384 -0.030136209020084483 -0.007873661501525497
leaf_weight=28.569662868976593 303.45380946621299 1366.6656265072525 611.06956900656223 1537.3378452211618 5188.843968398869 3765.8402788974345 654.95688421279192 344.52948942780495 404.9026279039681 2212.4038944710046 698.69103151932359 82.684906609356403 145.62451229617 203.27642112225294
leaf_count=432 4224 12964 7064 27279 67916 27256 7292 2356 5697 47904 14304 720 2080 2528
internal_value=0.00025974 -0.0110786 0.0219258 -0.00364698 0.00196693 0.0275818 0.0333937 0.000694286 -0.0225952 -0.0319738 -0.0334763 0.00734027 -0.0246879 -0.0171656
internal_weight=17548.9 11520.1 6028.75 8497.75 6555.51 5376.4 4420.8 955.599 1942.24 3022.35 2911.09 111.255 652.355 348.901
internal_count=230016 177216 52800 113856 80880 43968 34548 9420 32976 63360 62208 1152 8832 4608
is_linear=0
shrinkage=0.05


Tree=64
num_leaves=15
num_cat=0
split_feature=23 7 18 9 5 1 10 5 11 11 11 25 0 1
split_gain=816.611 709.056 869.018 627.594 615.737 819.11 509.544 287.656 269.043 211.304 195.218 181.298 180.04 19.6102
threshold=9.5000000000000018 6.5000000000000009 19.550000000000008 0.095650000000000013 0.21000000000000005 73.80284450000002 0.67860000000000009 -0.20999999999999999 0.21765000000000004 0.13095000000000004 0.29955000000000004 3.5000000000000004 18.638692000000002 83.163638500000005
decision_type=2 2 2 2 2 2 2 2 2 2 2 2 2 2
left_child=1 4 11 -4 5 -1 -6 12 9 -9 -10 -3 -2 -14
right_child=7 2 3 -5 6 -7 -8 8 10 -11 -12 -13 13 -15
leaf_value=-0.024273656234551869 0.034828858322789459 0.036661761124767815 -0.016167524011054934 0.022620297323696144 -0.0081887573841452899 0.0072650467334160369 0.024747036520736468 -0.018695501864702632 -0.035612975580519145 0.022800967402925837 -0.010838915458065252 0.01350136422252375 -0.05548965728655645 -0.015637642697312042
leaf_weight=2236.7570326924324 62.510529160499573 3311.8648266792297 2612.4639246165752 1735.7586440891027 21148.050248488784 25862.416471406817 1243.3601319789886 516.19060237705708 1359.8406316637993 756.19929656386375 1914.9947819709778 1134.3884854614735 678.77337712049484 32.339700222015381
leaf_count=7008 224 14940 9610 6654 71176 94448 4356 1611 4199 2387 5999 4980 2324 100
internal_value=0.000423572 0.00210764 0.0152096 -0.000683888 -0.000174476 0.0047545 -0.00635988 -0.0183404 -0.0135451 0.00596644 -0.0211261 0.0307528 -0.0465258 -0.0536773
internal_weight=64605.9 59285.1 8794.48 4348.22 50490.6 28099.2 22391.4 5320.85 4547.23 1272.39 3274.84 4446.25 773.624 711.113
internal_count=230016 213172 36184 16264 176988 101456 75532 16844 14196 3998 10198 19920 2648 2424
is_linear=0
shrinkage=0.05


Tree=65
num_leaves=15
num_cat=0
split_feature=5 23 24 10 5 14 18 24 1 6 23 19 5 24
split_gain=3424.69 1399.56 883.589 223.716 67.4532 56.2149 42.8657 34.7546 41.7274 19.2207 12.1716 4.68134 0.0143144 0.00281861
threshold=0.21000000000000005 1.0000000180025095e-35 2.5000000000000004 0.46220000000000006 -0.34499999999999992 29.197181676111345 1.4500000000000004 1.0000000180025095e-35 83.018443000000005 0.55000000000000016 13.500000000000002 26.350000000000005 0.36500000000000005 2.5000000000000004
decision_type=2 2 2 2 2 2 2 2 2 2 2 2 2 2
left_child=4 2 3 -2 7 -4 10 8 -1 -8 -6 -9 -3 -14
right_child=1 12 5 -5 6 -7 9 11 -10 -11 -12 -13 13 -15
leaf_value=0.0077322417925088094 0.069044704227133977 -0.038623707326043415 -0.037466414808927595 0.025019872392267235 0.038340852816112596 0.036038989785463521 -0.038018846602934316 0.062380820039002909 0.11610666370558803 0.12508091163574989 -0.03877170178571987 -0.02812932588387973 -0.039777716460564772 -0.038739783936905053
leaf_weight=31.54101923853159 299.10555598139763 1008.5307395849377 612.96898079663515 8187.2978578694165 23.768488198518757 27.163384288549423 4310.4554502535611 1.4795905798673619 12.363492041826246 1.8071137145161618 6.5212443210184565 41.468756675720215 33.181553930044174 8.1468311063945276
leaf_count=368 2263 26936 15364 62037 160 416 120560 32 128 20 156 888 484 204
internal_value=3.64537e-05 0.0160097 0.0222987 0.0265715 -0.0366616 -0.0343473 -0.0375342 0.00696784 0.0382504 -0.0379505 0.0217389 -0.0250112 -0.0386611 -0.0395731
internal_weight=14605.8 10176.4 9126.54 8486.4 4429.41 640.132 4342.55 86.8529 43.9045 4312.26 30.2897 42.9483 1049.86 41.3284
internal_count=230016 107704 80080 64300 122312 15780 120896 1416 496 120580 316 920 27624 688
is_linear=0
shrinkage=0.05


Tree=66
num_leaves=15
num_cat=0
split_feature=1 13 1 6 7 1 23 9 6 4 0 8 5 7
split_gain=2703.05 1697.57 1068.83 1288.47 294.828 288.284 257.691 180.336 143.823 244.181 108.215 72.5104 43.2646 30.4912
threshold=86.273917500000024 0.46152751423149913 80.089952000000011 0.084000000000000019 5.5000000000000009 89.145583000000002 9.5000000000000018 0.078350000000000017 0.29500000000000004 345.02500000000003 11.067572500000002 0.93950000000000011 1.8750000000000002 5.5000000000000009
decision_type=2 2 2 2 2 2 2 2 2 2 2 2 2 2
left_child=1 4 6 -4 7 8 -3 -1 9 -2 13 -10 -12 -7
right_child=5 2 3 -5 -6 10 -8 -9 11 -11 12 -13 -14 -15
leaf_value=0.00037019295713099315 -0.023763365389759893 0.014006845569749987 0.018635527841009955 -0.009034879189191037 -0.042059790497591946 0.011836113359245726 0.028036335469478313 -0.025232201759045891 -0.013226286669533439 0.025361816538244847 -0.035571748536332846 -0.02982163862017554 0.12929046719524223 -0.035490740969573532
leaf_weight=1152.0097876340151 509.35058506578207 11702.311180301011 6384.8990966230631 12334.324730746448 1538.7888539806008 160.36924462020397 4544.0055085867643 1706.8835932537913 1313.0128516256809 502.51754570007324 4755.7797404229641 1319.8619541600347 3.9828479290008536 43.200747646391392
leaf_count=5400 2704 42924 25840 65344 12896 896 14144 8460 7416 2000 33388 8328 20 256
internal_value=-0.000685492 0.00486478 0.00854717 0.000403159 -0.0244136 -0.0260659 0.0179308 -0.0149155 -0.0153882 0.000633357 -0.033907 -0.0215455 -0.0354338 0.00179261
internal_weight=47971.3 39363.2 34965.5 18719.2 4397.68 8608.08 16246.3 2858.89 3644.74 1011.87 4963.33 2632.87 4759.76 203.57
internal_count=230016 175008 148252 91184 26756 55008 57068 13860 20448 4704 34560 15744 33408 1152
is_linear=0
shrinkage=0.05


Tree=67
num_leaves=15
num_cat=0
split_feature=0 0 1 19 12 11 9 7 6 1 0 7 1 6
split_gain=1583.15 643.604 526.985 396.289 534.429 337.796 636.617 511.766 148.668 70.0581 43.4793 23.8059 16.8996 16.4543
threshold=25.775212500000002 17.067687000000003 76.985062500000012 34.750000000000007 0.096500000000000016 0.18750000000000003 0.08235000000000002 2.5000000000000004 0.43800000000000006 76.807391500000008 16.228959000000007 5.5000000000000009 74.928160500000004 0.38650000000000001
decision_type=2 2 2 2 2 2 2 2 2 2 2 2 2 2
left_child=1 9 12 4 -3 6 -4 -7 -5 11 -11 -1 -2 -14
right_child=2 3 5 8 -6 7 -8 -9 -10 10 -12 -13 13 -15
leaf_value=0.019605813239784744 -0.033026143574211957 0.031021753411532696 0.0950639911275213 -0.0083317789118529505 -0.0056992755613732692 0.031334876558764678 0.024192596175780897 -0.0024256416233877586 -0.037171426858769688 -0.036754514555337563 -0.022253576421257346 -0.035764562915779889 -0.02975774325997993 -0.0074885303092093111
leaf_weight=86.452548906207085 293.52303973771632 1256.2515325546265 433.5738525018096 791.36720051243901 4689.7032659612596 2578.6152657456696 1177.1765711382031 1987.8745403774083 1026.5208043530583 2132.973852051422 682.28015433624387 25.032759375870228 141.189597543329 201.08738763257861
leaf_count=768 4224 11699 3209 10196 62609 19458 10728 18445 21480 47904 14304 384 2080 2528
internal_value=0.000284869 -0.0117194 0.0191212 -0.00418704 0.00205908 0.0235825 0.0432694 0.0166383 -0.0246169 -0.0317008 -0.0332402 0.00717302 -0.0242234 -0.0166746
internal_weight=17503.6 10690.6 6813.04 7763.84 5945.95 6177.24 1610.75 4566.49 1817.89 2926.74 2815.25 111.485 635.8 342.277
internal_count=230016 169344 60672 105984 74308 51840 13937 37903 31676 63360 62208 1152 8832 4608
is_linear=0
shrinkage=0.05


Tree=68
num_leaves=15
num_cat=0
split_feature=1 18 1 4 6 7 5 7 23 7 10 12 12 11
split_gain=724.896 588.052 444.797 328.22 357.834 387.059 287.719 221.359 220.369 215.085 168.225 138.705 109.822 37.7358
threshold=79.057118500000016 4.450000000000002 72.220797500000018 439.29500000000002 0.021000000000000005 5.5000000000000009 0.24500000000000002 5.5000000000000009 1.0000000180025095e-35 4.5000000000000009 0.70760000000000012 0.10830000000000002 0.096100000000000005 0.42750000000000005
decision_type=2 2 2 2 2 2 2 2 2 2 2 2 2 2
left_child=1 8 12 4 6 -6 -2 -4 9 -1 11 -5 -3 -10
right_child=3 2 7 10 5 -7 -8 -9 13 -11 -12 -13 -14 -15
leaf_value=0.0050624609039967173 -0.020616595843990719 -0.0052597745171298147 -0.012865868667452525 -0.00051701945996062749 0.0040986419917264484 0.016239361603020138 0.018455084415285282 0.0018726125046348565 -0.041414671397910607 0.03620807967610528 0.029796532025101172 -0.011727001360229824 -0.039918583525217988 0.057884994979255512
leaf_weight=1260.1549944877625 2016.6576799452305 266.67762771248817 9316.586300432682 8789.6335777044296 22092.296739697456 9340.509553745389 614.82739174365997 3506.4393821358681 187.26746609807014 989.63459843397141 378.25976629555225 4022.1823940128088 1599.0609640777111 10.082613229751585
leaf_count=4216 6876 825 28816 30848 80044 38576 2088 11220 649 5224 1446 13978 5179 31
internal_value=0.000435877 -0.0083739 -0.0121545 0.00363058 0.0062236 0.00770635 -0.0114878 -0.00883565 0.0143189 0.0187628 -0.00306607 -0.00403632 -0.0349647 -0.0363415
internal_weight=64390.3 17135.9 14688.8 47254.4 34064.3 31432.8 2631.49 12823 2447.14 2249.79 13190.1 12811.8 1865.74 197.35
internal_count=230016 56160 46040 173856 127584 118620 8964 40036 10120 9440 46272 44826 6004 680
is_linear=0
shrinkage=0.05


Tree=69
num_leaves=15
num_cat=0
split_feature=5 23 24 20 5 7 18 24 23 6 12 18 5 24
split_gain=3231.77 1308.9 816.852 209.67 66.7287 55.1842 41.6815 32.6341 35.5924 17.2971 11.2404 3.24017 0.0126863 0.00249888
threshold=0.21000000000000005 1.0000000180025095e-35 2.5000000000000004 29.492857142857151 -0.34499999999999992 6.5000000000000009 1.4500000000000004 1.5000000000000002 1.0000000180025095e-35 0.55000000000000016 0.12710000000000002 58.250000000000021 0.36500000000000005 2.5000000000000004
decision_type=2 2 2 2 2 2 2 2 2 2 2 2 2 2
left_child=4 2 3 -2 7 -4 10 8 -1 -8 -6 -9 -3 -14
right_child=1 12 5 -5 6 -7 9 11 -10 -11 -12 -13 13 -15
leaf_value=0.054092507762211452 0.046303633538845597 -0.038585952948826795 -0.037738672328069364 0.022267923295132202 0.037228600565626817 0.028322599033814202 -0.037950578500408443 0.051702403853954151 -0.038943312671829274 0.10955834334363723 -0.034366318031196871 -0.035654351356843084 -0.03969102254957476 -0.03869725916214814
leaf_weight=40.585547033697367 1030.0168886370957 976.40071358159184 588.63975271582603 7617.0493215546012 23.574352890253071 33.406759064644575 4140.1665583644062 1.0984397530555714 13.76727759093046 1.9883117824792851 7.1434103399515143 31.553947351872921 32.069889381527901 7.8802425432950249
leaf_count=372 7040 26936 15452 57260 190 328 120560 20 296 20 126 728 484 204
internal_value=7.61172e-05 0.0152436 0.0211499 0.025131 -0.0365458 -0.0341909 -0.0374494 0.00679255 0.030527 -0.0378798 0.0205792 -0.0327156 -0.0386217 -0.039495
internal_weight=14545.3 10285.5 9269.11 8647.07 4259.88 622.047 4172.87 87.0052 54.3528 4142.15 30.7178 32.6524 1016.35 39.9501
internal_count=230016 107704 80080 64300 122312 15780 120896 1416 668 120580 316 748 27624 688
is_linear=0
shrinkage=0.05


Tree=70
num_leaves=15
num_cat=0
split_feature=1 13 6 0 0 7 1 9 6 4 0 8 5 7
split_gain=2519.77 1556.32 951.419 1332.09 1331.86 285.695 283.125 169.608 138.014 227.417 105.087 70.684 44.061 28.5626
threshold=86.273917500000024 0.46152751423149913 0.084000000000000019 20.255440500000002 15.896543000000003 5.5000000000000009 89.145583000000002 0.078350000000000017 0.29500000000000004 345.02500000000003 11.067572500000002 0.93950000000000011 -0.59999999999999998 5.5000000000000009
decision_type=2 2 2 2 2 2 2 2 2 2 2 2 2 2
left_child=1 5 3 -3 -4 7 8 -1 9 -2 13 -10 -12 -8
right_child=6 2 4 -5 -6 -7 10 -9 11 -11 12 -13 -14 -15
leaf_value=0.00020762696340266077 -0.023131881550190962 0.0049903165652424204 0.022809187586392207 0.03766198899203782 -0.0052845508405257547 -0.041779115899050687 0.011225833834125839 -0.024675770046048005 -0.012787715676535617 0.024392973919984157 0.038827375858349097 -0.029311064161642555 -0.035319970645134029 -0.035005969282742549
leaf_weight=1154.8239942491055 499.97205687314272 7278.6665357798338 5657.1477731913328 5460.2461977601051 16591.405386388302 1458.2156449183822 161.81213164329529 1682.551195114851 1299.076778113842 506.96580395102501 20.123281240463257 1289.9128398671746 4600.0637180581689 42.100707463920116
leaf_count=5400 2704 27628 20428 19064 81132 12896 896 8460 7416 2000 136 8328 33272 256
internal_value=-0.000709555 0.00461069 0.00809785 0.0189943 0.00185885 -0.0237922 -0.0255308 -0.0145481 -0.0149113 0.00079559 -0.0334467 -0.0210201 -0.034997 0.00168062
internal_weight=47703.1 39283.1 34987.5 12738.9 22248.6 4295.59 8420.03 2837.38 3595.93 1006.94 4824.1 2588.99 4620.19 203.913
internal_count=230016 175008 148252 46692 101560 26756 55008 13860 20448 4704 34560 15744 33408 1152
is_linear=0
shrinkage=0.05


Tree=71
num_leaves=15
num_cat=0
split_feature=0 0 1 1 16 1 6 7 14 1 0 12 1 6
split_gain=1453.89 664.359 520.345 326.307 427.364 415.024 271.277 359.289 178.074 68.8049 44.0369 23.2961 16.8401 16.0749
threshold=26.042312500000005 17.067687000000003 76.985062500000012 73.833063500000023 0.55000000000000016 90.957632500000003 0.084000000000000019 6.5000000000000009 21.722757725892347 76.807391500000008 16.228959000000007 0.096750000000000017 74.928160500000004 0.38650000000000001
decision_type=2 2 2 2 2 2 2 2 2 2 2 2 2 2
left_child=1 9 12 4 -3 -5 8 -8 -4 11 -11 -1 -2 -14
right_child=2 3 6 5 -6 -7 7 -9 -10 10 -12 -13 13 -15
leaf_value=0.041364382378683028 -0.032722299833072267 -0.028335913626515958 -0.016158090639971028 -0.011709083993407799 0.033165437330847099 0.032228799874078146 0.035177148911494704 -0.0048008485295385726 0.028422167679621642 -0.036615078697052099 -0.021821019890296892 -0.0081476028870698623 -0.02937323268260399 -0.007113512567339106
leaf_weight=34.301294106990099 284.24630450829864 377.19901459664106 605.512033008039 6344.3853711169213 1124.723307704553 587.18774093315005 3975.6167087852955 654.53397991135716 355.52803841978312 2051.4815346095711 666.42034938558936 77.289548508822918 136.90363738685846 198.99400854855776
leaf_count=312 4224 6896 7064 90912 11728 4320 27256 7292 2356 47904 14304 840 2080 2528
internal_value=0.000267509 -0.0104428 0.0196884 -0.0034089 0.0177197 -0.00798702 0.0245081 0.0295257 0.000333971 -0.0314078 -0.0329876 0.00707161 -0.0237655 -0.016186
internal_weight=17474.3 11263 6211.33 8433.5 1501.92 6931.57 5591.19 4630.15 961.04 2829.49 2717.9 111.591 620.144 335.898
internal_count=230016 177216 52800 113856 18624 95232 43968 34548 9420 63360 62208 1152 8832 4608
is_linear=0
shrinkage=0.05


Tree=72
num_leaves=15
num_cat=0
split_feature=23 7 18 9 13 12 1 5 11 11 25 11 1 0
split_gain=660.626 607.817 811.45 586.947 573.511 722.553 474.467 263.695 250.538 195.645 180.082 179.448 165.3 26.6553
threshold=9.5000000000000018 6.5000000000000009 19.550000000000008 0.095650000000000013 1.9804812062621744 0.092400000000000024 73.139780500000015 -0.20999999999999999 0.21765000000000004 0.13095000000000004 3.5000000000000004 0.29955000000000004 77.255771500000009 24.819995500000001
decision_type=2 2 2 2 2 2 2 2 2 2 2 2 2 2
left_child=1 4 10 -4 5 -1 -6 12 9 -9 -3 -10 -2 -14
right_child=7 2 3 -5 6 -7 -8 8 11 -11 -12 -13 13 -15
leaf_value=0.035850850128132619 -0.05310943735709972 0.035649420717380136 -0.015964738859669859 0.021737608229511238 -0.024847234179113137 -0.011347695746427735 0.004434849053434115 -0.016858939895940752 -0.033247266654352819 0.02307854478248049 0.012243239958504312 -0.0094450483154245521 0.034379779938658338 -0.024792486777552983
leaf_weight=862.22338210046291 648.56446444988251 3189.6208363175392 2612.939851179719 1706.4598920494318 1441.4004660844803 13615.154321655631 34369.325256124139 516.5537546724081 1353.0172180086374 754.65406735241413 1106.9669953584671 1909.2149000316858 67.76643306016922 26.464714825153351
leaf_count=3090 2324 14940 9610 6654 4560 44746 124592 1611 4199 2387 4980 5999 244 80
internal_value=0.000445292 0.00196352 0.0142341 -0.00106972 -0.000138825 -0.00853671 0.00325623 -0.0165042 -0.0119796 0.00685 0.0296191 -0.0193171 -0.0441188 0.0177613
internal_weight=64180.3 58904.1 8615.99 4319.4 50288.1 14477.4 35810.7 5276.24 4533.44 1271.21 4296.59 3262.23 742.796 94.2311
internal_count=230016 213172 36184 16264 176988 47836 129152 16844 14196 3998 19920 10198 2648 324
is_linear=0
shrinkage=0.05


Tree=73
num_leaves=15
num_cat=0
split_feature=5 23 24 9 5 7 18 24 23 6 23 18 5 24
split_gain=3063.61 1226.15 755.107 203.265 65.7016 53.4566 41.0198 30.6655 31.8455 15.7354 10.6032 3.02509 0.0114401 0.00226884
threshold=0.21000000000000005 1.0000000180025095e-35 2.5000000000000004 0.076700000000000004 -0.34499999999999992 6.5000000000000009 1.4500000000000004 1.5000000000000002 1.0000000180025095e-35 0.55000000000000016 13.500000000000002 58.250000000000021 0.36500000000000005 2.5000000000000004
decision_type=2 2 2 2 2 2 2 2 2 2 2 2 2 2
left_child=4 2 3 -2 7 -4 10 8 -1 -8 -6 -9 -3 -14
right_child=1 12 5 -5 6 -7 9 11 -10 -11 -12 -13 13 -15
leaf_value=0.05013158086665627 0.040107100160742475 -0.038546818344536903 -0.037662592517103667 0.020304349466786577 0.03456519668501639 0.026804101853407997 -0.037886840253881213 0.046660208717810646 -0.038881891433179827 0.097044155248869016 -0.03870292335750887 -0.035541059832615289 -0.03961386124669776 -0.038649163329421733
leaf_weight=42.23128080740571 1579.6101397797465 942.78697400912642 568.09915057010949 7213.3793647885323 24.786503739655021 34.086041241884232 3983.5613574683666 1.1614560335874582 13.184962548315523 2.1618785187602034 6.1664039827883235 30.787918373942375 31.060824267566204 7.5827354025095692
leaf_count=372 10306 26936 15452 53994 160 328 120560 20 296 20 156 728 484 204
internal_value=0.00013376 0.0145972 0.0201523 0.0238618 -0.0364354 -0.0340135 -0.0373684 0.00646047 0.028953 -0.0378137 0.0199688 -0.0325528 -0.0385814 -0.0394246
internal_weight=14480.6 10376.6 9395.17 8792.99 4104.04 602.185 4016.68 87.3656 55.4162 3985.72 30.9529 31.9494 981.431 38.6436
internal_count=230016 107704 80080 64300 122312 15780 120896 1416 668 120580 316 748 27624 688
is_linear=0
shrinkage=0.05


Tree=74
num_leaves=15
num_cat=0
split_feature=1 13 1 6 1 5 7 9 8 9 0 9 5 18
split_gain=2338.24 1431.58 877.594 1100.44 278.888 232.206 211.455 137.18 130.9 152.463 101.633 81.3115 41.1518 27.5435
threshold=86.273917500000024 0.40080645161290335 80.089952000000011 0.084000000000000019 89.145583000000002 0.32500000000000007 5.5000000000000009 0.090500000000000011 0.93950000000000011 0.077200000000000005 11.067572500000002 0.074100000000000013 -0.59999999999999998 102.55000000000004
decision_type=2 2 2 2 2 2 2 2 2 2 2 2 2 2
left_child=1 6 5 -4 8 -3 7 -1 9 -2 13 -10 -12 -6
right_child=4 2 3 -5 10 -7 -8 -9 11 -11 12 -13 -14 -15
leaf_value=-0.0058516023460714189 0.044044134118121178 0.017659919278724925 0.01680713204926745 -0.0085832150865286696 -0.014440110192082892 -0.0038022252183082549 -0.041517456497610815 -0.029560153520653533 0.017107644427942378 -0.0098669542173882158 0.035416672771493345 -0.028766530195167245 -0.034882251267080597 0.022633949087207145
leaf_weight=1360.8307315260172 140.86264226585627 15146.261938244104 6488.7776725739241 12465.947575226426 116.53494163602591 1374.6653331592679 1281.508758187294 1105.9997452348471 103.76688129454851 1900.825875967741 20.915307149291039 1397.636239156127 4458.201567940414 87.874964170157909
leaf_count=6090 689 51244 25840 67156 640 6644 11944 6090 456 10283 136 9020 33272 512
internal_value=-0.000737462 0.00434564 0.0074506 0.000108671 -0.0249734 0.0158741 -0.0250408 -0.0164813 -0.0143889 -0.00614746 -0.0329805 -0.025596 -0.034554 0.00149787
internal_weight=47450.6 39224 35475.7 18954.7 8226.62 16520.9 3748.34 2466.83 3543.09 2041.69 4683.53 1501.4 4479.12 204.41
internal_count=230016 175008 150884 92996 55008 57888 24124 12180 20448 10972 34560 9476 33408 1152
is_linear=0
shrinkage=0.05


Tree=75
num_leaves=15
num_cat=0
split_feature=0 0 1 19 12 10 9 7 6 1 0 12 1 4
split_gain=1322.4 599.621 435.931 368.507 474.601 299.018 480.241 419.157 143.698 67.0713 44.7764 22.2317 16.6305 15.8591
threshold=25.775212500000002 17.067687000000003 76.985062500000012 34.750000000000007 0.096500000000000016 0.60940000000000005 0.08235000000000002 2.5000000000000004 0.43800000000000006 76.807391500000008 16.228959000000007 0.12365000000000002 74.928160500000004 1215.095
decision_type=2 2 2 2 2 2 2 2 2 2 2 2 2 2
left_child=1 9 12 4 -3 7 -7 -4 -5 11 -11 -1 -2 -14
right_child=2 3 5 8 -6 6 -8 -9 -10 10 -12 -13 13 -15
leaf_value=0.018666507731623701 -0.032462912194798653 0.028887381991172252 0.027263487956262485 -0.0081796122394997405 -0.0053824523333481479 0.081503941745376007 0.022217608911305 -0.0028804704863469033 -0.036963968811824212 -0.036481535891609983 -0.021354607409107603 -0.034739516474213736 -0.0096662790794283179 -0.035171867131383316
leaf_weight=87.163479797542095 276.48592932149768 1291.0771893151104 2709.8715084344149 787.67080619558692 4645.3165801912546 476.16913787275553 1208.4704201407731 2007.5982948280871 964.54247042536736 1976.7707347981632 650.08053973317146 25.097240507602692 251.10406432114542 80.480261210352182
leaf_count=828 4224 11699 19458 10196 62609 3194 10728 18460 21480 47904 14304 324 3552 1056
internal_value=0.000256745 -0.0110327 0.01705 -0.00387632 0.00207073 0.0208926 0.0389751 0.0144352 -0.0240246 -0.0311206 -0.032738 0.00672695 -0.0234075 -0.0158569
internal_weight=17437.9 10427.7 7010.18 7688.61 5936.39 6402.11 1684.64 4717.47 1752.21 2739.11 2626.85 112.261 608.07 331.584
internal_count=230016 169344 60672 105984 74308 51840 13922 37918 31676 63360 62208 1152 8832 4608
is_linear=0
shrinkage=0.05


Tree=76
num_leaves=15
num_cat=0
split_feature=23 7 13 9 5 1 12 5 7 6 1 10 11 0
split_gain=591.175 559.979 776.594 640.381 544.09 634.56 491.388 252.295 238.751 205.579 157.611 137.275 137.082 24.9306
threshold=9.5000000000000018 6.5000000000000009 0.58539126016260179 0.095650000000000013 0.21000000000000005 73.80284450000002 0.094550000000000009 -0.20999999999999999 5.5000000000000009 0.33400000000000002 77.255771500000009 0.53655000000000019 0.34415000000000007 24.819995500000001
decision_type=2 2 2 2 2 2 2 2 2 2 2 2 2 2
left_child=1 4 11 -4 5 -1 -6 10 12 -10 -2 -3 -9 -12
right_child=7 2 3 -5 6 -7 -8 8 9 -11 13 -13 -14 -15
leaf_value=-0.021078725566890798 -0.051934716472574964 0.0055497885119268611 -0.01001743141968644 0.024773434799618139 0.012530699640297044 0.00677842688298479 -0.0088936719290187722 -0.026190903482020113 -0.019626584645368886 0.018936706088003002 0.033749683979858731 0.038984252417229859 -0.0028353771558708636 -0.023528307750571478
leaf_weight=2221.7839461863041 632.59898799657822 349.54709412157536 3539.2703841477633 2111.8920184075832 3107.7995362281799 25587.167981684208 19279.874362036586 2134.2074217200279 539.49989965558052 961.5660715252161 67.194766998291016 2522.4136367291212 890.36818867921829 26.485665082931519
leaf_count=7008 2324 1524 13536 8576 10819 94448 64713 6637 1652 3092 244 12548 2815 80
internal_value=0.000456623 0.0018941 0.0137436 0.00298424 -0.000117888 0.00455279 -0.0059196 -0.0156153 -0.0112251 0.00507663 -0.0429714 0.0349149 -0.0193156 0.0175558
internal_weight=63971.7 58719.7 8523.12 5651.16 50196.6 27809 22387.7 5251.92 4525.64 1501.07 726.279 2871.96 3024.58 93.6804
internal_count=230016 213172 36184 22112 176988 101456 75532 16844 14196 4744 2648 14072 9452 324
is_linear=0
shrinkage=0.05


Tree=77
num_leaves=15
num_cat=0
split_feature=5 23 24 14 5 14 18 24 23 6 23 18 5 24
split_gain=2902.88 1148.64 699.609 173.865 65.0909 52.9568 40.0949 28.564 28.9856 14.4997 9.83435 2.8667 0.0104403 0.00204697
threshold=0.21000000000000005 1.0000000180025095e-35 2.5000000000000004 0.21055458808756203 -0.34499999999999992 29.197181676111345 1.4500000000000004 1.5000000000000002 1.0000000180025095e-35 0.55000000000000016 13.500000000000002 58.250000000000021 0.36500000000000005 2.5000000000000004
decision_type=2 2 2 2 2 2 2 2 2 2 2 2 2 2
left_child=4 2 3 -2 7 -4 10 8 -1 -8 -6 -9 -3 -14
right_child=1 12 5 -5 6 -7 9 11 -10 -11 -12 -13 13 -15
leaf_value=0.046905032965876267 -0.00022033890330259181 -0.0385083725850369 -0.03722465716494696 0.024787125153146225 0.032705649471288019 0.033268387486791937 -0.037822889843954766 0.043177904915586089 -0.038830338626091691 0.087206200866488504 -0.038661476534835287 -0.035366518482893093 -0.039542382835774069 -0.03861108924600648
leaf_weight=43.659292053431273 759.64410101622343 909.666658481583 555.6034213937819 8173.4263073317707 25.311361975967888 27.984026091173291 3832.2708451952785 1.2090619094669843 12.733541458845137 2.3202765807509413 5.9646512456238261 29.651506476104259 30.131304275244474 7.3371028862893573
leaf_count=372 7680 26936 15364 56620 160 416 120560 20 296 20 156 728 484 204
internal_value=0.000179067 0.0139694 0.0191955 0.0226606 -0.0363235 -0.0338444 -0.0372874 0.00638287 0.0275459 -0.0377472 0.0190952 -0.0322893 -0.0385421 -0.03936
internal_weight=14416.9 10463.8 9516.66 8933.07 3953.12 583.587 3865.87 87.2534 56.3928 3834.59 31.276 30.8606 947.135 37.4684
internal_count=230016 107704 80080 64300 122312 15780 120896 1416 668 120580 316 748 27624 688
is_linear=0
shrinkage=0.05


Tree=78
num_leaves=15
num_cat=0
split_feature=1 13 6 0 0 1 7 13 18 9 0 8 5 7
split_gain=2173.08 1298.2 832.586 1186.15 1153.44 223.464 205.263 130.339 218.981 129.814 98.9012 76.7618 40.3278 26.7526
threshold=86.455861500000012 0.40080645161290335 0.084000000000000019 15.896543000000003 20.255440500000002 89.145583000000002 5.5000000000000009 8.0704035237283325 113.65000000000002 0.090500000000000011 11.067572500000002 0.93950000000000011 1.8750000000000002 5.5000000000000009
decision_type=2 2 2 2 2 2 2 2 2 2 2 2 2 2
left_child=1 6 4 -4 -3 7 9 11 -9 -1 13 -2 -12 -7
right_child=5 2 3 -5 -6 10 -8 8 -10 -11 12 -13 -14 -15
leaf_value=-0.0058602961288674559 -0.010701290222408559 0.0037568538510635453 0.020524033147609311 -0.0055602003198319452 0.033749460220333087 0.010535899034758676 -0.041276741582215261 0.058782016494713429 -0.019525044506819397 -0.029041573613841895 -0.034255533197524057 -0.028260692321540565 0.12173947220689384 -0.034609412319928312
leaf_weight=1360.60902954638 1354.2683746144176 7347.708338662982 5832.7996620312333 17241.655940495431 5686.340162307024 163.45902229845524 1217.1087348163128 153.11826232075691 214.1293198466301 1085.9449745938182 4339.3664238527417 1151.6876582875848 4.1470422446727744 41.058315485715866
leaf_count=6090 7636 27648 21024 85856 19788 896 11968 608 1116 6090 33388 7632 20 256
internal_value=-0.000772357 0.00386228 0.00673971 0.00103342 0.0168417 -0.0256105 -0.0244972 -0.0146945 0.0131239 -0.0161497 -0.0325067 -0.0187712 -0.0341066 0.00147266
internal_weight=47193.4 39772.2 36108.5 23074.5 13034 7421.23 3663.66 2873.2 367.248 2446.55 4548.03 2505.96 4343.51 204.517
internal_count=230016 178464 154316 106880 47436 51552 24148 16992 1724 12180 34560 15268 33408 1152
is_linear=0
shrinkage=0.05


Tree=79
num_leaves=15
num_cat=0
split_feature=0 1 7 6 9 9 15 23 1 0 12 13 5 10
split_gain=1233.26 741.62 325.535 416.444 160.235 317.18 226.562 132.173 61.6549 67.4227 117.191 24.8812 21.5017 26.821
threshold=17.499901500000004 90.055912500000019 6.5000000000000009 0.044000000000000004 0.09395000000000002 0.079550000000000023 27.650000000000002 2.5000000000000004 76.807391500000008 16.228959000000007 0.096100000000000005 7.8610117403314925 0.13500000000000004 0.63990000000000014
decision_type=2 2 2 2 2 2 2 2 2 2 2 2 2 2
left_child=8 2 3 -2 5 -3 -6 -4 12 11 -11 -10 -1 -14
right_child=1 4 7 -5 6 -7 -8 -9 9 10 -12 -13 13 -15
leaf_value=-0.032144687048884804 -0.01911947883671496 0.022953867200790838 -0.035722070842803107 0.0072235441827716643 0.024697406699446103 -0.018589795458159357 0.067117295007073488 0.016651304788532457 -0.037479426651318641 0.015161140947839994 -0.029281121726573607 -0.0075457463412775573 0.032685595703376959 -0.038645214839668818
leaf_weight=27.021927252411842 1930.873541072011 2286.331252746284 878.50952975079417 6727.1031961776316 1588.0086949244142 574.99633116275072 392.58229069411755 139.60854798555374 1831.9065776523203 190.14203910157084 674.64147157594562 72.155365690588951 68.904581505805254 16.294823586940765
leaf_count=432 30096 14272 19864 79960 10305 4275 2252 1888 46680 3672 14376 1224 576 144
internal_value=0.000267695 0.00619772 -0.00179631 0.00134861 0.022173 0.0146055 0.0331057 -0.0285404 -0.0296143 -0.0310869 -0.0195095 -0.0363451 0.00671761 0.0190432
internal_weight=17399.1 14518 9676.09 8657.98 4841.92 2861.33 1980.59 1018.12 2881.07 2768.85 864.784 1904.06 112.221 85.1994
internal_count=230016 162912 131808 110056 31104 18547 12557 21752 67104 65952 18048 47904 1152 720
is_linear=0
shrinkage=0.05


Tree=80
num_leaves=15
num_cat=0
split_feature=1 14 5 0 4 18 7 12 7 9 0 5 11 13
split_gain=552.326 473.89 516.271 678.449 363.874 348.724 155.762 146.156 152.782 143.291 138.545 132.669 81.9361 79.3616
threshold=73.172706000000019 0.4176649549343881 0.21000000000000005 15.196710000000001 645.63000000000011 4.8500000000000023 5.5000000000000009 0.094750000000000015 6.5000000000000009 0.079000000000000015 21.478647500000005 0.13500000000000004 0.34815000000000007 11.377638888888891
decision_type=2 2 2 2 2 2 2 2 2 2 2 2 2 2
left_child=5 6 4 -4 -3 7 9 -1 -9 -2 11 -7 -8 -12
right_child=1 2 3 -5 -6 10 12 8 -10 -11 13 -13 -14 -15
leaf_value=0.043173697270863613 -0.01489118993672886 0.0066828800917365649 -0.021768079671793252 -0.00058162837983304614 -0.015075365673692104 -0.027312981014250493 0.03997730803074856 -0.014135372875626781 0.033067554874914688 0.029030811179743696 -0.033190661181968284 0.018941721561040112 -0.046231788989690922 0.0034259266682131525
leaf_weight=222.61850552260876 348.41401693224907 29175.154795482755 4569.3237033784389 21838.094884395599 2056.9869836866856 313.73038667440414 1120.9500706195831 670.61005394160748 230.29395100474358 397.60159859061241 2333.0081534832716 306.44711500406265 28.256661742925644 157.99870035052299
leaf_count=1027 1125 107556 14936 77620 6780 1008 5827 2189 1408 1375 7608 952 109 496
internal_value=0.000466491 0.00170754 0.000898639 -0.00424756 0.00524986 -0.0169811 0.0263086 0.00689545 -0.00206911 0.00851778 -0.0256035 -0.00445723 0.0378576 -0.0308682
internal_weight=63769.5 59534.8 57639.6 26407.4 31232.1 4234.71 1895.22 1123.52 900.904 746.016 3111.18 620.178 1149.21 2491.01
internal_count=230016 215328 206892 92556 114336 14688 8436 4624 3597 2500 10064 1960 5936 8104
is_linear=0
shrinkage=0.05


Tree=81
num_leaves=15
num_cat=0
split_feature=5 23 24 9 5 7 18 24 23 6 12 18 5 24
split_gain=2744.15 1080.82 651.44 165.04 64.3122 50.911 38.9739 26.5822 26.1504 13.4288 9.22822 2.72312 0.00933948 0.00184773
threshold=0.21000000000000005 1.0000000180025095e-35 2.5000000000000004 0.076700000000000004 -0.34499999999999992 6.5000000000000009 1.4500000000000004 1.5000000000000002 1.0000000180025095e-35 0.55000000000000016 0.12710000000000002 58.250000000000021 0.36500000000000005 2.5000000000000004
decision_type=2 2 2 2 2 2 2 2 2 2 2 2 2 2
left_child=4 2 3 -2 7 -4 10 8 -1 -8 -6 -9 -3 -14
right_child=1 12 5 -5 6 -7 9 11 -10 -11 -12 -13 13 -15
leaf_value=0.043679233294052072 0.035804845918986694 -0.038475851407326012 -0.03752445854589094 0.018340111946733774 0.031974846356355634 0.024746961138168849 -0.037757216571332491 0.040044284010101662 -0.03877396515636776 0.078762843730925514 -0.034127351739977815 -0.03519810060898676 -0.039470423965014947 -0.038570228580292513
leaf_weight=45.178467892110348 1654.5911912918091 881.60753729753196 532.67672827281058 7414.062326990068 24.993419107049707 34.977997969835997 3680.4115056749433 1.255251102149489 12.216458957642315 2.4743824601173392 6.6940314546227446 28.608840137720108 29.181295920163393 7.0842838864773503
leaf_count=372 10306 26936 15452 53994 190 328 120560 20 296 20 126 728 484 204
internal_value=0.000215599 0.0133358 0.018274 0.0215266 -0.0362072 -0.0336874 -0.0372039 0.0062225 0.0261291 -0.0376789 0.0180106 -0.0320355 -0.0385082 -0.0392946
internal_weight=14356 10554.2 9636.31 9068.65 3801.83 567.655 3714.57 87.259 57.3949 3682.89 31.6875 29.8641 917.873 36.2656
internal_count=230016 107704 80080 64300 122312 15780 120896 1416 668 120580 316 748 27624 688
is_linear=0
shrinkage=0.05


Tree=82
num_leaves=15
num_cat=0
split_feature=1 13 6 0 0 1 7 13 18 9 0 8 5 12
split_gain=2027.81 1193.86 767.889 1082.71 1048.15 218.717 178.63 123.186 198.643 118.283 95.8465 74.2814 40.4102 25.3235
threshold=86.455861500000012 0.38013157894736854 0.084000000000000019 15.896543000000003 20.255440500000002 89.145583000000002 5.5000000000000009 8.0704035237283325 113.65000000000002 0.090500000000000011 11.067572500000002 0.93950000000000011 -0.59999999999999998 0.099450000000000024
decision_type=2 2 2 2 2 2 2 2 2 2 2 2 2 2
left_child=1 6 4 -4 -3 7 9 11 -9 -1 13 -2 -12 -7
right_child=5 2 3 -5 -6 10 -8 8 -10 -11 12 -13 -14 -15
leaf_value=-0.0066083261623234987 -0.010341577587011349 0.0035223718312663507 0.01932291570038137 -0.0054654615108135473 0.03206420767223854 0.013133596704618104 -0.041047883471833246 0.055397337997250974 -0.018920233560682828 -0.029479925338693709 0.035818999714757847 -0.027749120171251914 -0.034018542035720939 -0.024873719351266851
leaf_weight=1286.8055930733681 1343.5405276864767 7356.9924666881561 5910.8635585084558 17291.971457794309 5715.6119922846556 141.33512049913406 1115.3444630727172 156.63798762857914 211.08084647357464 1008.1667652353644 20.816280081868172 1126.8214114159346 4193.6683048307896 63.523133262991905
leaf_count=5778 7636 27660 21300 86532 19788 800 11628 608 1116 5778 136 7632 33272 352
internal_value=-0.000793286 0.00365069 0.0063097 0.000849315 0.0160015 -0.0250943 -0.0246331 -0.0142628 0.012737 -0.0166557 -0.0320502 -0.0182818 -0.0336736 0.00134816
internal_weight=46943.2 39685.8 36275.4 23202.8 13072.6 7257.42 3410.32 2838.08 367.719 2294.97 4419.34 2470.36 4214.48 204.858
internal_count=230016 178464 155280 107832 47448 51552 23184 16992 1724 11556 34560 15268 33408 1152
is_linear=0
shrinkage=0.05


Tree=83
num_leaves=15
num_cat=0
split_feature=0 1 7 6 9 9 15 23 15 12 17 0 22 1
split_gain=1162.48 663.838 304.635 377.867 143.58 286.103 193.846 127.929 61.1272 239.497 227.727 38.1463 46.1315 34.0798
threshold=17.499901500000004 90.055912500000019 6.5000000000000009 0.044000000000000004 0.09395000000000002 0.079550000000000023 27.650000000000002 2.5000000000000004 19.350000000000005 0.094350000000000003 61.350000000000016 16.228959000000007 -8.4999999999999982 76.807391500000008
decision_type=2 2 2 2 2 2 2 2 2 2 2 2 2 2
left_child=8 2 3 -2 5 -3 -6 -4 11 10 -10 -1 -13 -11
right_child=1 4 7 -5 6 -7 -8 -9 9 13 -12 12 -14 -15
leaf_value=-0.035150634632140028 -0.018537092073009836 0.021461494586213863 -0.035513523150969402 0.006781726167588098 0.023274569986174779 -0.018140816335733275 0.061765165724940618 0.015889520772480122 0.41347868700983548 0.028175776923291741 0.011578738749121572 0.0033989751685829989 -0.027797967904489764 -0.029201202753135924
leaf_weight=1838.6662801504135 1882.5207714550197 2330.9952850937843 840.12151430360973 6784.8137305602431 1616.9663427472115 566.99230752885342 410.05702248960733 141.41525892540812 6.5150862671434862 32.158019885420799 7.6790797263383865 145.94231081753969 630.16562151163816 132.56194787472486
leaf_count=46968 30096 14272 19864 79960 10305 4275 2252 1888 123 307 105 3048 13628 2925
internal_value=0.000253134 0.00591675 -0.00170718 0.00128255 0.0208532 0.0137133 0.031061 -0.0281076 -0.0292923 -0.00101796 0.19605 -0.031227 -0.0219316 -0.0179996
internal_weight=17367.6 14573.9 9648.87 8667.33 4925.01 2897.99 2027.02 981.537 2793.69 178.914 14.1942 2614.77 776.108 164.72
internal_count=230016 162912 131808 110056 31104 18547 12557 21752 67104 3460 228 63644 16676 3232
is_linear=0
shrinkage=0.05


Tree=84
num_leaves=15
num_cat=0
split_feature=1 14 5 0 4 18 7 9 12 7 0 5 11 13
split_gain=512.416 439.652 512.351 628.912 341.139 322.242 283.934 164.861 138.843 140.927 130.085 120.481 81.6496 74.6091
threshold=73.172706000000019 0.55081960376681949 0.21000000000000005 15.196710000000001 379.33500000000009 4.8500000000000023 5.5000000000000009 0.079000000000000015 0.094750000000000015 6.5000000000000009 21.478647500000005 0.13500000000000004 0.34815000000000007 11.377638888888891
decision_type=2 2 2 2 2 2 2 2 2 2 2 2 2 2
left_child=5 6 4 -4 -3 8 7 -2 -1 -10 11 -7 -8 -12
right_child=1 2 3 -5 -6 10 12 -9 9 -11 13 -13 -14 -15
leaf_value=0.042529868492167576 -0.016491858666010797 0.009114828969441215 -0.021529895284078528 -0.00087195445879453349 -0.0017210022978356807 -0.026062545758055295 0.03950471624838689 0.021964292161249659 -0.013461848394485401 0.032368855232885449 -0.032110310614701931 0.018090438944795621 -0.045485435438030214 0.003421185063311578
leaf_weight=217.22941783070564 532.13617622852325 19564.746952816844 4452.9002072364092 21345.399211704731 11552.431038752198 311.93944153189659 1326.3725380897522 585.15385086834431 672.3070362508297 223.49362432956696 2313.1951964199543 306.12829926609993 28.874171644449234 157.82231330871582
leaf_count=1027 1704 73132 14444 75724 41204 1008 6990 2020 2189 1408 7608 952 110 496
internal_value=0.000475217 0.00166913 0.000772459 -0.00443761 0.00509196 -0.0163982 0.0223096 0.00364863 0.00666871 -0.00202753 -0.0247094 -0.00419362 0.037694 -0.0298409
internal_weight=63590.1 59388 56915.5 25798.3 31117.2 4202.12 2472.54 1117.29 1113.03 895.801 3089.09 618.068 1355.25 2471.02
internal_count=230016 215328 204504 90168 114336 14688 10824 3724 4624 3597 10064 1960 7100 8104
is_linear=0
shrinkage=0.05


Tree=85
num_leaves=15
num_cat=0
split_feature=5 23 24 10 5 14 18 24 13 6 0 22 5 24
split_gain=2585.32 1011.24 602.393 161.836 63.6261 50.6224 38.0556 24.783 23.8424 12.5264 8.75854 2.7022 0.008468 0.00167203
threshold=0.21000000000000005 1.0000000180025095e-35 2.5000000000000004 0.46220000000000006 -0.34499999999999992 29.197181676111345 1.4500000000000004 1.5000000000000002 6.7418750000000003 0.55000000000000016 22.237529000000006 40.500000000000007 0.36500000000000005 2.5000000000000004
decision_type=2 2 2 2 2 2 2 2 2 2 2 2 2 2
left_child=4 2 3 -2 7 -4 10 8 -1 -8 -6 -9 -3 -14
right_child=1 12 5 -5 6 -7 9 11 -10 -11 -12 -13 13 -15
leaf_value=-0.0055807456057645746 0.054078229065876643 -0.038441757915333385 -0.037069059785247105 0.019012144632935227 0.067954662665214202 0.031194909551883233 -0.037692172770491084 -0.033436580985552897 0.058451234990603722 0.071703790996402103 0.0036804686721932075 0.10843136760048389 -0.039403548634441871 -0.038532993676810227
leaf_weight=30.556719034910202 341.69832149893045 852.12352535687387 522.12019040808082 8877.4411203861237 6.7019217088818541 28.648267917335033 3534.6371581144631 28.527174290269617 27.731068510562181 2.6187040954828253 25.343052526935935 0.33964861929416557 28.286309465765953 6.8516101017594329
leaf_count=408 2263 26936 15364 62037 44 416 120560 740 260 20 272 8 484 204
internal_value=0.000188825 0.0126357 0.0172772 0.0203118 -0.0360891 -0.0335183 -0.0371198 0.00611974 0.0248832 -0.0376112 0.0171228 -0.0317674 -0.0384731 -0.0392338
internal_weight=14313.6 10657.2 9769.91 9219.14 3656.46 550.768 3569.3 87.1546 58.2878 3537.26 32.045 28.8668 887.261 35.1379
internal_count=230016 107704 80080 64300 122312 15780 120896 1416 668 120580 316 748 27624 688
is_linear=0
shrinkage=0.05


Tree=86
num_leaves=15
num_cat=0
split_feature=1 13 6 0 0 1 7 6 4 9 0 8 5 18
split_gain=1897.17 1122.79 694.805 1008.69 981.356 258.694 136.523 117.631 198.42 98.2235 92.1286 61.7816 38.5832 24.9926
threshold=86.273917500000024 0.33979166666666677 0.084000000000000019 20.255440500000002 15.360888500000001 89.145583000000002 5.5000000000000009 0.29500000000000004 345.02500000000003 0.090500000000000011 11.067572500000002 0.93950000000000011 -0.59999999999999998 102.55000000000004
decision_type=2 2 2 2 2 2 2 2 2 2 2 2 2 2
left_child=1 6 3 -3 -4 7 9 8 -2 -1 13 -9 -12 -7
right_child=5 2 4 -5 -6 10 -8 11 -10 -11 12 -13 -14 -15
leaf_value=-0.0086005178004253304 -0.021767951335756819 0.0032916552018842703 0.021114140187052974 0.031490547813598606 -0.0043428220282264044 -0.014309798606263384 -0.040820772896773612 -0.011376274848158292 0.022992412269369128 -0.030664019996832572 0.033900657921949066 -0.027311541026800192 -0.03359831447305419 0.020803496966672427
leaf_weight=1163.5775001198053 479.73245008289814 7367.5917623490095 4778.3340684324503 5567.8767228126526 18225.067976072431 116.07578991353512 983.31476505473256 1255.4370238929987 511.66917917132378 890.47907197475433 21.281821936368942 1179.8975000604987 4069.9510086476803 89.945496790111065
leaf_count=5254 2704 27680 17060 19068 89864 640 10828 7416 2000 5254 136 8328 33272 512
internal_value=-0.00079487 0.00369139 0.00615849 0.0154294 0.000945173 -0.0234331 -0.0254999 -0.0131861 0.00133318 -0.0181655 -0.0316043 -0.0190968 -0.0332472 0.00102009
internal_weight=46700.2 38976.2 35938.9 12935.5 23003.4 7723.99 3037.37 3426.74 991.402 2054.06 4297.25 2435.33 4091.23 206.021
internal_count=230016 175008 153672 46748 106924 55008 21336 20448 4704 10508 34560 15744 33408 1152
is_linear=0
shrinkage=0.05


Tree=87
num_leaves=15
num_cat=0
split_feature=0 1 5 12 12 7 4 1 0 12 1 5 8 15
split_gain=1097.96 593.259 305.421 403.068 133.043 164.73 124.155 61.5382 68.7562 112.186 25.5504 20.3667 25.5852 14.9571
threshold=17.499901500000004 90.055912500000019 0.32500000000000007 0.096100000000000005 0.092400000000000024 1.5000000000000002 459.59000000000009 76.807391500000008 16.228959000000007 0.096100000000000005 80.97817400000001 0.13500000000000004 1.2020000000000002 38.750000000000007
decision_type=2 2 2 2 2 2 2 2 2 2 2 2 2 2
left_child=7 2 3 -2 13 -6 -4 11 10 -10 -9 -1 -13 -3
right_child=1 4 6 -5 5 -7 -8 8 9 -11 -12 12 -14 -15
leaf_value=-0.031556205338193866 0.026272533310342669 -0.037487172033824005 -0.033723550352832268 -0.0030559341583509302 0.036122304087535008 0.015329663824906491 0.00088499271039335745 -0.037918789739489756 0.01503487800886312 -0.028675626813794732 -0.01645136798545364 0.039660453446535543 -0.017947234866915435 0.15745621158913961
leaf_weight=25.467588447034359 1410.6101236194372 105.47625506669283 938.9068941231817 6910.9348985552788 1295.0243140012026 3602.1274010650814 357.93137856014073 1620.8513803314418 190.49638636037707 639.85597639344633 151.56556211411953 54.92159229144454 29.694700729101896 0.99320745468139549
leaf_count=432 11958 644 17416 96834 7128 23326 5600 45024 3672 14376 2880 432 288 6
internal_value=0.000242213 0.00566239 -0.00160168 0.00191562 0.019626 0.0208282 -0.0241715 -0.028972 -0.0305207 -0.0186477 -0.036083 0.00764523 0.019444 -0.0356686
internal_weight=17334.9 14622 9618.38 8321.55 5003.62 4897.15 1296.84 2712.85 2602.77 830.352 1772.42 110.084 84.6163 106.469
internal_count=230016 162912 131808 108792 31104 30454 23016 67104 65952 18048 47904 1152 720 650
is_linear=0
shrinkage=0.05


Tree=88
num_leaves=15
num_cat=0
split_feature=1 14 5 0 4 19 7 9 6 12 11 0 9 5
split_gain=479.437 425.193 406.633 543.498 303.719 276.357 177.585 146.231 94.7399 88.1809 76.3893 70.0803 63.3279 40.4212
threshold=72.537452000000016 0.4176649549343881 0.21000000000000005 16.176255000000005 633.37500000000011 38.050000000000004 5.5000000000000009 0.079000000000000015 0.47650000000000009 0.096750000000000017 0.34815000000000007 22.702788000000002 0.077600000000000016 0.31500000000000006
decision_type=2 2 2 2 2 2 2 2 2 2 2 2 2 2
left_child=5 6 4 -4 -3 9 7 -2 -7 11 -8 -1 -10 -11
right_child=1 2 3 -5 -6 8 10 -9 12 13 -12 -13 -14 -15
leaf_value=0.010642238939716194 -0.013660442273716655 0.005744246279281562 -0.016636482188856126 5.9189688171465355e-05 -0.013643293857074476 -0.016509116884182284 0.03890783255223712 0.026552096358710232 0.00067900098183271921 -0.038062568446419885 -0.043446926208653293 -0.033673361009731236 0.041629295879510107 -0.019258717894647077
leaf_weight=223.33371177315712 435.5468955039978 29715.860790520906 6403.9029708504677 20410.439687311649 2167.4090555757284 226.29308539628983 1117.812455072999 470.07809905707836 164.16050677001476 1313.0648756921291 28.885180950164795 148.5515546053648 222.20139609277248 365.30620388686657
leaf_count=778 1397 109916 20992 72820 7196 704 6319 1667 626 4600 109 501 1186 1205
internal_value=0.000481748 0.00139198 0.000609808 -0.00392813 0.00442629 -0.0202837 0.0237626 0.00721247 0.00918242 -0.0290888 0.0368333 -0.00705986 0.02423 -0.0339698
internal_weight=63412.8 60749.9 58697.6 26814.3 31883.3 2662.91 2052.32 905.625 612.655 2050.26 1146.7 371.885 386.362 1678.37
internal_count=230016 220416 210924 93812 117112 9600 9492 3064 2516 7084 6428 1279 1812 5805
is_linear=0
shrinkage=0.05


Tree=89
num_leaves=15
num_cat=0
split_feature=5 23 24 20 5 7 18 24 23 6 12 18 5 24
split_gain=2437.38 947.885 558.444 157.057 63.2525 48.9526 37.2968 23.198 22.6305 11.7823 8.12398 2.67117 0.00775893 0.00152288
threshold=0.21000000000000005 1.0000000180025095e-35 2.5000000000000004 29.278571428571436 -0.34499999999999992 6.5000000000000009 1.4500000000000004 1.5000000000000002 1.0000000180025095e-35 0.55000000000000016 0.12710000000000002 58.250000000000021 0.36500000000000005 2.5000000000000004
decision_type=2 2 2 2 2 2 2 2 2 2 2 2 2 2
left_child=4 2 3 -2 7 -4 10 8 -1 -8 -6 -9 -3 -14
right_child=1 12 5 -5 6 -7 9 11 -10 -11 -12 -13 13 -15
leaf_value=0.039202253695782563 0.036743832345072197 -0.038409049020693593 -0.037387344189300252 0.016800506373503745 0.028889008267317252 0.023260557337004779 -0.037627888241846083 0.039623458906251519 -0.03871508045210504 0.065931242119938241 -0.03384819548304336 -0.034841778267883955 -0.039342919051298941 -0.038498969843438292
leaf_weight=47.454226769506931 1121.559484641999 823.68791142106056 499.11474516056478 8240.3045330643654 25.910390101373196 35.648858796805143 3395.125394847244 1.2614658623933817 11.596176594495772 2.7488219439983359 6.4433025047183028 26.573899079114199 27.466575775295496 6.6369195878505698
leaf_count=372 6904 26936 15452 57396 190 328 120560 20 296 20 126 728 484 204
internal_value=0.000164163 0.0119809 0.0163511 0.0191897 -0.0359682 -0.0333444 -0.0370354 0.00616289 0.023901 -0.0375441 0.0163948 -0.0314671 -0.0384396 -0.0391787
internal_weight=14271.5 10754.4 9896.63 9361.86 3517.11 534.764 3430.23 86.8858 59.0504 3397.87 32.3537 27.8354 857.791 34.1035
internal_count=230016 107704 80080 64300 122312 15780 120896 1416 668 120580 316 748 27624 688
is_linear=0
shrinkage=0.05


Tree=90
num_leaves=15
num_cat=0
split_feature=1 13 6 0 0 1 7 13 18 9 0 8 5 7
split_gain=1772.72 1020.66 660.45 929.223 884.441 210.435 133.233 109.299 176.285 92.366 88.8908 70.1439 37.7156 24.2051
threshold=86.455861500000012 0.33979166666666677 0.12150000000000001 15.896543000000003 20.255440500000002 89.145583000000002 5.5000000000000009 8.0704035237283325 113.65000000000002 0.090500000000000011 11.067572500000002 0.93950000000000011 1.8750000000000002 5.5000000000000009
decision_type=2 2 2 2 2 2 2 2 2 2 2 2 2 2
left_child=1 6 4 -4 -3 7 9 11 -9 -1 13 -2 -12 -7
right_child=5 2 3 -5 -6 10 -8 8 -10 -11 12 -13 -14 -15
leaf_value=-0.008520659390978097 -0.0095542276042957803 0.0031269810633593161 0.017380795979111324 -0.0053937025139413194 0.029164547060118031 0.0091699588377387835 -0.040590460244280605 0.051261680951238425 -0.018443049794939877 -0.030074927783026135 -0.032987379987704943 -0.026741557631051068 0.11519514234034454 -0.03414219465972218
leaf_weight=1161.115816488862 1319.7274555489421 7466.8905966579914 6049.9346466138959 17246.501917086542 5790.7430867999792 166.82504495233297 931.06695807725191 160.83239886164665 208.02523703128099 869.03802853822708 3969.0510898008943 1078.9478327482939 4.2987039834260932 39.989647261798382
leaf_count=5254 7636 28172 21748 87332 19860 896 10844 608 1116 5254 33388 7632 20 256
internal_value=-0.000791631 0.00330356 0.00559072 0.000520688 0.0144998 -0.0240832 -0.0249296 -0.0133887 0.0119502 -0.0177473 -0.0311636 -0.0172853 -0.0328271 0.00079513
internal_weight=46463 39515.3 36554.1 23296.4 13257.6 6947.7 2961.22 2767.53 368.858 2030.15 4180.16 2398.68 3973.35 206.815
internal_count=230016 178464 157112 109080 48032 51552 21352 16992 1724 10508 34560 15268 33408 1152
is_linear=0
shrinkage=0.05


Tree=91
num_leaves=15
num_cat=0
split_feature=0 18 5 1 0 1 16 4 1 0 12 1 12 8
split_gain=1034.83 554.506 342.202 261.744 257.142 202.043 293.914 150.261 60.0952 69.5179 107.327 25.6287 19.9574 23.2964
threshold=17.499901500000004 57.350000000000016 -0.20999999999999999 85.769548500000013 26.181188500000005 73.139780500000015 0.75000000000000011 447.64000000000004 76.807391500000008 16.228959000000007 0.096100000000000005 80.97817400000001 0.12365000000000002 1.2445000000000002
decision_type=2 2 2 2 2 2 2 2 2 2 2 2 2 2
left_child=8 5 3 -3 -4 6 -2 -7 12 11 -11 -10 13 -1
right_child=1 2 4 -5 -6 7 -8 -9 9 10 -12 -13 -14 -15
leaf_value=0.03145877263230816 -0.024699160144060723 -0.027474728213561186 0.0068145857554554115 0.0081534576458992068 0.023545213647729813 -0.026425228413293395 0.049034409174086406 -0.0025211089361576776 -0.03784845443425041 0.014416677327175066 -0.02830980523252119 -0.016214734565181063 -0.033983652858909343 -0.032738898832777967
leaf_weight=69.520996816456318 247.74461400695145 920.85134145244956 4767.2039492763579 1171.0796806104481 4431.5144759640098 1803.0792914927006 297.39448296651244 1034.6635338701308 1558.8739176914096 192.61156173795462 620.37597911804914 150.07996946386993 22.958335019648075 17.736987363547087
leaf_count=636 4972 15320 50180 12488 28896 31924 3236 15896 45024 3672 14376 2880 324 192
internal_value=0.000224761 0.00540319 0.0107235 -0.00752979 0.0148746 -0.0123539 0.0155254 -0.0177096 -0.0286435 -0.0302229 -0.0181871 -0.0359486 0.00749569 0.0184093
internal_weight=17305.7 14673.5 11290.6 2091.93 9198.72 3382.88 545.139 2837.74 2632.16 2521.94 812.988 1708.95 110.216 87.258
internal_count=230016 162912 106884 27808 79076 56028 8208 47820 67104 65952 18048 47904 1152 828
is_linear=0
shrinkage=0.05


Tree=92
num_leaves=15
num_cat=0
split_feature=23 7 18 9 13 12 1 10 5 11 1 11 1 0
split_gain=452.336 461.564 714.717 489.844 439.801 652.708 328.528 208.391 206.107 222.086 186.692 161.035 138.966 20.6628
threshold=9.5000000000000018 6.5000000000000009 27.050000000000008 0.095650000000000013 2.1979513888888893 0.093550000000000008 73.80284450000002 0.62305000000000021 -0.20999999999999999 0.21765000000000004 78.198906000000008 0.29955000000000004 77.255771500000009 24.819995500000001
decision_type=2 2 2 2 2 2 2 2 2 2 2 2 2 2
left_child=1 4 7 -4 5 -1 -6 -3 12 10 -10 -11 -2 -14
right_child=8 2 3 -5 6 -7 -8 -9 9 11 -12 -13 13 -15
leaf_value=0.026457216080098152 -0.04873472631200134 0.019322167050551762 -0.017342805804597707 0.018813696759690426 -0.016793962549087996 -0.010010982570990709 0.0043617453018797506 0.043020422367191391 -0.013736756799892514 -0.03009514552001168 0.024921335205863142 -0.0074257834800234464 0.032379405440613677 -0.019957356729216207
leaf_weight=1339.9706114977598 575.75781436264515 3060.9928977787495 2344.6230165064335 1560.0371729880571 1946.9226972162724 14547.962429210544 31946.984572887421 1331.0373136252165 558.08864033222198 1335.9686472117901 709.15782511234283 1894.0437737256289 65.784061014652252 26.438153505325317
leaf_count=4807 2324 14432 8564 6292 6272 47653 118256 6896 1702 4199 2296 5999 244 80
internal_value=0.000487542 0.00174858 0.012667 -0.00289712 -7.10991e-05 -0.0069353 0.00314653 0.0265041 -0.0136917 -0.00984246 0.00789652 -0.0168021 -0.0396075 0.0173756
internal_weight=63243.8 58078.5 8296.69 3904.66 49781.8 15887.9 33893.9 4392.03 5165.24 4497.26 1267.25 3230.01 667.98 92.2222
internal_count=230016 213172 36184 14856 176988 52460 124528 21328 16844 14196 3998 10198 2648 324
is_linear=0
shrinkage=0.05


Tree=93
num_leaves=15
num_cat=0
split_feature=24 23 12 1 7 10 8 10 10 6 15 5 24 1
split_gain=2300.48 1050.83 654.834 321.955 682.908 597.52 159.24 156.931 145.88 22.4999 9.25319 0.00367381 0.00203627 0.000604288
threshold=1.0000000180025095e-35 1.0000000180025095e-35 0.091550000000000006 86.581973000000019 4.5000000000000009 0.60940000000000005 2.1315000000000004 0.46470000000000006 0.54655000000000009 0.53800000000000014 1.5500000000000003 0.36500000000000005 2.5000000000000004 79.057118500000016
decision_type=2 2 2 2 2 2 2 2 2 2 2 2 2 2
left_child=1 3 9 4 -1 -5 7 -4 -8 10 -2 13 -11 -3
right_child=2 11 6 5 -6 -7 8 -9 -10 12 -12 -13 -14 -15
leaf_value=0.026405913220115235 0.071634215141643115 -0.038368337649815537 -0.00062631799084836726 0.063337340208565615 -0.0060008576477648522 -0.012455839034016642 -0.0052342865126049579 -0.034605575600095258 0.13419233721957799 -0.041956299524430946 0.12850795143916047 -0.039142732346713803 -0.03858810652394077 -0.038283688960283072
leaf_weight=4861.6873747557402 8.0274408012628538 440.0999244581908 369.52443333156407 947.08550927788019 2442.3368423506618 358.45314691588283 65.697628313675523 4224.0253616645932 26.25885346159339 1.5387727208435529 65.553928975015879 14.059392645955084 0.63344602286815632 404.72362936101854
leaf_count=29364 30 15076 10401 5742 22476 2486 512 127819 126 15 243 272 18 15436
internal_value=0.000140235 0.0143964 -0.0282102 0.0196575 0.0155697 0.0425273 -0.030568 -0.0318721 0.03458 0.117621 0.122303 -0.0383411 -0.0409741 -0.0383278
internal_weight=14229.7 9468.45 4761.26 8609.56 7304.02 1305.54 4685.51 4593.55 91.9565 75.7536 73.5814 858.883 2.17222 844.824
internal_count=230016 90852 139164 60068 51840 8228 138858 138220 638 306 273 30784 33 30512
is_linear=0
shrinkage=0.05


Tree=94
num_leaves=15
num_cat=0
split_feature=1 13 6 0 0 1 7 12 6 11 9 0 5 18
split_gain=1657.21 963.172 557.143 849.452 781.577 246.225 245.224 146.767 111.846 129.743 108.138 85.7257 38.2378 22.9351
threshold=86.273917500000024 0.46152751423149913 0.12150000000000001 20.255440500000002 15.896543000000003 89.145583000000002 5.5000000000000009 0.094750000000000015 0.43000000000000005 0.21515000000000004 0.077200000000000005 11.067572500000002 -0.59999999999999998 148.35000000000005
decision_type=2 2 2 2 2 2 2 2 2 2 2 2 2 2
left_child=1 6 3 -3 -4 8 7 -1 9 -2 -10 13 -13 -7
right_child=5 2 4 -5 -6 11 -8 -9 10 -11 -12 12 -14 -15
leaf_value=-0.041876479155674336 0.015123781825034842 0.0030330682646644434 0.016761483851159057 0.028756425287658399 -0.0046102343009202171 -0.0073559654677807871 -0.040560645956580557 -0.0078626764191957171 -0.0044800292617970415 -0.012842558222297558 -0.036976792381776563 0.034776128738465355 -0.032772461444417693 0.03536949755662247
leaf_weight=367.13925779610872 549.9796377196908 7459.8746400177479 5824.8730268552899 5632.7063519507647 16108.063587144017 168.84617342799902 1094.0981408469379 2329.0170702859759 398.53363285958767 1686.2697875872254 715.78449405729771 21.065840974450111 3836.7572628483176 38.58846814930439
leaf_count=2850 2985 28120 20428 19136 80568 936 12896 11010 2722 9095 5646 136 33272 216
internal_value=-0.000790918 0.00334684 0.0059378 0.0140998 0.00106559 -0.0224487 -0.020596 -0.0124944 -0.0124132 -0.00596456 -0.0253544 -0.03072 -0.0324036 0.000592129
internal_weight=46231.6 38815.8 35025.5 13092.6 21932.9 7415.83 3790.25 2696.16 3350.57 2236.25 1114.32 4065.26 3857.82 207.435
internal_count=230016 175008 148252 47256 100996 55008 26756 13860 20448 12080 8368 34560 33408 1152
is_linear=0
shrinkage=0.05


Tree=95
num_leaves=15
num_cat=0
split_feature=0 18 5 12 11 11 12 22 15 12 17 0 22 1
split_gain=978.79 510.887 309.27 400.677 197.126 195.669 133.515 112.682 60.1104 180.02 120.08 39.3524 46.3372 32.4137
threshold=17.499901500000004 57.350000000000016 0.13500000000000004 0.098150000000000015 0.34415000000000007 0.34415000000000007 0.094750000000000015 35.500000000000007 19.350000000000005 0.094350000000000003 61.350000000000016 16.228959000000007 -8.4999999999999982 76.807391500000008
decision_type=2 2 2 2 2 2 2 2 2 2 2 2 2 2
left_child=8 4 3 -3 7 -4 -6 -2 11 10 -10 13 -13 -1
right_child=1 2 5 -5 6 -7 -8 -9 9 -11 -12 12 -14 -15
leaf_value=-0.0024694128416998347 -0.019582720119190378 0.050556124437436151 0.013290934934362193 -0.0048695959471109565 -0.029630978290008832 0.03713700874546419 0.022902389808545184 0.065402162633811975 0.27410846107831793 -0.016868965075870872 0.0097816600210249294 0.005096033259067316 -0.02687318438426526 -0.036167123839729337
leaf_weight=74.730931293219328 2593.9764803946018 355.30615121871233 6051.4988820180297 3962.8473745658994 154.79770002514124 1002.8137218467891 553.11886957287788 39.599565736949444 9.3839758895337599 156.11186849139631 7.925470393151044 140.48660262674093 586.70356360264122 1583.09289220348
leaf_count=828 45905 3756 46571 49304 2660 7253 7087 376 123 3232 105 3048 13628 46140
internal_value=0.000216294 0.00517949 0.0102297 -0.000309059 -0.0120085 0.0166808 0.0114151 -0.0183049 -0.0283278 9.40241e-05 0.153081 -0.0303944 -0.020697 -0.0346481
internal_weight=17272.4 14714 11372.5 4318.15 3341.49 7054.31 707.917 2633.58 2558.44 173.421 17.3094 2385.01 727.19 1657.82
internal_count=230016 162912 106884 53060 56028 53824 9747 46281 67104 3460 228 63644 16676 46968
is_linear=0
shrinkage=0.05


Tree=96
num_leaves=15
num_cat=0
split_feature=1 14 5 0 1 12 7 9 7 13 11 11 12 0
split_gain=432.708 371.781 357.608 460.075 291.6 221.034 141.055 135.494 104.053 85.5168 84.2489 82.0128 69.7772 32.0328
threshold=71.931277000000009 0.37169751118728017 0.21000000000000005 15.196710000000001 77.405041500000024 0.097900000000000015 5.5000000000000009 0.079000000000000015 6.5000000000000009 2.3145644796380096 0.13095000000000004 0.34815000000000007 0.09395000000000002 21.478647500000005
decision_type=2 2 2 2 2 2 2 2 2 2 2 2 2 2
left_child=5 6 4 -4 -3 8 7 -2 12 10 -7 -8 -1 -11
right_child=1 2 3 -5 -6 9 11 -9 -10 13 -12 -13 -14 -15
leaf_value=0.045508684931052139 -0.012243013802855446 -0.0076605969601919559 -0.018019386764424022 -0.00070974172995475306 0.0060698869258194506 0.045113528312303246 0.037947328637406103 0.027520976777634661 0.041250202142628749 -0.020867816377453621 -0.023188231817990002 -0.050159469949083393 -0.013873873332774719 -0.04588739786836752
leaf_weight=54.58573392033577 417.75040471553802 4499.9891534000635 4630.9739438593388 22440.272612735629 27482.702615693212 51.464067935943604 999.7521989941597 439.7360457777977 129.46376468241215 152.21180918812752 367.88378390669823 27.12880277633667 527.7752485871315 801.95671750605106
leaf_count=240 1339 14476 15136 79884 103676 182 6132 1589 960 528 1146 104 1680 2944
internal_value=0.000489533 0.00125594 0.000558306 -0.00367084 0.004138 -0.0219066 0.023119 0.00814875 0.000705573 -0.0336253 -0.014806 0.0356197 -0.00830784 -0.0418962
internal_weight=63023.6 60938.3 59053.9 27071.2 31982.7 2085.34 1884.37 857.486 711.825 1373.52 419.348 1026.88 582.361 954.169
internal_count=230016 222336 213172 95020 118152 7680 9164 2928 2880 4800 1328 6236 1920 3472
is_linear=0
shrinkage=0.05


Tree=97
num_leaves=15
num_cat=0
split_feature=5 23 24 9 5 14 18 24 23 0 8 18 5 24
split_gain=2203.37 850.965 492.638 133.541 63.1704 48.4634 39.6565 20.9511 19.524 11.1826 6.53999 2.63997 0.00650137 0.00125227
threshold=0.18500000000000003 1.0000000180025095e-35 2.5000000000000004 0.076700000000000004 -0.34499999999999992 29.197181676111345 1.4500000000000004 1.5000000000000002 1.0000000180025095e-35 22.237529000000006 1.9935000000000003 58.250000000000021 0.36500000000000005 2.5000000000000004
decision_type=2 2 2 2 2 2 2 2 2 2 2 2 2 2
left_child=4 2 3 -2 7 -4 9 8 -1 -6 -8 -9 -3 -14
right_child=1 12 5 -5 6 -7 10 11 -10 -11 -12 -13 13 -15
leaf_value=0.036116570078375161 0.029918985885182971 -0.038351074325323226 -0.036849242936024949 0.014693070655895937 0.082904397877466299 0.029688241192968236 -0.037603344147423425 0.039669232291507997 -0.038612226898186157 0.0056133396262947896 0.018675012667664539 -0.034496087895352551 -0.039230356059287333 -0.038442864993296827
leaf_weight=49.113772753626108 1765.6280889604241 775.6072122566402 478.59916753321886 7810.4087294992059 5.8719739615917232 29.026383053511381 3144.1876014694571 1.2608824931085134 10.632674332708119 23.049725208431482 5.1706828251481047 24.80077407695353 25.875028260052204 6.2720070928335181
leaf_count=372 10310 27032 15432 54066 36 416 120252 20 296 252 116 728 484 204
internal_value=0.000201151 0.0110003 0.0149559 0.0175004 -0.0358328 -0.0330446 -0.0369757 0.00650007 0.0228176 0.0213057 -0.0375109 -0.0309079 -0.03838 -0.0390767
internal_weight=14155.5 10891.4 10083.7 9576.04 3264.09 507.626 3178.28 85.8081 59.7464 28.9217 3149.36 26.0617 807.754 32.147
internal_count=230016 107944 80224 64376 122072 15848 120656 1416 668 288 120368 748 27720 688
is_linear=0
shrinkage=0.05


Tree=98
num_leaves=15
num_cat=0
split_feature=1 13 6 0 0 1 7 13 9 25 0 8 5 12
split_gain=1537.71 877.741 554.164 773.343 743.984 202.936 127.386 101.821 169.375 87.8846 83.5644 67.0341 36.2964 22.9383
threshold=86.455861500000012 0.33979166666666677 0.12150000000000001 15.360888500000001 20.255440500000002 89.145583000000002 5.5000000000000009 8.0704035237283325 0.078800000000000023 1.5000000000000002 11.067572500000002 0.93950000000000011 -0.59999999999999998 0.099450000000000024
decision_type=2 2 2 2 2 2 2 2 2 2 2 2 2 2
left_child=1 6 4 -4 -3 7 9 11 -9 -1 13 -2 -12 -7
right_child=5 2 3 -5 -6 10 -8 8 -10 -11 12 -13 -14 -15
leaf_value=-0.037613126876604064 -0.0087560326430176829 0.0027245965538104733 0.018141092353986091 -0.0043281892030767833 0.02656108096847265 0.01160166963464118 -0.040222124920591767 0.064989189869048669 -0.0097705516174914527 -0.011639508415722586 0.032669409097058802 -0.025812911419981172 -0.032351286952853463 -0.024604508859730648
leaf_weight=410.30255343019962 1296.3347744569182 7478.7729437053204 4838.2886242493987 18365.166295267642 5821.8463615328074 144.49505969882011 839.520612411201 106.87472350150347 260.25207284837961 1579.0408553034067 21.587888672947884 1036.6457679718733 3724.1651340052485 62.740178883075714
leaf_count=2627 7636 28172 17060 92020 19860 800 10844 468 1256 7881 136 7632 33272 352
internal_value=-0.00081839 0.00294196 0.00502122 0.000357013 0.0131581 -0.0230495 -0.0238892 -0.0124835 0.0119928 -0.0169966 -0.0302666 -0.0163352 -0.0319766 0.0006403
internal_weight=45986 39332.9 36504.1 23203.5 13300.6 6653.1 2828.86 2700.11 367.127 1989.34 3952.99 2332.98 3745.75 207.235
internal_count=230016 178464 157112 109080 48032 51552 21352 16992 1724 10508 34560 15268 33408 1152
is_linear=0
shrinkage=0.05


Tree=99
num_leaves=15
num_cat=0
split_feature=0 21 5 1 0 11 12 7 1 0 12 1 12 8
split_gain=925.42 476.588 360.896 297.617 201.348 121.687 118.539 61.5717 58.6966 70.4932 102.585 26.6023 19.5425 32.4475
threshold=17.499901500000004 50.500000000000007 -0.20999999999999999 85.769548500000013 26.181188500000005 0.34415000000000007 0.094750000000000015 4.5000000000000009 76.807391500000008 16.228959000000007 0.096100000000000005 80.97817400000001 0.096750000000000017 1.2445000000000002
decision_type=2 2 2 2 2 2 2 2 2 2 2 2 2 2
left_child=8 5 3 -3 -4 7 -7 -2 12 11 -11 -10 13 -1
right_child=1 2 4 -5 -6 6 -8 -9 9 10 -12 -13 -14 -15
leaf_value=0.06738299695112572 -0.015703512349440622 -0.028452466563491124 0.0062296566224192733 0.0078086954164749318 0.020291826751234341 -0.038246565945475187 0.020658433314229882 -0.035551582934068085 -0.037719658850392287 0.014296164995216659 -0.027705485408345495 -0.015191458846679768 -0.0067981576970308003 -0.040641460657052639
leaf_weight=25.881861109286547 1212.9643319025636 1067.0810748338699 5441.3538638018072 1204.7268813513219 4783.21098222211 112.35881099104881 356.06229146756232 576.42163752950728 1448.9888385143131 192.87560455128551 590.29643178917468 144.06996056623757 74.08834283426404 9.5041543580591661
leaf_count=192 18796 18624 58000 13048 31736 2198 4643 15867 45024 3672 14376 2880 840 120
internal_value=0.000228248 0.00498313 0.00880288 -0.00922338 0.0128082 -0.0161582 0.00652906 -0.0220972 -0.0279949 -0.029644 -0.0173615 -0.0356823 0.00780156 0.0383692
internal_weight=17239.9 14754.2 12496.4 2271.81 10224.6 2257.81 468.421 1789.39 2485.71 2376.23 783.172 1593.06 109.474 35.386
internal_count=230016 162912 121408 31672 89736 41504 6841 34663 67104 65952 18048 47904 1152 312
is_linear=0
shrinkage=0.05


Tree=100
num_leaves=15
num_cat=0
split_feature=1 14 5 0 7 1 12 12 5 11 10 6 13 0
split_gain=406.747 343.082 366.394 441.257 295.455 264.047 207.564 206.97 124.005 76.0623 70.0415 50.1503 40.4915 34.623
threshold=71.931277000000009 0.55081960376681949 0.21000000000000005 16.176255000000005 5.5000000000000009 76.807391500000008 0.094750000000000015 0.096750000000000017 0.31500000000000006 0.34815000000000007 0.67860000000000009 0.47650000000000009 1.9530834914611008 21.478647500000005
decision_type=2 2 2 2 2 2 2 2 2 2 2 2 2 2
left_child=7 4 5 -4 6 -3 -2 11 13 -6 -10 12 -1 -9
right_child=1 2 3 -5 9 -7 -8 8 10 -11 -12 -13 -14 -15
leaf_value=-0.032731961872769111 0.040302890569074074 -0.0084334988206699515 -0.01555648321086508 -0.00032634159604343939 0.037687329193033137 0.0056895378219647512 -0.0071186907713670783 -0.019485644658590276 -0.016592408325800594 -0.043875106935528825 0.04938565255355909 0.015417776870226869 0.043802246570924838 -0.04494578474324424
leaf_weight=109.01519864797592 291.31433455646038 3750.8989606648684 6241.4908797740936 19979.488591730595 1268.7079196721315 28125.090092122555 1109.8874055743217 158.66817232966423 504.57312279194593 29.243253588676453 43.70957213640213 380.54491251707077 20.537732511758804 842.87792362272739
leaf_count=337 1129 12176 20336 71308 7710 105976 3591 552 1760 110 160 1680 63 3128
internal_value=0.000495581 0.00123595 0.000426352 -0.00395164 0.0186618 0.00402766 0.00274041 -0.0213554 -0.0304479 0.0358497 -0.0113326 0.00627031 -0.0205992 -0.0409123
internal_weight=62856 60796.1 58097 26221 2699.15 31876 1401.2 2059.93 1549.83 1297.95 548.283 510.098 129.553 1001.55
internal_count=230016 222336 209796 91644 12540 118152 4720 7680 5600 7820 1920 2080 400 3680
is_linear=0
shrinkage=0.05


Tree=101
num_leaves=15
num_cat=0
split_feature=5 23 24 10 5 7 18 24 23 0 8 5 24 19
split_gain=2081.71 800.062 458.344 125.606 62.3789 46.9785 38.5128 19.6162 21.3572 9.50271 6.39645 0.0058268 0.00112285 0.000800412
threshold=0.18500000000000003 1.0000000180025095e-35 2.5000000000000004 0.46220000000000006 -0.34499999999999992 6.5000000000000009 1.4500000000000004 2.5000000000000004 1.0000000180025095e-35 22.237529000000006 1.9935000000000003 0.36500000000000005 2.5000000000000004 37.750000000000007
decision_type=2 2 2 2 2 2 2 2 2 2 2 2 2 2
left_child=4 2 3 -2 7 -4 9 8 -1 -6 -8 -3 -13 -9
right_child=1 11 5 -5 6 -7 10 13 -10 -11 -12 12 -14 -15
leaf_value=0.032935394678951263 0.045037075275674583 -0.038321011017066059 -0.037198822155911776 0.015436829827933349 0.074891004617333543 0.022083598611024841 -0.037544160253884434 -0.038503421362146774 -0.03852772014354023 0.0053252330437834209 0.017636695101846508 -0.039167682040745638 -0.038408915968328586 -0.040277704738266688
leaf_weight=53.86701151356101 372.71585892885923 749.16822664625943 456.64804276823997 9327.0043254513294 6.2306735441088703 36.05725060775876 3020.7744465023279 18.293897293508056 12.972790459170936 23.142924711108208 5.2608742658048859 25.014210455119613 6.0563192926347247 0.6585153192281713
leaf_count=468 2263 27032 15520 62113 36 328 120252 552 388 252 116 484 204 8
internal_value=0.000174813 0.010449 0.0141845 0.0165742 -0.0357145 -0.0328604 -0.0368952 0.00633412 0.0190653 0.0200814 -0.0374482 -0.0383488 -0.0390198 -0.0385651
internal_weight=14113.9 10972.7 10192.4 9699.72 3141.2 492.705 3055.41 85.7922 66.8398 29.3736 3026.04 780.239 31.0705 18.9524
internal_count=230016 107944 80224 64376 122072 15848 120656 1416 856 288 120368 27720 688 560
is_linear=0
shrinkage=0.05


Tree=102
num_leaves=15
num_cat=0
split_feature=1 13 6 0 0 1 7 10 6 11 9 0 5 7
split_gain=1433.68 822.371 480.204 717.042 664.591 234.768 177.978 107.87 104.887 120.2 107.394 81.421 36.066 26.643
threshold=86.273917500000024 0.40080645161290335 0.12150000000000001 20.255440500000002 15.896543000000003 89.145583000000002 5.5000000000000009 0.63990000000000014 0.43000000000000005 0.21515000000000004 0.077200000000000005 13.181956500000002 1.4700000000000002 5.5000000000000009
decision_type=2 2 2 2 2 2 2 2 2 2 2 2 2 2
left_child=1 6 3 -3 -4 8 7 -1 9 -2 -10 13 -13 -7
right_child=5 2 4 -5 -6 11 -8 -9 10 -11 -12 12 -14 -15
leaf_value=-0.009038737563991265 0.014847505362200484 0.0025961941878862114 0.014958137188387621 0.026191059099328142 -0.0045231529928052563 -0.00030414875341691481 -0.040133219782757024 -0.037870276743331092 -0.0035319708293198187 -0.012105490137336868 -0.036434733230015136 -0.032398250326636478 0.069231610654037309 -0.0346663890640838
leaf_weight=1919.1150690242648 551.25136975944042 7475.5079249888659 5984.2455695867538 5656.318456158042 16308.424886122346 286.60547190904617 899.12344549968839 390.41412162780762 390.15985935181379 1657.1122974902391 680.64717873185873 3478.8304104804993 8.7515779659152013 70.234112530946732
leaf_count=9860 2985 28140 21024 19140 82580 1792 11944 2320 2722 9095 5646 32200 56 512
internal_value=-0.000821571 0.0029789 0.0051744 0.0127593 0.000706406 -0.0214325 -0.0212601 -0.0139126 -0.0116044 -0.00537749 -0.0244463 -0.0298157 -0.0321432 -0.00706742
internal_weight=45756.7 38633.1 35424.5 13131.8 22292.7 7123.59 3208.65 2309.53 3279.17 2208.36 1070.81 3844.42 3487.58 356.84
internal_count=230016 175008 150884 47280 103604 55008 24124 12180 20448 12080 8368 34560 32256 2304
is_linear=0
shrinkage=0.05


Tree=103
num_leaves=15
num_cat=0
split_feature=0 21 6 1 13 7 2 9 15 12 17 0 22 1
split_gain=875.92 442.096 322.738 223.591 183.209 117.033 114.426 70.6947 58.5954 143.333 76.4321 39.9854 45.3503 31.9219
threshold=17.499901500000004 50.500000000000007 0.084000000000000019 85.769548500000013 14.510399999999999 3.5000000000000004 75.15000000000002 0.076450000000000018 19.350000000000005 0.094350000000000003 61.350000000000016 16.228959000000007 -8.4999999999999982 76.807391500000008
decision_type=2 2 2 2 2 2 2 2 2 2 2 2 2 2
left_child=8 5 3 -3 -4 6 -2 -7 11 10 -10 13 -13 -1
right_child=1 2 4 -5 -6 7 -8 -9 9 -11 -12 12 -14 -15
leaf_value=-0.0023451655334084157 0.014387491996169495 -0.023093445654175739 0.0088352725831523319 0.0070585307507574149 0.025163835456997397 0.011416601278266117 -0.017651693170820909 -0.032006455092293773 0.20705115290403017 -0.01612855786757467 0.0082265873525222757 0.0057196483749879703 -0.026230492321239543 -0.035916296733121043
leaf_weight=74.385079313069582 465.68442501872778 1213.3645523302257 7912.2312715612352 1246.4405403882265 2194.2802887074649 103.89433990418911 693.9585928581655 958.22290659695864 11.885924801230432 151.28428433835506 8.1466622054576856 138.56910312175751 559.54043744318187 1473.482223325409
leaf_count=828 6608 21292 75188 13356 11572 2461 10708 21727 123 3232 105 3048 13628 46140
internal_value=0.000231025 0.00479222 0.00842733 -0.00781474 0.0123805 -0.015768 -0.00478554 -0.0277589 -0.0276726 0.000513763 0.126195 -0.0298226 -0.0198886 -0.034303
internal_weight=17205.4 14788.1 12566.3 2459.81 10106.5 2221.76 1159.64 1062.12 2417.29 171.317 20.0326 2245.98 698.11 1547.87
internal_count=230016 162912 121408 34648 86760 41504 17316 24188 67104 3460 228 63644 16676 46968
is_linear=0
shrinkage=0.05


Tree=104
num_leaves=15
num_cat=0
split_feature=1 7 13 10 5 0 1 12 10 5 10 12 20 0
split_gain=380.361 323.899 602.944 582.153 428.125 445.949 252.482 193.095 169.678 117.41 65.3507 49.6157 45.4845 33.6803
threshold=71.931277000000009 6.5000000000000009 0.73879928315412202 0.61820000000000008 0.21000000000000005 16.567750000000004 77.405041500000024 0.096750000000000017 0.53655000000000019 0.31500000000000006 0.67860000000000009 0.09395000000000002 31.007142857142863 21.478647500000005
decision_type=2 2 2 2 2 2 2 2 2 2 2 2 2 2
left_child=7 4 8 -4 6 -6 -2 11 -3 13 -11 -1 -13 -9
right_child=1 2 3 -5 5 -7 -8 9 -10 10 -12 12 -14 -15
leaf_value=0.044062559345916991 -0.0077756430028136482 -0.0027093952190124651 -0.01036327745447144 0.023373075320646079 -0.016550918889855003 -0.0010097369145150596 0.0055877658056999041 -0.018732587025798299 0.034291015233729343 -0.016062759367833072 0.048424600375881088 0.032814074011948594 -0.0083004103393065302 -0.04397530227741913
leaf_weight=73.129152804613113 4107.719693467021 355.8472658097744 3787.2788386791945 1930.5759707689285 6439.2517965137959 16301.30073094368 25332.044233232737 157.30273923277855 2397.1254294514656 504.33670034259558 42.605130463838577 83.151896886527538 352.16937652975321 826.17984561622143
leaf_count=400 13260 1637 14010 8018 20460 56316 95580 552 13055 1760 160 266 1414 3128
internal_value=0.000500813 0.00121489 0.0102836 0.00102746 -0.000257304 -0.0054104 0.00372317 -0.0207411 0.0295084 -0.0296102 -0.0110394 0.00595468 -0.000447021 -0.0399379
internal_weight=62690 60651.1 8470.83 5717.85 52180.3 22740.6 29439.8 2038.87 2752.97 1530.42 546.942 508.45 435.321 983.483
internal_count=230016 222336 36720 22028 185616 76776 108840 7680 14692 5600 1920 2080 1680 3680
is_linear=0
shrinkage=0.05


Tree=105
num_leaves=15
num_cat=0
split_feature=5 23 24 1 5 14 18 24 23 12 8 5 24 19
split_gain=1967.69 753.207 427.152 123.825 61.5643 46.6437 37.3886 18.5091 19.5191 8.44215 6.25778 0.00521751 0.00101018 0.000701172
threshold=0.18500000000000003 1.0000000180025095e-35 2.5000000000000004 80.688960000000023 -0.34499999999999992 29.197181676111345 1.4500000000000004 2.5000000000000004 1.0000000180025095e-35 0.12710000000000002 1.9935000000000003 0.36500000000000005 2.5000000000000004 37.750000000000007
decision_type=2 2 2 2 2 2 2 2 2 2 2 2 2 2
left_child=4 2 3 -2 7 -4 9 8 -1 -6 -8 -3 -13 -9
right_child=1 11 5 -5 6 -7 10 13 -10 -11 -12 12 -14 -15
leaf_value=0.030954986897379435 0.0083063849123484503 -0.038292106991815116 -0.036683250368234756 0.019968446570063803 0.032388826662333163 0.028200867598117546 -0.037485103362718736 -0.038464999465289057 -0.038480790796497064 -0.033554502575689614 0.016639931904077254 -0.039107384687762085 -0.038374371395179761 -0.040158095238722505
leaf_weight=55.172810103744268 3585.8048609644175 723.71221479959786 448.79082981683314 6231.9219173491001 23.713014349341396 29.520446885377169 2902.1049447394907 17.622171778231863 12.395021868869661 6.102480247616767 5.3501238338649264 24.178165521472696 5.8343974668532601 0.63348996639251609
leaf_count=468 23940 27032 15432 40436 162 416 120252 552 388 126 116 484 204 8
internal_value=0.000149834 0.00992912 0.0134611 0.015709 -0.0355946 -0.0326787 -0.0368142 0.00614781 0.0182173 0.0188919 -0.0373855 -0.0383189 -0.0389649 -0.0385238
internal_weight=14072.9 11049.8 10296 9817.73 3023.09 478.311 2937.27 85.8235 67.5678 29.8155 2907.46 753.725 30.0126 18.2557
internal_count=230016 107944 80224 64376 122072 15848 120656 1416 856 288 120368 27720 688 560
is_linear=0
shrinkage=0.05


Tree=106
num_leaves=15
num_cat=0
split_feature=1 6 7 0 1 12 10 1 5 13 18 0 8 5
split_gain=1333.63 764.87 747.263 610.79 508.106 412.766 272.255 195.066 148.143 95.5181 156.058 78.7381 64.3812 36.4748
threshold=86.455861500000012 0.43000000000000005 6.5000000000000009 24.172974500000006 80.867646000000022 0.093550000000000008 0.57330000000000014 89.145583000000002 0.44500000000000006 8.0704035237283325 113.65000000000002 13.181956500000002 0.93950000000000011 -0.59999999999999998
decision_type=2 2 2 2 2 2 2 2 2 2 2 2 2 2
left_child=1 3 5 4 -1 -3 -5 9 -4 12 -11 -9 -2 -13
right_child=7 2 8 6 -6 -7 -8 11 -10 10 -12 13 -14 -15
leaf_value=0.008186885450613475 -0.0079829893346719753 -0.04052922777320913 -0.040658279150218614 0.013082442778575912 -0.0085071035109343732 8.3687585860085583e-05 0.033866398810337192 -0.0070056575064540681 0.050968898114039207 0.048412544478796726 -0.017251400266275977 0.033309221922083652 -0.024936030268643047 -0.032135764295527162
leaf_weight=13278.138677328825 1274.4863669797778 674.05748981237411 1718.5744944103062 5593.6632659807801 6940.4561323300004 8707.5955529585481 2193.5323662757874 356.15415300428867 45.275833435356617 163.56617641448975 202.51468136161566 21.425870910286903 998.98068262636662 3362.5157181173563
leaf_count=46048 7636 5103 19916 22484 33704 42197 8788 2304 224 608 1116 136 7632 32120
internal_value=-0.000824186 0.00263011 -0.00844798 0.00703887 0.00245632 -0.00283429 0.018937 -0.0220229 -0.0383063 -0.0116156 0.0120875 -0.0293678 -0.0154323 -0.0317214
internal_weight=45530.9 39151.3 11145.5 28005.8 20218.6 9381.65 7787.2 6379.64 1763.85 2639.55 366.081 3740.1 2273.47 3383.94
internal_count=230016 178464 67440 111024 79752 47300 31272 51552 20140 16992 1724 34560 15268 32256
is_linear=0
shrinkage=0.05


Tree=107
num_leaves=15
num_cat=0
split_feature=0 18 5 1 0 1 16 4 12 18 13 11 22 1
split_gain=828.865 411.813 241.963 232.877 192.056 177.523 204.319 142.016 57.6394 232.751 61.32 32.0555 85.4595 23.6605
threshold=17.499901500000004 51.45000000000001 -0.20999999999999999 85.769548500000013 26.181188500000005 72.926704500000014 0.75000000000000011 447.64000000000004 0.096100000000000005 46.95000000000001 2.8393231379212689 0.34815000000000007 -6.4999999999999991 76.807391500000008
decision_type=2 2 2 2 2 2 2 2 2 2 2 2 2 2
left_child=8 5 3 -3 -4 6 -2 -7 9 -1 -11 13 -13 -10
right_child=1 2 4 -5 -6 7 -8 -9 11 10 -12 12 -14 -15
leaf_value=-0.034637886304620537 -0.02184499045602525 -0.026360346982557754 0.0052608365534278761 0.0075535251371987473 0.019248302943840334 -0.026599607118329694 0.045365410384491711 -0.0015687981578084967 -0.0056345523144299752 0.086345470245748998 0.017809924395899585 0.052834431276438769 -0.030583379802366886 -0.034708903138478693
leaf_weight=345.28953306749463 199.44322478584945 876.7834765650332 5084.9080135338008 1197.579979069531 4743.3170029036701 1570.1054194867611 261.12840269692242 886.67903529852629 73.141096778213978 48.580873634666204 99.444795452058315 40.391977645456791 127.99860361590981 1616.6216136617586
leaf_count=9990 4304 16372 52028 12760 29584 30484 2684 14696 852 1050 1440 1102 3404 49266
internal_value=0.00023419 0.00460997 0.00873636 -0.00678105 0.0120115 -0.0122254 0.016261 -0.0175657 -0.0273438 -0.012151 0.0403028 -0.0313773 -0.0105739 -0.0334504
internal_weight=17171.4 14819.9 11902.6 2074.36 9828.23 2917.36 460.572 2456.78 2351.47 493.315 148.026 1858.15 168.391 1689.76
internal_count=230016 162912 110744 29132 81612 52168 6988 45180 67104 12480 2490 54624 4506 50118
is_linear=0
shrinkage=0.05


Tree=108
num_leaves=15
num_cat=0
split_feature=1 14 5 0 4 20 7 9 8 11 12 7 7 12
split_gain=352.256 303.908 309.401 367.865 240.056 212.817 138.096 124.031 79.7567 68.9191 55.4716 43.3798 42.5823 36.4552
threshold=72.537452000000016 0.4176649549343881 0.21000000000000005 15.196710000000001 633.37500000000011 38.850000000000009 5.5000000000000009 0.079000000000000015 1.2095000000000002 0.34815000000000007 0.094750000000000015 6.5000000000000009 6.5000000000000009 0.096100000000000005
decision_type=2 2 2 2 2 2 2 2 2 2 2 2 2 2
left_child=5 6 4 -4 -3 8 7 -2 13 -8 -7 -12 -10 -1
right_child=1 2 3 -5 -6 10 9 -9 12 -11 11 -13 -14 -15
leaf_value=-0.010412862132107795 -0.012140178938022973 0.0051823022927451404 -0.016214946839076469 -0.00065133809906352583 -0.012157606319556619 0.045692579690221266 0.036352794221550903 0.025066259035735908 -0.010076642299703066 -0.041445140026726134 -0.0033555050509136556 0.042129118784592259 0.039158723024941777 -0.032074932773406825
leaf_weight=223.22235429286957 438.11960181593895 29249.608129024506 4583.3618638515472 22121.423600122333 2142.1775566190481 92.772387117147446 952.22841492295265 458.30602203309536 239.64797253906727 29.34438619017601 370.65134704113007 61.054947711527348 53.768142998218536 1494.988643668592
leaf_count=717 1397 109916 14936 78876 7196 502 6319 1667 776 109 1185 481 432 5507
internal_value=0.000501679 0.00127351 0.000633584 -0.00332253 0.00399903 -0.0177508 0.0210699 0.00688196 -0.0251465 0.034027 0.0106153 0.00307725 -0.00105432 -0.0292607
internal_weight=62510.7 59974.6 58096.6 26704.8 31391.8 2536.11 1878 896.426 2011.63 981.573 524.479 431.706 293.416 1718.21
internal_count=230016 220416 210924 93812 117112 9600 9492 3064 7432 6428 2168 1666 1208 6224
is_linear=0
shrinkage=0.05


Tree=109
num_leaves=15
num_cat=0
split_feature=5 23 24 20 5 7 18 24 23 0 8 5 24 19
split_gain=1865.22 710.287 399.751 118.998 60.6342 45.318 36.4589 17.4052 17.875 7.78846 6.13961 0.00459301 0.000887885 0.000612955
threshold=0.18500000000000003 1.0000000180025095e-35 2.5000000000000004 29.278571428571436 -0.34499999999999992 6.5000000000000009 1.4500000000000004 2.5000000000000004 1.0000000180025095e-35 22.237529000000006 1.9935000000000003 0.36500000000000005 2.5000000000000004 37.750000000000007
decision_type=2 2 2 2 2 2 2 2 2 2 2 2 2 2
left_child=4 2 3 -2 7 -4 9 8 -1 -6 -8 -3 -13 -9
right_child=1 11 5 -5 6 -7 10 13 -10 -11 -12 12 -14 -15
leaf_value=0.029025637315056405 0.029619361024709568 -0.038263019655861936 -0.037061610115773871 0.012907386587732307 0.065515865502614415 0.020921749862083783 -0.037426899365873754 -0.03842789697186226 -0.038439862662648434 0.0043795902918441973 0.015802625586809192 -0.039042231659455182 -0.038342570459306266 -0.040041641856420819
leaf_weight=56.496817447245121 1213.6473155710846 698.23104341328144 428.09936632961035 8707.2885963916779 6.6984115540981319 36.57713707908988 2789.7640281561762 16.966717826202515 11.883043725043533 23.436199901625514 5.4277484174817792 23.291995484381918 5.6305527631193391 0.60957667976617713
leaf_count=468 6916 27032 15520 57460 36 328 120252 552 388 252 116 484 204 8
internal_value=0.000150815 0.00948399 0.0128288 0.0149518 -0.0354752 -0.0324974 -0.0367338 0.00589451 0.0173015 0.0179691 -0.0373235 -0.0382886 -0.038906 -0.0384839
internal_weight=14024 11112.8 10385.6 9920.94 2911.28 464.677 2825.33 85.9562 68.3799 30.1346 2795.19 727.154 28.9225 17.5763
internal_count=230016 107944 80224 64376 122072 15848 120656 1416 856 288 120368 27720 688 560
is_linear=0
shrinkage=0.05


Tree=110
num_leaves=15
num_cat=0
split_feature=1 6 7 0 1 12 10 5 0 6 6 0 18 20
split_gain=1248.56 790.024 742.291 425.323 453.701 409.715 324.153 157.334 76.5118 35.9961 34.8714 29.102 21.2959 18.3674
threshold=89.145583000000002 0.43000000000000005 6.5000000000000009 24.423701500000004 80.867646000000022 0.094550000000000009 0.57330000000000014 0.44500000000000006 11.067572500000002 0.29700000000000004 0.28050000000000003 27.301037000000004 102.55000000000004 29.75
decision_type=2 2 2 2 2 2 2 2 2 2 2 2 2 2
left_child=1 3 5 4 -1 -3 -5 -4 12 10 -10 -11 -2 -14
right_child=8 2 7 6 -6 -7 -8 -9 9 11 -12 -13 13 -15
leaf_value=0.0076412631497947414 -0.013832220450204706 -0.025681241815786921 -0.04052857932821384 0.0091415048418592038 -0.0076550454231720843 0.00083706779198681937 0.030385464271287823 0.046918387647952337 -0.023113103751869143 -0.037462493651366315 0.093746651507917014 -0.025829866369344031 0.012504798540592299 0.1023563538577055
leaf_weight=13346.783787354827 114.52567679435015 1769.908938229084 1831.0600869953632 6336.5234844610095 7612.7402487397194 8227.3992326259613 2505.6992557570338 52.923437349498272 924.24554077535868 1719.0356549844146 6.4281991347670546 782.3553137332201 86.580145761370659 6.0876008421182624
leaf_count=46216 640 11179 21928 26844 37496 40981 10532 280 8024 17668 40 7676 480 32
internal_value=-0.000833289 0.00161886 -0.00928298 0.00596517 0.00208547 -0.0038577 0.0151616 -0.0380721 -0.0289195 -0.0307008 -0.0223059 -0.0338242 0.000587024 0.0184074
internal_weight=45322.3 41683 11881.3 29801.7 20959.5 9997.31 8842.22 1883.98 3639.26 3432.06 930.674 2501.39 207.193 92.6677
internal_count=230016 195456 74368 121088 83712 52160 37376 22208 34560 33408 8064 25344 1152 512
is_linear=0
shrinkage=0.05


Tree=111
num_leaves=15
num_cat=0
split_feature=0 18 5 12 1 15 11 4 1 1 12 5 10 14
split_gain=788.491 398.098 231.145 327.223 178.496 213.252 171.785 151.033 60.4052 50.2197 55.8097 18.5904 23.7743 10.207
threshold=17.067687000000003 57.350000000000016 0.13500000000000004 0.098150000000000015 73.139780500000015 0.45000000000000007 0.34415000000000007 447.64000000000004 76.807391500000008 80.125411500000013 0.096100000000000005 0.13500000000000004 0.63990000000000014 29.197181676111345
decision_type=2 2 2 2 2 2 2 2 2 2 2 2 2 2
left_child=8 4 3 -3 5 -2 -4 -6 11 -10 -11 13 -13 -1
right_child=1 2 6 -5 7 -7 -8 -9 9 10 -12 12 -14 -15
leaf_value=-0.039317276939718315 -0.013092670734404392 0.04354332658717773 0.010774664860090757 -0.0048834640693381686 -0.025399021342555828 0.04959522676168001 0.032415065147600751 -0.00091225445964109454 -0.036832778791510486 0.0047657001829919899 -0.027663767718690044 0.030857218241821433 -0.038228844389542757 0.096711941782876717
leaf_weight=22.706713233143095 304.9032563585788 382.49609758332372 6355.2939236536622 3963.1304584443569 1723.4292236473411 244.41517858020961 1071.6932478249073 992.29160411283374 1212.5516602173448 170.14171628654003 602.37650344148278 70.250727564096451 15.135790951550005 1.4681921750307072
leaf_count=408 5924 3857 47495 50307 33480 2284 7413 15896 41280 3828 17100 576 144 24
internal_value=0.000250477 0.00425384 0.00853816 -0.000621004 -0.011194 0.0147998 0.0138973 -0.0164519 -0.0284902 -0.030485 -0.0205214 0.00765182 0.0186109 -0.0310559
internal_weight=17132.3 15037.7 11772.6 4345.63 3265.04 549.318 7426.99 2715.72 2094.63 1985.07 772.518 109.561 85.3865 24.1749
internal_count=230016 166656 109072 54164 57584 8208 54908 49376 63360 62208 20928 1152 720 432
is_linear=0
shrinkage=0.05


Tree=112
num_leaves=15
num_cat=0
split_feature=23 7 18 9 13 12 1 10 5 7 6 1 11 3
split_gain=337.531 341.395 594.461 412.129 333.227 592.223 221.534 205.275 169.032 211.804 185.666 122.132 116.997 18.5568
threshold=9.5000000000000018 6.5000000000000009 27.050000000000008 0.095650000000000013 1.8829017707985301 0.092400000000000024 72.926704500000014 0.62305000000000021 -0.20999999999999999 5.5000000000000009 0.33400000000000002 77.255771500000009 0.34415000000000007 0.70500000000000007
decision_type=2 2 2 2 2 2 2 2 2 2 2 2 2 2
left_child=1 4 7 -4 5 -1 -6 -3 11 12 -11 -2 -10 -13
right_child=8 2 3 -5 6 -7 -8 -9 9 10 -12 13 -14 -15
leaf_value=0.034658419296223 -0.046056402574556787 0.01722830444793599 -0.015903259042753672 0.017486210956097498 -0.019719585489476707 -0.009120002487889637 0.0033094858203441854 0.041767449644503983 -0.022640672753761391 -0.016629376013618635 0.020198621884132101 -0.0065778683829198423 -0.000887430436951987 0.038716751277564
leaf_weight=821.0889330804348 515.65926724672318 2893.8990130648017 2363.0049516707659 1517.780859708786 1077.038345515728 13057.529092475772 34362.466496020555 1207.9715024232864 2093.0636744946241 535.3187837600708 948.78954315185547 43.628803610801697 877.14172850549221 46.942744791507721
leaf_count=3062 2324 14432 8564 6292 3688 42782 127456 6896 6637 1652 3092 148 2815 176
internal_value=0.000497174 0.00159034 0.0111832 -0.00284459 3.76392e-05 -0.00652998 0.00260961 0.0244549 -0.0118808 -0.00850963 0.00691474 -0.0366509 -0.0162166 0.0168981
internal_weight=62361.3 57300.8 7982.66 3880.79 49318.1 13878.6 35439.5 4101.87 5060.54 4454.31 1484.11 606.231 2970.21 90.5715
internal_count=230016 213172 36184 14856 176988 45844 131144 21328 16844 14196 4744 2648 9452 324
is_linear=0
shrinkage=0.05


Tree=113
num_leaves=15
num_cat=0
split_feature=5 23 24 1 5 14 18 24 23 12 8 5 24 19
split_gain=1766.25 668.727 373.066 111.457 59.9491 44.6882 35.7943 16.4497 16.5002 7.40068 6.03218 0.00402077 0.000782991 0.000527876
threshold=0.18500000000000003 1.0000000180025095e-35 2.5000000000000004 80.688960000000023 -0.34499999999999992 29.197181676111345 1.4500000000000004 2.5000000000000004 1.0000000180025095e-35 0.12710000000000002 1.9935000000000003 0.36500000000000005 2.5000000000000004 37.750000000000007
decision_type=2 2 2 2 2 2 2 2 2 2 2 2 2 2
left_child=4 2 3 -2 7 -4 9 8 -1 -6 -8 -3 -13 -9
right_child=1 11 5 -5 6 -7 10 13 -10 -11 -12 12 -14 -15
leaf_value=0.027474728059370585 0.007211388644132519 -0.038234451845106994 -0.03651434409583789 0.018170793380506693 0.029391066776352556 0.026584290524665051 -0.037369021863851146 -0.038390144833881895 -0.038399304258997131 -0.033137014807800839 0.015051722661692522 -0.03897823645144588 -0.038308006670956019 -0.039919279763015833
leaf_weight=57.607008427381516 3644.2022228464484 673.05893174186349 420.7706201300025 6384.0255101285875 24.512415751814846 30.06534755602479 2682.7884687418118 16.310053851455454 11.384687917307017 5.864302532747387 5.4991668928414574 22.406392555683855 5.4097022078931323 0.58462103083729644
leaf_count=468 23940 27032 15432 40436 162 416 120252 552 388 126 116 484 204 8
internal_value=0.000125484 0.00902537 0.0121879 0.0141882 -0.0353526 -0.0323064 -0.0366519 0.00577612 0.0166045 0.0173199 -0.0372618 -0.0382588 -0.0388479 -0.0384431
internal_weight=13984.5 11179.9 10479.1 10028.2 2804.55 450.836 2718.66 85.8864 68.9917 30.3767 2688.29 700.875 27.8161 16.8947
internal_count=230016 107944 80224 64376 122072 15848 120656 1416 856 288 120368 27720 688 560
is_linear=0
shrinkage=0.05


Tree=114
num_leaves=15
num_cat=0
split_feature=1 13 6 0 0 1 7 8 9 9 9 0 1 5
split_gain=1185.37 702.224 423.372 631.137 597.546 209.282 112.085 95.2723 143.304 90.1609 86.6386 74.3875 36.6363 26.1136
threshold=86.273917500000024 0.33979166666666677 0.12150000000000001 20.255440500000002 15.360888500000001 89.145583000000002 5.5000000000000009 0.93950000000000011 0.077200000000000005 0.096450000000000008 0.078050000000000008 13.181956500000002 94.493788000000009 -0.094999999999999987
decision_type=2 2 2 2 2 2 2 2 2 2 2 2 2 2
left_child=1 6 3 -3 -4 7 10 8 -2 -9 -1 13 -13 -7
right_child=5 2 4 -5 -6 11 -8 9 -10 -11 -12 12 -14 -15
leaf_value=-0.0027305232600745946 0.044898706101067581 0.0020285703761315668 0.015786070766233014 0.024172262232690075 -0.0039858457242146596 0.029147805427847447 -0.039735267453601689 -0.026078405504398938 -0.0076843418703923172 0.017068826019929175 -0.02450076355525254 -0.033949592179774737 -0.021471920820922547 -0.011884700877814642
leaf_weight=737.10122662782669 139.64699284732342 7478.1764415502548 4869.2026691585779 5648.2655852288008 17756.606779292226 44.335303016006947 686.58354279771447 1139.4641886353493 1795.7753229886293 135.46866872906685 1202.6826546639204 2415.7124196253717 777.65692270174623 309.16974593698978
leaf_count=3648 689 28172 17060 19140 89300 320 10828 8554 10283 922 6860 24864 7392 1984
internal_value=-0.000819612 0.00258037 0.00441348 0.0115569 0.000269183 -0.0201303 -0.0223734 -0.0108812 -0.0038903 -0.0214938 -0.0162283 -0.0285018 -0.030911 -0.00673855
internal_weight=45135.8 38378.6 35752.3 13126.4 22625.8 6757.23 2626.37 3210.36 1935.42 1274.93 1939.78 3546.87 3193.37 353.505
internal_count=230016 175008 153672 47312 106360 55008 21336 20448 10972 9476 10508 34560 32256 2304
is_linear=0
shrinkage=0.05


Tree=115
num_leaves=15
num_cat=0
split_feature=0 18 13 5 11 12 1 5 1 1 12 5 10 0
split_gain=747.409 368.519 216.592 248.689 164.162 108.206 94.7767 60.1266 58.9229 50.7385 53.8628 17.3252 21.8834 10.2073
threshold=17.067687000000003 51.45000000000001 17.418521959459461 -0.20999999999999999 0.34415000000000007 0.094750000000000015 70.741753000000017 0.31500000000000006 76.807391500000008 80.125411500000013 0.096100000000000005 0.13500000000000004 0.63990000000000014 16.430469000000006
decision_type=2 2 2 2 2 2 2 2 2 2 2 2 2 2
left_child=8 4 3 -3 6 -6 -2 -4 11 13 -11 -1 -13 -10
right_child=1 2 7 -5 5 -7 -8 -9 9 10 -12 12 -14 -15
leaf_value=-0.030723685107639259 0.024754229529567649 -0.011934176639055915 0.019799773881119309 0.0088261259542024902 -0.029519253999969922 0.020391868252871426 -0.02080140844540343 0.042666661925493683 -0.037564065760120821 0.004575191679096458 -0.027329821283753004 0.02913362917559988 -0.037963436402160357 -0.010179525631715133
leaf_weight=23.401157505810261 120.65549631044269 1715.5651977732778 974.54187982529402 9064.4504264108837 137.08025203645229 522.52103161253035 2124.5132187120616 407.74660323560238 1134.4826691988856 170.84959218278527 586.05331938154995 71.784113440662622 14.628337901085613 35.080605152994394
leaf_count=432 1912 27604 5172 78568 2683 6666 42379 1672 40320 3828 17100 576 144 960
internal_value=0.000247591 0.00409008 0.00791158 0.00552227 -0.0119106 0.0100192 -0.0183532 0.026545 -0.0281842 -0.0302149 -0.0201282 0.00744006 0.0177751 -0.0367427
internal_weight=17103.4 15067.1 12162.3 10780 2904.77 659.601 2245.17 1382.29 2036.28 1926.47 756.903 109.814 86.4125 1169.56
internal_count=230016 166656 113016 106172 53640 9349 44291 6844 63360 62208 20928 1152 720 41280
is_linear=0
shrinkage=0.05


Tree=116
num_leaves=15
num_cat=0
split_feature=1 14 5 5 18 12 7 9 5 11 10 12 20 0
split_gain=313.501 274.182 261.788 351.643 220.111 163.881 110.71 113.896 108.764 72.3782 60.6641 43.5322 43.8266 34.1957
threshold=71.931277000000009 0.37169751118728017 0.21000000000000005 0.24500000000000002 191.35000000000008 0.096750000000000017 5.5000000000000009 0.079000000000000015 0.31500000000000006 0.34815000000000007 0.67860000000000009 0.09395000000000002 31.007142857142863 21.478647500000005
decision_type=2 2 2 2 2 2 2 2 2 2 2 2 2 2
left_child=5 6 4 -4 -3 11 7 -2 13 -8 -10 -1 -13 -7
right_child=1 2 3 -5 -6 8 9 -9 10 -11 -12 12 -14 -15
leaf_value=0.043035033032975741 -0.010642305815235953 0.0014374741876998275 -0.023475182981545287 -0.0014581459026182532 0.01152729541296924 -0.016042678176361031 0.035693246365187496 0.026005076171388915 -0.014420283001817675 -0.045995009273678958 0.048061046818966106 0.032483978285850278 -0.0079237301980805974 -0.041882852846570055
leaf_weight=67.608396001160145 420.60185524821281 24571.004741951823 1955.3173301964998 25009.528788223863 6929.6569392085075 152.86694252490997 857.20249158889055 427.503573179245 499.58576212078333 28.001960843801498 42.123791724443436 83.163422085344791 347.4998434856534 788.10078805685043
leaf_count=400 1339 90232 6240 88780 27920 552 6132 1589 1760 104 160 266 1414 3128
internal_value=0.000498529 0.00114256 0.000561552 -0.00305468 0.00365708 -0.0190729 0.0207404 0.0078305 -0.0274098 0.0331092 -0.00956168 0.00573485 -0.000120782 -0.0376849
internal_weight=62179.8 60198.8 58465.5 26964.8 31500.7 1980.95 1733.31 848.105 1482.68 885.204 541.71 498.272 430.663 940.968
internal_count=230016 222336 213172 95020 118152 7680 9164 2928 5600 6236 1920 2080 1680 3680
is_linear=0
shrinkage=0.05


Tree=117
num_leaves=15
num_cat=0
split_feature=5 23 24 9 5 7 18 24 23 23 8 5 24 19
split_gain=1683.83 635.276 350.858 109.045 59.359 43.7455 35.0031 15.6531 15.3404 6.96907 5.92816 0.00362736 0.000702805 0.000464896
threshold=0.18500000000000003 1.0000000180025095e-35 2.5000000000000004 0.093550000000000008 -0.34499999999999992 6.5000000000000009 1.4500000000000004 2.5000000000000004 1.0000000180025095e-35 13.500000000000002 1.9935000000000003 0.36500000000000005 2.5000000000000004 37.750000000000007
decision_type=2 2 2 2 2 2 2 2 2 2 2 2 2 2
left_child=4 2 3 -2 7 -4 9 8 -1 -6 -8 -3 -13 -9
right_child=1 11 5 -5 6 -7 10 13 -10 -11 -12 12 -14 -15
leaf_value=0.026190992893436117 0.0097467758506278625 -0.038208641666913012 -0.036916803166306508 0.020572269644031943 0.026892081184908691 0.019877264012244891 -0.037312231661785315 -0.038357685265538205 -0.03836221362286632 -0.038489295405267028 0.014325344822653865 -0.038926615763434397 -0.038280772872562617 -0.039819304621194117
leaf_weight=58.553167197853327 6472.1184070371091 649.91957535035908 400.28560245409608 3631.4247574657202 25.793591216206554 37.042907007038593 2581.9203255921602 15.729240957647562 10.919515175744889 4.8406283296644679 5.5701111014932385 21.675837479531769 5.2283571045845738 0.56352631375193674
leaf_count=468 40347 27032 15520 24029 132 328 120252 552 388 156 116 484 204 8
internal_value=0.000187503 0.00872474 0.0117398 0.0136377 -0.0352312 -0.0321062 -0.036572 0.00570034 0.0160447 0.0165609 -0.0372011 -0.0382322 -0.0388011 -0.0384082
internal_weight=13921.6 11217.7 10540.9 10103.5 2703.89 437.329 2618.12 85.7654 69.4727 30.6342 2587.49 676.824 26.9042 16.2928
internal_count=230016 107944 80224 64376 122072 15848 120656 1416 856 288 120368 27720 688 560
is_linear=0
shrinkage=0.05


Tree=118
num_leaves=15
num_cat=0
split_feature=1 6 7 4 5 10 12 5 0 1 5 7 5 7
split_gain=1108.15 688.597 691.585 400.412 560.968 403.707 380.69 150.039 72.8383 36.9065 40.0485 25.5314 28.9053 24.5077
threshold=89.145583000000002 0.43000000000000005 6.5000000000000009 351.12000000000006 0.065000000000000016 0.56545000000000012 0.094550000000000009 0.44500000000000006 13.181956500000002 94.493788000000009 -0.59999999999999998 5.5000000000000009 -0.094999999999999987 5.5000000000000009
decision_type=2 2 2 2 2 2 2 2 2 2 2 2 2 2
left_child=1 3 6 4 -1 -5 -3 -4 11 10 -10 12 -2 -11
right_child=8 2 7 5 -6 -7 -8 -9 9 13 -12 -13 -14 -15
leaf_value=-0.0066884087206088225 0.040655382999840083 -0.025084880537631322 -0.040339006524962549 0.0061704224512070874 0.010058692453783751 0.027388311108148062 0.00074946324566521573 0.044327182681726904 0.035200951866280174 -0.01449528109333474 -0.034227796783032116 -0.034125959854347541 -0.006186837073720486 -0.033446203243121572
leaf_weight=10335.198029115796 38.022991515696049 1725.8633881658316 1706.3735745064914 6260.185773871839 9687.1011282503605 3492.5292674228549 8207.0720474123955 53.982260830700397 20.95813062787056 502.4248643964529 2320.7228818871081 67.504086159169674 246.06280952692032 258.31196667253971
leaf_count=43188 256 11179 21928 25812 38004 14084 40981 280 136 4928 24728 512 1536 2464
internal_value=-0.000843338 0.00142309 -0.0088583 0.00546082 0.0014141 0.0137687 -0.0037393 -0.0377427 -0.0280538 -0.0304981 -0.0336064 -0.00648526 8.2682e-05 -0.0209302
internal_weight=44922.3 41468.3 11693.3 29775 20022.3 9752.72 9932.94 1760.36 3454.01 3102.42 2341.68 351.59 284.086 760.737
internal_count=230016 195456 74368 121088 81192 39896 52160 22208 34560 32256 24864 2304 1792 7392
is_linear=0
shrinkage=0.05


Tree=119
num_leaves=15
num_cat=0
split_feature=0 21 5 1 0 11 12 2 1 1 12 5 10 0
split_gain=707.755 344.662 234.958 259.549 149.172 106.046 103.464 61.1556 57.4279 51.2242 52.1997 16.2174 20.2369 10.2752
threshold=17.067687000000003 50.500000000000007 -0.20999999999999999 85.769548500000013 26.181188500000005 0.34415000000000007 0.094750000000000015 75.15000000000002 76.807391500000008 80.125411500000013 0.096100000000000005 0.13500000000000004 0.63990000000000014 16.430469000000006
decision_type=2 2 2 2 2 2 2 2 2 2 2 2 2 2
left_child=8 5 3 -3 -4 7 -7 -2 11 13 -11 -1 -13 -10
right_child=1 2 4 -5 -6 6 -8 -9 9 10 -12 12 -14 -15
leaf_value=-0.030407976580862368 -0.010309375804525208 -0.027168319748793326 0.0045295638856913617 0.0075330081309688268 0.016329234352361489 -0.038016639088862339 0.018541100362974496 -0.029438101408167317 -0.037501297704397286 0.0044868627939555804 -0.026995126426519814 0.027600219365295744 -0.037712813843546356 -0.0098699058505020143
leaf_weight=22.712535955011845 785.21009850502014 972.72492722421885 5721.5640596617013 1208.072660535574 5036.0359843671322 103.29577920772135 372.33243424072862 893.05748329032212 1092.1882433472201 171.1703316513449 570.56171148084104 73.198753889650106 14.1531322337687 34.71489804238081
leaf_count=432 15499 19280 60032 13048 31736 2254 4777 20030 40320 3828 17100 576 144 960
internal_value=0.000250478 0.00393681 0.00701972 -0.0079452 0.0100534 -0.0145822 0.00625803 -0.0204884 -0.0278666 -0.0299339 -0.01973 0.00723126 0.0170179 -0.0366501
internal_weight=17071 15092.3 12938.4 2180.8 10757.6 2153.9 475.628 1678.27 1978.7 1868.64 741.732 110.064 87.3519 1126.9
internal_count=230016 166656 124096 32328 91768 42560 7031 35529 63360 62208 20928 1152 720 41280
is_linear=0
shrinkage=0.05


Tree=120
num_leaves=15
num_cat=0
split_feature=1 7 0 6 15 13 9 0 20 0 18 5 9 9
split_gain=300.024 260.975 818.147 875.627 474.148 459.321 306.174 300.304 197.911 96.5204 71.6845 69.4278 53.1369 35.2199
threshold=73.172706000000019 5.5000000000000009 20.255440500000002 1.0000000180025095e-35 0.8500000000000002 0.52146464646464663 0.094750000000000015 17.891356500000004 39.121428571428588 21.478647500000005 0.45000000000000007 0.13500000000000004 0.08235000000000002 0.094750000000000015
decision_type=2 2 2 2 2 2 2 2 2 2 2 2 2 2
left_child=8 4 3 -3 6 -4 -2 -6 9 11 -11 -1 -10 -14
right_child=1 2 5 -5 7 -7 -8 -9 12 10 -12 -13 13 -15
leaf_value=-0.02076985193073665 -0.0039099293365146125 -0.01409418437784575 0.029085759586195248 0.029492386208009765 -0.0054740841478378086 -0.0057671158727707339 -0.021233844823051937 0.005960121082614277 -0.0019464643276901124 0.0095779976270186223 -0.025057246302274783 0.010637347046306212 0.043671714189391905 0.011146509398348528
leaf_weight=296.85195809602737 8770.5233235955238 1470.3823842555285 1051.6342022120953 5326.0099685192108 7962.1912949830294 9350.9744586795568 3596.2170692235231 20596.737491220236 384.1681352481246 159.61806430667639 2331.9516865536571 432.07542730867863 146.64042274653912 192.48294200748205
leaf_count=1008 29062 5016 5988 23400 27944 36252 11794 75872 1498 860 8276 1548 708 790
internal_value=0.000497208 0.00140271 0.00657087 0.0200625 -0.000769207 -0.00224372 -0.00894768 0.00277228 -0.0128483 -0.0181565 -0.0228384 -0.00215307 0.0107865 0.0252107
internal_weight=62068.5 58124.7 17199 6796.39 40925.7 10402.6 12366.7 28558.9 3943.79 3220.5 2491.57 728.927 723.292 339.123
internal_count=230016 215328 70656 28416 144672 42240 40856 103816 14688 11692 9136 2556 2996 1498
is_linear=0
shrinkage=0.05


Tree=121
num_leaves=15
num_cat=0
split_feature=5 23 24 9 5 14 18 24 23 12 20 5 24 19
split_gain=1598.8 599.928 328.298 104.794 58.6594 43.1264 34.3229 14.7657 14.2019 6.48791 6.09523 0.00318665 0.000618726 0.000404025
threshold=0.18500000000000003 1.0000000180025095e-35 2.5000000000000004 0.076700000000000004 -0.34499999999999992 29.197181676111345 1.4500000000000004 2.5000000000000004 1.0000000180025095e-35 0.12710000000000002 35.778571428571446 0.36500000000000005 2.5000000000000004 37.750000000000007
decision_type=2 2 2 2 2 2 2 2 2 2 2 2 2 2
left_child=4 2 3 -2 7 -4 9 8 -1 -6 -8 -3 -13 -9
right_child=1 11 5 -5 6 -7 10 13 -10 -11 -12 12 -14 -15
leaf_value=0.024809047118786922 0.023580586147853581 -0.038182171565860949 -0.036337277187885902 0.010562526806796729 0.026763541222897699 0.025452539108728762 -0.037485228347778773 -0.038321437786008883 -0.038326746653870952 -0.032788130330196612 -0.019409099782500515 -0.038868316684258504 -0.038250946085503008 -0.039711990085649705
leaf_weight=59.599802665412426 1899.8211770057678 626.44801319763064 393.74954822286963 8298.5075637921691 25.217991966754202 30.420699590817094 2443.2361194603145 15.090516926720735 10.47210720553994 5.586827525869011 47.543276405893266 20.856037462130192 5.0388074722141019 0.54109414666891176
leaf_count=468 10310 27032 15432 54066 162 416 118132 552 388 126 2236 484 204 8
internal_value=0.000177009 0.0083368 0.011195 0.0129876 -0.0351088 -0.0319058 -0.0364915 0.00557123 0.0153735 0.0159631 -0.0371402 -0.0382046 -0.0387482 -0.0383696
internal_weight=13882.1 11274.8 10622.5 10198.3 2607.29 424.17 2521.58 85.7035 70.0719 30.8048 2490.78 652.343 25.8948 15.6316
internal_count=230016 107944 80224 64376 122072 15848 120656 1416 856 288 120368 27720 688 560
is_linear=0
shrinkage=0.05


Tree=122
num_leaves=15
num_cat=0
split_feature=1 23 8 10 15 9 12 6 0 6 6 0 12 5
split_gain=1040.32 634.356 743.48 562.966 347.609 345.624 231.746 198.967 70.606 37.5247 32.9663 30.8562 21.4061 20.6742
threshold=89.145583000000002 1.0000000180025095e-35 1.2435000000000003 0.63335000000000019 0.45000000000000007 0.079550000000000023 0.09845000000000001 0.021000000000000005 11.067572500000002 0.29700000000000004 0.28050000000000003 27.301037000000004 0.099450000000000024 -0.094999999999999987
decision_type=2 2 2 2 2 2 2 2 2 2 2 2 2 2
left_child=1 2 3 -1 5 -3 -4 -6 12 10 -10 -11 13 -2
right_child=8 4 6 -5 7 -7 -8 -9 9 11 -12 -13 -14 -15
leaf_value=0.0030267341640663249 0.06632430726850963 0.0034122099035413453 -0.034538322539262943 -0.025281693985558257 0.0193089414465718 0.026559460123846298 -0.0024803641184577025 0.0011545685730292141 -0.021462318370807008 -0.036771387687587115 0.091302983449838601 -0.024279724094263551 -0.024062125279620733 0.0047282270485595702
leaf_weight=12440.502092905343 15.217072308063505 2858.9993387758732 2533.1520608738065 2044.9637660831213 1672.8198002427816 3699.3553501665592 725.11291070282459 15434.25477527827 863.60605242103338 1561.7083325497806 6.5302693620324126 723.3281922750175 61.253174349665642 130.016336992383
leaf_count=64090 80 10532 24412 12942 5500 13196 3084 61700 8024 17668 40 7676 352 720
internal_value=-0.000848405 0.00132322 -0.00582377 -0.000969665 0.00668184 0.0164688 -0.027404 0.0029298 -0.0275986 -0.0294523 -0.020616 -0.0328172 0.000727054 0.0111821
internal_weight=44770.8 41409.2 17743.7 14485.5 23665.4 6558.35 3258.26 17107.1 3361.66 3155.17 870.136 2285.04 206.487 145.233
internal_count=230016 195456 104528 77032 90928 23728 27496 67200 34560 33408 8064 25344 1152 800
is_linear=0
shrinkage=0.05


Tree=123
num_leaves=15
num_cat=0
split_feature=0 21 5 1 13 7 2 1 1 12 5 8 6 0
split_gain=672.623 320.686 215.325 247.439 145.057 104.463 134.422 56.142 51.6274 50.3519 15.2636 19.6228 13.1348 10.3386
threshold=17.067687000000003 50.500000000000007 -0.20999999999999999 85.769548500000013 17.871982414068746 4.5000000000000009 75.15000000000002 76.807391500000008 80.125411500000013 0.096100000000000005 0.13500000000000004 1.2445000000000002 -0.042999999999999997 16.430469000000006
decision_type=2 2 2 2 2 2 2 2 2 2 2 2 2 2
left_child=7 5 3 -3 -4 6 -2 10 13 -10 -1 -12 -7 -9
right_child=1 2 4 -5 -6 12 -8 8 9 -11 11 -13 -14 -15
leaf_value=-0.030093112390078038 0.0083036451787556562 -0.026800600476908923 0.0078373428898222131 0.007303316959095878 0.028203541222527048 0.0055761502140561714 -0.020757428198340706 -0.037440390433121258 0.0042973696407629615 -0.026666135170020939 0.027847455590049443 -0.032299036186848047 -0.035629768391425724 -0.0095768131623673401
leaf_weight=22.057960901409388 710.06380884721875 947.0099079683423 9866.1919726282358 1213.2571033686399 959.30797977000475 20.13916626945138 905.15047127753496 1053.0401042765006 171.8838161714375 556.04395459778607 71.349704083055258 16.742712691426277 487.04178688488901 34.377905668690801
leaf_count=432 10668 19280 87592 13048 4176 432 15488 40320 3828 17100 528 192 15972 960
internal_value=0.000273905 0.00382096 0.00676594 -0.00764703 0.00964211 -0.0141978 -0.0079819 -0.0275576 -0.0296607 -0.0193548 0.00710249 0.0164161 -0.0339936 -0.0365595
internal_weight=17033.7 15108.2 12985.8 2160.27 10825.5 2122.4 1615.21 1925.5 1815.35 727.928 110.15 88.0924 507.181 1087.42
internal_count=230016 166656 124096 32328 91768 42560 26156 63360 62208 20928 1152 720 16404 41280
is_linear=0
shrinkage=0.05


Tree=124
num_leaves=15
num_cat=0
split_feature=23 7 20 9 13 12 1 5 7 10 6 10 1 3
split_gain=280.102 285.608 526.807 483.066 272.834 524.519 180.92 156.942 190.988 156.098 151.882 112.007 111.62 17.0421
threshold=9.5000000000000018 6.5000000000000009 33.264285714285727 0.095650000000000013 1.9804812062621744 0.092400000000000024 72.926704500000014 -0.20999999999999999 5.5000000000000009 0.62305000000000021 0.33400000000000002 0.47790000000000005 77.255771500000009 0.70500000000000007
decision_type=2 2 2 2 2 2 2 2 2 2 2 2 2 2
left_child=1 4 3 -3 5 -1 -6 12 11 -4 -10 -9 -2 -14
right_child=7 2 9 -5 6 -7 -8 8 10 -11 -12 -13 13 -15
leaf_value=0.033382081880384322 -0.044853811542986823 -0.016434171043744308 0.017342453350717487 0.019194008768102514 -0.018051283202999202 -0.0079907373808749578 0.0031341214795712982 -0.0047566160766596317 -0.014311365020609449 0.03985816023341697 0.019100160432242237 -0.024255424089736386 -0.0064238629063219218 0.037322953802909675
leaf_weight=811.52307523787022 485.7780706435442 2409.1649057492614 2770.2934229969978 1572.2998902499676 1038.9391252696514 13678.768416628242 33571.983088448644 1403.6850773692131 532.13642078638077 1065.9858536049724 942.70079480111599 1549.4997597932816 43.387688606977463 45.722483038902283
leaf_count=3090 2324 8824 14207 6652 3636 44746 125516 4557 1652 6501 3092 4895 148 176
internal_value=0.000502856 0.00149984 0.0103761 -0.00236443 8.65839e-05 -0.00567367 0.00249819 -0.01084 -0.00764911 0.0235989 0.00704494 -0.0149874 -0.0354177 0.0160227
internal_weight=61921.9 56919 7817.74 3981.46 49101.2 14490.3 34610.9 5002.91 4428.02 3836.28 1474.84 2953.18 574.888 89.1102
internal_count=230016 213172 36184 15476 176988 47836 129152 16844 14196 20708 4744 9452 2648 324
is_linear=0
shrinkage=0.05


Tree=125
num_leaves=15
num_cat=0
split_feature=5 23 24 10 5 7 18 24 13 20 12 5 24 19
split_gain=1519 566.607 307.357 103.919 57.8635 42.2814 33.5504 13.9554 13.6563 6.23772 6.22679 0.00280338 0.000548782 0.000375906
threshold=0.18500000000000003 1.0000000180025095e-35 2.5000000000000004 0.70760000000000012 -0.34499999999999992 6.5000000000000009 1.4500000000000004 2.5000000000000004 6.7418750000000003 35.778571428571446 0.096750000000000017 0.36500000000000005 2.5000000000000004 37.750000000000007
decision_type=2 2 2 2 2 2 2 2 2 2 2 2 2 2
left_child=4 2 3 -2 7 -4 10 8 -1 -8 -6 -3 -13 -9
right_child=1 11 5 -5 6 -7 9 13 -10 -11 -12 12 -14 -15
leaf_value=-0.0090564242927662127 0.013296246260720391 -0.038156148693724141 -0.036767898495959267 -0.015284735532043342 0.097476639453323938 0.018948111272294899 -0.037437139474183638 -0.038289971603518602 0.035024743344904068 -0.018918368011035806 0.0091307517721747316 -0.038812935281824119 -0.038219260126023086 -0.039649811929414254
leaf_weight=32.618833916261792 9953.6835849024355 603.18973041698337 373.87824129313231 328.53572282940149 2.1422561146318939 37.462889153510332 2351.2563195759431 14.523305585607883 38.082598989829421 46.368457048200071 28.914998546242714 20.053109329193834 4.8302525701001278 0.52663857117295343
leaf_count=476 62759 27032 15520 1617 17 328 118132 552 380 2236 271 484 204 8
internal_value=0.000169312 0.00797675 0.0106876 0.012383 -0.0349849 -0.0316936 -0.0364102 0.0053812 0.0146874 -0.037079 0.0152246 -0.0381776 -0.0386977 -0.0383376
internal_weight=13836.1 11321.6 10693.6 10282.2 2514.43 411.341 2428.68 85.7514 70.7014 2397.62 31.0573 628.073 24.8834 15.0499
internal_count=230016 107944 80224 64376 122072 15848 120656 1416 856 120368 288 27720 688 560
is_linear=0
shrinkage=0.05


Tree=126
num_leaves=15
num_cat=0
split_feature=1 13 6 0 0 1 7 6 4 9 0 11 1 7
split_gain=982.317 605.918 340.577 573.126 536.956 181.974 103.498 90.1031 159.48 83.7783 68.4663 55.2206 37.9955 23.8351
threshold=86.273917500000024 0.33979166666666677 0.12150000000000001 20.255440500000002 15.360888500000001 89.145583000000002 5.5000000000000009 0.29500000000000004 345.02500000000003 0.078050000000000008 13.181956500000002 0.15835000000000002 94.493788000000009 5.5000000000000009
decision_type=2 2 2 2 2 2 2 2 2 2 2 2 2 2
left_child=1 6 3 -3 -4 7 9 8 -2 -1 13 -9 -12 -7
right_child=5 2 4 -5 -6 10 -8 11 -10 -11 12 -13 -14 -15
leaf_value=-0.0025463801127877778 -0.019450288888756707 0.0012006023392901813 0.014866058916316177 0.022308720573869581 -0.0039163149977386198 -1.9335527876298409e-06 -0.039540485117579183 -0.033570035821865039 0.021346514385904486 -0.024078436646764904 -0.032937915303967794 -0.012385103950267788 -0.019746258089527145 -0.033598757977623919
leaf_weight=733.14147797226906 447.42358989268541 7484.9044805318117 4851.3747736178339 5638.2142671793699 17645.681902360171 284.21291223168373 605.28173668123782 369.77629977464676 515.60092237591743 1177.0122292116284 2203.0369111783803 1829.3833704032004 725.64412231743336 64.833736307919025
leaf_count=3648 2704 28172 17060 19140 89300 1792 10828 2666 2000 6860 24864 13078 7392 512
internal_value=-0.000856881 0.00219328 0.0038681 0.0102695 0.000134008 -0.0189192 -0.0215234 -0.0103621 0.00239222 -0.0158142 -0.0271746 -0.0159472 -0.0296694 -0.00624238
internal_weight=44575.5 38135.6 35620.2 13123.1 22497.1 6439.91 2515.44 3162.18 963.025 1910.15 3277.73 2199.16 2928.68 349.047
internal_count=230016 175008 153672 47312 106360 55008 21336 20448 4704 10508 34560 15744 32256 2304
is_linear=0
shrinkage=0.05


Tree=127
num_leaves=15
num_cat=0
split_feature=0 18 5 12 1 16 10 4 2 12 18 11 4 5
split_gain=635.96 299.758 176.645 282.547 151.43 155.022 145.223 142.716 55.4554 60.833 131.067 45.3078 7.56349 19.1247
threshold=17.067687000000003 51.45000000000001 0.13500000000000004 0.098150000000000015 72.926704500000014 0.55000000000000016 0.46600000000000003 447.64000000000004 118.85000000000001 0.096100000000000005 46.95000000000001 0.34815000000000007 9.8000000000000025 -0.14999999999999997
decision_type=2 2 2 2 2 2 2 2 2 2 2 2 2 2
left_child=8 4 3 -3 5 -2 -4 -6 9 10 -1 -11 13 -10
right_child=1 2 6 -5 7 -7 -8 -9 12 11 -12 -13 -14 -15
leaf_value=-0.029563114754545455 -0.02189033751375441 0.038710059651443945 -0.013815992560614838 -0.0049674333509561802 -0.025513797600148366 0.037329327489310851 0.013346131745054357 0.00014743752328880329 0.26150826024455265 -0.030155244132438877 0.044087660362037012 0.012729804802868809 -0.036902372985211956 -0.012917817611685856
leaf_weight=138.83691509999335 177.97908786591142 407.80435341596603 527.35911136865616 4022.623131416738 1497.238850992173 291.5199183691293 7359.0794393084943 849.099185122177 0.66665749251842576 672.55244394298643 106.92967579141259 67.797294897958636 870.48935633804649 13.314045924693342
leaf_count=3886 4200 3944 3819 52032 31956 2788 53221 14696 20 22215 1862 1893 33216 268
internal_value=0.000277332 0.0036771 0.00704183 -0.000947083 -0.0110407 0.0148802 0.0115298 -0.0162274 -0.0272262 -0.0190729 0.00248133 -0.0262281 -0.0363164 0.000167947
internal_weight=17003.3 15132.7 12316.9 4430.43 2815.84 469.499 7886.44 2346.34 1870.59 986.116 245.767 740.35 884.47 13.9807
internal_count=230016 166656 113016 55976 53640 6988 57040 46652 63360 29856 5748 24108 33504 288
is_linear=0
shrinkage=0.05


Tree=128
num_leaves=15
num_cat=0
split_feature=1 13 5 10 4 12 7 12 7 11 13 11 21 0
split_gain=267.012 242.303 226.269 321.973 196.576 147.734 92.7918 95.8063 80.2837 68.8864 67.6992 62.7593 54.0385 29.9679
threshold=71.931277000000009 0.11901355421686749 0.21000000000000005 0.70760000000000012 485.51000000000005 0.097900000000000015 5.5000000000000009 0.094750000000000015 6.5000000000000009 0.34815000000000007 2.3145644796380096 0.13095000000000004 67.500000000000014 21.478647500000005
decision_type=2 2 2 2 2 2 2 2 2 2 2 2 2 2
left_child=5 6 4 -4 -3 8 7 -2 12 -8 11 -7 -1 -12
right_child=1 2 3 -5 -6 10 9 -9 -10 -11 13 -13 -14 -15
leaf_value=-0.017239681191578152 0.041909331983398829 0.0053123687679462617 -0.0036138183923674601 0.035298452292361365 -0.004931592338950839 0.042973332672673205 0.035360947550689331 0.0013728177937524816 0.040149499947041152 -0.043925385584374345 -0.015090961779481882 -0.018337325370199133 0.015623660010598948 -0.040275104798602891
leaf_weight=384.88560883700848 180.02941985428333 25523.234505206347 26284.497091501951 542.57547374069691 5735.4838316887617 47.194293841719627 744.4414027929306 765.75788103044033 109.69592823833227 28.441989541053772 141.97199210524559 361.11713650822639 185.31818625330925 703.24794091284275
leaf_count=1328 766 97592 93208 1924 20560 182 5700 2482 960 104 528 1146 592 2944
internal_value=0.000497976 0.00108921 0.000541758 -0.00282682 0.00343276 -0.0177898 0.0195913 0.00908889 0.000977026 0.0324432 -0.0279687 -0.0112508 -0.00655898 -0.0360449
internal_weight=61737.9 59804.5 58085.8 26827.1 31258.7 1933.43 1718.67 945.787 679.9 772.883 1253.53 408.311 570.204 845.22
internal_count=230016 222336 213284 95132 118152 7680 9052 3248 2880 5804 4800 1328 1920 3472
is_linear=0
shrinkage=0.05


Tree=129
num_leaves=15
num_cat=0
split_feature=24 23 12 10 10 18 7 1 1 6 22 24 5 1
split_gain=1448.8 608.881 540.499 241.644 168.184 439.557 168.2 168.13 71.8336 16.3043 7.3317 0.00235859 0.00139164 0.000344658
threshold=1.0000000180025095e-35 1.0000000180025095e-35 0.091550000000000006 0.70760000000000012 0.46470000000000006 46.95000000000001 6.5000000000000009 86.694263000000021 91.709698500000016 0.53800000000000014 -10.499999999999998 2.5000000000000004 0.36500000000000005 73.172706000000019
decision_type=2 2 2 2 2 2 2 2 2 2 2 2 2 2
left_child=1 3 9 7 5 -4 -6 -1 -5 10 -2 -11 13 -3
right_child=2 12 4 8 6 -7 -8 -9 -10 11 -12 -13 -14 -15
leaf_value=0.012000175246678927 0.040085475043963932 -0.038207644884395403 0.11032165939841164 -0.032427323220190922 -0.035630350870345912 -0.027541774027539552 0.0013656595205940364 0.030854588475365558 0.19387997698580917 -0.042372844912390961 0.10837140589671186 -0.038276246593707715 -0.038673322735592999 -0.038074287939082296
leaf_weight=7638.0133595243096 4.1466332077980033 53.15421108994633 76.733025791123509 308.22734171897173 3082.9794231578708 234.53945715166628 341.2284737220034 1398.9442471321672 3.5468211974948636 1.4935941006988276 75.523304931819439 0.45943265035748471 10.261281983926891 547.50290494132787
leaf_count=50784 14 2284 1592 1541 119491 8839 8936 7719 24 15 259 18 272 28228
internal_value=0.000227518 0.0102655 -0.0259637 0.0134258 -0.0287449 0.00644349 -0.0319436 0.0149189 -0.0298528 0.101318 0.104817 -0.0414092 -0.038096 -0.0380861
internal_weight=13776.8 9959.65 3817.1 9348.73 3735.48 311.272 3424.21 9036.96 311.774 81.623 79.6699 1.95303 610.918 600.657
internal_count=230016 90852 139164 60068 138858 10431 128427 58503 1565 306 273 33 30784 30512
is_linear=0
shrinkage=0.05


Tree=130
num_leaves=15
num_cat=0
split_feature=1 6 7 0 1 12 9 5 0 1 5 11 7 5
split_gain=921.903 546.076 627.301 385.877 353.671 352.227 278.896 143.438 66.9313 37.991 40.201 25.9724 22.8641 25.0937
threshold=89.145583000000002 0.43000000000000005 6.5000000000000009 24.423701500000004 81.320422000000022 0.094550000000000009 0.099150000000000016 0.44500000000000006 13.181956500000002 94.493788000000009 -0.59999999999999998 0.34815000000000007 5.5000000000000009 -0.094999999999999987
decision_type=2 2 2 2 2 2 2 2 2 2 2 2 2 2
left_child=1 3 5 4 -1 -3 -5 -4 12 10 -10 -11 13 -2
right_child=8 2 7 6 -6 -7 -8 -9 9 11 -12 -13 -14 -15
leaf_value=0.0055681789519844557 0.037013192258975515 -0.024386243073487975 -0.040071419370287562 0.016119018131339591 -0.0082593778191814536 0.00084790705186202342 -0.015649311138920843 0.042491552885970438 0.037060456271658389 -0.021930840298797674 -0.033270613302493222 0.014884421595664627 -0.033204672709518337 -0.0059310104817627378
leaf_weight=13955.682613894343 39.517029166221619 1665.725162986666 1540.0315758027136 8140.4661698564887 6915.9848092868924 8144.1112629920244 754.93541499972343 54.46632757037878 20.515026524662971 660.37365236878395 2116.5768209882081 51.653917528688908 63.210291519761086 244.40761061757803
leaf_count=49464 256 11179 21928 34760 34248 40981 2616 280 136 6776 24728 616 512 1536
internal_value=-0.000869623 0.00113855 -0.00816463 0.00470278 0.000986313 -0.00343689 0.0134229 -0.0372512 -0.0267372 -0.0292628 -0.0325955 -0.0192601 -0.00600864 4.60238e-05
internal_weight=44367.7 41171.4 11404.3 29767.1 20871.7 9809.84 8895.4 1594.5 3196.25 2849.12 2137.09 712.028 347.135 283.925
internal_count=230016 195456 74368 121088 83712 52160 37376 22208 34560 32256 24864 7392 2304 1792
is_linear=0
shrinkage=0.05


Tree=131
num_leaves=15
num_cat=0
split_feature=0 24 0 12 10 15 1 2 12 18 11 11 4 5
split_gain=601.777 279.883 224.651 206.691 188.909 131.411 136.113 55.7216 58.8318 119.216 52.4735 43.6767 7.52259 13.9219
threshold=17.067687000000003 1.0000000180025095e-35 26.181188500000005 0.096500000000000016 0.61450000000000016 0.45000000000000007 73.833063500000023 118.85000000000001 0.096100000000000005 46.95000000000001 0.34415000000000007 0.34815000000000007 9.8000000000000025 -0.14999999999999997
decision_type=2 2 2 2 2 2 2 2 2 2 2 2 2 2
left_child=7 5 3 -3 -4 10 -7 8 9 -1 -2 -10 13 -9
right_child=1 2 4 -5 -6 6 -8 12 11 -11 -12 -13 -14 -15
leaf_value=-0.029215411185555575 -0.027970068086300082 0.016937377072368028 0.0091121150790657527 -0.0039701375131408478 0.030587732704305287 0.035937005911755672 -0.0064817291703869453 0.19606474600904081 -0.029862565848374628 0.040766617567867217 0.00085549143433665768 0.012059250803938623 -0.036817138159109634 -0.012547653642499178
leaf_weight=134.45838789548725 958.52825569454581 1538.2019893042743 3990.2948642950505 5106.3263960704207 1377.5005005449057 211.48652253486216 1787.704892619513 0.85158532857894975 652.78541385009885 111.17293886654079 189.01119420677423 68.666735928505659 838.59868595004082 13.14110134914517
leaf_count=3886 24411 11947 26027 64473 8933 2348 25476 20 22215 1862 3041 1893 33216 268
internal_value=0.000277093 0.00353843 0.00701571 0.000869932 0.0146233 -0.0097357 -0.00199442 -0.026892 -0.0186767 0.00245851 -0.0232222 -0.0258725 -0.0362105 0.000148354
internal_weight=16978.7 15159.1 12012.3 6644.53 5367.8 3146.73 1999.19 1819.67 967.083 245.631 1147.54 721.452 852.591 13.9927
internal_count=230016 166656 111380 76420 34960 55276 27824 63360 29856 5748 27452 24108 33504 288
is_linear=0
shrinkage=0.05


Tree=132
num_leaves=15
num_cat=0
split_feature=23 7 9 20 5 10 1 18 11 1 12 11 6 0
split_gain=249.29 273.237 493.623 540.696 231.936 431.317 302.68 149.619 134.354 280.436 201.74 122.439 91.2002 51.4678
threshold=10.500000000000002 6.5000000000000009 0.095650000000000013 33.678571428571438 0.21000000000000005 0.67860000000000009 73.80284450000002 32.050000000000018 0.21045000000000003 77.493180500000008 0.13960000000000003 0.29955000000000004 -0.34899999999999992 14.813006500000002
decision_type=2 2 2 2 2 2 2 2 2 2 2 2 2 2
left_child=1 4 3 -3 6 -6 -1 -4 9 -2 -11 13 -13 -10
right_child=8 2 7 -5 5 -7 -8 -9 11 10 -12 12 -14 -15
leaf_value=-0.014649416110939477 -0.030181118464798675 -0.015434604453016081 0.039550957885010722 0.017067317572720897 -0.005459749164774169 0.025031341402346564 0.0045950955715553495 0.016136405557838737 -0.040941871790748832 0.035075685024385975 -0.019722615222134695 0.018386482465425662 -0.014802929793042569 -0.01984752404689984
leaf_weight=2223.6072829663754 453.6713754683733 2561.6817362383008 1282.6247776001692 2556.7362717464566 21393.229767352343 1226.304904922843 25183.231437057257 1457.6256700605154 592.08479188382626 570.31268511712551 238.06714671850204 256.54531432688236 1071.4129005521536 565.19489639997482
leaf_count=7568 1766 9376 7620 13450 72110 4358 96652 6166 1892 1832 763 786 3614 2063
internal_value=0.000493277 0.00130236 0.00996962 0.000800655 -5.91849e-05 -0.00380669 0.00303372 0.027096 -0.0120048 0.00128084 0.0189376 -0.0187515 -0.00839114 -0.0306398
internal_weight=61632.3 57885 7858.67 5118.42 50026.4 22619.5 27406.8 2740.25 3747.29 1262.05 808.38 2485.24 1327.96 1157.28
internal_count=230016 217300 36612 22826 180688 76468 104220 13786 12716 4361 2595 8355 4400 3955
is_linear=0
shrinkage=0.05


Tree=133
num_leaves=15
num_cat=0
split_feature=5 23 24 9 5 13 18 24 23 8 0 5 24 1
split_gain=1380.68 514.703 274.484 99.4266 57.4596 42.2254 32.8025 14.1525 13.9171 6.26577 6.00246 0.00237151 0.00045085 0.000327559
threshold=0.18500000000000003 1.0000000180025095e-35 2.5000000000000004 0.093550000000000008 -0.29999999999999993 16.76959895997479 1.4500000000000004 2.5000000000000004 1.0000000180025095e-35 1.9935000000000003 22.237529000000006 0.36500000000000005 2.5000000000000004 72.731423000000021
decision_type=2 2 2 2 2 2 2 2 2 2 2 2 2 2
left_child=4 2 3 -2 7 -4 10 8 -1 -8 -6 13 -13 -3
right_child=1 11 5 -5 6 -7 9 -9 -10 -11 -12 12 -14 -15
leaf_value=0.022921718443912057 0.0077304658082449976 -0.038299915719809931 -0.037386250588922885 0.017903206048444517 0.054098536106552811 0.013351635219021189 -0.037133371966486146 -0.03825666971201349 -0.03823158167357589 0.017486498821663542 0.0024229860200285194 -0.038737031734477123 -0.038183853533853923 -0.038107771632141074
leaf_weight=62.57941516675055 6663.5335086397827 23.126097396016121 343.41801028139889 3755.7950107306242 7.342851065099242 46.56651168409735 2221.5985033791512 15.853794420138 10.928228097036479 5.2630933057516804 23.943869257345796 18.853459920734171 4.5776656046509734 542.56714748498052
leaf_count=516 40347 860 14788 24029 36 1060 120036 652 464 116 252 484 204 26172
internal_value=0.000184105 0.00737546 0.00985591 0.0113974 -0.0347338 -0.0313278 -0.03629 0.00458935 0.0138302 -0.0370043 0.014551 -0.038136 -0.038629 -0.0381156
internal_weight=13745.9 11398.4 10809.3 10419.3 2347.51 389.985 2258.15 89.3614 73.5076 2226.86 31.2867 589.124 23.4311 565.693
internal_count=230016 107944 80224 64376 122072 15848 120440 1632 980 120152 288 27720 688 27032
is_linear=0
shrinkage=0.05


Tree=134
num_leaves=15
num_cat=0
split_feature=1 13 6 0 7 1 7 8 9 9 9 0 1 12
split_gain=873.913 545.247 307.171 518.465 501.917 165.692 97.5823 84.444 134.415 84.7133 79.5019 65.4182 37.7126 22.4374
threshold=86.273917500000024 0.33979166666666677 0.12150000000000001 20.255440500000002 5.5000000000000009 89.145583000000002 5.5000000000000009 0.93950000000000011 0.077200000000000005 0.096450000000000008 0.078050000000000008 13.181956500000002 94.493788000000009 0.099450000000000024
decision_type=2 2 2 2 2 2 2 2 2 2 2 2 2 2
left_child=1 6 3 -3 -4 7 10 8 -2 -9 -1 13 -13 -7
right_child=5 2 4 -5 -6 11 -8 9 -10 -11 -12 12 -14 -15
leaf_value=-0.0025611576630552874 0.043392711084991799 0.0010381776688010186 0.0041603860675849752 0.021133408949514449 -0.013515942379042207 0.0026324468283854107 -0.039368623371589632 -0.025002976240617942 -0.0072320261842644716 0.016987260588004417 -0.023607041436433534 -0.03226061117540785 -0.018844595304314773 -0.025062102009756268
leaf_weight=732.69498783349991 141.60689699649811 7475.8706982135773 17185.029495723546 5624.7570509016514 5240.6203400939703 240.25142906606197 550.64088389463723 1080.7383789122105 1770.1999488286674 135.13316591456532 1157.8128131888807 2074.2975304499269 700.78469724208117 105.1405164450407
leaf_count=3648 689 28172 76716 19140 29644 1600 10828 8554 10283 922 6860 24864 7392 704
internal_value=-0.0008391 0.00201249 0.00358315 0.00966607 2.96283e-05 -0.018167 -0.0208455 -0.0100341 -0.00348227 -0.0203361 -0.0154504 -0.0263187 -0.0288727 -0.00579803
internal_weight=44215.6 37967.4 35526.3 13100.6 22425.6 6248.15 2441.15 3127.68 1911.81 1215.87 1890.51 3120.47 2775.08 345.392
internal_count=230016 175008 153672 47312 106360 55008 21336 20448 10972 9476 10508 34560 32256 2304
is_linear=0
shrinkage=0.05


Tree=135
num_leaves=15
num_cat=0
split_feature=0 21 13 5 7 2 5 2 12 18 11 6 4 5
split_gain=567.627 263.488 180.073 225.306 97.7484 125.127 75.0993 55.9511 56.5048 109.248 42.1222 13.2979 7.47485 10.8961
threshold=17.067687000000003 50.500000000000007 16.76959895997479 -0.20999999999999999 4.5000000000000009 75.15000000000002 0.31500000000000006 118.85000000000001 0.096100000000000005 46.95000000000001 0.34815000000000007 -0.042999999999999997 9.8000000000000025 -0.14999999999999997
decision_type=2 2 2 2 2 2 2 2 2 2 2 2 2 2
left_child=7 4 3 -3 5 -2 -4 8 9 -1 -10 -6 13 -9
right_child=1 2 6 -5 11 -7 -8 12 10 -11 -12 -13 -14 -15
leaf_value=-0.028911063689855111 0.0081829784643924954 -0.013113189029178513 0.014548084632417241 0.0066262159370799253 0.0067929428409519797 -0.02006306441138133 0.037811015019119272 0.15781413930277285 -0.029553947042720116 0.037864637941713103 0.011465703489281821 -0.035277270769485225 -0.036729676978651732 -0.012220166951198446
leaf_weight=130.85469021927565 710.64417704567313 1698.5497421044856 1255.1769681721926 9706.5182479945943 19.612831000238657 874.64488710463047 479.4569813683629 1.01587162911892 633.03449562843889 115.15293397568166 69.450744118541479 444.16997659485787 807.57501200493425 12.990408387035128
leaf_count=3886 10668 29640 6672 85852 432 15488 1932 20 22215 1862 1893 15972 33216 268
internal_value=0.00024582 0.00336857 0.00596918 0.00368644 -0.0133079 -0.00740109 0.020978 -0.0265501 -0.0182767 0.00234576 -0.0254986 -0.0334982 -0.0361016 0.000112374
internal_weight=16958.8 15188.8 13139.7 11405.1 2049.07 1585.29 1734.63 1770.07 948.493 246.008 702.485 463.783 821.581 14.0063
internal_count=230016 166656 124096 115492 42560 26156 8604 63360 29856 5748 24108 16404 33504 288
is_linear=0
shrinkage=0.05


Tree=136
num_leaves=15
num_cat=0
split_feature=1 6 2 4 7 12 5 12 5 13 0 12 20 0
split_gain=238.759 229.042 258.248 242.913 339.99 218.367 141.584 138.586 94.6461 62.8734 51.2728 38.1011 42.8597 32.7424
threshold=71.931277000000009 -0.13349999999999998 44.150000000000013 487.76500000000004 5.5000000000000009 0.09845000000000001 -0.094999999999999987 0.096750000000000017 0.31500000000000006 0.54076510721247584 22.738189500000001 0.09395000000000002 31.200000000000006 21.478647500000005
decision_type=2 2 2 2 2 2 2 2 2 2 2 2 2 2
left_child=7 2 10 4 -3 -4 -5 11 13 -10 -2 -1 -13 -9
right_child=1 3 5 6 -6 -7 -8 8 9 -11 -12 12 -14 -15
leaf_value=0.042400055168850294 -0.050467911760303109 0.00057732662599254618 0.018487270600892804 -0.016413410654169628 0.010058806184051949 -0.015531389356971934 -0.0021431380047256263 -0.013434938277972689 -0.014773688405997408 0.036847666988179352 0.00095312777353838787 0.030161159938696516 -0.0079080857059158089 -0.039236612767327012
leaf_weight=62.830136485397816 457.29825949668884 33012.003414496779 662.38712781667709 2198.589980006218 13249.621381878853 1638.8864643275738 8299.7171114906669 147.67058935761452 463.86873899400234 67.579299092292786 54.226669043302536 95.453422851860523 327.93747324496508 734.72214309871197
leaf_count=400 1456 118320 2172 7688 57920 5412 29120 552 1699 221 248 308 1372 3128
internal_value=0.000488011 0.00104452 -0.0128824 0.00173468 0.00329288 -0.00573963 -0.00513167 -0.0169601 -0.0248789 -0.00820948 -0.0450168 0.00606644 0.000674621 -0.0349186
internal_weight=61472.8 59572.7 2812.8 56759.9 46261.6 2301.27 10498.3 1900.06 1413.84 531.448 511.525 486.221 423.391 882.393
internal_count=230016 222336 9288 213048 176240 7584 36808 7680 5600 1920 1704 2080 1680 3680
is_linear=0
shrinkage=0.05


Tree=137
num_leaves=15
num_cat=0
split_feature=5 23 24 9 5 13 18 24 23 8 12 5 24 1
split_gain=1316.29 490.971 259.048 96.7721 56.9152 41.4907 32.1137 13.4936 12.9721 6.15135 5.52599 0.00217943 0.000410459 0.000296343
threshold=0.18500000000000003 1.0000000180025095e-35 2.5000000000000004 0.093550000000000008 -0.29999999999999993 16.76959895997479 1.4500000000000004 2.5000000000000004 1.0000000180025095e-35 1.9935000000000003 0.12710000000000002 0.36500000000000005 2.5000000000000004 72.731423000000021
decision_type=2 2 2 2 2 2 2 2 2 2 2 2 2 2
left_child=4 2 3 -2 7 -4 10 8 -1 -8 -6 13 -13 -3
right_child=1 11 5 -5 6 -7 9 -9 -10 -11 -12 12 -14 -15
leaf_value=0.021909022285843269 0.0073689899657897896 -0.03827281646166264 -0.037330588622179188 0.017375203987516671 0.023340609693729853 0.012925727235273 -0.037075950174879378 -0.038228445546910857 -0.038200092561398558 0.016678255748677758 -0.032483991834260643 -0.03869869671564307 -0.038162647608630265 -0.038086994325406527
leaf_weight=63.419221889227629 6698.8307826239616 22.370741782709956 331.90365476347506 3779.6275078263134 26.189965642988685 46.867761055007577 2137.4056708998978 15.270932699553667 10.455491466447709 5.3354143649339667 5.3362412955611935 18.306677130982283 4.4365160670131436 524.44909399189055
leaf_count=516 40347 860 14788 24029 162 1060 120036 652 464 116 126 484 204 26172
internal_value=0.000235882 0.00713607 0.00950989 0.0109783 -0.0345996 -0.0311121 -0.036205 0.00455736 0.0134018 -0.0369421 0.0138915 -0.0381145 -0.0385941 -0.0380946
internal_weight=13690.2 11426.8 10857.2 10478.5 2263.41 378.771 2174.27 89.1456 73.8747 2142.74 31.5262 569.563 22.7432 546.82
internal_count=230016 107944 80224 64376 122072 15848 120440 1632 980 120152 288 27720 688 27032
is_linear=0
shrinkage=0.05


Tree=138
num_leaves=15
num_cat=0
split_feature=1 6 7 0 12 6 10 5 6 6 6 1 0 11
split_gain=821.453 473.497 583.993 347.278 344.07 322.506 265.407 137.057 65.9384 50.8452 49.0865 34.8932 28.3328 44.3213
threshold=89.145583000000002 0.43000000000000005 6.5000000000000009 24.423701500000004 0.093550000000000008 -0.13349999999999998 0.57330000000000014 0.44500000000000006 0.30850000000000005 0.084000000000000019 0.11800000000000001 95.179246500000019 27.301037000000004 0.35655000000000009
decision_type=2 2 2 2 2 2 2 2 2 2 2 2 2 2
left_child=1 3 4 5 -3 -1 -5 -4 9 11 -11 -2 -10 -14
right_child=8 2 7 6 -6 -7 -8 -9 12 10 -12 -13 13 -15
leaf_value=0.018061212486960618 -0.023212839969585626 -0.039134095449776703 -0.039895282350267555 0.0071233936840251312 -0.00081413469423498471 -0.0014600787057905457 0.026203574332865961 0.040365662764358462 -0.034830619649934384 0.07101226836912046 -0.0031539433457070214 0.0073842889492656194 -0.023695946521630543 0.09738867344038972
leaf_weight=2390.2827073186636 735.80948298424482 625.95075506344438 1431.5370982121676 6391.18621699512 9128.6562725827098 18419.917228221893 2549.6759074553847 55.243122112005949 1429.5218097791076 29.970988132059574 87.272463038563728 106.68990056961775 649.45385498926044 7.6464198119938365
leaf_count=8076 7208 5637 21928 26844 46523 75636 10532 280 17892 200 684 900 7575 101
internal_value=-0.000841767 0.00101982 -0.00772232 0.00432302 -0.00327312 0.000782159 0.0125645 -0.0369131 -0.0258916 -0.015045 0.0158052 -0.0193382 -0.0308805 -0.0222869
internal_weight=44038.8 40992.4 11241.4 29751.1 9754.61 20810.2 8940.86 1486.78 3046.36 959.743 117.243 842.499 2086.62 657.1
internal_count=230016 195456 74368 121088 52160 83712 37376 22208 34560 8992 884 8108 25568 7676
is_linear=0
shrinkage=0.05


Tree=139
num_leaves=15
num_cat=0
split_feature=0 20 6 1 7 4 9 1 1 0 14 13 5 9
split_gain=536.426 249.406 176.11 176.871 172.571 135.788 264.542 146.066 56.515 53.0368 75.1669 31.0515 14.7009 40.6103
threshold=17.067687000000003 35.221428571428582 0.084000000000000019 85.769548500000013 6.5000000000000009 450.8250000000001 0.076450000000000018 73.80284450000002 76.807391500000008 16.176255000000005 7.0890168418099666 7.8610117403314925 0.31500000000000006 0.077200000000000005
decision_type=2 2 2 2 2 2 2 2 2 2 2 2 2 2
left_child=8 2 3 -2 -4 7 -7 -3 12 11 -11 -10 -1 -14
right_child=1 5 4 -5 -6 6 -8 -9 9 10 -12 -13 13 -15
leaf_value=-0.011987345089882698 -0.02040966016831653 0.0051071774577270291 0.010465423259095373 0.0065130857553994392 -0.0096367820846835917 0.12032041041801056 -0.0037665385920458158 -0.032270275257809761 -0.036485698736458856 0.0035666518530028286 -0.035308696720478934 0.0015011615878074425 0.11259636551838199 0.0060364762824958902
leaf_weight=45.872436933219433 1187.3674193006009 356.20062551181763 9772.2823293879628 1254.6463932022452 1198.5715790679678 47.95560401212424 411.65283562615514 981.86639690585434 1062.8147268407047 260.97144930902869 237.50183590129018 56.664974968880415 10.962784387171267 48.482632540166378
leaf_count=624 24260 6964 76896 13356 15456 971 7137 21616 45720 7284 7980 1224 96 432
internal_value=0.000226868 0.00322225 0.00556619 -0.00657742 0.00826925 -0.0142664 0.00918071 -0.0223202 -0.026212 -0.0285222 -0.0149558 -0.0345629 0.00927806 0.025688
internal_weight=16933.8 15210.5 13412.9 2442.01 10970.9 1797.68 459.608 1338.07 1723.27 1617.95 498.473 1119.48 105.318 59.4454
internal_count=230016 166656 129968 37616 92352 36688 8108 28580 63360 62208 15264 46944 1152 528
is_linear=0
shrinkage=0.05


Tree=140
num_leaves=15
num_cat=0
split_feature=23 6 12 1 11 12 0 11 1 12 11 4 6 5
split_gain=230.961 228.31 238.628 322.675 245.026 169.301 158.759 118.871 250.723 188.163 116.455 89.3614 86.3185 49.546
threshold=10.500000000000002 -0.13349999999999998 0.093550000000000008 85.534560500000012 0.34815000000000007 0.09845000000000001 13.329615000000002 0.21045000000000003 77.493180500000008 0.13960000000000003 0.29955000000000004 43.315000000000005 -0.34899999999999992 0.065000000000000016
decision_type=2 2 2 2 2 2 2 2 2 2 2 2 2 2
left_child=1 5 3 -3 -4 11 -7 8 -2 -10 13 -1 -12 -9
right_child=7 2 4 -5 -6 6 -8 10 9 -11 12 -13 -14 -15
leaf_value=-0.017438914267824766 -0.0291829196294584 0.03147621657161092 0.0022178283663162935 -0.0075701403819433723 -0.010378186213896023 0.014537336711285952 -0.028323930419502815 -0.0094731868723562269 0.033301381351090183 -0.019694478719786711 0.018155538729345562 0.023274357282844209 -0.014121048650644123 -0.034987674641649404
leaf_weight=207.77864806354046 443.92219694703817 1492.2751972824335 48841.422292813659 819.7690721899271 4192.2770049721003 253.22426873445511 1471.553381100297 240.93540631234646 566.38047757744789 237.81895017623901 257.13224159181118 383.61048163473606 1065.4713900238276 904.86054785549641
leaf_count=746 1766 6031 185921 2841 14811 882 4826 1041 1832 763 786 1242 3614 2914
internal_value=0.000485333 0.00126401 0.00190763 0.0176318 0.00122212 -0.0141156 -0.0220312 -0.0115958 0.000979541 0.0176294 -0.0179544 0.00897016 -0.00784604 -0.0296225
internal_weight=61378.4 57661.9 55345.7 2312.04 53033.7 2316.17 1724.78 3716.52 1248.12 804.199 2468.4 591.389 1322.6 1145.8
internal_count=230016 217300 209604 8872 200732 7696 5708 12716 4361 2595 8355 1988 4400 3955
is_linear=0
shrinkage=0.05


Tree=141
num_leaves=15
num_cat=0
split_feature=5 23 24 11 5 13 18 24 23 8 23 5 24 1
split_gain=1254.06 465.745 243.548 94.2735 56.1451 40.5001 31.5638 12.8336 12.0798 6.03435 5.30521 0.00189669 0.000360823 0.000262482
threshold=0.18500000000000003 1.0000000180025095e-35 2.5000000000000004 0.2677000000000001 -0.29999999999999993 16.76959895997479 1.4500000000000004 2.5000000000000004 1.0000000180025095e-35 1.9935000000000003 13.500000000000002 0.36500000000000005 2.5000000000000004 72.731423000000021
decision_type=2 2 2 2 2 2 2 2 2 2 2 2 2 2
left_child=4 2 3 -2 7 -4 10 8 -1 -8 -6 13 -13 -3
right_child=1 11 5 -5 6 -7 9 -9 -10 -11 -12 12 -14 -15
leaf_value=0.020790297380814195 0.014810457682092515 -0.038243128544086277 -0.037270189990285786 0.0053137267451447024 0.021478884120542371 0.01226345791764207 -0.037019783067974384 -0.038202181706399996 -0.038172214226707933 0.015841238782660631 -0.038416951898884139 -0.038647841485605405 -0.038134796750642991 -0.038064893799401395
leaf_weight=64.377635072916746 5778.3507928550243 21.536936324089766 320.20968578848988 4770.8740020766854 27.41533682495356 47.371148091740906 2058.888846882619 14.760741025209425 10.041485494934021 5.4130200017243615 4.2732554469257584 17.573487395420674 4.2573130009695879 505.24573724810034
leaf_count=516 36690 860 14788 27686 132 1060 120036 652 464 116 156 484 204 26172
internal_value=0.00024633 0.00686242 0.00912151 0.0105156 -0.0344678 -0.0308867 -0.036121 0.004387 0.0128344 -0.0368812 0.0134018 -0.0380911 -0.0385478 -0.0380722
internal_weight=13650.6 11465.4 10916.8 10549.2 2185.17 367.581 2095.99 89.1799 74.4191 2064.3 31.6886 548.613 21.8308 526.783
internal_count=230016 107944 80224 64376 122072 15848 120440 1632 980 120152 288 27720 688 27032
is_linear=0
shrinkage=0.05


Tree=142
num_leaves=15
num_cat=0
split_feature=1 13 8 6 1 7 8 9 9 25 6 23 6 0
split_gain=780.314 494.972 274.145 240.374 172.837 93.2906 90.1591 161.32 113.587 77.9626 64.285 49.4777 48.1335 28.31
threshold=86.059637000000009 0.33979166666666677 2.1035000000000008 0.12150000000000001 89.145583000000002 5.5000000000000009 0.70050000000000001 0.098150000000000015 0.077200000000000005 1.5000000000000002 0.30850000000000005 1.0000000180025095e-35 0.084000000000000019 27.301037000000004
decision_type=2 2 2 2 2 2 2 2 2 2 2 2 2 2
left_child=1 5 3 -3 6 9 7 -2 -8 -1 12 -4 -6 -12
right_child=4 2 11 -5 10 -7 8 -9 -10 -11 13 -13 -14 -15
leaf_value=-0.036015101788541025 0.0080590947966150978 0.0094394113329562407 -0.040167241385872111 0.00078934536798926026 -0.019001275249807423 -0.039197633994975688 0.0033879990998217993 -0.036284035382549207 -0.021951882112308255 -0.0099908398068056029 -0.034546543369545227 0.025257584286448462 0.015060295559569632 -0.021856372019638234
leaf_weight=355.5442798435688 1195.4352873414755 12809.887245997787 411.78385824710131 21529.840573940426 831.80972523242235 503.82338484935462 594.44429384917021 247.58276075869799 1727.2347014509141 1510.0813966281712 1383.1998139359057 31.078817009925842 118.49409165605903 644.15315317735076
leaf_count=2626 6680 46280 4100 99740 8108 10816 4001 1232 11991 7878 17892 112 884 7676
internal_value=-0.000834261 0.00200571 0.00351202 0.00401611 -0.0164832 -0.0201062 -0.00936364 0.000451016 -0.0154638 -0.0149505 -0.0254846 -0.0355759 -0.0147541 -0.0305145
internal_weight=43894.4 37152 34782.6 34339.7 6742.35 2369.45 3764.7 1443.02 2321.68 1865.63 2977.66 442.863 950.304 2027.35
internal_count=230016 171552 150232 146020 58464 21320 23904 7912 15992 10504 34560 4212 8992 25568
is_linear=0
shrinkage=0.05


Tree=143
num_leaves=15
num_cat=0
split_feature=0 20 6 1 7 4 9 1 2 12 13 11 4 5
split_gain=506.972 231.211 162.883 165.631 157.853 113.799 188.941 137.144 56.5092 53.9748 102.533 41.236 7.46067 8.77283
threshold=17.067687000000003 35.39285714285716 0.084000000000000019 85.769548500000013 6.5000000000000009 447.64000000000004 0.076450000000000018 73.80284450000002 118.85000000000001 0.096100000000000005 1.9530834914611008 0.34815000000000007 9.8000000000000025 -0.14999999999999997
decision_type=2 2 2 2 2 2 2 2 2 2 2 2 2 2
left_child=8 2 3 -2 -4 7 -7 -3 9 10 -1 -11 13 -10
right_child=1 5 4 -5 -6 6 -8 -9 12 11 -12 -13 -14 -15
leaf_value=-0.031515185278654226 -0.02002956409623231 0.004411453472163227 0.009894758216200868 0.0060869123493113679 -0.0093732954300976678 0.097305371823241463 -0.0043940883488281703 -0.032414648177335088 0.13128565065385217 -0.029019500532343253 0.033440236201189306 0.011803361832371127 -0.036564822049625106 -0.011654080897871483
leaf_weight=115.42817727848887 1168.253207007423 351.74774196743965 9912.40277351439 1263.8682391755283 1190.6354176998138 51.582886829972267 398.4062009928748 898.88476345129311 1.172243237495423 600.09751615673304 128.26369328610599 68.969487905502319 751.70742411352694 12.734424699097868
leaf_count=3512 24328 6884 77684 13364 15648 956 7048 20744 20 22215 2236 1893 33216 268
internal_value=0.000205027 0.00307811 0.00526142 -0.00645796 0.00782855 -0.0142987 0.00726386 -0.0220571 -0.025876 -0.0174734 0.00267316 -0.0248114 -0.0358935 0.000394825
internal_weight=16914.2 15235.8 13535.2 2432.12 11103 1700.62 449.989 1250.63 1678.37 912.759 243.692 669.067 765.614 13.9067
internal_count=230016 166656 131024 37692 93332 35632 8004 27628 63360 29856 5748 24108 33504 288
is_linear=0
shrinkage=0.05


Tree=144
num_leaves=15
num_cat=0
split_feature=1 13 5 0 0 12 5 7 9 11 13 6 13 10
split_gain=220.836 208.383 202.115 872.897 550.923 128.634 90.3714 82.2883 89.569 67.1555 58.0716 35.2024 35.9797 32.8465
threshold=71.931277000000009 0.11901355421686749 0.065000000000000016 20.255440500000002 16.567750000000004 0.096750000000000017 0.31500000000000006 5.5000000000000009 0.079000000000000015 0.34815000000000007 0.54076510721247584 0.47650000000000009 1.9530834914611008 0.70760000000000012
decision_type=2 2 2 2 2 2 2 2 2 2 2 2 2 2
left_child=5 7 3 -3 -4 11 13 8 -2 -9 -8 12 -1 -7
right_child=1 2 4 -5 -6 6 10 9 -10 -11 -12 -13 -14 -15
leaf_value=-0.028072982290983001 -0.0067430285816175925 0.018378905502330831 -0.011375416067184271 -0.0031324855194762805 0.0021399408544347013 -0.036406083185796315 -0.014192986234473912 0.0343255118730443 0.024146783474344409 -0.044134619065391484 0.035229229115352576 0.01397962466835357 0.04423077123047163 0.0061856562935044424
leaf_weight=108.08218103647232 467.97753454744816 7301.5568577200174 10519.781924694777 13317.196555748582 26620.079765319824 817.36916729807854 463.67005001753569 690.48575277626514 470.73102362453938 28.393899530172348 68.176911532878876 354.56069389730692 20.463485538959503 47.920463189482689
leaf_count=337 1484 28296 35376 50448 99164 3520 1699 5700 1764 104 221 1680 63 160
internal_value=0.000483292 0.00101717 0.000515546 0.00448517 -0.00168825 -0.0163874 -0.0240777 0.0184963 0.00874718 0.0312265 -0.0078576 0.00585286 -0.0165628 -0.0340473
internal_weight=61296.4 59416.2 57758.6 20618.8 37139.9 1880.24 1397.14 1657.59 938.709 718.88 531.847 483.106 128.546 865.29
internal_count=230016 222336 213284 78744 134540 7680 5600 9052 3248 5804 1920 2080 400 3680
is_linear=0
shrinkage=0.05


Tree=145
num_leaves=15
num_cat=0
split_feature=5 23 24 1 5 7 18 24 23 23 8 5 24 1
split_gain=1197.05 443.543 229.522 92.3174 55.0122 40.1195 30.8833 12.1894 11.2134 6.82967 5.88174 0.00169534 0.00032448 0.000237387
threshold=0.18500000000000003 1.0000000180025095e-35 2.5000000000000004 80.688960000000023 -0.29999999999999993 6.5000000000000009 2.9500000000000011 2.5000000000000004 1.0000000180025095e-35 13.500000000000002 1.9935000000000003 0.36500000000000005 2.5000000000000004 72.731423000000021
decision_type=2 2 2 2 2 2 2 2 2 2 2 2 2 2
left_child=4 2 3 -2 7 -4 9 8 -1 -6 -8 13 -13 -3
right_child=1 11 5 -5 6 -7 10 -9 -10 -11 -12 12 -14 -15
leaf_value=0.019485752108422103 0.0039070951953799607 -0.038217032470158695 -0.036415102625056983 0.013619254074976869 0.021529505120977933 0.018183776495727177 -0.036986465493908681 -0.038182466166228432 -0.03814888652910748 -0.038254600525463853 0.014678902559176549 -0.038605824909117639 -0.038109899903731745 -0.038044552002595905
leaf_weight=65.535371214151382 3826.8724870793521 20.800038998946548 319.11323465965688 6784.5675402674824 28.05275422334671 37.611095579341054 1981.209177730605 14.377132492139934 9.6867589894682151 5.757611737586557 5.5240332596004 16.966288188472394 4.0942975664511314 487.47855185344815
leaf_count=516 23940 860 15520 40436 136 328 119920 652 464 268 116 484 204 26172
internal_value=0.000279961 0.00663311 0.00879054 0.0101167 -0.0343364 -0.0306585 -0.0360364 0.00400129 0.0120638 0.0113488 -0.0368428 -0.0380698 -0.0385094 -0.0380516
internal_weight=13607.6 11497.5 10968.2 10611.4 2110.14 356.724 2020.54 89.5993 75.2221 33.8104 1986.73 529.339 21.0606 508.279
internal_count=230016 107944 80224 64376 122072 15848 120440 1632 980 404 120036 27720 688 27032
is_linear=0
shrinkage=0.05


Tree=146
num_leaves=15
num_cat=0
split_feature=1 8 6 0 1 0 23 6 0 1 18 24 6 14
split_gain=730.923 420.133 345.314 645.334 478.721 63.9841 46.0983 38.6693 33.6137 31.09 18.5055 17.8795 15.6425 7.93174
threshold=89.145583000000002 2.1315000000000004 0.12150000000000001 15.360888500000001 76.752314000000013 11.067572500000002 1.0000000180025095e-35 0.29700000000000004 27.301037000000004 95.179246500000019 102.55000000000004 1.5000000000000002 -0.36749999999999994 13.138278485591348
decision_type=2 2 2 2 2 2 2 2 2 2 2 2 2 2
left_child=1 2 4 -4 -1 10 -3 9 -9 -7 12 -12 -2 -8
right_child=5 6 3 -5 -6 7 13 8 -10 -11 11 -13 -14 -15
leaf_value=0.031962773470540426 0.047055865065907532 -0.040854785191504248 0.014351715339859742 -0.0056841173532534602 0.0043304450895158692 -0.021644634502540713 0.01497336037751877 -0.035461656916520777 -0.021394048154153938 0.0074211191649119742 0.056749682619077417 0.0059238879265016108 -0.017902438557434647 0.1229371401724807
leaf_weight=1796.0113474577665 10.2305661290884 651.46411689557135 4965.5464783813804 21081.448247332126 12315.41130322963 671.13419365882874 29.58307254314423 1299.6700623817742 630.69977194070816 106.61782651394606 23.097366541624069 68.97638463228941 98.482948884367943 1.80498407781124
leaf_count=6568 52 8120 18648 116040 45960 7164 108 17668 7676 900 136 376 588 12
internal_value=-0.000837902 0.000886868 0.00154815 -0.00186453 0.00784731 -0.0250538 -0.0380032 -0.027073 -0.0308654 -0.0176602 0.00217992 0.0186739 -0.0117895 0.0211819
internal_weight=43750.2 40841.3 40158.4 26047 14111.4 2908.91 682.852 2708.12 1930.37 777.752 200.787 92.0738 108.714 31.3881
internal_count=230016 195456 187216 134688 52528 34560 8240 33408 25344 8064 1152 512 640 120
is_linear=0
shrinkage=0.05


Tree=147
num_leaves=15
num_cat=0
split_feature=0 13 7 5 9 9 19 11 2 12 13 11 4 5
split_gain=479.066 221.52 176.116 190.532 120.3 121.851 116.491 99.4327 56.6366 52.2186 94.4065 39.2816 7.40029 7.2707
threshold=17.067687000000003 14.510399999999999 6.5000000000000009 -0.20999999999999999 0.076700000000000004 0.09395000000000002 31.250000000000004 0.17025000000000004 118.85000000000001 0.096100000000000005 1.9530834914611008 0.34815000000000007 9.8000000000000025 -0.14999999999999997
decision_type=2 2 2 2 2 2 2 2 2 2 2 2 2 2
left_child=8 2 3 -2 6 -6 -3 -4 9 10 -1 -11 13 -10
right_child=1 4 7 -5 5 -7 -8 -9 12 11 -12 -13 -14 -15
leaf_value=-0.031201616565849962 -0.015540208377497717 0.031341890748453317 0.007764466230685052 0.0043183337510276911 0.0020957596780305848 0.022666063133535579 0.1169326082928161 -0.026988155053993369 0.11198572938501189 -0.028705546908850899 0.031303605637480379 0.01088349402460875 -0.036476306260583145 -0.01136958013559974
leaf_weight=111.42948045115918 1382.8298895768821 243.29917483776808 269.13239867333323 9545.2591567989439 1559.2979455143213 1337.399192944169 47.517842173576355 874.96798908617347 1.319526061415673 582.91045982763171 131.93908296152949 70.204900613054633 724.68377945525572 12.611257240176197
leaf_count=3512 28356 1309 5933 95608 8628 7086 233 19503 20 22215 2236 1893 33216 268
internal_value=0.000190868 0.00294694 -0.000148602 0.00180545 0.0146708 0.011593 0.0453269 -0.0188131 -0.0255304 -0.0170837 0.00268477 -0.02445 -0.0357824 0.000314655
internal_weight=16894.8 15259.7 12072.2 10928.1 3187.51 2896.7 290.817 1144.1 1635.1 896.484 243.369 653.115 738.615 13.9308
internal_count=230016 166656 149400 123964 17256 15714 1542 25436 63360 29856 5748 24108 33504 288
is_linear=0
shrinkage=0.05


Tree=148
num_leaves=15
num_cat=0
split_feature=12 18 1 5 10 9 18 20 0 0 0 1 0 24
split_gain=211.372 347.444 219.572 193.866 334.503 190.876 183.624 124.931 75.3945 49.6542 45.7623 44.2264 33.9624 32.8444
threshold=0.093050000000000008 26.250000000000007 72.537452000000016 0.21000000000000005 0.67860000000000009 0.091800000000000007 206.15000000000006 38.850000000000009 24.203824500000003 26.149535500000002 21.571771000000002 86.41238700000001 23.317448500000005 1.0000000180025095e-35
decision_type=2 2 2 2 2 2 2 2 2 2 2 2 2 2
left_child=1 9 7 6 -5 8 -4 10 -3 13 -2 -11 -9 -1
right_child=2 5 3 4 -6 -7 -8 12 -10 11 -12 -13 -14 -15
leaf_value=0.039328346034001128 -0.0045371542975019804 0.0094045471201666883 0.0014317567291521134 -0.0037329570073400724 0.023642045695054167 0.0077149923537506151 0.011284115741392771 -0.0028094873899280441 -0.069216907452274976 0.01157374316064709 -0.024735651718723307 -0.13412501754301775 0.024803753771109383 -0.024199214192972645
leaf_weight=957.83202190697193 344.85977319628 37.735244080424309 24816.277361139655 25360.216192491353 1167.2792930155993 341.48322241008282 5842.6245516985655 285.47037843614817 158.87678264081478 131.01479852199554 1500.7251730784774 5.4241004288196555 182.56753423064947 20.787495270371437
leaf_count=4269 1289 134 93048 92772 4160 1190 24064 1218 494 491 6068 22 725 72
internal_value=0.000480375 0.0181158 -9.60949e-06 0.000601332 -0.00252839 -0.0148813 0.00330931 -0.0151104 -0.0541273 0.0340392 -0.0209614 0.00578152 0.00796161 0.0379789
internal_weight=61153.2 1653.15 59500 57186.4 26527.5 538.095 30658.9 2313.62 196.612 1115.06 1845.58 136.439 468.038 978.62
internal_count=230016 6672 223344 214044 96932 1818 117112 9300 628 4854 7357 513 1943 4341
is_linear=0
shrinkage=0.05


Tree=149
num_leaves=15
num_cat=0
split_feature=5 23 24 9 5 13 18 23 24 18 8 5 24 1
split_gain=1137.47 421.034 215.636 88.5462 54.5775 39.795 30.5875 12.0176 11.5866 10.8367 5.56305 0.00151436 0.000289955 0.000214325
threshold=0.18500000000000003 1.0000000180025095e-35 2.5000000000000004 0.076700000000000004 -0.29999999999999993 16.76959895997479 5.2500000000000018 11.500000000000002 2.5000000000000004 162.05000000000004 2.1100000000000008 0.36500000000000005 2.5000000000000004 72.731423000000021
decision_type=2 2 2 2 2 2 2 2 2 2 2 2 2 2
left_child=4 2 3 -2 8 -4 7 -6 9 -1 -8 13 -13 -3
right_child=1 11 5 -5 6 -7 10 -9 -10 -11 -12 12 -14 -15
leaf_value=0.0074701742718332534 0.019153217912802042 -0.038191349011595842 -0.037163376972059431 0.007481348493132034 0.022503679106247371 0.012232318075477512 -0.037002733940793793 -0.038090086653970984 -0.038152349908073598 0.09596007165297904 0.020917447652923946 -0.038564662922942756 -0.038087048299022576 -0.038024499829557572
leaf_weight=71.855156895704567 1999.0830192938447 20.06909716874361 299.01672463212162 8681.3098921831697 30.679856583476067 47.212668064050376 1899.6685258513317 11.159135675057767 13.763282926753162 3.6348067317157975 4.1547200065106145 16.367199294269088 3.9433162203058592 469.91547736059874
leaf_count=936 10310 860 14788 54066 172 1060 119544 632 652 44 92 484 204 26172
internal_value=0.000273027 0.00635228 0.00840709 0.00966601 -0.0341932 -0.0304277 -0.035947 0.00634234 0.00403868 0.0117309 -0.0368763 -0.0380489 -0.0384719 -0.0380313
internal_weight=13571.8 11536.9 11026.6 10680.4 2034.92 346.229 1945.66 41.839 89.2532 75.49 1903.82 510.295 20.3105 489.985
internal_count=230016 107944 80224 64376 122072 15848 120440 804 1632 980 119636 27720 688 27032
is_linear=0
shrinkage=0.05


Tree=150
num_leaves=15
num_cat=0
split_feature=1 13 1 6 5 7 9 6 6 6 1 0 11 4
split_gain=690.293 402.847 330.013 416.417 162.026 84.0723 70.1424 62.133 45.7726 43.3902 32.1179 28.6629 41.0766 27.5928
threshold=89.145583000000002 0.32014492753623197 80.330773000000008 0.12150000000000001 0.32500000000000007 5.5000000000000009 0.078050000000000008 0.30850000000000005 0.084000000000000019 0.11800000000000001 93.204685000000012 27.301037000000004 0.35655000000000009 188.56500000000003
decision_type=2 2 2 2 2 2 2 2 2 2 2 2 2 2
left_child=1 5 4 -4 -3 6 -1 8 10 -10 -2 13 -13 -9
right_child=7 2 3 -5 -6 -7 -8 11 9 -11 -12 12 -14 -15
leaf_value=-0.0025853996337556889 -0.027126923033980205 0.0086153483934390939 0.0072247004797659463 -0.0074527590819591276 -0.0081437942105283389 -0.039077154590082555 -0.023156368057366566 -0.0086553588699514947 0.065439247678681478 -0.0031506881190352313 -0.0070695410040186139 -0.022392460636848632 0.091976132651348991 -0.036101766708479179
leaf_weight=687.30819273740053 452.19589047878981 15906.934592436999 7526.343208655715 13501.07419282943 1585.974655225873 458.05295127630234 1043.5994109511375 99.143243350088596 31.354276694357395 87.135355204343796 357.29108864068985 609.38788115233183 7.9533881247043601 1199.1792076453567
leaf_count=3478 4944 54792 29632 82732 7844 10484 6494 832 200 684 3164 7575 101 17060
internal_value=-0.00082748 0.000836195 0.00202187 -0.00219926 0.0070959 -0.0200288 -0.0149881 -0.0246445 -0.0140255 0.0149993 -0.018274 -0.0297885 -0.020919 -0.0340059
internal_weight=43552.9 40709.3 38520.3 21027.4 17492.9 2188.96 1730.91 2843.64 927.977 118.49 809.487 1915.66 617.341 1298.32
internal_count=230016 195456 175000 112364 62636 20456 9972 34560 8992 884 8108 25568 7676 17892
is_linear=0
shrinkage=0.05


Tree=151
num_leaves=15
num_cat=0
split_feature=0 21 13 5 11 12 2 2 12 18 5 11 4 5
split_gain=452.524 212.159 146.214 158.327 89.5891 92.8655 56.612 51.9391 49.6722 110.22 44.7124 39.6929 7.30908 6.2968
threshold=17.067687000000003 48.500000000000007 17.418521959459461 -0.20999999999999999 0.34415000000000007 0.094750000000000015 118.85000000000001 75.15000000000002 0.096750000000000017 46.95000000000001 0.31500000000000006 0.34815000000000007 9.8000000000000025 -0.14999999999999997
decision_type=2 2 2 2 2 2 2 2 2 2 2 2 2 2
left_child=6 4 3 -3 7 -6 8 -2 9 -1 -4 -10 13 -8
right_child=1 2 10 -5 5 -7 12 -9 11 -11 -12 -13 -14 -15
leaf_value=-0.028445492520100008 -0.009279230699197373 -0.01097741446159381 0.014141020073268312 0.0055001178322503057 -0.037837634367767346 0.018593158487262184 0.099171331954735181 -0.028553876713550953 -0.029486922487478685 0.034120450089728485 0.033108070736601339 0.011149577666681494 -0.036385408690777048 -0.011245938086763826
leaf_weight=151.92268090415746 673.14268321171403 1699.3340625744313 1043.6247497498989 10258.782228459604 92.482795180752873 344.41093418747187 1.4391721785068519 726.97373454179615 530.06929040793329 131.16671044379473 442.45013488084078 67.7759909350425 698.10302047850564 12.556017752736803
leaf_count=5494 14610 30324 5176 89072 2202 4460 20 19128 20577 1988 1684 1797 33216 268
internal_value=0.000175253 0.00281895 0.00499672 0.00315854 -0.013119 0.00664774 -0.0251845 -0.0192871 -0.0167101 0.000543827 0.0197881 -0.0248801 -0.0356682 0.000108639
internal_weight=16874.2 15281.2 13444.2 11958.1 1837.01 436.894 1593.03 1400.12 880.935 283.089 1486.07 597.845 712.098 13.9952
internal_count=230016 166656 126256 119396 40400 6662 63360 33738 29856 7482 6860 22374 33504 288
is_linear=0
shrinkage=0.05


Tree=152
num_leaves=15
num_cat=0
split_feature=12 18 1 5 0 0 9 20 0 0 0 1 7 24
split_gain=198.112 326.458 202.451 182.419 820.257 514.704 175.748 114.743 68.9747 47.9798 43.277 38.6558 34.0511 31.2064
threshold=0.093050000000000008 26.250000000000007 72.537452000000016 0.065000000000000016 20.255440500000002 16.567750000000004 0.091800000000000007 38.850000000000009 24.203824500000003 26.149535500000002 21.571771000000002 86.581973000000019 6.5000000000000009 1.0000000180025095e-35
decision_type=2 2 2 2 2 2 2 2 2 2 2 2 2 2
left_child=1 9 7 4 -4 -5 8 10 -3 13 -2 -11 -9 -1
right_child=2 6 3 5 -6 -7 -8 12 -10 11 -12 -13 -14 -15
leaf_value=0.03862357784751419 -0.0042178475934864096 0.0091177852789666603 0.017893506583283664 -0.010778595874292429 -0.0030787423795109459 0.0022641897926796726 0.0075099947580250992 0.0021558594585517638 -0.066146285978714955 0.01067416591256388 -0.023899386168776574 -0.13319843083545424 0.041231386876350223 -0.023158735061056764
leaf_weight=937.70900817960501 343.98928778618574 37.612877875566483 7241.3743263110518 10645.361266642809 13090.522552326322 26132.981174759567 340.70926266908646 402.0992291867733 159.6393161714077 131.33305715769529 1485.3359230980277 4.8408178687095633 64.726624041795731 20.894231215119362
leaf_count=4269 1289 134 28296 36837 49728 99183 1190 1324 494 495 6068 18 619 72
internal_value=0.000477044 0.0176593 4.80321e-06 0.000590073 0.0043907 -0.001511 -0.014235 -0.0145521 -0.0517946 0.0333318 -0.0201984 0.00555967 0.00757378 0.0372769
internal_weight=61039.1 1632.74 59406.4 57110.2 20331.9 36778.3 537.961 2296.15 197.252 1094.78 1829.33 136.174 466.826 958.603
internal_count=230016 6672 223344 214044 78024 136020 1818 9300 628 4854 7357 513 1943 4341
is_linear=0
shrinkage=0.05


Tree=153
num_leaves=15
num_cat=0
split_feature=24 10 23 18 5 24 10 7 10 6 10 18 5 1
split_gain=1079.3 470.958 438.326 315.34 252.594 234.436 197.114 168.737 159.734 137.794 115.682 66.8107 0.000741303 0.000214474
threshold=1.0000000180025095e-35 0.46470000000000006 1.0000000180025095e-35 46.95000000000001 0.34000000000000002 2.5000000000000004 0.70760000000000012 6.5000000000000009 0.65290000000000015 0.47650000000000009 0.70760000000000012 24.550000000000008 0.36500000000000005 73.172706000000019
decision_type=2 2 2 2 2 2 2 2 2 2 2 2 2 2
left_child=2 3 6 5 -5 -2 8 10 -1 -9 -3 -8 13 -4
right_child=1 7 12 4 -6 -7 11 9 -10 -11 -12 -13 -14 -15
leaf_value=0.010024055723359612 0.13996552501657428 -0.037102091556897698 -0.038073676616367583 -0.031249833274284679 0.078592723521175967 -0.038263489182823324 -0.034544000998759337 -0.037743829803570446 0.034403853160395799 0.029215285113474446 0.0226818908957933 0.07076020557023989 -0.038442793964103647 -0.037956354329334377
leaf_weight=8685.3551427247003 84.045299086719751 2564.1575696589425 42.776189960539341 188.99978703446686 72.383246066048741 23.640213890001178 287.60865664482117 126.04421346262097 728.18614275287837 196.79400604218245 83.552670897915959 15.894835426472126 8.323114784434436 435.97459174320102
leaf_count=55373 724 115093 2284 8652 404 957 1436 7804 3130 1132 4398 129 272 28228
internal_value=0.000236334 -0.024436 0.00831114 0.0288333 -0.000831788 0.100839 0.0106313 -0.0310544 0.01191 0.00307275 -0.0352155 -0.0290291 -0.037975 -0.0379668
internal_weight=13543.7 3339.62 10204.1 369.069 261.383 107.686 9717.04 2970.55 9413.54 322.838 2647.71 303.503 487.074 478.751
internal_count=230016 139164 90852 10737 9056 1681 60068 128427 58503 8936 119491 1565 30784 30512
is_linear=0
shrinkage=0.05


Tree=154
num_leaves=15
num_cat=0
split_feature=1 13 8 0 18 7 10 7 10 22 10 23 24 5
split_gain=650.591 415.267 246.178 214.032 154.2 113.923 95.3728 83.8057 68.2581 53.8784 48.1169 42.2005 41.4029 31.579
threshold=86.059637000000009 0.32014492753623197 2.1315000000000004 24.172974500000006 155.45000000000005 6.5000000000000009 0.67860000000000009 5.5000000000000009 0.63990000000000014 28.500000000000004 0.46850000000000008 1.0000000180025095e-35 1.5000000000000002 -0.74999999999999989
decision_type=2 2 2 2 2 2 2 2 2 2 2 2 2 2
left_child=1 7 3 -3 5 6 -2 8 -1 13 -11 -4 -7 -6
right_child=4 2 11 -5 9 12 -8 -9 -10 10 -12 -13 -14 -15
leaf_value=-0.010147199203210876 -0.0041155152880439699 0.0010509231288060954 -0.040346829318152776 0.0098182914555344381 0.054568661892093057 -0.038845281973848504 -0.040175100712783345 -0.03897776401455804 -0.037202589084557168 0.17704223365308347 0.0085131040996792324 0.022188565591034003 0.015179833838062255 -0.025866970398463335
leaf_weight=1434.3093635104597 3273.9923660382628 24641.094017356634 373.00459110364318 9701.9363121911883 12.260492846369742 378.35264613851905 194.24704407155514 441.41043646447361 278.36780945956707 5.8018811345100429 15.686075732111929 29.081045538187027 39.131117980927229 2570.5278117470443
leaf_count=8058 21694 102812 4128 44080 84 5204 2058 10456 1914 27 81 104 268 29048
internal_value=-0.000816117 0.0017516 0.00307232 0.00352771 -0.015415 -0.00910545 -0.00613512 -0.0195514 -0.0145446 -0.0248292 0.054017 -0.0358239 -0.0337815 -0.0254851
internal_weight=43389.2 36899.2 34745.1 34343 6490 3885.72 3468.24 2154.09 1712.68 2604.28 21.488 402.086 417.484 2582.79
internal_count=230016 171552 151124 146892 58464 29224 23752 20428 9972 29240 108 4232 5472 29132
is_linear=0
shrinkage=0.05


Tree=155
num_leaves=15
num_cat=0
split_feature=0 20 0 0 4 9 1 2 3 12 5 11 4 5
split_gain=427.772 201.714 153.971 134.601 125.707 190.475 136.565 56.5435 49.1353 38.9819 27.4197 8.99998 7.25508 5.40583
threshold=17.067687000000003 35.221428571428582 33.043207000000002 26.181188500000005 450.8250000000001 0.076450000000000018 73.80284450000002 118.85000000000001 2.1050000000000004 0.096100000000000005 0.13500000000000004 0.34415000000000007 9.8000000000000025 -0.14999999999999997
decision_type=2 2 2 2 2 2 2 2 2 2 2 2 2 2
left_child=7 2 3 -2 6 -6 -3 8 9 -1 -10 -4 13 -9
right_child=1 4 11 -5 5 -7 -8 12 10 -11 -12 -13 -14 -15
leaf_value=-0.0038206405506162064 0.00093073938873498093 0.0047475462322992979 -0.03349266867202922 0.011041220577466941 0.094599342141108628 -0.0030350984217161663 -0.031669956747260718 0.087586671589056142 -0.026591929392352321 -0.030536189409304207 0.016156425857050186 -0.0094467514350635093 -0.036290700820517566 -0.010955165512224092
leaf_weight=191.6891431203112 7139.7942542862147 358.13270302210003 265.88007965125144 6108.0517723150551 57.013722909614444 403.43151358887553 915.50351526029408 1.567172139883042 50.075850244611502 474.64483193308115 149.5039093606174 45.585030321031809 672.14100398542359 12.433381382375952
leaf_count=5094 85524 6964 3864 40000 971 7137 21616 20 1584 20730 2448 580 33216 268
internal_value=0.00018352 0.00272178 0.00477531 0.00559228 -0.0133354 0.00905429 -0.0214297 -0.0248276 -0.0163323 -0.0228507 0.00543059 -0.0299734 -0.0355487 7.52571e-05
internal_weight=16845.4 15293.4 13559.3 13247.8 1734.08 460.445 1273.64 1552.06 865.914 666.334 199.58 311.465 686.142 14.0006
internal_count=230016 166656 129968 125524 36688 8108 28580 63360 29856 25824 4032 4444 33504 288
is_linear=0
shrinkage=0.05


Tree=156
num_leaves=15
num_cat=0
split_feature=12 20 10 1 5 7 18 20 1 9 18 0 0 7
split_gain=193.41 246.493 232.741 201.158 214.466 315.251 166.555 111.918 105.023 151.371 92.6374 53.7375 47.6942 44.2377
threshold=0.093550000000000008 34.321428571428584 0.47475000000000006 72.926704500000014 0.21000000000000005 5.5000000000000009 206.15000000000006 38.850000000000009 84.307104500000023 0.090500000000000011 8.2500000000000018 21.571771000000002 22.744482500000004 4.5000000000000009
decision_type=2 2 2 2 2 2 2 2 2 2 2 2 2 2
left_child=1 2 10 7 6 -6 -5 11 -3 -10 -1 -2 -9 -4
right_child=3 8 13 4 5 -7 -8 12 9 -11 -12 -13 -14 -15
leaf_value=0.054360596807644157 -0.0031749004141151658 0.03596485576417667 0.023038100713749728 0.0016168074621157576 -0.0057342736710261433 0.0076709520141593135 0.011106628535332223 -0.010513099232790825 -0.037082537718265182 0.024888513121307708 -0.045363874452023903 -0.022142938094468996 0.019823678247626313 -0.0078906558036188762
leaf_weight=25.08599628508091 473.31769976764917 1011.9890439808369 389.95125426352024 24352.622425220907 20063.078322485089 5612.7343940883875 5707.1743747591972 220.42163483798504 135.91839134693146 358.29364286363125 324.82288335263729 1768.786720149219 314.29321368038654 164.33546462655067
leaf_count=89 1733 4368 1323 91793 67666 26344 23787 959 470 1493 1046 7087 1261 597
internal_value=0.000469476 0.0143498 -0.00628682 -0.000102319 0.000552049 -0.00280389 0.00341855 -0.0132366 0.0267383 0.00784521 -0.0382143 -0.0181387 0.00731817 0.0138683
internal_weight=60922.8 2410.4 904.196 58512.4 55735.6 25675.8 30059.8 2776.82 1506.2 494.212 349.909 2242.1 534.715 554.287
internal_count=230016 9386 3055 220630 209590 94010 115580 11040 6331 1963 1135 8820 2220 1920
is_linear=0
shrinkage=0.05


Tree=157
num_leaves=15
num_cat=0
split_feature=5 23 24 1 5 13 18 23 24 23 8 5 24 1
split_gain=1028.77 381.953 191.449 89.6087 54.3711 38.8568 30.3029 10.8706 10.7203 9.9216 5.53937 0.00136274 0.000247819 0.000209901
threshold=0.18500000000000003 1.0000000180025095e-35 2.5000000000000004 80.867646000000022 -0.29999999999999993 16.76959895997479 5.2500000000000018 11.500000000000002 2.5000000000000004 1.0000000180025095e-35 2.1100000000000008 0.36500000000000005 2.5000000000000004 72.731423000000021
decision_type=2 2 2 2 2 2 2 2 2 2 2 2 2 2
left_child=4 2 3 -2 8 -4 7 -6 9 -1 -8 13 -13 -3
right_child=1 11 5 -5 6 -7 10 -9 -10 -11 -12 12 -14 -15
leaf_value=0.018188868415602213 0.0029424014904206384 -0.038159130046092171 -0.037059195289348125 0.012350812770551783 0.021216685306994748 0.011976170137938372 -0.03689459141122306 -0.038045154732030802 -0.038099811122206312 -0.038092761087919119 0.020936015143349931 -0.038514716624711731 -0.038062162348130035 -0.037989618987791351
leaf_weight=66.648462176322937 4047.5633075684309 19.055940445512533 280.14080471359193 6753.5625690538436 31.147561930119991 47.208920150995255 1764.3616891382262 10.296237466856835 12.684701974503694 8.872955038212238 4.1505461279302827 15.477038225159051 3.7599609997123471 438.56381194479764
leaf_count=516 24852 860 14788 39524 172 1060 119544 632 652 464 92 484 204 26172
internal_value=0.000224349 0.00580577 0.00768345 0.00882515 -0.0339004 -0.0299875 -0.0357685 0.00649376 0.00443257 0.0115764 -0.0367589 -0.038014 -0.0384263 -0.0379967
internal_weight=13503.5 11605.3 11128.5 10801.1 1898.16 327.35 1809.96 41.4438 88.2061 75.5214 1768.51 476.857 19.237 457.62
internal_count=230016 107944 80224 64376 122072 15848 120440 804 1632 980 119636 27720 688 27032
is_linear=0
shrinkage=0.05


Tree=158
num_leaves=15
num_cat=0
split_feature=1 8 6 0 1 6 6 23 6 1 0 11 4 13
split_gain=617.711 374.457 293.906 563.45 428.836 60.8406 43.5798 43.1724 39.6652 31.9499 29.7572 37.244 27.5288 6.75367
threshold=89.145583000000002 2.1315000000000004 0.12150000000000001 15.128554500000002 76.752314000000013 0.30850000000000005 0.084000000000000019 1.0000000180025095e-35 0.11800000000000001 95.179246500000019 27.301037000000004 0.35655000000000009 188.56500000000003 2.4663222481937956
decision_type=2 2 2 2 2 2 2 2 2 2 2 2 2 2
left_child=1 2 4 -4 -1 6 9 -3 -8 -2 12 -12 -7 -9
right_child=5 7 3 -5 -6 10 8 13 -10 -11 11 -13 -14 -15
leaf_value=0.030250787747570652 -0.021466559345265441 -0.040489978912284036 0.014443797113474361 -0.0051675414977623672 0.003866956497461094 -0.0080645663556389927 0.062426301159998268 0.042141841224211773 -0.0026474287929507795 0.0081338622237449153 -0.02139446340039643 0.084547934463190005 -0.035741581459792823 -0.0041218132763629744
leaf_weight=1760.4666126444936 681.57663800567389 598.82341191545129 4418.2264445852488 21413.122132966295 12305.068569175899 97.589327082037926 32.157957568764687 16.120756059885029 86.1561612598598 105.2377097979188 581.24866256117821 8.4158833771944028 1131.9940290786326 15.447992511093615
leaf_count=6568 7208 8120 16560 118128 45960 832 200 52 684 900 7575 101 17060 68
internal_value=-0.000799858 0.000749391 0.00135353 -0.00181319 0.0071692 -0.0238462 -0.013253 -0.0374857 0.0150397 -0.0175075 -0.0291166 -0.0198824 -0.0335449 0.019503
internal_weight=43251.7 40527.3 39896.9 25831.3 14065.5 2724.38 905.128 630.392 118.314 786.814 1819.25 589.665 1229.58 31.5687
internal_count=230016 195456 187216 134688 52528 34560 8992 8240 884 8108 25568 7676 17892 120
is_linear=0
shrinkage=0.05


Tree=159
num_leaves=15
num_cat=0
split_feature=0 15 12 0 11 22 2 3 12 5 13 18 4 11
split_gain=405.043 187.992 142.466 135.116 114.239 67.1208 56.5164 46.5466 38.0846 24.8651 19.4207 11.3044 7.18363 5.00335
threshold=17.067687000000003 1.0000000180025095e-35 0.092400000000000024 26.065943500000003 0.34415000000000007 -10.499999999999998 118.85000000000001 2.1050000000000004 0.096100000000000005 0.13500000000000004 13.292495309568482 492.40000000000003 9.8000000000000025 0.17505000000000001
decision_type=2 2 2 2 2 2 2 2 2 2 2 2 2 2
left_child=6 4 11 -4 10 -6 7 8 -1 -9 -2 -3 13 -8
right_child=1 2 3 -5 5 -7 12 9 -10 -11 -12 -13 -14 -15
leaf_value=-0.0036987948928817898 -0.027113983804563681 -0.038001472394475135 3.9852113238032067e-05 0.0098582754641991788 0.054792686625032817 -0.005708462020356601 0.081535746520531707 -0.026143299203107637 -0.030261381939917738 0.014991977811591797 0.011593694015067475 0.066955818375987755 -0.036202119690174048 -0.010970152432263533
leaf_weight=191.03353985119611 826.2506002150476 207.88117299601436 7324.4516417915002 6717.7625565538183 72.676924869418144 124.1588136497885 1.6574577316641796 48.405147520825267 459.58491306938231 152.40022125095129 33.727596156299114 2.5975003689527503 648.95624878257513 12.376969071105121
leaf_count=5094 22015 2692 92620 46536 666 1938 34 1584 20730 2448 177 12 33216 254
internal_value=0.000176171 0.00261622 0.00412495 0.00473696 -0.0177311 0.0166302 -0.0244908 -0.0159673 -0.0224621 0.00507611 -0.0255959 -0.0367062 -0.0354367 -4.5259e-05
internal_weight=16823.9 15309.5 14252.7 14042.2 1056.81 196.836 1514.41 851.424 650.618 200.805 859.978 210.479 662.991 14.0344
internal_count=230016 166656 141860 139156 24796 2604 63360 29856 25824 4032 22192 2704 33504 288
is_linear=0
shrinkage=0.05


Tree=160
num_leaves=15
num_cat=0
split_feature=18 1 5 10 7 4 12 12 23 7 0 11 13 0
split_gain=181.438 250.744 188.116 268.909 175.659 151.996 128.778 198.518 88.7052 77.7427 90.5358 72.708 53.7272 15.1694
threshold=2.0500000000000007 73.172706000000019 0.21000000000000005 0.70760000000000012 5.5000000000000009 485.51000000000005 0.094750000000000015 0.096750000000000017 7.5000000000000009 5.5000000000000009 21.571771000000002 0.34815000000000007 11.377638888888891 24.557603500000003
decision_type=2 2 2 2 2 2 2 2 2 2 2 2 2 2
left_child=4 9 5 -4 6 -3 13 -8 11 10 -2 -6 -11 -1
right_child=1 2 3 -5 8 -7 7 -9 -10 12 -12 -13 -14 -15
leaf_value=0.038571882109793926 0.0087763833248118202 0.0051298771885843414 -0.0031946221969618941 0.033093365955133756 0.033734980490321149 -0.0039848061665981932 -0.03273981941923447 0.010455767734812327 -0.043270688700000198 -0.032338093777165441 -0.015050189789089216 -0.044934780260463936 0.01058664952250816 -0.006417419306109895
leaf_weight=225.07835975289345 521.66760569810867 23888.025028452277 25245.992192976177 521.06556004285812 1023.9184895381331 5657.122949257493 414.86568509042263 741.20637790858746 41.242468729615211 694.1029564961791 1691.2648971676826 30.237510442733765 81.453179955482483 20.43794247508049
leaf_count=1015 1712 93684 89809 1923 8104 20364 1331 2448 232 2820 6128 112 260 74
internal_value=0.000464651 -0.000100627 0.000661563 -0.0024608 0.013663 0.00338465 0.00193908 -0.00504531 0.0286641 -0.0142076 -0.00943341 0.0314784 -0.0278299 0.0348268
internal_weight=60797.7 58300.7 55312.2 25767.1 2496.99 29545.1 1401.59 1156.07 1095.4 2988.49 2212.93 1054.16 775.556 245.516
internal_count=230016 216700 205780 91732 13316 114048 4868 3779 8448 10920 7840 8216 3080 1089
is_linear=0
shrinkage=0.05


Tree=161
num_leaves=15
num_cat=0
split_feature=24 10 23 18 5 15 10 7 10 6 10 18 5 1
split_gain=980.59 440.367 394.348 271.42 214.776 191.977 185.677 166.646 137.319 125.095 115.419 61.1226 0.000574186 0.000175874
threshold=1.0000000180025095e-35 0.46470000000000006 1.0000000180025095e-35 46.95000000000001 0.34000000000000002 2.4500000000000006 0.70760000000000012 6.5000000000000009 0.65290000000000015 0.47650000000000009 0.70760000000000012 24.550000000000008 0.36500000000000005 73.172706000000019
decision_type=2 2 2 2 2 2 2 2 2 2 2 2 2 2
left_child=2 3 6 5 -5 -2 8 10 -1 -9 -3 -8 13 -4
right_child=1 7 12 4 -6 -7 11 9 -10 -11 -12 -13 -14 -15
leaf_value=0.0093445379827761382 -0.039097150309121247 -0.036957691125569757 -0.038032675871096315 -0.030829245630136688 0.06980693079314497 0.12442472991536367 -0.034255204698974091 -0.037674517928340083 0.03167798600557041 0.027422100098215114 0.022990010626655635 0.064009743038375352 -0.038367994822260998 -0.037922310311666707
leaf_weight=8769.5694443108514 22.383884895592928 2424.5117312092334 39.641852121800184 179.41688957903534 75.255191708914936 90.588936747983098 284.3010166734457 116.73137940932065 746.89156619738787 200.67276530526578 83.04203471634537 16.757828738540411 7.688687425106763 403.71324419230223
leaf_count=55373 823 115093 2284 8652 404 858 1436 7804 3130 1132 4398 129 272 28228
internal_value=0.000249406 -0.0239528 0.00777412 0.0275222 -0.00109142 0.0920253 0.00987433 -0.0306518 0.0110974 0.00348159 -0.0349724 -0.0287855 -0.0379396 -0.0379322
internal_weight=13461.2 3192.6 10268.6 367.645 254.672 112.973 9817.52 2824.96 9516.46 317.404 2507.55 301.059 451.044 443.355
internal_count=230016 139164 90852 10737 9056 1681 60068 128427 58503 8936 119491 1565 30784 30512
is_linear=0
shrinkage=0.05


Tree=162
num_leaves=15
num_cat=0
split_feature=1 8 13 1 7 6 23 6 6 1 0 11 4 14
split_gain=578.736 354.388 275.114 250.779 79.4659 60.0973 41.8466 40.8196 34.9621 31.7962 29.9136 33.2577 27.3231 6.81032
threshold=89.145583000000002 2.1315000000000004 0.32014492753623197 80.330773000000008 5.5000000000000009 0.30850000000000005 1.0000000180025095e-35 0.084000000000000019 0.11800000000000001 93.204685000000012 27.301037000000004 0.35655000000000009 188.56500000000003 13.138278485591348
decision_type=2 2 2 2 2 2 2 2 2 2 2 2 2 2
left_child=1 2 4 -4 -1 7 -3 9 -9 -2 12 -12 -7 -8
right_child=5 6 3 -5 -6 10 13 8 -10 -11 11 -13 -14 -15
leaf_value=-0.012402945225691164 -0.026133337529868867 -0.040308187661722873 0.0066496337604529587 -0.0015186516656548314 -0.038963760478079708 -0.0078320351878626727 0.01291727985002402 0.05773470621811469 -0.0024992057152679777 -0.0057399483088010775 -0.020906601534406755 0.075794536551698211 -0.035520673583818593 0.1092069439754248
leaf_weight=1608.1724517866969 427.58697240799665 575.33366260491312 17272.960584510118 20606.721221767366 341.3819428589195 97.005182232707739 29.505900882184509 33.484324149787426 85.87745963409543 345.63190375268459 568.29681856557727 9.0327117294073087 1093.0204513706267 1.9581886082887638
leaf_count=9548 4944 8120 61144 108592 7932 832 108 200 684 3164 7575 101 17060 12
internal_value=-0.000800528 0.000685556 0.00126331 0.00220605 -0.0170539 -0.0233918 -0.0372376 -0.0128163 0.0143981 -0.0170174 -0.0287328 -0.0193936 -0.0332636 0.0189099
internal_weight=43096 40436 39829.2 37879.7 1949.55 2659.94 606.798 892.581 119.362 773.219 1767.36 577.33 1190.03 31.4641
internal_count=230016 195456 187216 169736 17480 34560 8240 8992 884 8108 25568 7676 17892 120
is_linear=0
shrinkage=0.05


Tree=163
num_leaves=15
num_cat=0
split_feature=0 20 5 1 4 4 9 1 1 1 10 10 15 19
split_gain=386.816 210.484 142.953 209.419 139.134 113.883 139.242 130.664 71.616 32.1403 14.0531 27.0642 9.46249 3.08676
threshold=16.228959000000007 35.39285714285716 -0.20999999999999999 85.769548500000013 888.5250000000002 447.64000000000004 0.076450000000000018 73.80284450000002 76.807391500000008 80.97817400000001 0.63085000000000013 0.62755000000000016 37.350000000000001 25.450000000000003
decision_type=2 2 2 2 2 2 2 2 2 2 2 2 2 2
left_child=8 2 3 -2 -4 7 -7 -3 10 -10 11 -1 -11 -12
right_child=1 5 4 -5 -6 6 -8 -9 9 12 13 -13 -14 -15
leaf_value=0.012925101421479047 -0.025491136454569643 0.0044403745539491118 0.0073886078836684094 0.005853902404957932 -0.021889870090063851 0.078815065726939651 -0.0033606660353858739 -0.031264366269469997 -0.036769789315123265 -0.0098125631261422718 0.11801213821697659 0.17019040597617066 0.1345935988584735 -0.040516511287704421
leaf_weight=85.576711561530828 933.63429795950651 350.36727111879736 11402.250059134327 1241.3796618767083 420.73932456411421 59.471846170723438 386.97073059063405 953.76202982291579 839.93454605480656 111.66198671422899 0.3143858015537252 2.8260531835257998 1.1460639163851727 13.182461798191069
leaf_count=924 23632 6884 99024 13052 5264 956 7048 25100 45024 2864 3 36 16 189
internal_value=0.000172142 0.00213531 0.00417948 -0.00760109 0.00634669 -0.0142103 0.00758619 -0.0216719 -0.0291432 -0.0334043 0.0106973 0.0179525 -0.00834548 -0.0368239
internal_weight=16803.2 15748.6 13998 2175.01 11823 1750.57 446.443 1304.13 1054.64 952.743 101.9 88.4028 112.808 13.4968
internal_count=230016 180960 140972 36684 104288 39988 8004 31984 49056 47904 1152 960 2880 192
is_linear=0
shrinkage=0.05


Tree=164
num_leaves=15
num_cat=0
split_feature=12 20 10 1 5 10 18 1 9 5 7 18 7 5
split_gain=185.649 231.219 211.942 175.792 173.43 317.797 153.648 99.1512 138.742 90.7082 87.7479 84.9445 40.5747 24.2163
threshold=0.093550000000000008 34.321428571428584 0.47475000000000006 71.931277000000009 0.21000000000000005 0.67860000000000009 206.15000000000006 84.307104500000023 0.090500000000000011 0.13500000000000004 6.5000000000000009 8.2500000000000018 4.5000000000000009 0.36500000000000005
decision_type=2 2 2 2 2 2 2 2 2 2 2 2 2 2
left_child=1 2 11 9 6 -6 -5 13 -9 -2 -11 -1 -4 -3
right_child=3 7 12 4 5 -7 -8 8 -10 10 -12 -13 -14 -15
leaf_value=0.052983178581353735 -0.031898905212616117 0.036364648313862449 0.0223057362867994 0.001220478676113073 -0.0038030516492505474 0.022979828709024708 0.010251435563145502 -0.034565629982913314 0.024484374908189291 -0.0116634126345086 0.039432194165917311 -0.043103274265578695 -0.0073190335853541514 -0.024593125445059129
leaf_weight=24.753272458910942 577.91062583774328 976.38116905838251 386.7976533472538 24679.452989540994 24890.166541233659 1159.159844443202 5820.5244606584311 138.28350131213665 354.43316600471735 1089.4032602459192 91.047731794416904 324.96283562481403 164.83610866218805 16.569019824266434
leaf_count=89 2880 4311 1323 93345 91410 4200 24315 470 1493 3600 880 1046 597 57
internal_value=0.000460336 0.0141274 -0.00585132 -9.91719e-05 0.000384942 -0.00261125 0.00294392 0.0262485 0.00791168 -0.0156684 -0.00772243 -0.0363022 0.0134534 0.0353475
internal_weight=60694.7 2387.02 901.35 58307.7 56549.3 26049.3 30500 1485.67 492.717 1758.36 1180.45 349.716 551.634 992.95
internal_count=230016 9386 3055 220630 213270 95610 117660 6331 1963 7360 4480 1135 1920 4368
is_linear=0
shrinkage=0.05


Tree=165
num_leaves=15
num_cat=0
split_feature=5 23 24 1 5 13 18 23 24 16 8 5 24 1
split_gain=933.052 348.709 172.84 80.1224 54.1915 37.6186 30.1594 13.9752 9.96463 9.65078 5.50073 0.00125521 0.000216112 0.000182285
threshold=0.18500000000000003 1.0000000180025095e-35 2.5000000000000004 80.688960000000023 -0.29999999999999993 16.76959895997479 6.3500000000000023 10.500000000000002 2.5000000000000004 46.250000000000007 2.1100000000000008 0.36500000000000005 2.5000000000000004 72.731423000000021
decision_type=2 2 2 2 2 2 2 2 2 2 2 2 2 2
left_child=4 2 3 -2 8 -4 7 -6 9 -1 -8 13 -13 -3
right_child=1 11 5 -5 6 -7 10 -9 -10 -11 -12 12 -14 -15
leaf_value=0.0080579289295800646 0.002408750605390711 -0.038120876727758934 -0.036966245829811256 0.011348484710312287 0.022723386476971391 0.011367958537744857 -0.036841179440809446 -0.037969275207341682 -0.038051961809720557 0.10285311372445892 0.02071772068636132 -0.038473206724809889 -0.038040073783340435 -0.037957986371027812
leaf_weight=72.468526761047542 3908.8233450651169 17.92599533777684 264.42901513073593 6985.5749926175922 31.836965225636959 47.48530828487128 1633.9976586489938 13.509363718330858 11.688328248448668 2.7882129400968543 4.1614030934870234 14.670524252578618 3.5833170954138032 410.02902559936047
leaf_count=928 23940 860 14788 40436 180 1060 119236 932 652 52 92 484 204 26172
internal_value=0.0002259 0.00536433 0.00709028 0.00814098 -0.0335936 -0.0296079 -0.0355815 0.00464212 0.00489917 0.01157 -0.036695 -0.0379821 -0.0383882 -0.0379648
internal_weight=13423 11652.5 11206.3 10894.4 1770.45 311.914 1683.51 45.3463 86.9451 75.2567 1638.16 446.209 18.2538 427.955
internal_count=230016 107944 80224 64376 122072 15848 120440 1112 1632 980 119328 27720 688 27032
is_linear=0
shrinkage=0.05


Tree=166
num_leaves=15
num_cat=0
split_feature=1 12 23 10 17 0 15 17 6 13 3 5 0 12
split_gain=546.562 342.492 351.08 283.637 370.37 367.506 278.101 86.6107 59.2085 38.8533 58.7939 34.6689 29.8141 33.2725
threshold=89.145583000000002 0.094750000000000015 1.0000000180025095e-35 0.63335000000000019 100.75000000000003 24.019985500000004 1.0500000000000003 56.250000000000007 0.30850000000000005 14.510399999999999 0.63500000000000012 -0.59999999999999998 27.301037000000004 0.096500000000000016
decision_type=2 2 2 2 2 2 2 2 2 2 2 2 2 2
left_child=1 2 7 5 -5 -3 -4 -1 9 10 -2 -11 -10 -14
right_child=8 3 6 4 -6 -7 -8 -9 12 11 -12 -13 13 -15
leaf_value=-0.039475909224308721 0.16363884322684782 -0.00039749041810505423 0.033701092535812063 -0.018646382328746509 0.024157562627917753 0.010603736116567532 -0.016201770607448679 -0.0068773413619056369 -0.032993166570520392 0.04486530431149368 -0.0028485862442861032 -0.024303616921633159 -0.0001960037703808024 -0.026791084418179307
leaf_weight=1163.3525219317526 5.3779786229133597 22763.28640409559 457.49159927666187 3008.229505373165 607.41088431328535 11389.856133332476 716.3184951916337 247.02338837832212 1153.8022104762495 18.829202480614185 379.61956093087792 478.1435505002737 166.36389768496156 401.25581455975771
leaf_count=13299 56 99942 1558 18820 3303 53790 3012 1732 17892 136 3104 5696 2323 5353
internal_value=-0.000775917 0.000656628 -0.0169535 0.00186153 -0.0114555 0.00327135 0.00324783 -0.0337664 -0.0229806 -0.0124462 -0.000522946 -0.021683 -0.0283779 -0.0189963
internal_weight=42956.4 40353 2584.19 37768.8 3615.64 34153.1 1173.81 1410.38 2603.39 881.97 384.998 496.973 1721.42 567.62
internal_count=230016 195456 19601 175855 22123 153732 4570 15031 34560 8992 3160 5832 25568 7676
is_linear=0
shrinkage=0.05


Tree=167
num_leaves=15
num_cat=0
split_feature=0 20 13 5 1 0 11 6 5 1 10 10 1 19
split_gain=365.685 196.854 137.168 164.888 69.9974 60.1236 216.59 85.9997 58.3269 32.1463 13.1289 24.3279 9.1422 2.78185
threshold=16.228959000000007 36.935714285714297 16.76959895997479 -0.20999999999999999 76.807391500000008 25.673447000000007 0.25435000000000002 0.43800000000000006 0.31500000000000006 80.97817400000001 0.63085000000000013 0.61450000000000016 93.356992000000005 25.450000000000003
decision_type=2 2 2 2 2 2 2 2 2 2 2 2 2 2
left_child=4 2 3 -2 10 7 -7 -3 -4 -6 11 -1 -11 -12
right_child=1 5 8 -5 9 6 -8 -9 -10 12 13 -13 -14 -15
leaf_value=0.0083780342714188487 -0.0126739855650051 -0.0067636086863972489 0.010888782138462491 0.0039991987443634735 -0.03669481341869827 0.11268985248579716 -0.027314627676212982 -0.035701754402207062 0.030874541803300088 -0.0014320483282331917 0.10355083416672402 0.094359803284774627 -0.038706125650109759 -0.040385687897116211
leaf_weight=80.231653602793813 1712.1448931843042 491.58841076679528 1315.9118296951056 11071.460305382498 807.47574219666421 39.12302318867296 93.99128417018801 537.41787462076172 505.22286258637905 91.905987830832601 0.34482639282941718 9.1667548920959216 20.036852644756436 12.66204867698252
leaf_count=840 34200 7280 6676 108500 45024 805 1687 19880 1932 2304 3 120 576 189
internal_value=0.000140475 0.00201906 0.00359503 0.00176611 -0.0288463 -0.0177867 0.0138335 -0.0218771 0.0164333 -0.0332137 0.0103657 0.0171945 -0.0081038 -0.0365698
internal_weight=16788.7 15766.9 14604.7 12783.6 1021.82 1162.12 133.114 1029.01 1821.13 919.419 102.405 89.3984 111.943 13.0069
internal_count=230016 180960 151308 142700 49056 29652 2492 27160 8608 47904 1152 960 2880 192
is_linear=0
shrinkage=0.05


Tree=168
num_leaves=15
num_cat=0
split_feature=7 10 20 10 18 12 12 6 12 8 1 18 6 13
split_gain=180.529 491.057 430.033 288.024 231.583 489.986 450.662 195.706 179.11 153.134 128.872 119.663 59.2773 46.1015
threshold=6.5000000000000009 0.61820000000000008 33.750000000000007 0.56945000000000012 27.050000000000008 0.092400000000000024 0.096750000000000017 -0.13349999999999998 0.091550000000000006 0.53450000000000009 85.278881500000011 29.550000000000008 0.47650000000000009 0.67237646237122417
decision_type=2 2 2 2 2 2 2 2 2 2 2 2 2 2
left_child=4 2 3 -2 5 13 -7 9 -9 -6 -4 12 -3 -1
right_child=1 11 10 -5 7 6 -8 8 -10 -11 -12 -13 -14 -15
leaf_value=0.042057534354192426 -0.00052797780175632648 0.0093278810259147579 0.01980645006196647 -0.032341684564460717 -0.046715169727535873 -0.021700604730907666 -0.001730785065828535 -0.046332687846083007 0.002319256375610518 -0.0081373471044136631 -0.0073826643563895738 0.015065683434321403 0.041038968566049494 0.017426548217454891
leaf_weight=462.75871610641479 1652.8264027088881 171.00423564016819 2003.3609042912722 1249.1089768856764 311.15378673374653 4370.2246832251549 7990.953200660646 190.13283053040504 37458.209125503898 1484.5550632029772 556.99311768263578 1333.4456897526979 1066.23201623559 322.27290359139442
leaf_count=2026 5947 562 11474 4705 1012 14129 26659 610 141354 5028 2506 5856 6950 1198
internal_value=0.000455258 0.00743658 -0.00104417 -0.0142219 -0.000611114 -0.00635838 -0.008791 0.00130438 0.00207355 -0.014822 0.0138916 0.0254568 0.036656 0.031946
internal_weight=60623.2 8032.97 5462.29 2901.94 52590.3 13146.2 12361.2 39444.1 37648.3 1795.71 2560.35 2570.68 1237.24 785.032
internal_count=230016 38000 24632 10652 192016 44012 40788 148004 141964 6040 13980 13368 7512 3224
is_linear=0
shrinkage=0.05


Tree=169
num_leaves=15
num_cat=0
split_feature=5 23 24 10 10 5 18 23 23 24 8 5 24 1
split_gain=886.825 332.093 163.048 519.819 160.116 53.5744 29.8441 13.1601 9.51227 8.82136 5.64063 0.00111896 0.000192298 0.000167131
threshold=0.18500000000000003 1.0000000180025095e-35 1.0000000180025095e-35 0.46470000000000006 0.70760000000000012 -0.29999999999999993 6.3500000000000023 10.500000000000002 1.0000000180025095e-35 2.5000000000000004 1.2915000000000003 0.36500000000000005 2.5000000000000004 72.731423000000021
decision_type=2 2 2 2 2 2 2 2 2 2 2 2 2 2
left_child=5 2 4 -4 -2 8 7 -7 9 -1 -8 13 -13 -3
right_child=1 11 3 -5 -6 6 10 -9 -10 -11 -12 12 -14 -15
leaf_value=0.017081624492248343 0.010223272816003298 -0.038100199407885026 0.057998710878877896 -0.021994989394994675 -0.027572829389355402 0.021708440312283375 -0.037054928759149404 -0.037950016014172507 -0.038020428949455329 -0.038061022257199394 -0.015472197614812761 -0.03843731471578777 -0.038021392201165592 -0.037941637527983386
leaf_weight=67.613735368475318 9496.0188298784196 17.347393099218607 243.38103090412915 1226.6472662352026 288.72819378972054 32.208198219537735 1546.0530007677153 12.964848777279256 11.295181026682256 8.1241639358922821 30.877541813999414 14.12895072810352 3.4594524176791301 395.69937923923135
leaf_count=516 55269 860 2832 20612 1511 180 117404 932 668 448 1924 484 204 26172
internal_value=0.000206266 0.00512656 0.00677535 -0.00875106 0.00910799 -0.0334339 -0.0354844 0.00458622 0.00478313 0.0111666 -0.0366323 -0.0379649 -0.0383555 -0.0379483
internal_weight=13394.5 11685.4 11254.8 1470.03 9784.75 1709.14 1622.1 45.173 87.0331 75.7379 1576.93 430.635 17.5884 413.047
internal_count=230016 107944 80224 23444 56780 122072 120440 1112 1632 964 119328 27720 688 27032
is_linear=0
shrinkage=0.05


Tree=170
num_leaves=15
num_cat=0
split_feature=1 13 0 8 5 18 7 10 7 25 22 24 10 0
split_gain=526.934 349.376 202.581 502.711 418.017 144.695 116.173 106.535 90.6613 74.1922 67.2925 54.366 50.3904 33.2834
threshold=85.857340000000008 0.33979166666666677 24.172974500000006 0.93950000000000011 0.32500000000000007 155.45000000000005 6.5000000000000009 0.67860000000000009 5.5000000000000009 1.5000000000000002 27.500000000000004 1.5000000000000002 0.46850000000000008 25.622493000000002
decision_type=2 2 2 2 2 2 2 2 2 2 2 2 2 2
left_child=1 8 4 -4 -3 6 7 -2 9 -1 13 -8 -12 -7
right_child=5 2 3 -5 -6 10 11 -9 -10 -11 12 -13 -14 -15
leaf_value=-0.034590525064988914 -0.0032854703021963343 0.0025560292111422803 0.018853814294796802 -0.0049189047768590736 -0.020807793131376165 -0.014662494288566755 -0.038675287557516938 -0.040187183506116053 -0.038802651162752264 -0.0079663677229202361 0.14020162806781611 0.018525755556280974 0.0082631990883657684 -0.027309200091712504
leaf_weight=319.53935850784183 3807.6391114890575 22327.990274924785 5502.6608592122793 3732.1018617041409 2094.0036449804902 729.72566833347082 384.50783307850361 206.17776946350932 413.39598879776895 1444.7404630444944 10.064376041293142 46.570488981902599 25.758112356066704 1812.341568492353
leaf_count=2624 24306 91292 22976 19528 12148 6872 5744 2266 10792 7872 43 312 129 23112
internal_value=-0.000772067 0.00168231 0.00293812 0.0092464 0.000552756 -0.0132957 -0.00783006 -0.005181 -0.0177268 -0.0127884 -0.0227199 -0.0324957 0.0453315 -0.0236788
internal_weight=42857.2 35834.4 33656.8 9234.76 24422 7022.78 4444.9 4013.82 2177.68 1764.28 2577.89 431.078 35.8225 2542.07
internal_count=230016 167232 145944 42504 103440 62784 32628 26572 21288 10496 30156 6056 172 29984
is_linear=0
shrinkage=0.05


Tree=171
num_leaves=15
num_cat=0
split_feature=0 20 0 5 4 9 1 1 1 10 13 12 3 1
split_gain=349.13 187.049 135.114 124.654 121.447 142.337 131.927 68.3041 32.1038 12.3475 47.8018 13.1562 9.37026 8.87137
threshold=16.228959000000007 35.221428571428582 33.043207000000002 -0.20999999999999999 450.8250000000001 0.076450000000000018 73.80284450000002 76.807391500000008 80.97817400000001 0.46220000000000006 5.4696000000000016 0.096750000000000017 20.935000000000006 93.356992000000005
decision_type=2 2 2 2 2 2 2 2 2 2 2 2 2 2
left_child=7 2 3 -2 6 -6 -3 9 -9 10 -1 -11 -4 -10
right_child=1 4 12 -5 5 -7 -8 8 13 11 -12 -13 -14 -15
leaf_value=0.29965640557139611 -0.0065507089217020312 0.0051100781631587336 -0.037523879697262223 0.0066801605756053057 0.077189057429943114 -0.00246546183049344 -0.030548139663250463 -0.036626122447616781 -0.0014359099320201043 0.02772593605221187 -0.0082619464887587705 -0.0097644522648593583 -0.019718720945306769 -0.038665993128563968
leaf_weight=1.7516304105520237 2103.6624548491091 354.42973437998444 161.87362788617611 11578.0800928846 65.307184161618352 397.10095791146159 967.3498225947842 779.46079121762887 91.909259976819158 39.574100021272898 4.4945056214928627 57.258827878162265 135.95225792750716 19.373680621385574
leaf_count=12 35720 6964 2524 99704 971 7137 26020 45024 2304 312 48 780 1920 576
internal_value=0.000162708 0.00197481 0.00392058 0.00464582 -0.0132708 0.00878437 -0.0209865 -0.0285804 -0.0330395 0.00995238 0.0780889 0.00555728 -0.0293961 -0.00791744
internal_weight=16757.6 15763.8 13979.6 13681.7 1784.19 462.408 1321.78 993.823 890.744 103.079 6.24614 96.8329 297.826 111.283
internal_count=230016 180960 139868 135424 41092 8108 32984 49056 47904 1152 60 1092 4444 2880
is_linear=0
shrinkage=0.05


Tree=172
num_leaves=15
num_cat=0
split_feature=12 20 1 5 0 0 10 18 5 7 1 9 4 0
split_gain=170.42 206.424 164.48 158.896 751.565 497.994 140.286 103.908 86.3707 80.5556 57.0031 69.1577 37.0183 16.3594
threshold=0.093550000000000008 36.321428571428584 71.931277000000009 0.065000000000000016 20.255440500000002 16.640830000000005 0.47475000000000006 9.1500000000000039 0.13500000000000004 6.5000000000000009 84.40733250000001 0.090500000000000011 42.395000000000003 21.103735000000004
decision_type=2 2 2 2 2 2 2 2 2 2 2 2 2 2
left_child=1 6 8 4 -4 -5 7 -1 13 -10 -3 -12 -8 -2
right_child=2 10 3 5 -6 -7 12 -9 9 -11 11 -13 -14 -15
leaf_value=0.040039036812565112 -0.0043420971146486739 0.036055707179148987 0.016990619921054176 -0.01070177947415725 -0.0031610677796901155 0.0021830709018516295 0.040503671896888041 -0.03233596213301488 -0.01115909512307651 0.03911204021998485 -0.026262059262839723 0.02586229047799031 0.0080063619357062608 -0.033918326341793599
leaf_weight=56.902027443051338 51.414320945739746 814.86278893053532 7136.9712915420532 10618.514594636858 13155.289234444499 25526.199385993183 100.64085867255926 386.03939662873745 1087.5362140089273 85.989836513996124 89.285233497619629 221.51091206073761 677.9385993257165 515.85349564999342
leaf_count=215 216 3741 28288 37206 50432 97344 473 1266 3600 880 301 991 2399 2664
internal_value=0.000451655 0.0136606 -8.12597e-05 0.000385657 0.00392646 -0.00160221 -0.000573471 -0.0230384 -0.0152188 -0.00747549 0.0291069 0.0108881 0.012207 -0.0312377
internal_weight=60524.9 2347.18 58177.8 56437 20292.3 36144.7 1221.52 442.941 1740.79 1173.53 1125.66 310.796 778.579 567.268
internal_count=230016 9386 220630 213270 78720 134550 4353 1481 7360 4480 5033 1292 2872 2880
is_linear=0
shrinkage=0.05


Tree=173
num_leaves=15
num_cat=0
split_feature=5 23 24 11 5 7 18 23 23 24 8 5 24 1
split_gain=843.806 315.937 157.313 78.1393 52.7187 37.7667 29.4676 12.3682 9.01763 8.31915 5.69167 0.00101561 0.000172772 0.000150796
threshold=0.18500000000000003 1.0000000180025095e-35 2.5000000000000004 0.2677000000000001 -0.29999999999999993 6.5000000000000009 6.3500000000000023 10.500000000000002 1.0000000180025095e-35 2.5000000000000004 1.2915000000000003 0.36500000000000005 2.5000000000000004 72.731423000000021
decision_type=2 2 2 2 2 2 2 2 2 2 2 2 2 2
left_child=4 2 3 -2 8 -4 7 -6 9 -1 -8 13 -13 -3
right_child=1 11 5 -5 6 -7 10 -9 -10 -11 -12 12 -14 -15
leaf_value=0.016244250914639498 0.011259393509650426 -0.038078555913921029 -0.035959433482696423 0.0027816832832693456 0.020656096827784329 0.017583871540510162 -0.037007388680028598 -0.037932595978524636 -0.038001358818743079 -0.03804218382668989 -0.015191736841795625 -0.038405431679459173 -0.038004155573512298 -0.037925150476420491
leaf_weight=68.404780121520162 6056.6679475866258 16.722218960523605 262.40214462205768 4930.7715088911355 32.598449818789959 37.660263953730464 1488.3924947772175 12.447319813538341 10.886858566664158 7.8691155659034839 30.510950043797493 13.6367702819407 3.33927416242659 381.17882208991796
leaf_count=516 36690 860 15520 27686 180 328 117404 932 668 448 1924 484 204 26172
internal_value=0.000183267 0.00490439 0.00647943 0.0074549 -0.0332781 -0.0292393 -0.0353872 0.00446651 0.00456754 0.0106436 -0.0365692 -0.0379478 -0.0383265 -0.0379316
internal_weight=13353.5 11702.4 11287.5 10987.4 1651.11 300.062 1563.95 45.0458 87.1608 76.2739 1518.9 414.877 16.976 397.901
internal_count=230016 107944 80224 64376 122072 15848 120440 1112 1632 964 119328 27720 688 27032
is_linear=0
shrinkage=0.05


Tree=174
num_leaves=15
num_cat=0
split_feature=1 13 0 8 5 18 7 10 7 9 22 24 10 8
split_gain=489.707 325.825 192.045 462.123 391.513 139.067 112.477 102.915 79.5987 66.4123 62.7255 52.6273 42.1062 33.6011
threshold=85.857340000000008 0.32014492753623197 24.172974500000006 0.93950000000000011 0.32500000000000007 155.45000000000005 6.5000000000000009 0.67860000000000009 5.5000000000000009 0.078050000000000008 27.500000000000004 1.5000000000000002 0.46850000000000008 0.31400000000000006
decision_type=2 2 2 2 2 2 2 2 2 2 2 2 2 2
left_child=1 8 4 -4 -3 6 7 -2 9 -1 13 -8 -12 -7
right_child=5 2 3 -5 -6 10 11 -9 -10 -11 12 -13 -14 -15
leaf_value=-0.00097826520334634895 -0.0031469830844730452 0.0023800722492975193 0.01804403097345934 -0.0047153784617533639 -0.020159481579517659 -0.012563117792428143 -0.03855235258108939 -0.040025005315416556 -0.038649335416329339 -0.021413005273133841 0.12549424193842185 0.017470627878000636 0.007996001946934516 -0.02639393726370251
leaf_weight=667.39048608392477 3798.3250584751368 22388.600405147299 5544.042398750782 3731.5728862099349 2108.0176262985915 569.33674242347479 371.27887637913227 199.10002348944545 375.77850540913641 983.57775490358472 10.812926992774008 47.255199939012527 25.859336152672768 1920.2189609631896
leaf_count=3476 24306 91596 23064 19724 12440 5732 5744 2266 10440 6492 43 312 129 24252
internal_value=-0.000764794 0.00159203 0.00276058 0.00888794 0.000440467 -0.0129183 -0.00756582 -0.00498377 -0.0178798 -0.0131524 -0.0222747 -0.032227 0.0426407 -0.023231
internal_weight=42741.2 35799 33772.2 9275.62 24496.6 6942.19 4415.96 3997.43 2026.75 1650.97 2526.23 418.534 36.6723 2489.56
internal_count=230016 167232 146824 42788 104036 62784 32628 26572 20408 9968 30156 6056 172 29984
is_linear=0
shrinkage=0.05


Tree=175
num_leaves=15
num_cat=0
split_feature=0 20 13 5 1 11 0 5 1 3 1 2 12 1
split_gain=332.693 176.426 126.189 135.15 66.5891 55.5216 89.4084 66.1137 32.0416 31.3693 12.1907 13.0422 9.61059 8.59783
threshold=16.228959000000007 36.935714285714297 17.418521959459461 -0.20999999999999999 76.807391500000008 0.34415000000000007 25.673447000000007 0.32500000000000007 80.97817400000001 10.745000000000003 74.120398000000009 105.00000000000001 0.096750000000000017 93.356992000000005
decision_type=2 2 2 2 2 2 2 2 2 2 2 2 2 2
left_child=4 2 3 -2 10 6 -3 -7 -6 -4 12 -12 -1 -10
right_child=1 5 9 -5 8 7 -8 -9 13 -11 11 -13 -14 -15
leaf_value=0.021726147524477608 -0.011148154237321968 -0.030409964828933284 0.0079249453542899837 0.0037920070641607596 -0.036555566069805187 0.017910878160637758 0.017907441931402913 -0.03096582150346491 -0.0014500303637979351 0.022658582056852377 0.013322857238086275 0.086330543095891471 -0.014694612022868835 -0.038625030886905803
leaf_weight=29.470545385032892 1746.2200582027435 711.22598853008822 587.00326181948185 11368.988804325927 751.82554507534951 200.45600713789463 110.6377878356725 105.65409860014915 91.941746262833476 939.4137978926301 17.853793125599623 9.3055951967835444 47.000051328912377 18.720313243567944
leaf_count=234 34756 22529 3036 109692 45024 2380 2117 2626 2304 3824 192 96 630 576
internal_value=0.000173552 0.00191847 0.00338637 0.0018028 -0.0283081 -0.0171355 -0.0239056 0.00104105 -0.0328582 0.0169926 0.00956147 0.0383374 -0.000658634 -0.0077388
internal_weight=16735.7 15769.6 14641.6 13115.2 966.118 1127.97 821.864 306.11 862.488 1526.42 103.63 27.1594 76.4706 110.662
internal_count=230016 180960 151308 144448 49056 29652 24646 5006 47904 6860 1152 288 864 2880
is_linear=0
shrinkage=0.05


Tree=176
num_leaves=15
num_cat=0
split_feature=7 10 13 10 18 12 12 6 12 1 8 18 10 6
split_gain=168.644 468.573 398.786 228.713 214.507 449.191 845.522 175.577 154.638 154.495 141.1 118.511 106.415 56.855
threshold=6.5000000000000009 0.61820000000000008 0.52146464646464663 0.57330000000000014 27.050000000000008 0.094550000000000009 0.096750000000000017 -0.13349999999999998 0.091550000000000006 84.307104500000023 0.53450000000000009 29.550000000000008 0.53655000000000019 0.47650000000000009
decision_type=2 2 2 2 2 2 2 2 2 2 2 2 2 2
left_child=4 2 12 -4 5 9 -7 10 -9 -1 -6 13 -2 -3
right_child=1 11 3 -5 7 6 -8 8 -10 -11 -12 -13 -14 -15
leaf_value=0.022990406962045382 -0.0059683735685294231 0.0095615234106551216 0.0010671046138740897 -0.022873038617568075 -0.044585674341690001 -0.032566195089423246 -0.0015937962116992469 -0.043119521583017635 0.0022235002804767584 -0.0083923887092966169 -0.0075846136846839237 0.014659775767779363 0.030070318121293155 0.040718739072635429
leaf_weight=1566.4744358286262 254.39747730642557 170.47798353433609 2459.5733612626791 1678.4669354707003 311.75542578101158 3044.7068779021502 7975.6099513620138 188.98558093607426 37346.6928364411 523.13244590163231 1484.7419776469469 1323.088237836957 1051.3918880671263 1037.3939605355263
leaf_count=5831 1429 562 9371 6503 1012 9630 26659 610 141354 1892 5028 5856 7329 6950
internal_value=0.000448316 0.0072225 -0.00104149 -0.00864347 -0.000581824 -0.00612074 -0.0101509 0.00126437 0.00199521 0.0151337 -0.0140056 0.0249975 0.0230492 0.0363212
internal_weight=60416.9 7974.79 5443.83 4138.04 52442.1 13109.9 11020.3 39332.2 37535.7 2089.61 1796.5 2530.96 1305.79 1207.87
internal_count=230016 38000 24632 15874 192016 44012 36289 148004 141964 7723 6040 13368 8758 7512
is_linear=0
shrinkage=0.05


Tree=177
num_leaves=15
num_cat=0
split_feature=5 23 24 1 5 13 18 23 23 24 8 5 24 1
split_gain=802.279 300.746 148.048 76.8268 52.0683 37.9248 29.233 11.7107 8.56623 7.83371 5.74448 0.000907002 0.000154162 0.00014031
threshold=0.18500000000000003 1.0000000180025095e-35 2.5000000000000004 80.867646000000022 -0.29999999999999993 16.76959895997479 6.3500000000000023 10.500000000000002 1.0000000180025095e-35 2.5000000000000004 1.2915000000000003 0.36500000000000005 2.5000000000000004 72.731423000000021
decision_type=2 2 2 2 2 2 2 2 2 2 2 2 2 2
left_child=4 2 3 -2 8 -4 7 -6 9 -1 -8 13 -13 -3
right_child=1 11 5 -5 6 -7 10 -9 -10 -11 -12 12 -14 -15
leaf_value=0.015562626272526548 0.0017075160362461574 -0.038059807718079791 -0.036842727735393092 0.010334974441101052 0.019875004708838739 0.012401077142976018 -0.036958893544329262 -0.03791615255481625 -0.03798071661847284 -0.038020794449426076 -0.014902870122110792 -0.038371998477134461 -0.037985830938682123 -0.037909375280899105
leaf_weight=69.062212014570832 4112.4417938999832 16.183488497510552 244.93280848301947 6926.5430752150714 32.899913672357798 46.52534169703722 1432.3266837545671 11.949941127561031 10.453211702406405 7.5684809871017924 30.142596160061657 13.131347434595229 3.2177204908803096 367.28442943096161
leaf_count=516 24852 860 14788 39524 180 1060 117404 932 668 448 1924 484 204 26172
internal_value=0.000165069 0.00468831 0.00619223 0.00712092 -0.0331131 -0.028982 -0.0352849 0.00447694 0.00447855 0.0102704 -0.0365043 -0.0379313 -0.038296 -0.0379157
internal_weight=13324.7 11730.3 11330.4 11039 1594.4 291.458 1507.32 44.8499 87.0839 76.6307 1462.47 399.817 16.3491 383.468
internal_count=230016 107944 80224 64376 122072 15848 120440 1112 1632 964 119328 27720 688 27032
is_linear=0
shrinkage=0.05


Tree=178
num_leaves=15
num_cat=0
split_feature=1 8 6 0 1 6 23 6 6 1 0 12 4 14
split_gain=462.698 309.525 244.108 505.066 372.083 56.9506 40.0307 38.4313 32.4418 32.1598 31.748 34.0428 28.3643 6.19884
threshold=89.145583000000002 2.1315000000000004 0.12150000000000001 15.128554500000002 76.752314000000013 0.30850000000000005 1.0000000180025095e-35 0.084000000000000019 0.11800000000000001 93.204685000000012 27.301037000000004 0.096500000000000016 188.56500000000003 13.138278485591348
decision_type=2 2 2 2 2 2 2 2 2 2 2 2 2 2
left_child=1 2 4 -4 -1 7 -3 9 -9 -2 12 -12 -7 -8
right_child=5 6 3 -5 -6 10 13 8 -10 -11 11 -13 -14 -15
leaf_value=0.028201914548218594 -0.025118818413018253 -0.039979665355578585 0.013595647543648571 -0.0050449014067409309 0.0033184060023337494 -0.0058346031402516374 0.01224621289706284 0.056431228529443461 -0.0015336106248916076 -0.0041090734076288382 0.002096691894695617 -0.02560927596527687 -0.034823678420404867 0.10228233271548787
leaf_weight=1711.6327727884054 403.51390296220779 520.02813804149628 4385.2370103113353 21209.018795993179 12283.680780414492 92.332561109215021 29.422586239874366 33.863199561834335 84.058687336742878 332.00766088813543 157.75361972302198 373.06901691854 979.79451825842261 2.0445261597633353
leaf_count=6568 4944 8120 16560 118128 45960 832 108 200 684 3164 2323 5353 17060 12
internal_value=-0.000755089 0.000533996 0.0010522 -0.00185109 0.00636167 -0.0218206 -0.036666 -0.0113868 0.0151119 -0.0156352 -0.0273758 -0.0173754 -0.0323271 0.0180962
internal_weight=42597.5 40141.1 39589.6 25594.3 13995.3 2456.39 551.495 853.443 117.922 735.522 1602.95 530.823 1072.13 31.4671
internal_count=230016 195456 187216 134688 52528 34560 8240 8992 884 8108 25568 7676 17892 120
is_linear=0
shrinkage=0.05


Tree=179
num_leaves=15
num_cat=0
split_feature=0 24 0 12 10 15 1 1 1 11 8 9 9 1
split_gain=317.439 166.419 130.502 202.619 170.458 104.8 103.803 64.548 31.8694 19.5379 11.871 25.3919 15.8681 8.3098
threshold=16.228959000000007 1.0000000180025095e-35 26.181188500000005 0.096500000000000016 0.61450000000000016 1.0000000180025095e-35 73.833063500000023 76.807391500000008 80.97817400000001 0.34415000000000007 1.2020000000000002 0.077200000000000005 0.094750000000000015 93.356992000000005
decision_type=2 2 2 2 2 2 2 2 2 2 2 2 2 2
left_child=7 5 3 -3 -4 9 -7 10 -9 -2 11 -1 -12 -10
right_child=1 2 4 -5 -6 6 -8 8 13 -11 12 -13 -14 -15
leaf_value=0.081783264601381994 -0.029129690022903384 0.014809528465551586 0.0049114543062735256 -0.0050133559484883666 0.02469627390458953 0.024310503918416781 -0.0074618288445845423 -0.036485086850989452 -0.0015516017927196546 -0.005770860170892067 -0.037398369372206967 0.005960874964004873 0.05226264019214695 -0.038590842609417475
leaf_weight=13.440217927098272 592.15420830110088 1704.530115114525 4218.3683959171176 5289.2366850338876 1467.3506554812193 292.88026071991771 2102.4614065992646 725.65775441424921 92.167758101597428 105.46260018460453 22.892677670344714 61.875629361718893 6.2906481809914103 18.119829954579473
leaf_count=84 20682 13278 26027 71710 8933 3380 35084 45024 2304 1866 276 732 60 576
internal_value=0.000172295 0.00185494 0.00439157 -0.000182096 0.0100175 -0.00854393 -0.003577 -0.0280477 -0.0326791 -0.0255984 0.00900136 0.0194915 -0.0180714 -0.00763701
internal_weight=16712.9 15772.4 12679.5 6993.77 5685.72 3092.96 2395.34 940.445 835.945 697.617 104.499 75.3158 29.1833 110.288
internal_count=230016 180960 119948 84988 34960 61012 38464 49056 47904 22548 1152 816 336 2880
is_linear=0
shrinkage=0.05


Tree=180
num_leaves=15
num_cat=0
split_feature=18 1 5 0 0 7 25 10 23 7 0 11 13 5
split_gain=157.057 204.038 154.758 668.939 479.778 151.642 113.406 95.7451 79.2934 72.532 84.2145 70.5227 48.81 42.841
threshold=2.0500000000000007 73.172706000000019 0.065000000000000016 20.255440500000002 16.640830000000005 5.5000000000000009 1.5000000000000002 0.53895000000000015 7.5000000000000009 5.5000000000000009 22.237529000000006 0.34815000000000007 11.377638888888891 0.32500000000000007
decision_type=2 2 2 2 2 2 2 2 2 2 2 2 2 2
left_child=5 9 3 -3 -4 6 13 -8 11 10 -2 -7 -11 -1
right_child=1 2 4 -5 -6 8 7 -9 -10 12 -12 -13 -14 -15
leaf_value=-0.0039282955757485574 0.0038419351050472238 0.016480323815358241 -0.010311419510960136 -0.0028121124133261223 0.0024158579251564618 0.032736611797657737 0.012009783006782722 -0.018085069690031756 -0.042727989721913467 -0.030714715117145588 -0.016244488520962656 -0.044771314866861853 0.01029252014111114 0.039591314203933289
leaf_weight=74.708558306097984 863.18722402304411 7056.8445829451084 10521.156626060605 12367.97846262157 24998.703145690262 951.63659466430545 456.94554132223129 626.82124018669128 38.582043558359146 672.52445394545794 1319.4915697947145 30.281762659549713 81.341820627450943 232.65352301299572
leaf_count=245 3048 28216 35580 47596 94388 8104 1646 2005 232 2820 4792 112 260 972
internal_value=0.000442925 -7.79726e-05 0.000608324 0.00419664 -0.00135402 0.0129449 0.00220633 -0.00539626 0.0275836 -0.012919 -0.00830088 0.0303463 -0.0262901 0.0290133
internal_weight=60292.9 57881.2 54944.7 19424.8 35519.9 2411.63 1391.13 1083.77 1020.5 2936.55 2182.68 981.918 753.866 307.362
internal_count=230016 216700 205780 75812 129968 13316 4868 3651 8448 10920 7840 8216 3080 1217
is_linear=0
shrinkage=0.05


Tree=181
num_leaves=15
num_cat=0
split_feature=5 23 24 25 10 5 18 23 24 18 8 5 24 1
split_gain=763.718 286.753 142.887 490.408 151.342 51.2975 29.1256 26.2589 8.15253 8.65007 6.69789 0.000823498 0.000139165 0.000127082
threshold=0.18500000000000003 1.0000000180025095e-35 1.0000000180025095e-35 1.5000000000000002 0.70760000000000012 -0.29999999999999993 9.5500000000000025 9.5000000000000018 2.5000000000000004 3.350000000000001 2.2590000000000003 0.36500000000000005 2.5000000000000004 72.731423000000021
decision_type=2 2 2 2 2 2 2 2 2 2 2 2 2 2
left_child=5 2 4 -4 -2 8 7 -7 9 -1 -8 13 -13 -3
right_child=1 11 3 -5 -6 6 10 -9 -10 -11 -12 12 -14 -15
leaf_value=-0.013650076894470049 0.0091542369312881487 -0.038040136942034078 0.035844525073120179 -0.02767278692511272 -0.027581882522475249 0.026538520575203291 -0.036844206469322731 -0.037866930428194417 -0.037973391666518898 0.02179784621129913 0.049100057239583966 -0.038342794665286423 -0.037969143015308439 -0.037894437995731285
leaf_weight=25.95661745313555 9618.9921103268862 15.626826401799915 433.17780895251781 1018.1546919867396 288.77502267435193 35.448638081550598 1386.6616911496967 28.58994102710858 10.076068960130213 51.071626503020525 2.2706733569502822 12.682915843091903 3.1012640912085763 354.01576652564108
leaf_count=184 55269 860 5861 17583 1511 224 117764 2400 652 796 52 484 204 26172
internal_value=0.000156815 0.00449807 0.00593722 -0.00871484 0.00808351 -0.0329494 -0.0351836 -0.00221521 0.00432033 0.00985277 -0.0367037 -0.0379157 -0.0382694 -0.0379006
internal_weight=13284.6 11744.5 11359.1 1451.33 9907.77 1540.08 1452.97 64.0386 87.1043 77.0282 1388.93 385.427 15.7842 369.643
internal_count=230016 107944 80224 23444 56780 122072 120440 2624 1632 980 117816 27720 688 27032
is_linear=0
shrinkage=0.05


Tree=182
num_leaves=15
num_cat=0
split_feature=1 8 6 0 1 6 23 6 0 12 1 6 4 13
split_gain=434.779 294.002 224.697 463.791 348.483 55.6156 38.7316 36.074 31.7612 32.8226 31.2074 28.6996 28.1515 6.36162
threshold=89.145583000000002 2.1315000000000004 0.12150000000000001 15.896543000000003 76.752314000000013 0.30850000000000005 1.0000000180025095e-35 0.084000000000000019 27.301037000000004 0.096500000000000016 95.179246500000019 0.11800000000000001 188.56500000000003 2.4663222481937956
decision_type=2 2 2 2 2 2 2 2 2 2 2 2 2 2
left_child=1 2 4 -4 -1 7 -3 10 12 -10 -2 -9 -7 -8
right_child=5 6 3 -5 -6 8 13 11 9 -11 -12 -13 -14 -15
leaf_value=0.02730191463560493 -0.01940906850154131 -0.039809585837947553 0.010049298560666546 -0.0056339869890753708 0.0031478941949066742 -0.0056106589837098386 0.039503885492575448 0.052424978524805967 0.0021444507241416494 -0.025175581872983039 0.010572547090878372 -0.0014255501863971872 -0.034601951282900098 -0.0053359938895201145
leaf_weight=1699.7577955275774 624.76748254522681 500.66022045072168 6238.4579182453454 19290.54157724604 12293.122282866389 91.852256402373314 15.924299865961077 35.095629796385765 157.58186739683151 363.62824456766248 100.7962514385581 83.868072517216206 947.49764195084572 15.717212758958338
leaf_count=6568 7208 8120 24048 110640 45960 832 52 200 2323 5353 900 684 17060 68
internal_value=-0.000747298 0.000492525 0.000989668 -0.0018015 0.00608196 -0.0213952 -0.036419 -0.0110596 -0.0269885 -0.0169157 -0.015244 0.014461 -0.0320399 0.0172307
internal_weight=42459.3 40054.2 39521.9 25529 13992.9 2405.09 532.302 844.527 1560.56 521.21 725.564 118.964 1039.35 31.6415
internal_count=230016 195456 187216 134688 52528 34560 8240 8992 25568 7676 8108 884 17892 120
is_linear=0
shrinkage=0.05


Tree=183
num_leaves=15
num_cat=0
split_feature=0 17 12 12 1 9 1 4 24 10 10 6 1 9
split_gain=301.518 159.113 144.192 164.495 62.9637 49.1504 31.7854 14.0641 20.9164 11.7891 19.7214 9.0683 8.04579 3.03141
threshold=16.228959000000007 1.6500000000000006 0.09395000000000002 0.095900000000000013 76.807391500000008 0.090500000000000011 80.97817400000001 447.64000000000004 1.5000000000000002 0.63085000000000013 0.61450000000000016 0.43000000000000005 93.356992000000005 0.074550000000000019
decision_type=2 2 2 2 2 2 2 2 2 2 2 2 2 2
left_child=4 7 5 -4 9 -3 13 11 -9 10 -1 -2 -8 -6
right_child=1 2 3 -5 6 -7 12 8 -10 -11 -12 -13 -14 -15
leaf_value=0.0067953393485778368 -0.019734610688560625 0.0026907099501777844 0.016311648259596641 0.001399864494542049 -0.010100279617507866 -0.0326962131354607 -0.0015565555590646854 -0.014618284128202243 0.09076230911609659 -0.036487475628069505 0.080793535767441249 -0.035981171735964421 -0.038551673249044786 -0.036821044611864272
leaf_weight=82.087141895666718 127.8041614452377 132.70871555246413 2167.0300467489287 12617.915960738435 10.780485618859528 376.54213725496083 92.177646043710411 86.950557282194495 4.9783372245728961 12.691382182762025 10.113336527720092 261.8956736526452 17.484393443912268 688.0906574735418
leaf_count=840 2696 1526 17740 138848 732 6094 2304 2628 80 192 120 11348 576 44292
internal_value=0.000176238 0.00179338 0.00268447 0.00358549 -0.0277536 -0.0234745 -0.0324818 -0.0265032 -0.00891148 0.00869301 0.0149121 -0.030653 -0.00745502 -0.0364089
internal_weight=16689.3 15775.8 15294.2 14784.9 913.425 509.251 808.533 481.629 91.9289 104.892 92.2005 389.7 109.662 698.871
internal_count=230016 180960 164208 156588 49056 7620 47904 16752 2708 1152 960 14044 2880 45024
is_linear=0
shrinkage=0.05


Tree=184
num_leaves=15
num_cat=0
split_feature=12 20 1 5 10 10 10 18 5 7 1 9 4 5
split_gain=154.431 189.816 147.794 147.629 283.856 152.323 122.569 92.8764 76.9948 70.8125 52.3301 63.6399 35.0376 16.1355
threshold=0.093550000000000008 36.321428571428584 71.931277000000009 0.21000000000000005 0.67860000000000009 0.46850000000000008 0.47475000000000006 9.1500000000000039 0.13500000000000004 6.5000000000000009 84.40733250000001 0.090500000000000011 42.395000000000003 0.36500000000000005
decision_type=2 2 2 2 2 2 2 2 2 2 2 2 2 2
left_child=1 6 8 5 -5 -4 7 -1 -2 -10 13 -12 -8 -3
right_child=2 10 3 4 -6 -7 12 -9 9 -11 11 -13 -14 -15
leaf_value=0.038768646616519048 -0.030080801553308469 0.035882051395771511 0.017079304328593985 -0.0035218460005617689 0.021996139912928019 0.0018650833189436658 0.039572740747521928 -0.03025537008530025 -0.010613747333760387 0.038608495536138474 -0.024577948769248931 0.025334653664855836 0.0074581176546211943 -0.023219013259251093
leaf_weight=55.784840241074562 544.43523908406496 777.34188395738602 1746.047919690609 24774.360615856946 1139.9390667825937 28469.520364783704 97.182244926691055 385.66244384646416 1084.9106312096119 78.344487339258194 90.326870322227478 217.97830706089735 673.74164205044508 11.722820118069647
leaf_count=215 2880 3700 6600 91410 4200 111060 473 1266 3600 880 301 991 2399 41
internal_value=0.000434975 0.013113 -7.13233e-05 0.000369537 -0.00239934 0.00274426 -0.000523804 -0.0215329 -0.0145619 -0.00729866 0.028179 0.0107113 0.0115065 0.035004
internal_weight=60147.3 2309.74 57837.6 56129.9 25914.3 30215.6 1212.37 441.447 1707.69 1163.26 1097.37 308.305 770.924 789.065
internal_count=230016 9386 220630 213270 95610 117660 4353 1481 7360 4480 5033 1292 2872 3741
is_linear=0
shrinkage=0.05


Tree=185
num_leaves=15
num_cat=0
split_feature=5 23 24 11 5 13 18 23 23 18 8 5 24 1
split_gain=726.947 273.7 135.649 72.9806 50.9777 37.4598 28.9881 24.8121 8.06791 7.06738 6.36288 0.000745132 0.000125969 0.000117401
threshold=0.18500000000000003 1.0000000180025095e-35 2.5000000000000004 0.2677000000000001 -0.29999999999999993 16.76959895997479 9.5500000000000025 9.5000000000000018 1.0000000180025095e-35 3.350000000000001 2.2590000000000003 0.36500000000000005 2.5000000000000004 72.731423000000021
decision_type=2 2 2 2 2 2 2 2 2 2 2 2 2 2
left_child=4 2 3 -2 8 -4 7 -6 9 -1 -8 13 -13 -3
right_child=1 11 5 -5 6 -7 10 -9 -10 -11 -12 12 -14 -15
leaf_value=-0.012137000537076377 0.010222326784553317 -0.038022368469229462 -0.036765219357632516 0.0020722240292325683 0.02530740623148638 0.012359842984695675 -0.036791724002291845 -0.037852208341539184 -0.037961317224566561 0.020288972920873727 0.045092392267595344 -0.038313833461758103 -0.037951794917611394 -0.037879994295777611
leaf_weight=24.778716310858727 6134.7841391935945 15.121050481684504 234.1490400582552 4973.6456858944148 35.926373997703195 46.515056798234582 1334.5416863835417 27.416152691468596 9.964125117287038 52.21258591953665 2.3766605481505385 12.264693788252769 2.9880181122571221 341.20814921427518
leaf_count=128 36690 860 14788 27686 224 1060 117764 2400 668 836 52 484 204 26172
internal_value=0.000163069 0.00432811 0.00570587 0.00657323 -0.0327734 -0.0286236 -0.0350802 -0.00202958 0.00437407 0.00985307 -0.0366462 -0.0379007 -0.0382429 -0.037886
internal_weight=13247.9 11760.7 11389.1 11108.4 1487.22 280.664 1400.26 63.3425 86.9554 76.9913 1336.92 371.582 15.2527 356.329
internal_count=230016 107944 80224 64376 122072 15848 120440 2624 1632 964 117816 27720 688 27032
is_linear=0
shrinkage=0.05


Tree=186
num_leaves=15
num_cat=0
split_feature=1 13 12 6 0 6 3 9 13 7 5 10 9 0
split_gain=411.09 277.419 195.8 249.933 212.513 104.957 107.436 123.813 87.96 77.0597 76.524 66.7682 49.6731 34.1466
threshold=86.455861500000012 0.32014492753623197 0.094750000000000015 0.52800000000000014 24.019985500000004 0.30850000000000005 0.63500000000000012 0.079550000000000023 7.8610117403314925 5.5000000000000009 1.8750000000000002 0.63990000000000014 0.096450000000000008 27.301037000000004
decision_type=2 2 2 2 2 2 2 2 2 2 2 2 2 2
left_child=1 9 3 -3 -4 6 7 -2 12 11 -8 -1 -7 -10
right_child=5 2 4 -5 -6 8 10 -9 13 -11 -12 -13 -14 -15
leaf_value=-0.0082762378640149781 0.050829538767494721 -5.3730341637325928e-05 0.00028892238482650291 -0.036011595333181358 0.0088979412904728276 -0.016799610654046376 -0.014120988175118114 -0.0019861737832671594 -0.033627611328986645 -0.038582809941252565 0.14539160476788859 -0.036069899113715512 0.0036435447516593475 -0.017609833017485046
leaf_weight=1373.3540256340057 161.6360819414258 1373.7126757875085 23026.213056959212 745.51834382675588 10408.693895025179 1197.8751212880015 1105.7515961490571 353.95040239393711 1041.876743003726 347.52692593540996 7.5702643096446982 256.42791791260242 395.16716863587499 488.83091100305319
leaf_count=8058 780 5961 96981 7875 47195 10641 10388 1820 17788 10480 40 1914 2775 7320
internal_value=-0.000733262 0.0010211 0.00203486 -0.0127032 0.00296901 -0.0145874 -0.00429783 0.0145715 -0.019953 -0.0172073 -0.0130363 -0.0126493 -0.0117285 -0.0285123
internal_weight=42284.1 37531.4 35554.1 2119.23 33434.9 4752.66 1628.91 515.586 3123.75 1977.31 1113.32 1629.78 1593.04 1530.71
internal_count=230016 178464 158012 13836 144176 51552 13028 2600 38524 20452 10428 9972 13416 25108
is_linear=0
shrinkage=0.05


Tree=187
num_leaves=15
num_cat=0
split_feature=0 20 0 12 1 4 1 13 1 10 10 22 15 9
split_gain=286.009 153.368 123.626 120.792 61.3281 54.6605 61.4253 58.6768 31.5813 11.1103 16.9049 9.57734 7.98504 3.08858
threshold=16.228959000000007 36.935714285714297 33.043207000000002 0.092400000000000024 76.807391500000008 447.64000000000004 73.80284450000002 0.52146464646464663 80.97817400000001 0.63085000000000013 0.61450000000000016 13.500000000000002 37.350000000000001 0.074550000000000019
decision_type=2 2 2 2 2 2 2 2 2 2 2 2 2 2
left_child=4 2 3 -2 9 6 -3 -7 13 10 -1 -4 -10 -6
right_child=1 5 11 -5 8 7 -8 -9 12 -11 -12 -13 -14 -15
leaf_value=0.0065631940221721856 -0.036550047954484514 -0.0033506321629955386 -0.033651033812703061 0.0042278058252196134 -0.0094967911909401709 -0.026152154740839036 -0.032445420786226156 0.021626328908054507 -0.0088163234157028238 -0.036281241780295924 0.073300192705096509 -0.010939778213982836 0.11736116804732516 -0.036758467693402047
leaf_weight=82.354527797549963 183.95371667668223 271.11572543857619 234.19439497031271 14226.788151982706 10.555052254348992 104.96692114043981 548.25522211426869 165.70202480815351 108.01605805754662 12.31595936976373 10.724656036123632 57.895152874290943 1.2685992717742909 662.31427696952596
leaf_count=840 1958 5812 3736 144854 732 2852 18404 2584 2864 192 120 760 16 44292
internal_value=0.000160814 0.00171292 0.00305454 0.00370727 -0.0274571 -0.0163832 -0.0228185 0.00309757 -0.0322818 0.00834754 0.0142527 -0.0291494 -0.00735163 -0.0363308
internal_weight=16680.4 15792.9 14702.8 14410.7 887.549 1090.04 819.371 270.669 782.154 105.395 93.0792 292.09 109.285 672.869
internal_count=230016 180960 151308 146812 49056 29652 24216 5436 47904 1152 960 4496 2880 45024
is_linear=0
shrinkage=0.05


Tree=188
num_leaves=15
num_cat=0
split_feature=7 10 20 10 18 12 12 6 2 12 23 18 6 13
split_gain=152.931 450.74 373.455 243.564 183.095 399.728 388.377 156.262 139.764 138.623 122.219 119.063 53.7867 44.4957
threshold=6.5000000000000009 0.61820000000000008 33.750000000000007 0.56945000000000012 27.050000000000008 0.092400000000000024 0.096750000000000017 -0.13349999999999998 44.150000000000013 0.091550000000000006 10.500000000000002 29.550000000000008 0.47650000000000009 0.67237646237122417
decision_type=2 2 2 2 2 2 2 2 2 2 2 2 2 2
left_child=4 2 3 -2 5 13 -7 8 -6 -9 -4 12 -3 -1
right_child=1 11 10 -5 7 6 -8 9 -10 -11 -12 -13 -14 -15
leaf_value=0.040303797970857175 -0.00064660969237887193 0.010009360145154069 0.014989395602325385 -0.029814070246389442 -0.040932539298990024 -0.019808867109027385 -0.0012463497666800392 -0.041025274385606242 -0.0062200309031506806 0.002065174031074373 -0.048562388204355364 0.014153357262865563 0.040446114911866782 0.015527235898300462
leaf_weight=431.80343537032604 1642.365203499794 169.5612179338932 2417.9288097880781 1268.5902241617441 363.74479024112225 4367.8188240677118 7940.8095296099782 187.5860031992197 1429.8728029876947 37155.698950856924 78.096289575099945 1309.1695008724928 1008.2298826128244 312.23906652629375
leaf_count=2026 5947 562 13730 4705 1212 14129 26659 610 4828 141354 250 5856 6950 1198
internal_value=0.000427065 0.00691318 -0.00118977 -0.0133577 -0.000553993 -0.00568214 -0.00783341 0.00115631 -0.0132597 0.00184872 0.013001 0.0245301 0.0360643 0.0299063
internal_weight=60083.5 7893.94 5406.98 2910.96 52189.6 13052.7 12308.6 39136.9 1793.62 37343.3 2496.03 2486.96 1177.79 744.043
internal_count=230016 38000 24632 10652 192016 44012 40788 148004 6040 141964 13980 13368 7512 3224
is_linear=0
shrinkage=0.05


Tree=189
num_leaves=15
num_cat=0
split_feature=23 24 24 25 10 14 12 8 1 5 5 5 24 5
split_gain=694.749 417.446 91.0857 562.127 137.634 29.4814 21.3712 21.0819 0.000873509 0.000625402 0.000310218 0.000265298 0.000116298 7.81355e-05
threshold=1.0000000180025095e-35 2.5000000000000004 1.0000000180025095e-35 1.5000000000000002 0.70760000000000012 31.565203423242899 0.091550000000000006 1.2445000000000002 73.172706000000019 0.36500000000000005 0.21000000000000005 -0.18499999999999997 2.5000000000000004 0.36500000000000005
decision_type=2 2 2 2 2 2 2 2 2 2 2 2 2 2
left_child=1 2 4 -4 -1 6 -3 -7 11 10 -10 -2 -11 -13
right_child=8 5 3 -5 -6 7 -8 -9 9 12 -12 13 -14 -15
leaf_value=0.0084706400514479325 -0.037855855193187918 0.14767195704871175 0.042921641197966875 -0.028338671597198772 -0.02690875156732463 -0.038097866023261068 -0.036861329267727755 0.043419013400605062 -0.037805921519244751 -0.038318373099749295 -0.037865937579887057 -0.038006223035639247 -0.0379364849901766 -0.038221014380004192
leaf_weight=9840.8047686759382 35.8562300382182 1.5727414209395636 398.5684944614768 905.41827376000583 282.7937797755003 12.972663032822309 657.5388500764966 20.410403206944466 645.4221470290795 7.5789332082495076 323.10038276296109 84.267343780491501 2.7052100133150816 4.4580344958230844
leaf_count=58503 3032 22 4846 14538 1565 780 53298 128 61928 304 25700 4988 192 192
internal_value=0.000138001 0.00359598 0.00588026 -0.00655769 0.00748235 -0.0340992 -0.036421 0.0117415 -0.0378459 -0.0378301 -0.0378259 -0.0379706 -0.0382179 -0.038017
internal_weight=13223.5 12120.1 11427.6 1303.99 10123.6 692.495 659.112 33.3831 1103.39 978.807 968.523 124.582 10.2841 88.7254
internal_count=230016 133680 79452 19384 60068 54228 53320 908 96336 88124 87628 8212 496 5180
is_linear=0
shrinkage=0.05


Tree=190
num_leaves=15
num_cat=0
split_feature=1 13 0 8 5 18 12 9 7 10 20 25 8 5
split_gain=390.562 271.802 186.755 410.082 352.314 121.413 107.602 99.1034 69.1541 60.0508 57.4494 35.7306 33.5619 21.875
threshold=85.857340000000008 0.29657986785853102 24.172974500000006 0.93950000000000011 0.32500000000000007 155.45000000000005 0.094750000000000015 0.077200000000000005 5.5000000000000009 0.63990000000000014 33.89285714285716 3.5000000000000004 0.31400000000000006 0.58000000000000007
decision_type=2 2 2 2 2 2 2 2 2 2 2 2 2 2
left_child=1 8 4 -4 -3 6 13 -8 9 -1 12 -12 -7 -2
right_child=5 2 3 -5 -6 10 7 -9 -10 -11 11 -13 -14 -15
leaf_value=-0.0086121227313768044 -0.038788712486325039 0.0019443614138019765 0.017005438364644101 -0.00447087108431424 -0.01952591061458106 -0.011257016375614508 0.012705982096435121 -0.0082590998274019983 -0.038468125288214715 -0.035926073526567869 0.0522682846643166 -0.045081561506580339 -0.025435138362801021 0.075160572730840189
leaf_weight=1288.0978773646057 271.57807669602334 22297.968179399148 5574.1150636598468 3696.978520873934 2089.7860808912665 546.48580170422792 677.17036188021302 3363.4833534453064 319.24411494936794 238.48512656986713 41.573522515594959 12.189153075218199 1767.0133150685579 4.2781094796955577
leaf_count=7624 3549 91956 23184 19864 12728 5732 4941 24094 10036 1840 201 67 24156 44
internal_value=-0.000710866 0.00137644 0.00240091 0.00844146 0.000104574 -0.0117988 -0.00680824 -0.00474558 -0.0173049 -0.0128791 -0.0208986 0.030197 -0.022086 -0.0370215
internal_weight=42188.4 35504.7 33658.8 9271.09 24387.8 6683.77 4316.51 4040.65 1845.83 1526.58 2367.26 53.7627 2313.5 275.856
internal_count=230016 167232 147732 43048 104684 62784 32628 29035 19500 9464 30156 268 29888 3593
is_linear=0
shrinkage=0.05


Tree=191
num_leaves=15
num_cat=0
split_feature=0 7 0 10 10 14 11 1 1 9 5 12 12 19
split_gain=271.815 145.799 156.743 319.61 184.315 92.8436 133.739 59.74 31.4884 16.3743 10.7644 31.5174 25.598 7.95916
threshold=16.228959000000007 6.5000000000000009 25.649376500000002 0.61450000000000016 0.60545000000000015 7.4187247559671903 0.30580000000000007 76.807391500000008 80.97817400000001 0.097300000000000011 0.31500000000000006 0.095900000000000013 0.095900000000000013 26.150000000000002
decision_type=2 2 2 2 2 2 2 2 2 2 2 2 2 2
left_child=7 2 4 -4 -2 9 -7 10 -9 -3 12 -12 -1 -10
right_child=1 5 3 -5 -6 6 -8 8 13 -11 11 -13 -14 -15
leaf_value=0.059451968375853016 0.0022522305391580173 -0.0366294908810154 0.0021887965800120534 0.025984662279506066 -0.017133029376758004 -0.010905324594102189 0.055252751630797917 -0.036253798890274927 0.070628294046141363 0.018946070662909278 -0.040288325853144444 0.041704594155728081 -0.032073407818836434 -0.0095266294204219264
leaf_weight=9.9025540053844434 5238.9090583333746 365.90132250729948 5599.1178258862346 1886.5537021458149 1600.8837659889832 1018.2066489746794 82.584974471479654 648.96226373757236 3.1907229218631974 13.751752081327139 15.613459849730132 47.003849368542433 33.428023317828774 105.48365784995258
leaf_count=48 73111 16963 40260 13108 24513 11945 751 45024 72 309 144 384 576 2808
internal_value=0.000150328 0.00164274 0.0031865 0.00818588 -0.00228498 -0.0132954 -0.00594193 -0.0271648 -0.0320825 -0.0346164 0.00800216 0.0212599 -0.0111567 -0.00717325
internal_weight=16669.5 15805.9 14325.5 7485.67 6839.79 1480.44 1100.79 863.585 757.637 379.653 105.948 62.6173 43.3306 108.674
internal_count=230016 180960 150992 53368 97624 29968 12696 49056 47904 17272 1152 528 624 2880
is_linear=0
shrinkage=0.05


Tree=192
num_leaves=15
num_cat=0
split_feature=7 10 13 0 18 12 12 6 23 14 8 11 10 15
split_gain=141.635 426.16 350.863 192.698 171.049 387.684 760.828 154.071 140.975 139.018 138.406 117.499 105.262 80.2575
threshold=6.5000000000000009 0.61820000000000008 0.52146464646464663 20.486155500000006 30.450000000000006 0.094550000000000009 0.096750000000000017 -0.13349999999999998 1.0000000180025095e-35 21.722757725892347 0.53450000000000009 0.12730000000000002 0.53655000000000019 15.850000000000003
decision_type=2 2 2 2 2 2 2 2 2 2 2 2 2 2
left_child=4 2 12 -4 5 8 -7 10 -1 -9 -6 13 -2 -3
right_child=1 11 3 -5 7 6 -8 9 -10 -11 -12 -13 -14 -15
leaf_value=0.020575051301340526 -0.0070947972507198441 0.012154716252710428 0.0064145201458915531 -0.016159154172558778 -0.043984297150268505 -0.029771678155577005 -0.0011043328915039145 0.0027385848673579273 -0.011593765817269182 -0.0093888116058907598 -0.0068384402049174288 0.029569389864883291 0.02919954433815479 -0.03865759448819911
leaf_weight=1728.1315241828561 249.27968526631594 408.2814661860466 1461.4889843836427 2677.1813208088279 304.542186409235 3171.1653472930193 8567.2866395190358 33987.471522711217 424.16790798306465 2539.6461783647537 1420.2278219610453 1943.6318358741701 1005.8899375721812 95.980868734419346
leaf_count=6702 1429 1853 5904 9970 988 10023 28854 129740 1361 9520 4828 11044 7329 471
internal_value=0.000422337 0.00668741 -0.0011649 -0.00818771 -0.000519867 -0.00527209 -0.00884887 0.00120585 0.0142353 0.00189539 -0.0133973 0.0239897 0.0219914 0.00248314
internal_weight=59984.4 7841.73 5393.84 4138.67 52142.6 13890.8 11738.5 38251.9 2152.3 36527.1 1724.77 2447.89 1255.17 504.262
internal_count=230016 38000 24632 15874 192016 46940 38877 145076 8063 139260 5816 13368 8758 2324
is_linear=0
shrinkage=0.05


Tree=193
num_leaves=15
num_cat=0
split_feature=23 24 24 25 10 14 8 12 1 5 5 5 24 5
split_gain=665.956 396.885 85.4189 518.056 129.352 28.707 19.3055 18.374 0.000776378 0.000576449 0.000277695 0.000237887 0.000106087 7.04408e-05
threshold=1.0000000180025095e-35 2.5000000000000004 1.0000000180025095e-35 1.5000000000000002 0.70760000000000012 31.565203423242899 1.2445000000000002 0.091550000000000006 73.172706000000019 0.36500000000000005 0.21000000000000005 -0.18499999999999997 2.5000000000000004 0.36500000000000005
decision_type=2 2 2 2 2 2 2 2 2 2 2 2 2 2
left_child=1 2 4 -4 -1 7 -7 -3 11 10 -10 -2 -11 -13
right_child=8 5 3 -5 -6 6 -8 -9 9 12 -12 13 -14 -15
leaf_value=0.0081329062425336829 -0.037841953975887271 0.12366425556621503 0.040194134145987978 -0.02790715591539332 -0.026430328839912039 -0.038075463791648965 0.040415246026547808 -0.036802847177014195 -0.037794382004786811 -0.038293891892735535 -0.037852248776847945 -0.037987101832506615 -0.037922854318433313 -0.038194750890644474
leaf_weight=9876.5475369067863 34.475749287288636 1.7889378033578385 407.68766763433814 886.47928548743948 278.32594530750066 12.494095616042612 21.003645515069366 633.82375164888799 621.13896542554721 7.3316094726324064 311.19528254494071 81.131131292786449 2.6131393420509994 4.3006751919165245
leaf_count=58503 3032 22 4846 14538 1565 780 128 53298 61928 304 25700 4988 192 192
internal_value=0.000128866 0.00345632 0.00564382 -0.00645393 0.00718559 -0.0339737 0.0111395 -0.0363512 -0.037833 -0.0378177 -0.0378137 -0.0379528 -0.0381964 -0.0379976
internal_weight=13180.3 12118.2 11449 1294.17 10154.9 669.11 33.4977 635.613 1062.19 942.279 932.334 119.908 9.94475 85.4318
internal_count=230016 133680 79452 19384 60068 54228 908 53320 96336 88124 87628 8212 496 5180
is_linear=0
shrinkage=0.05


Tree=194
num_leaves=15
num_cat=0
split_feature=1 8 10 21 0 6 23 10 5 0 11 1 4 11
split_gain=366.405 265.187 206.111 350.402 260.794 53.5546 36.9202 35.996 37.6871 32.25 33.2863 31.2232 28.4827 5.8479
threshold=89.145583000000002 2.1315000000000004 0.63335000000000019 85.500000000000014 24.423701500000004 0.30850000000000005 1.0000000180025095e-35 0.49115000000000003 -0.59999999999999998 27.301037000000004 0.34815000000000007 94.493788000000009 188.56500000000003 0.35220000000000007
decision_type=2 2 2 2 2 2 2 2 2 2 2 2 2 2
left_child=1 2 4 -4 -1 7 13 11 -9 12 -11 -2 -7 -3
right_child=5 6 3 -5 -6 9 -8 8 -10 10 -12 -13 -14 -15
leaf_value=-0.00085054818334033457 0.0015970036278118345 -0.040069913047323116 -0.01634913422310489 0.033603668562569439 0.0083881363604463959 -0.0043822928961998612 0.01649281002877883 0.066191488262379958 -0.018906329381330442 -0.02007731364255912 0.02193346853224775 0.079078007948909623 -0.034053179975680782 0.020852278904168457
leaf_weight=24766.897619360127 235.00372327491641 458.87241049297154 3108.2350208638236 395.7641523629427 11045.245677952655 89.143074925988913 31.383675709366798 13.322267062962053 556.03380711749196 442.47882325947285 52.773844990879297 13.764067035168408 872.96215072833002 3.9731316342949858
leaf_count=112068 2088 8084 20319 1789 53040 832 120 98 6652 6868 808 154 17060 36
internal_value=-0.000706456 0.00040892 0.000866457 -0.0107071 0.00199886 -0.0202204 -0.0359884 -0.0099826 -0.0169151 -0.0259676 -0.0156007 0.00588395 -0.031304 -0.0395469
internal_weight=42085.9 39810.4 39316.1 3504 35812.1 2275.48 494.229 818.124 569.356 1457.36 495.253 248.768 962.105 462.846
internal_count=230016 195456 187216 22108 165108 34560 8240 8992 6750 25568 7676 2242 17892 8120
is_linear=0
shrinkage=0.05


Tree=195
num_leaves=15
num_cat=0
split_feature=0 17 12 7 1 1 4 2 1 2 18 6 12 1
split_gain=259.009 141.807 127.685 127.71 58.1919 31.3994 14.2491 19.7387 10.6813 10.7145 10.1314 9.05861 8.52069 7.87609
threshold=16.228959000000007 1.6500000000000006 0.092400000000000024 6.5000000000000009 76.807391500000008 80.97817400000001 447.64000000000004 64.65000000000002 74.120398000000009 105.00000000000001 492.40000000000003 0.43000000000000005 0.096750000000000017 93.356992000000005
decision_type=2 2 2 2 2 2 2 2 2 2 2 2 2 2
left_child=4 6 10 -4 8 -6 11 -8 12 -10 -3 -2 -1 -7
right_child=1 2 3 -5 5 13 7 -9 9 -11 -12 -13 -14 -15
leaf_value=0.018711168241827128 -0.019192649154403132 -0.037860568913796182 0.0044020729112910937 -0.011583855320822713 -0.036177646161494395 -0.0012171307618363495 0.046557226481968146 -0.018068676547560853 0.011161178787186211 0.075260156685577229 0.05861016668251251 -0.035765168399168899 -0.015178517760389235 -0.03851257189927592
leaf_weight=30.508369306102395 124.52861204277724 204.34558781143278 13767.910970967263 1374.0573308509775 626.40474840160459 91.343444534577429 14.034125577658413 74.732435849495232 18.382766028866172 10.102189250290396 2.7582994252443305 244.06089638825506 47.30711349286139 16.752121087163687
leaf_count=234 2696 3040 137960 23196 45024 2304 368 2340 192 96 12 11348 630 576
internal_value=0.000162172 0.00160059 0.00241809 0.00295143 -0.0268791 -0.0318832 -0.0258351 -0.00785123 0.00769763 0.0338939 -0.0365757 -0.0301661 -0.00189171 -0.006997
internal_weight=16647.2 15806.4 15349.1 15142 840.801 734.5 457.356 88.7666 106.3 28.485 207.104 368.59 77.8155 108.096
internal_count=230016 180960 164208 161156 49056 47904 16752 2708 1152 288 3052 14044 864 2880
is_linear=0
shrinkage=0.05


Tree=196
num_leaves=15
num_cat=0
split_feature=18 1 5 0 18 7 25 10 23 11 12 0 13 5
split_gain=139.579 177.883 134.962 223.288 136.928 132.45 100.588 82.1168 71.6165 67.3736 47.2401 101.529 39.4573 38.4121
threshold=2.0500000000000007 72.926704500000014 0.21000000000000005 14.813006500000002 191.35000000000008 5.5000000000000009 1.5000000000000002 0.53895000000000015 7.5000000000000009 0.34815000000000007 0.096100000000000005 22.465137500000001 11.067042707493959 0.32500000000000007
decision_type=2 2 2 2 2 2 2 2 2 2 2 2 2 2
left_child=5 10 4 -4 -3 6 13 -8 9 -7 11 -2 -12 -1
right_child=1 2 3 -5 -6 8 7 -9 -10 -11 12 -13 -14 -15
leaf_value=-0.0028090650908000991 0.030558596547507335 0.00099594189229801865 -0.013732575823704072 -0.00029474706630509221 0.0092606567702208861 0.031836225606996449 0.01164616790180497 -0.016266892480391312 -0.04212337293705104 -0.043691594529729844 -0.019345822338608366 -0.021258936666407623 0.010890982168358314 0.038517779473732465
leaf_weight=75.083197578787804 171.05660508573055 23188.643471829593 3591.7675351202488 22188.045066870749 6393.3736448287964 893.91883936524391 452.13387395441532 631.49673894047737 36.438229911029339 30.535350531339645 1694.2027988359332 211.30820506066084 115.23192033171654 223.88686010986567
leaf_count=245 581 88256 12184 80348 27336 8104 1646 2005 232 112 6879 724 392 972
internal_value=0.000411496 -7.55538e-05 0.000477537 -0.00216697 0.00278214 0.0123729 0.00246336 -0.00462045 0.0266315 0.0293415 -0.0140459 0.00192241 -0.0174202 0.028139
internal_weight=59897.1 57553.6 55361.8 25779.8 29582 2343.49 1382.6 1083.63 960.892 924.454 2191.8 382.365 1809.43 298.97
internal_count=230016 216700 208124 92532 115592 13316 4868 3651 8448 8216 8576 1305 7271 1217
is_linear=0
shrinkage=0.05


Tree=197
num_leaves=15
num_cat=0
split_feature=23 24 24 25 10 14 8 12 1 5 5 5 24 5
split_gain=639.065 378.06 79.6794 481.511 121.787 28.0349 21.5349 16.455 0.000692658 0.000515553 0.000248957 0.000211538 9.40158e-05 6.27081e-05
threshold=1.0000000180025095e-35 2.5000000000000004 1.0000000180025095e-35 1.5000000000000002 0.70760000000000012 29.197181676111345 1.2445000000000002 0.091550000000000006 73.172706000000019 0.36500000000000005 0.21000000000000005 -0.18499999999999997 2.5000000000000004 0.36500000000000005
decision_type=2 2 2 2 2 2 2 2 2 2 2 2 2 2
left_child=1 2 4 -4 -1 7 -7 -3 11 10 -10 -2 -11 -13
right_child=8 5 3 -5 -6 6 -8 -9 9 12 -12 13 -14 -15
leaf_value=0.0078256671517400421 -0.037829371691008001 0.10790474735637523 0.037929663820458176 -0.02749211976524121 -0.025964561446624641 -0.038036220709023065 0.034563137882135081 -0.037084682442602754 -0.037783313506962159 -0.038264232749652231 -0.037839147260833178 -0.03796879074966273 -0.037908614468632029 -0.038168437738920286
leaf_weight=9908.8396025169641 33.231300645507872 1.963264625519513 416.01751134870574 868.25491232285276 274.03418209310621 17.072904212865978 25.427504319697618 602.35579979000613 597.85876011708751 7.0613490333780629 299.75074772536755 78.155866056680679 2.5224518636241555 4.1415462773293248
leaf_count=58503 3032 22 4846 14538 1565 1160 156 52890 61928 304 25700 4988 192 192
internal_value=0.00013402 0.00333834 0.00543617 -0.00629988 0.00691633 -0.0338531 0.00539914 -0.0366137 -0.0378205 -0.0378059 -0.037802 -0.0379358 -0.0381706 -0.0379788
internal_weight=13136.7 12114 11467.1 1284.27 10182.9 646.819 42.5004 604.319 1022.72 907.193 897.61 115.529 9.5838 82.2974
internal_count=230016 133680 79452 19384 60068 54228 1316 52912 96336 88124 87628 8212 496 5180
is_linear=0
shrinkage=0.05


Tree=198
num_leaves=15
num_cat=0
split_feature=1 13 0 8 5 18 12 10 7 10 22 9 0 5
split_gain=351.5 248.582 167.383 370.926 324.091 113.872 103.184 92.8469 65.9733 57.2677 53.3764 39.0031 31.9516 20.3752
threshold=85.857340000000008 0.29657986785853102 24.172974500000006 0.93950000000000011 0.32500000000000007 155.45000000000005 0.094750000000000015 0.67860000000000009 5.5000000000000009 0.63990000000000014 27.500000000000004 0.098150000000000015 25.622493000000002 0.58000000000000007
decision_type=2 2 2 2 2 2 2 2 2 2 2 2 2 2
left_child=1 8 4 -4 -3 6 13 -8 9 -1 12 -12 -7 -2
right_child=5 2 3 -5 -6 10 7 -9 -10 -11 11 -13 -14 -15
leaf_value=-0.0084175996689387789 -0.038581930035989559 0.0018244546096685224 0.016052359035224707 -0.0043695865592086143 -0.018925272544388777 -0.01214149919440043 -0.0028463006679329394 -0.039647357999859786 -0.038338467434283707 -0.035462344268258637 0.06819221855623242 -0.047907524931995293 -0.025136251127795706 0.068445546482163
leaf_weight=1282.5298401173204 259.68144928663969 22267.936612971127 5610.8339367508888 3682.9906733687967 2055.5503840111196 673.73544015362859 3835.5866778958589 179.40723756328225 296.4721788726747 230.99717125296593 28.276989832520485 9.7207891643047315 1587.9789566826075 4.5243022367358199
leaf_count=7624 3549 91956 23184 19864 12728 6872 26769 2266 10036 1840 129 43 23112 44
internal_value=-0.000691037 0.00127995 0.00225179 0.00795948 7.09186e-05 -0.0113048 -0.00648243 -0.00449073 -0.0167701 -0.0125452 -0.0202779 0.038491 -0.0212653 -0.0367492
internal_weight=42006.2 35427.3 33617.3 9293.82 24323.5 6578.91 4279.2 4014.99 1810 1513.53 2299.71 37.9978 2261.71 264.206
internal_count=230016 167232 147732 43048 104684 62784 32628 29035 19500 9464 30156 172 29984 3593
is_linear=0
shrinkage=0.05


Tree=199
num_leaves=15
num_cat=0
split_feature=0 20 0 12 1 4 1 13 1 8 9 9 1 13
split_gain=246.365 135.57 115.837 108.778 56.7762 52.3471 60.5437 52.9224 31.342 10.3282 19.5088 13.679 7.63712 6.96652
threshold=16.228959000000007 36.935714285714297 33.15120550000001 0.092400000000000024 76.807391500000008 447.64000000000004 73.80284450000002 0.52146464646464663 80.97817400000001 1.2020000000000002 0.077200000000000005 0.094750000000000015 93.356992000000005 4.7299171270718245
decision_type=2 2 2 2 2 2 2 2 2 2 2 2 2 2
left_child=4 2 3 -2 9 6 -3 -7 -6 10 -1 -11 -10 -4
right_child=1 5 13 -5 8 7 -8 -9 12 11 -12 -13 -14 -15
leaf_value=0.068467616009518215 -0.035899567734971188 -0.0028618432784194522 -0.022593050393342848 0.0038288849368703221 -0.036100142857693057 -0.025502778536148026 -0.032116145707733364 0.020388669765063008 -0.0011810514315151073 -0.037297240795473953 0.0047535968265272656 0.043584996436835527 -0.038475967554583622 -0.039685175212546997
leaf_weight=14.849390879273413 174.39234917610884 267.24346093460917 111.81782230362296 14341.160604553297 604.77614797023125 100.03484389465302 522.93437343230471 168.88130105379969 91.256792191416025 22.022441957145933 62.929391032084823 6.8544817287474862 16.157187866047025 127.6996689978987
leaf_count=84 1974 5812 1748 145590 45024 2852 18404 2584 2304 276 732 60 576 1996
internal_value=0.000157511 0.0015422 0.0027825 0.00335158 -0.0265846 -0.0157374 -0.0222221 0.00331739 -0.0316797 0.0074372 0.0169178 -0.0180983 -0.00679094 -0.0317058
internal_weight=16633 15814.2 14755.1 14515.6 818.846 1059.09 790.178 268.916 712.19 106.656 77.7788 28.8769 107.414 239.517
internal_count=230016 180960 151308 147564 49056 29652 24216 5436 47904 1152 816 336 2880 3744
is_linear=0
shrinkage=0.05


Tree=200
num_leaves=15
num_cat=0
split_feature=12 20 1 5 0 0 10 18 5 7 1 9 4 0
split_gain=129.308 171.204 131.873 134.528 622.478 405.867 105.071 82.2272 71.2605 60.3874 50.6669 60.6228 33.541 16.56
threshold=0.093550000000000008 36.321428571428584 71.931277000000009 0.065000000000000016 20.255440500000002 16.640830000000005 0.47475000000000006 9.1500000000000039 0.13500000000000004 6.5000000000000009 84.35835950000002 0.090500000000000011 42.395000000000003 21.103735000000004
decision_type=2 2 2 2 2 2 2 2 2 2 2 2 2 2
left_child=1 6 8 4 -4 -5 7 -1 13 -10 -3 -12 -8 -2
right_child=2 10 3 5 -6 -7 12 -9 9 -11 11 -13 -14 -15
leaf_value=0.037491026039646623 -0.0014672572532949814 0.033827941506846343 0.015679576901011596 -0.0097304496268828602 -0.002806644089383829 0.001956308768547169 0.038546880464574079 -0.028517129564338613 -0.0098037006225793043 0.038046158510245037 -0.024012184567179146 0.024334900687082925 0.0065014695720502754 -0.031907533356651259
leaf_weight=53.825016215443611 49.276244878768921 749.60156020894647 6992.5336241573095 10515.790722101927 13056.483569569886 25309.363236494362 93.077480316162109 382.17955306172371 1079.4706404209137 70.225964855402708 92.915363118052483 214.57490853965282 665.39433696120977 478.90154574811459
leaf_count=215 216 3712 28288 37206 50432 97344 473 1266 3600 880 308 1013 2399 2664
internal_value=0.000406363 0.012161 -5.35033e-05 0.000361251 0.00364083 -0.00147412 -0.00080941 -0.0203684 -0.0138651 -0.00688093 0.026817 0.0097257 0.010434 -0.0290676
internal_weight=59803.6 2251.57 57552 55874.2 20049 35825.2 1194.48 436.005 1677.87 1149.7 1057.09 307.49 758.472 528.178
internal_count=230016 9386 220630 213270 78720 134550 4353 1481 7360 4480 5033 1321 2872 2880
is_linear=0
shrinkage=0.05


Tree=201
num_leaves=15
num_cat=0
split_feature=23 24 24 25 10 14 8 12 1 5 5 5 24 5
split_gain=611.561 358.019 74.1666 445.406 113.386 27.5675 20.0375 14.8427 0.000631131 0.000466071 0.000228667 0.000192036 8.45909e-05 5.43961e-05
threshold=1.0000000180025095e-35 2.5000000000000004 1.0000000180025095e-35 1.5000000000000002 0.70760000000000012 29.197181676111345 1.2445000000000002 0.091550000000000006 73.172706000000019 0.36500000000000005 0.21000000000000005 -0.18499999999999997 2.5000000000000004 0.36500000000000005
decision_type=2 2 2 2 2 2 2 2 2 2 2 2 2 2
left_child=1 2 4 -4 -1 7 -7 -3 11 10 -10 -2 -11 -13
right_child=8 5 3 -5 -6 6 -8 -9 9 12 -12 13 -14 -15
leaf_value=0.0074509155150458417 -0.037817264232834595 0.095283136381044145 0.035628485317485283 -0.027068442471563255 -0.02544233272308119 -0.038016327420556495 0.032580054201389257 -0.037037646223323555 -0.037772293306330466 -0.038237621475742195 -0.03782681385914774 -0.037952798546354027 -0.037894270238006234 -0.038142343081766873
leaf_weight=9956.6995721571147 32.016951486468315 2.12709617614746 424.59180019935593 851.0807728189975 269.06995050609112 16.408343412913382 25.943218571133912 579.57139472709969 574.84866944374517 6.8185301935300213 289.00959326326847 75.478935523889959 2.4342708718031645 3.9850120963528743
leaf_count=58503 3032 22 4846 14538 1565 1160 156 52890 61928 304 25700 4988 192 192
internal_value=8.87098e-05 0.00316598 0.00516726 -0.00620055 0.0065854 -0.0337182 0.00522877 -0.0365538 -0.0378086 -0.0377943 -0.0377905 -0.0379206 -0.0381473 -0.0379623
internal_weight=13110.1 12125.5 11501.4 1275.67 10225.8 624.05 42.3516 581.698 984.592 873.111 863.858 111.481 9.2528 79.4639
internal_count=230016 133680 79452 19384 60068 54228 1316 52912 96336 88124 87628 8212 496 5180
is_linear=0
shrinkage=0.05


Tree=202
num_leaves=15
num_cat=0
split_feature=1 12 23 15 10 17 0 17 6 10 5 0 12 1
split_gain=327.005 248.515 273.437 241.364 203.952 335.692 294.204 85.6712 51.9043 33.9419 34.5676 32.897 34.5244 28.1649
threshold=89.145583000000002 0.094750000000000015 1.0000000180025095e-35 1.0500000000000003 0.63335000000000019 111.75000000000003 24.019985500000004 56.250000000000007 0.30850000000000005 0.49115000000000003 -0.59999999999999998 27.301037000000004 0.096500000000000016 93.204685000000012
decision_type=2 2 2 2 2 2 2 2 2 2 2 2 2 2
left_child=1 2 7 -4 6 -6 -3 -1 9 13 -11 -10 -13 -2
right_child=8 4 3 -5 5 -7 -8 -9 11 10 -12 12 -14 -15
leaf_value=-0.038650290113108603 -0.0051766675494088615 -0.00079493737256373725 0.03048849349498239 -0.016326477657077326 -0.016987776129851934 0.025512643748424442 0.0090606278248936186 -0.0050700527083078831 -0.030835577345388266 0.061805006916455442 -0.018204828122286149 0.0055947894776690156 -0.023573207069850062 0.031347922593499465
leaf_weight=967.65806794911623 171.76291204243898 22446.323949332349 452.22092033177614 703.83622273802757 2911.9128118446097 552.82270024716854 11427.256078149192 236.32238442823291 916.80729304812849 13.845339447259901 540.66220307350159 146.1210541240871 331.84985751658678 76.194828618317842
leaf_count=13299 1676 99942 1558 3012 19108 3015 53790 1732 17892 98 6652 2323 5353 566
internal_value=-0.000685834 0.000353407 -0.015382 0.00198638 0.00134799 -0.0102065 0.00252984 -0.032059 -0.0194622 -0.0093307 -0.0162071 -0.0252911 -0.0146562 0.00604696
internal_weight=41895.6 39698.4 2360.04 1156.06 37338.3 3464.74 33873.6 1203.98 2197.24 802.465 554.508 1394.78 477.971 247.958
internal_count=230016 195456 19601 4570 175855 22123 153732 15031 34560 8992 6750 25568 7676 2242
is_linear=0
shrinkage=0.05


Tree=203
num_leaves=15
num_cat=0
split_feature=0 17 12 12 1 9 1 4 2 10 10 6 13 13
split_gain=235.446 130.505 115.658 147.181 55.513 44.1394 31.0684 14.3339 17.9152 10.2004 14.0763 8.96922 7.46889 3.50994
threshold=16.228959000000007 1.6500000000000006 0.09395000000000002 0.095900000000000013 76.807391500000008 0.090500000000000011 80.97817400000001 447.64000000000004 64.65000000000002 0.63085000000000013 0.61450000000000016 0.43000000000000005 9.9703481735159833 2.4663222481937956
decision_type=2 2 2 2 2 2 2 2 2 2 2 2 2 2
left_child=4 7 5 -4 9 -3 13 11 -9 10 -1 -2 -8 -6
right_child=1 2 3 -5 6 -7 12 8 -10 -11 -12 -13 -14 -15
leaf_value=0.005588321921169221 -0.018847447480085915 0.0025423326767493987 0.014997622831320917 0.0010059562732196397 -0.037905013266263755 -0.03141156026126745 -0.010347885617823521 0.043564033743762387 -0.017292809670462282 -0.036203274883635818 0.064620998861442486 -0.035583243409329543 0.041548101594441209 -0.028045234043948122
leaf_weight=83.34786912612617 122.55249151308089 132.68082861416042 2206.4024633709341 12687.546680706087 472.59734951751307 343.5687019280158 99.775337443687022 14.530154427513478 72.105866328813136 11.991387578658758 11.49031540751457 230.87988282274455 7.4508589673787347 111.57142100250348
leaf_count=840 2696 1526 17740 138848 36340 6094 2688 368 2340 192 120 11348 192 8684
internal_value=0.000196793 0.00153445 0.00230311 0.00307869 -0.0262978 -0.0219522 -0.0314809 -0.0253124 -0.00708621 0.00724671 0.0127405 -0.0297801 -0.00674177 -0.0360219
internal_weight=16608.5 15810.3 15370.2 14893.9 798.225 476.25 691.395 440.068 86.636 106.83 94.8382 353.432 107.226 584.169
internal_count=230016 180960 164208 156588 49056 7620 47904 16752 2708 1152 960 14044 2880 45024
is_linear=0
shrinkage=0.05


Tree=204
num_leaves=15
num_cat=0
split_feature=18 7 12 12 1 5 0 12 12 0 7 0 13 25
split_gain=129.884 288.448 219.968 351.609 154.66 168.359 244.331 131.456 120.357 80.5849 83.9457 72.0814 50.5458 45.8752
threshold=5.950000000000002 6.5000000000000009 0.094550000000000009 0.096750000000000017 73.172706000000019 0.21000000000000005 16.176255000000005 0.095200000000000021 0.098750000000000018 21.571771000000002 5.5000000000000009 24.501335500000003 11.067042707493959 3.5000000000000004
decision_type=2 2 2 2 2 2 2 2 2 2 2 2 2 2
left_child=1 2 11 -4 9 7 -7 -6 13 10 -2 -1 -11 -3
right_child=4 8 3 -5 5 6 -8 -9 -10 12 -12 -13 -14 -15
leaf_value=0.037740594460023036 0.01435064263309851 0.034552051056091757 -0.029484786433634141 0.0070504314156995722 -0.0084029501799858172 -0.012208753254186432 -6.4179734643569959e-05 0.0038398934935049422 -0.01862436711136304 -0.019652010628611542 -0.02710890005912139 -0.011321113147069342 0.009399380641129218 0.015078876895918053
leaf_weight=439.2666110470891 460.65852351486683 1106.2467939816415 1010.0318793803453 1892.2825460284948 2390.5455795973539 5401.647623963654 17752.037991441786 26477.13982892409 143.81414134800434 1797.86096316576 166.12136774510145 90.245500460267067 163.32537773251534 416.24239484220743
leaf_count=1981 1536 9255 3127 6524 8992 17776 64236 104476 497 7164 620 316 548 2968
internal_value=0.00039768 0.00803009 -0.000257199 -0.00566416 -0.000314854 0.000278637 -0.00289745 0.00282606 0.0250981 -0.0122448 0.00336223 0.0293789 -0.0172326 0.0292282
internal_weight=59707.5 5098.13 3431.83 2902.31 54609.3 52021.4 23153.7 28867.7 1666.3 2587.97 626.78 529.512 1961.19 1522.49
internal_count=230016 24668 11948 9651 205348 195480 82012 113468 12720 9868 2156 2297 7712 12223
is_linear=0
shrinkage=0.05


Tree=205
num_leaves=15
num_cat=0
split_feature=23 24 24 25 1 14 8 12 1 5 5 5 12 5
split_gain=586.185 340.662 69.1332 411.138 110.599 27.0866 18.6823 13.3321 0.000573285 0.000418049 0.000207995 0.000171907 7.83474e-05 4.52059e-05
threshold=1.0000000180025095e-35 2.5000000000000004 1.0000000180025095e-35 1.5000000000000002 85.612480000000019 29.197181676111345 1.2445000000000002 0.091550000000000006 73.172706000000019 0.36500000000000005 0.21000000000000005 -0.18499999999999997 0.091550000000000006 0.36500000000000005
decision_type=2 2 2 2 2 2 2 2 2 2 2 2 2 2
left_child=1 2 4 -4 -1 7 -7 -3 11 10 -10 -2 -11 -13
right_child=8 5 3 -5 -6 6 -8 -9 9 12 -12 13 -14 -15
leaf_value=0.0033948307377628566 -0.037806220320408972 0.08354831090796748 0.033492493022504899 -0.026607677611591985 0.015546180451825695 -0.037995901714370804 0.030746211564274775 -0.036991712248782692 -0.037761788579271878 -0.038724628043876497 -0.037814781610396912 -0.037937114966775626 -0.038087275690978153 -0.038113783064774358
leaf_weight=7797.8786127595231 30.907570271752775 2.3033726774156085 432.23138839006424 832.91534633608535 2464.3798848707229 15.789872549939899 26.424588824622333 558.74197624716908 552.54344174545258 0.5115455100312819 278.48729228321463 72.893180605024099 8.398314724210648 3.8101880168542257
leaf_count=47472 3032 22 4846 14538 12596 1160 156 52890 61928 16 25700 4988 480 192
internal_value=7.80032e-05 0.00303651 0.0049533 -0.00607474 0.00631286 -0.0335906 0.00503395 -0.0364968 -0.0377971 -0.0377832 -0.0377795 -0.0379058 -0.0381239 -0.0379459
internal_weight=13078.2 12130.7 11527.4 1265.15 10262.3 603.26 42.2145 561.045 947.552 839.941 831.031 107.611 8.90986 76.7034
internal_count=230016 133680 79452 19384 60068 54228 1316 52912 96336 88124 87628 8212 496 5180
is_linear=0
shrinkage=0.05


Tree=206
num_leaves=15
num_cat=0
split_feature=1 13 9 5 8 18 7 10 7 10 24 20 25 8
split_gain=318.54 226.426 158.803 297.849 295 104.44 99.343 89.9928 64.8048 54.6162 50.3925 49.4421 32.5664 32.1952
threshold=85.857340000000008 0.29657986785853102 0.09395000000000002 0.32500000000000007 1.3650000000000004 155.45000000000005 6.5000000000000009 0.67860000000000009 5.5000000000000009 0.63990000000000014 1.5000000000000002 33.89285714285716 3.5000000000000004 0.31400000000000006
decision_type=2 2 2 2 2 2 2 2 2 2 2 2 2 2
left_child=1 8 4 -4 -3 6 7 -2 9 -1 -8 13 -13 -7
right_child=5 2 3 -5 -6 11 10 -9 -10 -11 -12 12 -14 -15
leaf_value=-0.0080647743646983412 -0.0022673811341196166 0.0070547681295506318 -0.00011819804052007946 -0.031200473881590359 -0.013828529600203974 -0.010036191949717596 -0.038142378625076016 -0.039437900362028433 -0.038253202936650799 -0.034923135124639869 0.01707950902689457 0.047288291879889033 -0.045173480706281716 -0.024238144201243785
leaf_weight=1270.1310909222811 3707.8949043173343 17587.328588657081 13252.071533055976 818.33811909332871 1870.9788870215416 526.2883770391345 321.6109806895256 170.31564735621214 280.70788831822574 222.42569445073605 47.401704929769039 43.334291636943817 12.205581374466417 1650.6841090526432
leaf_count=7624 24306 73880 56281 4761 12810 5732 5744 2266 10036 1840 312 201 67 24156
internal_value=-0.000670664 0.00119975 0.00212065 -0.00192595 0.00504677 -0.0108608 -0.00625856 -0.00389976 -0.0162125 -0.0120673 -0.0310488 -0.0196163 0.0269687 -0.0208048
internal_weight=41781.7 35302 33528.7 14070.4 19458.3 6479.74 4247.22 3878.21 1773.26 1492.56 369.013 2232.51 55.5399 2176.97
internal_count=230016 167232 147732 61042 86690 62784 32628 26572 19500 9464 6056 30156 268 29888
is_linear=0
shrinkage=0.05


Tree=207
num_leaves=15
num_cat=0
split_feature=0 13 7 2 11 9 9 19 1 1 10 13 12 1
split_gain=224.68 126.676 138.063 146.752 103.358 100.514 101.985 88.9645 53.7329 30.82 9.73155 31.8117 9.76157 7.35036
threshold=16.228959000000007 14.510399999999999 6.5000000000000009 82.15000000000002 0.17025000000000004 0.076700000000000004 0.09395000000000002 31.250000000000004 76.807391500000008 80.97817400000001 0.46220000000000006 5.4696000000000016 0.096750000000000017 93.356992000000005
decision_type=2 2 2 2 2 2 2 2 2 2 2 2 2 2
left_child=8 2 3 -2 -4 7 -7 -3 10 -10 11 -1 -12 -11
right_child=1 5 4 -5 -6 6 -8 -9 9 13 12 -13 -14 -15
leaf_value=0.21672355036793423 0.0062695197221059422 0.024963770146805328 0.0099016525620234889 -0.0051040879714891419 -0.026332108467441835 -0.0011904205950011388 0.017137959723319461 0.095725417641319699 -0.035942277958105812 -0.0012658064525785842 0.020949407137649315 -0.010411810552113534 -0.010570062895293686 -0.03844571367633931
leaf_weight=2.288887381553649 5892.62456867937 258.72517412900925 257.38786789635196 5467.8124473579228 836.30873970407993 1632.2596990019083 1418.5986750163138 53.624469220638275 564.32153831538744 91.425209782551974 42.705085530877113 4.7213386297225952 57.825794448144734 15.554970188997684
leaf_count=12 68748 1309 6521 67136 21299 8628 7086 233 45024 2304 312 48 780 576
internal_value=0.000196243 0.00148719 -0.000838073 0.000795368 -0.0178049 0.0100977 0.00733197 0.0371122 -0.0260212 -0.0312777 0.0067911 0.0637495 0.00281927 -0.00667178
internal_weight=16596.2 15817.3 12454.1 11360.4 1093.7 3363.21 3050.86 312.35 778.843 671.302 107.541 7.01023 100.531 106.98
internal_count=230016 180960 163704 135884 27820 17256 15714 1542 49056 47904 1152 60 1092 2880
is_linear=0
shrinkage=0.05


Tree=208
num_leaves=15
num_cat=0
split_feature=7 10 20 10 18 12 12 1 6 14 2 18 12 6
split_gain=120.311 406.648 325.215 220.162 150.392 338.42 652.257 145.775 128.911 124.614 121.851 118.094 110.663 50.8157
threshold=6.5000000000000009 0.61820000000000008 33.750000000000007 0.56945000000000012 27.050000000000008 0.094550000000000009 0.096250000000000016 84.307104500000023 -0.095499999999999988 21.722757725892347 44.150000000000013 29.550000000000008 0.098750000000000018 0.47650000000000009
decision_type=2 2 2 2 2 2 2 2 2 2 2 2 2 2
left_child=4 2 3 -2 5 7 -7 -1 10 -10 -6 13 -4 -3
right_child=1 11 12 -5 8 6 -8 -9 9 -11 -12 -13 -14 -15
leaf_value=0.021593925509800646 -0.00056661772159369587 0.0099723091154915317 0.015115399893239937 -0.028259299260897083 -0.037299454996479152 -0.030730644420556411 -0.0018722895335462966 -0.0092425840190685695 0.0025041114391237684 -0.008981282891308541 -0.0053235221772447083 0.012996051388616503 -0.025347212135268273 0.039789280793494058
leaf_weight=1497.9961964786053 1635.578416172415 168.41621890664101 2242.0312303006649 1278.9294069260359 374.93448767066002 2553.4011800438166 8397.2219361439347 515.02627609670162 34550.679864019156 2534.9200509786606 1450.733073823154 1280.9078625552356 182.75325687229633 942.88986418396235
leaf_count=5831 5947 562 13351 4705 1252 8058 28231 1892 132292 9540 4920 5856 629 6950
internal_value=0.000393808 0.00621246 -0.00146302 -0.0127186 -0.000473412 -0.00513762 -0.00860131 0.0137045 0.00108051 0.00171905 -0.0118904 0.0233437 0.0120658 0.0352706
internal_weight=59606.4 7731.51 5339.29 2914.51 51874.9 12963.6 10950.6 2013.02 38911.3 37085.6 1825.67 2392.21 2424.78 1111.31
internal_count=230016 38000 24632 10652 192016 44012 36289 7723 148004 141832 6172 13368 13980 7512
is_linear=0
shrinkage=0.05


Tree=209
num_leaves=15
num_cat=0
split_feature=23 24 1 9 24 14 8 12 1 5 5 5 12 5
split_gain=562.114 324.02 68.0273 197.867 103.463 26.7342 17.5385 12.3671 0.000524616 0.000377064 0.000193655 0.000157571 6.94687e-05 4.3026e-05
threshold=1.0000000180025095e-35 2.5000000000000004 80.688960000000023 0.094750000000000015 1.0000000180025095e-35 29.197181676111345 1.2445000000000002 0.091550000000000006 73.172706000000019 0.36500000000000005 0.21000000000000005 -0.18499999999999997 0.091550000000000006 0.36500000000000005
decision_type=2 2 2 2 2 2 2 2 2 2 2 2 2 2
left_child=1 2 3 -1 -4 7 -7 -3 11 10 -10 -2 -11 -13
right_child=8 5 4 -5 -6 6 -8 -9 9 12 -12 13 -14 -15
leaf_value=-0.0073142297971314444 -0.037794653741242745 0.076153804978240439 0.010029973852419466 0.016782190168136705 -0.0069422368426895449 -0.037976808981487045 0.029279879799460003 -0.036944884293747607 -0.037751449717825708 -0.038678115208954172 -0.037803545666803585 -0.037922134195863724 -0.038066757178344457 -0.038096906958947602
leaf_weight=2955.5410829917528 29.748646515421569 2.4279884807765475 6347.4488488771021 1196.9660464306362 1045.9016038929112 15.178429963067172 26.821457038633525 538.52230493118986 530.89613618515432 0.49291242379695077 268.65672544203699 70.424301802646369 8.107693041674791 3.7068245187401763
leaf_count=18567 3032 22 36092 8265 16528 1160 156 52890 61928 16 25700 4988 480 192
internal_value=6.97838e-05 0.00291638 0.0047527 -0.000368403 0.007629 -0.0334537 0.00497384 -0.0364373 -0.0377861 -0.0377725 -0.037769 -0.0378919 -0.0381018 -0.0379309
internal_weight=13040.8 12128.8 11545.9 4152.51 7393.35 582.95 41.9999 540.95 912.033 808.153 799.553 103.88 8.60061 74.1311
internal_count=230016 133680 79452 26832 52620 54228 1316 52912 96336 88124 87628 8212 496 5180
is_linear=0
shrinkage=0.05


Tree=210
num_leaves=15
num_cat=0
split_feature=1 8 0 10 8 18 12 9 22 23 9 1 5 24
split_gain=292.927 212.811 203.17 346.82 317.644 100.191 99.2323 87.8817 47.3592 35.6107 34.1902 29.3251 18.6545 5.8758
threshold=85.857340000000008 2.1315000000000004 24.172974500000006 0.63335000000000019 0.83550000000000002 163.65000000000006 0.094750000000000015 0.077200000000000005 27.500000000000004 1.0000000180025095e-35 0.098150000000000015 94.493788000000009 0.58000000000000007 1.0000000180025095e-35
decision_type=2 2 2 2 2 2 2 2 2 2 2 2 2 2
left_child=1 2 4 -4 -1 6 12 -8 11 -3 -10 -7 -2 -11
right_child=5 9 3 -5 -6 8 7 -9 10 13 -12 -13 -14 -15
leaf_value=-0.0073812109804100579 -0.03833045462179388 -0.039694403059388553 0.010865959432290479 -0.023319248435055628 0.00392640203222476 -0.023434236160232477 0.011820445473483845 -0.0076671260647871824 0.065258452421335586 0.041683165004500242 -0.047986227450668682 -0.0069113907523556325 0.060429191873728694 -0.003629659858257478
leaf_weight=10612.412747818045 251.47442431747913 364.19819677714258 8470.0237517748028 813.16836303565651 14973.6957372576 1658.6295960899442 695.23804047331214 3446.2013424150646 26.956546232104301 13.802078247070314 8.8543491661548597 320.41831105947495 4.8741748817265025 14.853565141558645
leaf_count=49968 3691 6924 37200 5416 67620 22992 5194 25548 117 48 39 5156 47 56
internal_value=-0.000664682 0.00112295 0.00153524 0.00787148 -0.000763684 -0.0104946 -0.00626429 -0.00439568 -0.0197279 -0.0354718 0.0372584 -0.0207591 -0.0364527 0.0181954
internal_weight=41674.8 35262.2 34869.3 9283.19 25586.1 6412.65 4397.79 4141.44 2014.86 392.854 35.8109 1979.05 256.349 28.6556
internal_count=230016 167232 160204 42616 117588 62784 34480 30742 28304 7028 156 28148 3738 104
is_linear=0
shrinkage=0.05


Tree=211
num_leaves=15
num_cat=0
split_feature=0 15 1 14 0 11 1 22 1 6 8 5 1 13
split_gain=214.207 122.775 126.29 188.848 182.751 110.701 52.0785 48.2236 30.5584 15.8189 9.48703 17.663 7.10031 5.40399
threshold=16.228959000000007 1.0000000180025095e-35 73.833063500000023 17.66669095871196 26.065943500000003 0.34415000000000007 76.807391500000008 -10.499999999999998 80.97817400000001 -0.13349999999999998 1.2445000000000002 0.31500000000000006 93.356992000000005 8.4045398339515991
decision_type=2 2 2 2 2 2 2 2 2 2 2 2 2 2
left_child=6 5 3 -3 -4 9 10 -7 -8 -2 11 -1 -10 -12
right_child=1 2 4 -5 -6 7 8 -9 12 -11 13 -13 -14 -15
leaf_value=-0.011317333503423749 0.034408470180386889 0.026169114812546159 -0.004982392953776193 -0.020689063853429446 0.0066874467277324148 0.04801305423500779 -0.035859705725206935 -0.0021269624089238991 -0.0013737007887630757 -0.02468786554535507 -0.037572437952295645 0.032322017514030708 -0.038417613244921912 0.10978191900946643
leaf_weight=42.869870674796402 11.48889836668968 1104.2394434851594 6419.7643404770643 267.01531272940338 7026.9187157922424 79.332058923318982 544.83815481909551 121.24445450212806 91.662588603794575 788.22409786051139 13.980810839682814 50.502917153760791 15.060921136289833 0.65117737650871355
leaf_count=624 242 9312 94488 2524 47044 724 45024 2023 2304 24603 188 336 576 4
internal_value=0.000200086 0.00144554 0.00259004 0.0170447 0.00111599 -0.0155087 -0.0257369 0.0177044 -0.0310673 -0.0238389 0.00641988 0.0122861 -0.00660137 -0.0310146
internal_weight=16577.8 15818.2 14817.9 1371.25 13446.7 1000.29 759.566 200.577 651.562 799.713 108.005 93.3728 106.724 14.632
internal_count=230016 180960 153368 11836 141532 27592 49056 2747 47904 24845 1152 960 2880 192
is_linear=0
shrinkage=0.05


Tree=212
num_leaves=15
num_cat=0
split_feature=18 7 12 12 1 5 0 18 12 0 5 0 13 1
split_gain=118.997 257.654 195.761 302.859 139.967 154.809 231.525 124.067 111.498 75.472 81.8422 67.7352 47.2484 46.8424
threshold=5.950000000000002 6.5000000000000009 0.094550000000000009 0.096750000000000017 73.172706000000019 0.21000000000000005 16.176255000000005 225.55000000000004 0.098750000000000018 21.571771000000002 0.13500000000000004 24.501335500000003 11.067042707493959 85.322512500000016
decision_type=2 2 2 2 2 2 2 2 2 2 2 2 2 2
left_child=1 2 11 -4 9 7 -7 -6 13 10 -2 -1 -11 -3
right_child=4 8 3 -5 5 6 -8 -9 -10 12 -12 -13 -14 -15
leaf_value=0.036628129306279365 -0.015636320219703199 0.030715236584714263 -0.02707434293089649 0.0067820580861416308 0.0013039492656322475 -0.0118607272162564 -2.4927128531299804e-05 0.01036969343470988 -0.017716972993637805 -0.018903734022961985 0.020549798476643427 -0.011008863009677253 0.0091886537696416887 -0.0062628130240733925
leaf_weight=427.3435191065073 296.93878642469645 1369.8218995593488 1016.0176122784615 1887.9370632991195 24317.868695121258 5387.5383805856109 17727.498915061355 4467.1475896090269 143.95612287521362 1782.4573735371232 329.80399186909199 90.408732376992702 163.39590542018414 91.354410320520401
leaf_count=1981 1116 11679 3127 6524 94200 17776 64236 19268 497 7164 1040 316 548 544
internal_value=0.000378764 0.00773953 -1.35646e-05 -0.00506341 -0.000300502 0.00026378 -0.00278356 0.00271086 0.024267 -0.0116844 0.0034055 0.0283099 -0.0165448 0.0284033
internal_weight=59499.5 5026.84 3421.71 2903.95 54472.6 51900.1 23115 28785 1605.13 2572.6 626.743 517.752 1945.85 1461.18
internal_count=230016 24668 11948 9651 205348 195480 82012 113468 12720 9868 2156 2297 7712 12223
is_linear=0
shrinkage=0.05


Tree=213
num_leaves=15
num_cat=0
split_feature=23 24 11 10 10 14 8 12 1 5 5 5 12 5
split_gain=540.421 309.345 66.4196 203.976 153.611 26.1571 16.4185 11.5497 0.000464517 0.00033716 0.000173648 0.000138238 6.10156e-05 3.61807e-05
threshold=1.0000000180025095e-35 2.5000000000000004 0.2677000000000001 0.55615000000000003 0.5223500000000002 29.197181676111345 1.2445000000000002 0.091550000000000006 73.172706000000019 0.36500000000000005 0.21000000000000005 -0.18499999999999997 0.091550000000000006 0.36500000000000005
decision_type=2 2 2 2 2 2 2 2 2 2 2 2 2 2
left_child=1 2 3 -1 -4 7 -7 -3 11 10 -10 -2 -11 -13
right_child=8 5 4 -5 -6 6 -8 -9 9 12 -12 13 -14 -15
leaf_value=0.02964052795415352 -0.037784152269918998 0.069934842908784642 0.0054374746745666641 0.0043257440052986403 -0.014311166620835253 -0.037961671907731559 0.027575593243462083 -0.036897575181200813 -0.037742002816126587 -0.038630416809696977 -0.037792273631156149 -0.0379059407924442 -0.038046161147836245 -0.03806986537922534
leaf_weight=932.29149136925116 28.714193871710449 2.5422859489917746 3870.0230301963165 5432.800490336027 1320.6933849351481 14.702599089592693 27.30292154289782 519.1840823078528 511.0149963167496 0.47398150805383732 258.76910832291469 67.767365376465023 7.8104663933627307 3.5420518815517417
leaf_count=5947 3032 22 25564 38508 9433 1160 156 52890 61928 16 25700 4988 480 192
internal_value=0.000101763 0.00284606 0.00461041 0.00803359 0.000412754 -0.0333209 0.00463651 -0.036377 -0.0377754 -0.0377623 -0.0377589 -0.0378768 -0.0380796 -0.0379141
internal_weight=12997.6 12119.5 11555.8 6365.09 5190.72 563.732 42.0055 521.726 878.092 778.069 769.784 100.024 8.28445 71.3094
internal_count=230016 133680 79452 44455 34997 54228 1316 52912 96336 88124 87628 8212 496 5180
is_linear=0
shrinkage=0.05


Tree=214
num_leaves=15
num_cat=0
split_feature=13 8 6 0 1 1 1 7 5 23 12 10 7 11
split_gain=279.254 237.647 195 432.036 344.044 44.2508 52.9867 45.9597 44.0959 34.7582 26.5146 16.9986 10.7037 6.06873
threshold=11.377638888888891 2.1315000000000004 0.12150000000000001 16.176255000000005 76.752314000000013 73.80284450000002 94.493788000000009 5.5000000000000009 1.4700000000000002 1.0000000180025095e-35 0.098750000000000018 0.67860000000000009 1.5000000000000002 0.35220000000000007
decision_type=2 2 2 2 2 2 2 2 2 2 2 2 2 2
left_child=1 2 4 -4 -1 10 8 -8 -7 13 12 -12 -2 -3
right_child=5 9 3 -5 -6 6 7 -9 -10 -11 11 -13 -14 -15
leaf_value=0.027506759317236354 -0.065300651383832287 -0.03967999433912206 0.0087762018507610267 -0.0059293299803682498 0.0025813325748262274 -0.029549749581029173 0.0039549195338325445 -0.030235798132369807 0.095590726005639504 0.015523623788285826 0.009863582924559966 0.076165164343527617 -0.0051118574529515817 0.023653920325779985
leaf_weight=1558.2785402312875 15.758577257394791 427.55086240777746 6822.4038112340495 18642.350736577995 12408.71109969914 1111.041354816407 278.51186365261674 151.89098397642374 7.0843987502157679 31.207452021539211 111.16581574082375 10.58806101977825 13.903794020414352 3.8161391764879218
leaf_count=6256 48 8560 27796 112860 47416 19988 4260 2164 56 120 372 42 42 36
internal_value=-0.000649132 0.000196566 0.000614539 -0.00198949 0.00536223 -0.020496 -0.0230185 -0.00811113 -0.0287569 -0.0354332 0.00530204 0.0156294 -0.0370881 -0.0391197
internal_weight=41594.3 39894.3 39431.7 25464.8 13967 1699.94 1548.53 430.403 1118.13 462.574 151.416 121.754 29.6624 431.367
internal_count=230016 203044 194328 140656 53672 26972 26468 6424 20044 8716 504 414 90 8596
is_linear=0
shrinkage=0.05


Tree=215
num_leaves=15
num_cat=0
split_feature=0 20 0 12 4 1 25 1 1 10 10 13 19 9
split_gain=203.45 117.847 107.32 97.521 50.9991 58.1329 52.6512 50.7113 30.4332 9.36125 12.5225 7.07987 7.064 3.92377
threshold=16.228959000000007 36.935714285714297 33.15120550000001 0.092400000000000024 447.64000000000004 73.80284450000002 1.5000000000000002 76.807391500000008 80.97817400000001 0.63085000000000013 0.61450000000000016 4.7299171270718245 26.150000000000002 0.074550000000000019
decision_type=2 2 2 2 2 2 2 2 2 2 2 2 2 2
left_child=7 2 3 -2 5 -3 -6 9 13 10 -1 -4 -10 -9
right_child=1 4 11 -5 6 -7 -8 8 12 -11 -12 -13 -14 -15
leaf_value=0.0045113001205957497 -0.035167596815355355 -0.002692450590170621 -0.022020888071789715 0.0034985543574177305 -0.038550106253386278 -0.031706944614158586 0.015574464945623654 -0.0016547823310772856 0.064892508103312707 -0.036086210738649781 0.059036674933767665 -0.039567660558792045 -0.0087569504179126328 -0.036320900666996503
leaf_weight=84.567822517827153 164.93878165539354 265.05759286601096 108.61419198475778 14399.048496123869 57.322703525424004 495.10876644449309 207.87469141092151 8.2934821145609003 3.3622547769919029 11.682677024975417 12.027754368260501 122.12548371218145 102.786561883986 517.61315735382959
leaf_count=840 1974 5812 1748 145590 1359 18404 4077 732 72 192 120 1996 2808 44292
internal_value=0.000189684 0.00138855 0.00252464 0.00306066 -0.0150037 -0.0215901 0.00387538 -0.0254288 -0.0308451 0.00618782 0.0113006 -0.031308 -0.00642411 -0.0357742
internal_weight=16560.4 15820.1 14794.7 14564 1025.36 760.166 265.197 740.334 632.055 108.278 96.5956 230.74 106.149 525.907
internal_count=230016 180960 151308 147564 29652 24216 5436 49056 47904 1152 960 3744 2880 45024
is_linear=0
shrinkage=0.05


Tree=216
num_leaves=15
num_cat=0
split_feature=18 1 5 0 0 7 10 11 12 11 4 0 23 20
split_gain=113.288 134.162 109.361 565.231 346.432 102.405 81.6054 108.226 75.7518 58.3037 69.8401 57.4803 52.7157 29.469
threshold=1.7500000000000004 72.220797500000018 0.065000000000000016 20.255440500000002 16.640830000000005 5.5000000000000009 0.4764500000000001 0.11820000000000001 0.096100000000000005 0.34815000000000007 60.905000000000008 22.465137500000001 13.500000000000002 39.121428571428588
decision_type=2 2 2 2 2 2 2 2 2 2 2 2 2 2
left_child=5 8 3 -3 -4 6 -1 -8 11 12 -11 -2 -7 -10
right_child=1 2 4 -5 -6 9 7 -9 13 10 -12 -13 -14 -15
leaf_value=0.027310206480308297 0.028787443106904405 0.014908380064783167 -0.0089501815584542444 -0.0028409157627155091 0.0018549513382560311 0.030741389326984531 0.043939469169052579 -0.0096965644167470236 -0.022278167918352021 0.056087194746787195 -0.097041482937368306 -0.01646076099494986 -0.040374570073040281 0.0047799814060267634
leaf_weight=267.20074688643217 158.02750917524099 6887.8698551543057 10449.999081544578 12859.831762112677 25568.832236215472 760.09759728983045 105.47976878285408 867.92608132213354 1143.130157738924 11.797674328088762 20.187715098261833 126.26833124086261 26.98337184637785 110.3384330496192
leaf_count=1127 559 28216 35864 49816 97260 7605 455 2862 5143 40 74 456 189 350
internal_value=0.000371942 -4.21585e-05 0.000359585 0.00334992 -0.0012799 0.0118931 0.0028342 -0.00388448 -0.0146113 0.0256141 -0.0405606 0.00869072 0.0283033 -0.0198963
internal_weight=59364 57304.3 55766.5 19747.7 36018.8 2059.67 1240.61 973.406 1537.76 819.066 31.9854 284.296 787.081 1253.47
internal_count=230016 217664 211156 78032 133124 12352 4444 3317 6508 7908 114 1015 7794 5493
is_linear=0
shrinkage=0.05


Tree=217
num_leaves=15
num_cat=0
split_feature=23 24 11 10 11 14 8 12 1 5 5 5 12 5
split_gain=518.845 294.444 63.4221 179.445 143.302 25.7335 15.3547 10.7395 0.000424785 0.000303415 0.000161357 0.000137493 5.568e-05 3.32741e-05
threshold=1.0000000180025095e-35 2.5000000000000004 0.2677000000000001 0.55615000000000003 0.30580000000000007 29.197181676111345 1.2445000000000002 0.091550000000000006 73.172706000000019 0.36500000000000005 0.21000000000000005 -0.18499999999999997 0.091550000000000006 0.36500000000000005
decision_type=2 2 2 2 2 2 2 2 2 2 2 2 2 2
left_child=1 2 3 -1 -4 7 -7 -3 11 10 -10 -2 -11 -13
right_child=8 5 4 -5 -6 6 -8 -9 9 12 -12 13 -14 -15
leaf_value=0.027867831921627853 -0.03776869183129871 0.063841872052199225 -0.013687917983527371 0.0042847389578672783 0.0052620690355239461 -0.037944264975900151 0.026117176788051283 -0.036848136913095984 -0.037732505286571308 -0.038593940527648682 -0.037781874469816699 -0.037893515785955623 -0.038026388120290314 -0.038053072128368719
leaf_weight=947.29075764631853 27.16484160348773 2.6623140051960936 1347.3237346988171 5431.8369318637997 3843.8600617144257 14.118164988700299 27.718161524273455 499.92745716916397 491.13327484531328 0.45845705270767112 249.62965885270387 65.705088609363884 7.5290672718547285 3.4385138414800158
leaf_count=5947 3032 22 10774 38508 24223 1160 156 52890 61928 16 25700 4988 480 192
internal_value=0.000114241 0.0027565 0.00444738 0.00778679 0.000343775 -0.0331784 0.00449888 -0.0363148 -0.0377652 -0.0377524 -0.0377491 -0.037864 -0.038059 -0.0379015
internal_weight=12959.8 12114.7 11570.3 6379.13 5191.18 544.426 41.8363 502.59 845.059 748.75 740.763 96.3084 7.98752 69.1436
internal_count=230016 133680 79452 44455 34997 54228 1316 52912 96336 88124 87628 8212 496 5180
is_linear=0
shrinkage=0.05


Tree=218
num_leaves=15
num_cat=0
split_feature=1 12 23 15 10 16 0 17 6 0 12 6 1 6
split_gain=262.923 215.082 243.043 221.174 177.67 314.08 283.524 84.0924 50.5583 33.9018 35.096 31.3328 33.7572 29.3462
threshold=89.145583000000002 0.094750000000000015 1.0000000180025095e-35 1.0500000000000003 0.63335000000000019 44.350000000000016 24.019985500000004 56.250000000000007 0.30850000000000005 27.301037000000004 0.096500000000000016 0.084000000000000019 93.204685000000012 0.11800000000000001
decision_type=2 2 2 2 2 2 2 2 2 2 2 2 2 2
left_child=1 2 7 -4 6 -6 -3 -1 11 -10 -11 12 -2 -13
right_child=8 4 3 -5 5 -7 -8 -9 9 10 -12 13 -14 -15
leaf_value=-0.038251545578866487 -0.022626822676718384 -0.0010114511091667568 0.028774642257983624 -0.016139179024180349 -0.015742569369554312 0.028533496101208145 0.0086770721194880732 -0.0045052165178905831 -0.029996197776242961 0.0078304662856244454 -0.022359320409186974 0.054871001658879419 0.00016886713080183438 -0.00026591094753828151
leaf_weight=888.5462365434505 353.26082749292254 22301.590116606094 450.91735841333866 699.02530521899462 2941.8629064084962 463.66527087241411 11416.828657559119 233.01688741892576 844.07527757063508 139.48147328570485 310.71795430406928 34.302976854145527 300.60217553377151 81.396995462477207
leaf_count=13299 4944 99942 1558 3012 19447 2676 53790 1732 17892 2323 5353 200 3164 684
internal_value=-0.000655479 0.000255878 -0.0146796 0.0014725 0.00116974 -0.00971435 0.00226902 -0.0312404 -0.0180519 -0.0240863 -0.0130059 -0.00790295 -0.0121469 0.0160812
internal_weight=41459.3 39395.5 2271.51 1149.94 37123.9 3405.53 33718.4 1121.56 2063.84 1294.27 450.199 769.563 653.863 115.7
internal_count=230016 195456 19601 4570 175855 22123 153732 15031 34560 25568 7676 8992 8108 884
is_linear=0
shrinkage=0.05


Tree=219
num_leaves=15
num_cat=0
split_feature=0 17 12 7 1 13 14 6 1 2 4 18 13 15
split_gain=193.639 115.864 104.014 110.702 50.43 29.9197 48.746 10.9209 9.2658 8.63073 8.22271 13.4318 7.46906 5.44806
threshold=16.176255000000005 1.0500000000000005 0.092400000000000024 6.5000000000000009 76.807391500000008 5.7841122379474772 6.4005031229343432 0.52800000000000014 74.120398000000009 105.00000000000001 450.8250000000001 104.65000000000002 5.4696000000000016 34.95000000000001
decision_type=2 2 2 2 2 2 2 2 2 2 2 2 2 2
left_child=4 10 7 -4 8 13 -7 -3 12 -10 -2 -12 -1 -6
right_child=1 2 3 -5 5 6 -8 -9 9 -11 11 -13 -14 -15
leaf_value=0.01672409628848472 -0.031740357233058847 0.080050321376508957 0.0037577646977504254 -0.011200825079031942 -0.03600252397837822 0.37295703022608351 -0.007724638205194579 -0.036520561884127702 0.0091920012636588048 0.065027046274575701 -0.012545026730816181 0.34893974179234893 -0.015020154296867745 0.056837867265641578
leaf_weight=29.774693377315998 269.72697695274837 2.0314447283744803 13964.946324658114 1357.0355158883613 508.9448337520007 0.84919622540473838 86.296201825141907 183.37309273984283 18.83865575119853 10.940456422045829 57.306853980757296 0.25813505798578162 49.065499259158969 1.5851071625947941
leaf_count=288 11976 20 140448 24364 44572 16 2200 3144 192 96 1960 8 576 156
internal_value=0.00021856 0.00136111 0.00198246 0.00243291 -0.0253967 -0.0310923 -0.00401505 -0.0352433 0.00594346 0.0297051 -0.0280791 -0.010924 -0.00303166 -0.0357143
internal_weight=16541 15834.7 15507.4 15322 706.295 597.675 87.1454 185.405 108.619 29.7791 327.292 57.565 78.8402 510.53
internal_count=230016 181920 167976 164812 48096 46944 2216 3164 1152 288 13944 1968 864 44728
is_linear=0
shrinkage=0.05


Tree=220
num_leaves=15
num_cat=0
split_feature=18 7 12 12 5 1 5 0 12 10 0 0 12 13
split_gain=108.766 240.038 194.554 248.437 131.969 121.819 137.93 193.645 120.238 75.091 65.7027 62.6466 57.4586 37.5718
threshold=5.950000000000002 5.5000000000000009 0.094550000000000009 0.096750000000000017 0.24500000000000002 72.926704500000014 0.21000000000000005 16.567750000000004 0.095200000000000021 0.53655000000000019 24.501335500000003 21.571771000000002 0.096100000000000005 11.377638888888891
decision_type=2 2 2 2 2 2 2 2 2 2 2 2 2 2
left_child=1 2 10 -4 -3 11 8 -8 -7 -6 -1 12 -2 -13
right_child=5 4 3 -5 9 6 7 -9 -10 -11 -12 13 -14 -15
leaf_value=0.03592927887313143 0.050911292942220687 -0.013726671441878181 -0.025621022442553244 0.0057756266601990429 -0.0018458566162502486 -0.0082152243047855338 -0.010416747302705939 -2.6563456945329949e-06 0.0034301271746526221 0.031427349003341362 -0.011172051093715187 -0.019202985868032183 -0.0027776615465246036 0.011888977731774712
leaf_weight=417.90056652575731 58.935291320085526 224.27566556632519 1017.2554270476103 1655.4052537158132 193.61567815393209 2417.1565886288881 6024.4205760136247 17231.370791122317 26706.773594629019 1365.1086947321892 89.97995575517416 1441.60231872648 322.69725100696087 104.18617734313011
leaf_count=1981 180 956 3123 5454 1227 9100 20140 62416 105832 11613 314 6128 1204 348
internal_value=0.000364135 0.00744897 -0.000783677 -0.00617442 0.0221345 -0.000283402 0.000170858 -0.00270043 0.00246361 0.0272943 0.0275845 -0.0126284 0.00551349 -0.0171074
internal_weight=59270.7 4963.54 3180.54 2672.66 1783 54307.1 52379.7 23255.8 29123.9 1558.72 507.881 1927.42 381.633 1545.79
internal_count=230016 24668 10872 8577 13796 205348 197488 82556 114932 12840 2295 7860 1384 6476
is_linear=0
shrinkage=0.05


Tree=221
num_leaves=15
num_cat=0
split_feature=23 24 1 9 24 8 6 22 1 5 5 5 12 5
split_gain=497.425 280.321 64.0518 173.769 97.6357 25.5368 33.7244 0.728022 0.000389775 0.000268682 0.000146471 0.000124607 4.7915e-05 2.78821e-05
threshold=1.0000000180025095e-35 2.5000000000000004 80.688960000000023 0.094750000000000015 1.0000000180025095e-35 1.2445000000000002 0.47650000000000009 51.500000000000007 73.172706000000019 0.36500000000000005 0.21000000000000005 -0.18499999999999997 0.091550000000000006 0.36500000000000005
decision_type=2 2 2 2 2 2 2 2 2 2 2 2 2 2
left_child=1 2 3 -1 -4 7 -7 -3 11 10 -10 -2 -11 -13
right_child=8 5 4 -5 -6 6 -8 -9 9 12 -12 13 -14 -15
leaf_value=-0.0072761298877553685 -0.037759289324719197 -0.037569495609175753 0.009357608048430506 0.015211062033507514 -0.0071105347134286442 -0.037933765831273142 0.030103793319634593 -0.00072638920208726232 -0.037723559092774313 -0.038542868584036737 -0.037771498761409235 -0.037880555760433518 -0.03800613951892956 -0.038029704541614015
leaf_weight=2943.1687902486883 26.218336863443255 452.18923344044015 6388.6690281610936 1213.2341305473819 1047.6247651455924 38.327588551212102 34.705020999535918 1.3448129277676333 472.07253721682355 0.44113253150135179 240.50691421981901 63.516507182270288 7.2454348965547979 3.2960798665881148
leaf_count=18567 3032 50732 36092 8265 16528 3152 244 100 61928 16 25700 4988 480 192
internal_value=9.80643e-05 0.00263832 0.00425899 -0.000712226 0.00703758 -0.0330417 -0.00560239 -0.0374602 -0.0377554 -0.0377429 -0.0377397 -0.0378517 -0.0380369 -0.0378879
internal_weight=12932.6 12119.3 11592.7 4156.4 7436.29 526.567 73.0326 453.534 813.297 720.266 712.579 93.0309 7.68657 66.8126
internal_count=230016 133680 79452 26832 52620 54228 3396 50832 96336 88124 87628 8212 496 5180
is_linear=0
shrinkage=0.05


Tree=222
num_leaves=15
num_cat=0
split_feature=1 13 10 6 6 18 7 9 7 12 24 20 8 25
split_gain=250.571 196.334 150.332 346.701 205.264 89.5867 92.7189 90.2277 60.2549 56.2348 48.8248 43.2523 31.6517 30.1004
threshold=85.857340000000008 0.29657986785853102 0.46470000000000006 0.38650000000000001 -0.34899999999999992 155.45000000000005 6.5000000000000009 0.099150000000000016 5.5000000000000009 0.096500000000000016 1.5000000000000002 33.89285714285716 0.31400000000000006 3.5000000000000004
decision_type=2 2 2 2 2 2 2 2 2 2 2 2 2 2
left_child=1 8 3 -3 -4 6 7 -2 9 -1 -8 12 -7 -13
right_child=5 2 4 -5 -6 11 10 -9 -10 -11 -12 13 -14 -15
leaf_value=-0.026973670585651852 -0.0011241669526216387 -0.023561930582074959 0.026384748067942328 0.012084874917714478 0.0021638319785109417 -0.0085672887584627658 -0.037919818712580634 -0.029762986842043399 -0.038165046029380381 -0.0053820730375007475 0.016565475477658975 0.043824630934181617 -0.022986934389237722 -0.04514745615731125
leaf_weight=423.78553586639464 3529.5078596025705 1688.5031365454197 901.341204687953 1144.425964999944 29620.122684243135 504.95358543284237 297.86758369393647 298.26466325297952 249.94155167415738 1045.5974840186536 47.701660890132189 44.575949758291245 1544.8780221715569 12.082923345267771
leaf_count=3828 24978 6807 2959 5360 132606 5732 5744 1594 10036 5636 312 201 24156 67
internal_value=-0.000639777 0.0010071 0.00185644 -0.00916159 0.00287911 -0.00983784 -0.00559501 -0.00335574 -0.0154698 -0.0116093 -0.0303988 -0.0182437 -0.0194348 0.0248507
internal_weight=41353.5 35073.7 33354.4 2832.93 30521.5 6279.83 4173.34 3827.77 1719.32 1469.38 345.569 2106.49 2049.83 56.6589
internal_count=230016 167232 147732 12167 135565 62784 32628 26572 19500 9464 6056 30156 29888 268
is_linear=0
shrinkage=0.05


Tree=223
num_leaves=15
num_cat=0
split_feature=0 0 10 10 7 1 14 1 1 1 10 8 13 13
split_gain=184.675 112.248 166.703 225.533 197.522 150.669 174.14 143.874 47.7785 29.9964 8.79647 11.1194 6.98033 4.16181
threshold=16.228959000000007 26.065943500000003 0.61450000000000016 0.70760000000000012 1.5000000000000002 73.833063500000023 17.66669095871196 90.957632500000003 76.807391500000008 80.97817400000001 0.63085000000000013 1.2445000000000002 9.9703481735159833 2.4663222481937956
decision_type=2 2 2 2 2 2 2 2 2 2 2 2 2 2
left_child=8 5 4 -4 -3 6 -2 -7 10 13 11 -1 -11 -10
right_child=1 2 3 -5 -6 7 -8 -9 9 12 -12 -13 -14 -15
leaf_value=0.017342050509090816 0.018900007813984789 0.013391890825312225 0.024749284723496981 -0.027520952080155914 -0.0062346394032864712 -0.00839335899156083 -0.02298547925783892 0.014757934848747404 -0.03784203880973111 -0.0097798621534521263 -0.035956280480323399 -0.030691238560702105 0.039993460886716792 -0.026138784004870422
leaf_weight=83.711064772680402 1326.5932492325082 2088.4531630547717 1706.0701601272449 234.76457349956036 3319.5623959638178 6090.3302890621126 305.24745560064912 754.17824747413397 396.3091515568085 97.782113790512085 11.414140334352849 14.074369434267281 7.5908895153552285 93.977897550910711
leaf_count=780 15156 12969 12146 1554 25267 105888 3468 4512 36340 2688 192 180 192 8684
internal_value=0.000218167 0.00133352 0.00585604 0.0184266 0.00134468 -0.00258742 0.011065 -0.00584238 -0.0248233 -0.0303971 0.00558017 0.0104286 -0.00619428 -0.0355988
internal_weight=16530.1 15825.2 7348.85 1940.83 5408.02 8476.35 1631.84 6844.51 704.86 595.66 109.2 97.7854 105.373 490.287
internal_count=230016 180960 51936 13700 38236 129024 18624 110400 49056 47904 1152 960 2880 45024
is_linear=0
shrinkage=0.05


Tree=224
num_leaves=15
num_cat=0
split_feature=12 20 24 10 6 11 10 15 0 25 18 1 9 16
split_gain=102.616 155.484 98.4099 147.622 356.785 160.113 121.811 177.33 104.522 93.9484 71.2037 45.7947 52.444 40.7283
threshold=0.093550000000000008 36.321428571428584 5.5000000000000009 0.46470000000000006 0.38650000000000001 0.25025000000000003 0.46850000000000008 36.750000000000007 27.301037000000004 1.5000000000000002 10.950000000000005 84.40733250000001 0.090500000000000011 17.750000000000004
decision_type=2 2 2 2 2 2 2 2 2 2 2 2 2 2
left_child=1 9 3 4 -2 -5 7 -4 -8 10 -1 -3 -13 -11
right_child=2 11 6 5 -6 -7 8 -9 -10 13 -12 12 -14 -15
leaf_value=0.025050707165660213 0.023122490659151271 0.03222506595073512 -0.00025338194869393261 0.0017452668219992671 -0.007801121622160634 -0.0040951028947196237 0.011240611928521285 -0.076976080619171647 -0.0076615500257402012 0.0058313537055409807 -0.021289792176711383 -0.022672411714172645 0.022914287503559991 0.037118888318415907
leaf_weight=97.762170787900686 2014.2334488928318 714.33943810686469 276.06049679964781 21118.450188983232 1737.2285434007645 26411.415360439569 4445.4764732569456 103.56940734386444 875.35985253751278 391.13929172605276 545.03172971308231 91.330764129757881 204.03145383298397 141.694739356637
leaf_count=498 7486 3741 1080 85606 6012 97605 19193 398 3250 1460 1875 301 991 520
internal_value=0.000354125 0.0109869 -5.36561e-05 -0.000746439 0.00880237 -0.00150011 0.00617861 -0.0211846 0.00813091 -0.00137303 -0.0142419 0.025378 0.00881814 0.0141515
internal_weight=59167.1 2185.33 56981.8 51281.3 3751.46 47529.9 5700.47 379.63 5320.84 1175.63 642.794 1009.7 295.362 532.834
internal_count=230016 9386 220630 196709 13498 183211 23921 1478 22443 4353 2373 5033 1292 1980
is_linear=0
shrinkage=0.05


Tree=225
num_leaves=15
num_cat=0
split_feature=23 24 9 19 1 8 6 22 1 5 5 5 24 5
split_gain=478.056 267.37 63.1408 470.878 266.055 25.3171 31.8575 0.725636 0.000354095 0.000240506 0.000134275 0.000113096 4.27432e-05 2.45101e-05
threshold=1.0000000180025095e-35 2.5000000000000004 0.076700000000000004 34.250000000000007 86.694263000000021 1.2445000000000002 0.47650000000000009 51.500000000000007 73.172706000000019 0.36500000000000005 0.21000000000000005 -0.18499999999999997 2.5000000000000004 0.36500000000000005
decision_type=2 2 2 2 2 2 2 2 2 2 2 2 2 2
left_child=1 2 3 -1 -4 7 -7 -3 11 10 -10 -2 -11 -13
right_child=8 5 4 -5 -6 6 -8 -9 9 12 -12 13 -14 -15
leaf_value=-0.026311133252284818 -0.037749654103456681 -0.037550488904151615 -0.0018660693359584858 0.025938681349958827 0.019107390572427482 -0.037918445207807912 0.028511293491807602 -0.00080329740920390569 -0.037714934271171008 -0.038088881807253366 -0.037761699776737469 -0.037867464585037772 -0.037816058523949529 -0.038009918756379171
leaf_weight=591.43903945246711 25.250754489563406 435.45690370863304 7530.3996373810805 1591.5534403808415 1891.9684827164747 36.961583722382784 35.269589547999203 1.3475738530978549 453.98938788380474 5.4610301386564961 231.89194399770349 61.315461936872452 1.9476440967991946 3.1758901420980683
leaf_count=3662 3032 50732 55879 7695 12216 3152 244 100 61928 304 25700 4988 192 192
internal_value=0.00011745 0.0025648 0.00412048 0.0117826 0.00234531 -0.0329027 -0.00548162 -0.0374371 -0.0377459 -0.0377338 -0.0377307 -0.0378394 -0.0380172 -0.0378745
internal_weight=12897.4 12114.4 11605.4 2182.99 9422.37 509.036 72.2312 436.804 783.032 693.29 685.881 89.7421 7.40867 64.4914
internal_count=230016 133680 79452 11357 68095 54228 3396 50832 96336 88124 87628 8212 496 5180
is_linear=0
shrinkage=0.05


Tree=226
num_leaves=15
num_cat=0
split_feature=13 8 6 0 1 1 4 2 23 12 1 11 7 11
split_gain=236.167 217.151 173.915 383.958 321.542 44.6383 58.5507 33.6406 33.2576 23.0654 19.7902 18.7685 10.2471 6.02371
threshold=11.067042707493959 2.1315000000000004 0.12150000000000001 15.896543000000003 76.752314000000013 73.80284450000002 322.78000000000003 49.650000000000013 1.0000000180025095e-35 0.098750000000000018 93.204685000000012 0.29955000000000004 1.5000000000000002 0.35220000000000007
decision_type=2 2 2 2 2 2 2 2 2 2 2 2 2 2
left_child=1 2 4 -4 -1 9 10 -8 13 12 -7 -11 -2 -3
right_child=5 8 3 -5 -6 6 7 -9 -10 11 -12 -13 -14 -15
leaf_value=0.026784138180224945 -0.060111783783375256 -0.039516793739787788 0.0088429075798303093 -0.0054564115927750031 0.0023747670699072864 -0.038961965200617475 0.017620860433388345 -0.017973210685706741 0.014691021436572478 0.0054606628581535255 0.07198914018783284 0.05353842222057819 -0.0031380956066040739 0.023564552794954369
leaf_weight=1514.4236340597272 16.813912928104401 398.09835630422458 6231.9989867657423 19029.095904840156 12363.670571684837 403.46002611145377 70.887985352426767 1044.2270333506167 31.175505675375462 116.51270265877247 4.0595289990305892 24.582117408514023 14.873268634080889 3.820765357464551
leaf_count=6196 51 8516 25036 114896 47352 7580 1024 18588 120 399 96 81 45 36
internal_value=-0.000630837 0.000152082 0.000541702 -0.00192872 0.0050384 -0.0189047 -0.0216377 -0.0157105 -0.0350582 0.00517957 -0.0378567 0.013837 -0.0333696 -0.0389171
internal_weight=41267.7 39572.3 39139.2 25261.1 13878.1 1695.42 1522.63 1115.12 433.095 172.782 407.52 141.095 31.6872 401.919
internal_count=230016 202152 193480 139932 53548 27864 27288 19612 8672 576 7676 480 96 8552
is_linear=0
shrinkage=0.05


Tree=227
num_leaves=15
num_cat=0
split_feature=0 17 12 7 1 13 14 6 10 12 8 4 1 15
split_gain=175.979 108.913 99.3451 101.968 47.4206 29.2883 31.8393 10.0934 8.65602 12.4786 11.8954 8.27785 13.6792 5.3376
threshold=16.176255000000005 1.0500000000000005 0.092400000000000024 6.5000000000000009 76.807391500000008 5.7841122379474772 6.4005031229343432 0.52800000000000014 0.47140000000000004 0.096750000000000017 0.83550000000000002 450.8250000000001 84.832480500000017 34.95000000000001
decision_type=2 2 2 2 2 2 2 2 2 2 2 2 2 2
left_child=4 11 7 -4 8 13 -7 -3 10 -10 -1 -2 -13 -6
right_child=1 2 3 -5 5 6 -8 -9 9 -11 -12 12 -14 -15
leaf_value=0.070769586143114113 -0.031487619237262787 0.072617606630945006 0.0035700748418799003 -0.010855213937697413 -0.035847440158532778 0.25183897639232183 -0.007576750660383394 -0.036277692017519785 0.019336750081239883 -0.017210145388817617 -0.022130028640295688 -0.016890917375077894 0.082524876692712953 0.055323678227967001
leaf_weight=10.359857335686682 260.63647345360368 2.1536008268594733 13995.697392052505 1342.564437164925 475.07653970038518 1.1993190273642529 85.875361925922334 178.5829712562263 43.18214821908623 50.871602536179125 5.1631444171071044 52.765131938736886 3.702936114743351 1.6107994895428408
leaf_count=72 11976 20 140448 24364 44572 16 2200 3144 300 720 60 1868 100 156
internal_value=0.000215985 0.00128044 0.00187317 0.00230742 -0.0248187 -0.0306686 -0.0040037 -0.0349801 0.00527846 -0.000430661 0.03987 -0.0277274 -0.0103717 -0.0355394
internal_weight=16509.4 15836.1 15519 15338.3 673.339 563.762 87.0747 180.737 109.577 94.0538 15.523 317.105 56.4681 476.687
internal_count=230016 181920 167976 164812 48096 46944 2216 3164 1152 1020 132 13944 1968 44728
is_linear=0
shrinkage=0.05


Tree=228
num_leaves=15
num_cat=0
split_feature=18 7 12 12 5 1 5 0 22 10 0 12 0 13
split_gain=99.0242 229.059 177.971 229.138 122.182 111.359 122.245 180.907 118.725 72.5998 70.5809 124.832 62.0856 51.6819
threshold=5.950000000000002 5.5000000000000009 0.094550000000000009 0.096750000000000017 0.24500000000000002 73.172706000000019 0.21000000000000005 16.176255000000005 20.500000000000004 0.53655000000000019 22.237529000000006 0.096100000000000005 24.501335500000003 10.76513071895425
decision_type=2 2 2 2 2 2 2 2 2 2 2 2 2 2
left_child=1 2 12 -4 -3 10 8 -8 -7 -6 11 -2 -1 -12
right_child=5 4 3 -5 9 6 7 -9 -10 -11 13 -13 -14 -15
leaf_value=0.0349757593042547 0.039950505351036059 -0.012904626951921048 -0.024626378517499031 0.0055254997766482454 -0.0018367556041067657 0.0017633205350845106 -0.010516071314564692 -3.6990752469828299e-05 0.018282615490909676 0.03092778410901157 -0.020889927923036327 -0.007955511653254619 -0.010923623822021647 0.007346135254897506
leaf_weight=405.78841914981604 161.50311872363091 222.58919613808393 1018.7038331776857 1651.7574585527182 193.73456896096468 27451.290190629661 5367.2240305617452 17703.564979508519 1132.5473523139954 1328.0171201899648 1317.7302388548851 860.5819663181901 90.018066041171551 184.78318327665329
leaf_count=1981 517 956 3123 5454 1227 109296 17776 64236 4172 11613 5328 3387 314 636
internal_value=0.000347672 0.00714648 -0.000868772 -0.00597657 0.0216955 -0.000268548 0.00023259 -0.00247486 0.00241785 0.0267565 -0.0105221 -0.00038572 0.0266423 -0.0174174
internal_weight=59089.8 4910.61 3166.27 2670.46 1744.34 54179.2 51654.6 23070.8 28583.8 1521.75 2524.6 1022.09 495.806 1502.51
internal_count=230016 24668 10872 8577 13796 205348 195480 82012 113468 12840 9868 3904 2295 5964
is_linear=0
shrinkage=0.05


Tree=229
num_leaves=15
num_cat=0
split_feature=23 24 24 25 10 8 6 22 1 5 5 5 12 5
split_gain=458.636 254.645 59.4666 375.3 103.796 24.9006 29.78 0.724988 0.000313752 0.000216376 0.000124198 0.000109228 3.97417e-05 2.19531e-05
threshold=1.0000000180025095e-35 2.5000000000000004 1.0000000180025095e-35 1.5000000000000002 0.70760000000000012 1.2445000000000002 0.47650000000000009 51.500000000000007 73.172706000000019 0.36500000000000005 0.21000000000000005 -0.18499999999999997 0.091550000000000006 0.36500000000000005
decision_type=2 2 2 2 2 2 2 2 2 2 2 2 2 2
left_child=1 2 4 -4 -1 7 -7 -3 11 10 -10 -2 -11 -13
right_child=8 5 3 -5 -6 6 -8 -9 9 12 -12 13 -14 -15
leaf_value=0.0060169584408388431 -0.037735517623887015 -0.037531056857434492 0.0308562181586725 -0.02633845279794127 -0.025466656537406082 -0.037903610941435836 0.026597138666728172 -0.00079312576314179205 -0.037706649115225505 -0.038473933011025516 -0.037752459927805231 -0.037854630635087802 -0.037969549958129629 -0.037991880659057446
leaf_weight=10096.575455179438 23.833716356661171 419.04686939017847 441.47599881049246 818.73534540552646 268.75840649288148 35.633556234650314 35.948405977338552 1.3472096929326642 436.62939228164032 0.41459926497191091 223.77706870064139 59.208188822958618 6.7298468612134457 3.0642537577077738
leaf_count=58503 3032 50732 4846 14538 1565 3152 244 100 61928 16 25700 4988 480 192
internal_value=0.000108844 0.00246267 0.00395374 -0.00630207 0.00520063 -0.0327716 -0.00551138 -0.0374133 -0.0377367 -0.0377251 -0.0377222 -0.0378265 -0.0379988 -0.0378614
internal_weight=12871.2 12117.5 11625.5 1260.21 10365.3 491.976 71.582 420.394 753.657 667.551 660.406 86.1062 7.14445 62.2724
internal_count=230016 133680 79452 19384 60068 54228 3396 50832 96336 88124 87628 8212 496 5180
is_linear=0
shrinkage=0.05


Tree=230
num_leaves=15
num_cat=0
split_feature=8 13 6 0 1 1 1 23 12 11 12 21 14 12
split_gain=222.893 212.535 164.841 354.833 291.165 37.6249 55.2228 33.1275 22.4056 7.53745 6.63633 5.56108 5.1538 2.22733
threshold=2.1315000000000004 11.377638888888891 0.12150000000000001 16.176255000000005 76.752314000000013 73.80284450000002 94.493788000000009 1.0000000180025095e-35 0.098750000000000018 0.35220000000000007 0.096750000000000017 28.500000000000004 13.138278485591348 0.092400000000000024
decision_type=2 2 2 2 2 2 2 2 2 2 2 2 2 2
left_child=1 2 4 -4 -1 8 -7 9 -3 13 -11 -9 -13 -2
right_child=7 5 3 -5 -6 6 -8 11 -10 10 -12 12 -14 -15
leaf_value=0.025530302653187127 0.07173033450894277 -0.033709615702631666 0.0078452515792923495 -0.0055115103457631584 0.002335371492120362 -0.027273806745154922 -0.0051905223447916149 0.054210666714942748 0.014706785134348666 -0.00081444707560418019 0.16477339855954193 -0.0055331448527163067 0.061076585250125465 -0.039455350982950936
leaf_weight=1518.9579827189445 0.45090354233980079 29.71519336104393 6808.0562403667718 18440.933459563181 12382.161851774901 996.08715093694627 395.49722855910659 6.7379618585109702 122.0027357339859 3.6944002807140341 0.72358865290880192 22.258320569992069 3.3396884724497786 428.11326541146263
leaf_count=6256 9 90 27796 112860 47416 19320 6184 24 414 40 6 84 24 9493
internal_value=-0.000613579 -0.00022012 0.000497315 -0.00191004 0.00486985 -0.0184198 -0.0209976 -0.0350227 0.00522404 -0.0386686 0.0263059 0.0137954 0.00315721 -0.0393384
internal_weight=41158.7 40693.4 39150.1 25249 13901.1 1543.3 1391.58 465.318 151.718 432.982 4.41799 32.336 25.598 428.564
internal_count=230016 220336 194328 140656 53672 26008 25504 9680 504 9548 46 132 108 9502
is_linear=0
shrinkage=0.05


Tree=231
num_leaves=15
num_cat=0
split_feature=0 20 0 6 4 1 25 1 0 5 1 2 13 13
split_gain=166.082 106.03 101.713 92.7805 49.8694 55.7907 50.0594 46.3203 29.3932 24.289 8.33232 7.35887 7.06503 6.99551
threshold=16.176255000000005 36.935714285714297 33.15120550000001 0.084000000000000019 447.64000000000004 73.80284450000002 1.5000000000000002 76.807391500000008 13.258287500000002 -0.14999999999999997 74.120398000000009 105.00000000000001 4.7299171270718245 10.494558823529415
decision_type=2 2 2 2 2 2 2 2 2 2 2 2 2 2
left_child=7 2 3 -2 5 -3 -6 10 9 -9 13 -12 -4 -1
right_child=1 4 12 -5 6 -7 -8 8 -10 -11 11 -13 -14 -15
leaf_value=0.0027394246940037094 -0.0061483340505624831 -0.0027396537624624407 -0.021761129759015913 0.0045714278683039794 -0.03845837583963542 -0.031388847220904681 0.015338472923441263 0.080205068032827384 -0.036748923386573103 -0.014576588168185465 0.0083183884544250197 0.058978190292555202 -0.039491133638598609 -0.039618099863457518
leaf_weight=67.609644594602287 2418.6812237519771 264.33450433402322 107.16756363213062 12199.336279477458 54.552491891663522 475.82871372718364 208.57819039607421 7.1701940763741723 420.67153799114749 117.95045257918537 19.045878572389483 11.494822395965459 118.11251496057957 11.389732456766067
leaf_count=596 41048 5812 1748 107168 1359 18712 4077 460 41664 4820 192 96 1996 268
internal_value=0.00020054 0.0012206 0.00228393 0.00279775 -0.0145108 -0.0211574 0.00418526 -0.0244656 -0.0304208 -0.00914501 0.00520674 0.0273856 -0.0310568 -0.00336747
internal_weight=16501.9 15846.6 14843.3 14618 1003.29 740.163 263.131 655.332 545.792 125.121 109.54 30.5407 225.28 78.9994
internal_count=230016 181920 151960 148216 29960 24524 5436 48096 46944 5280 1152 288 3744 864
is_linear=0
shrinkage=0.05


Tree=232
num_leaves=15
num_cat=0
split_feature=12 20 1 4 5 12 10 18 12 5 1 9 20 22
split_gain=95.9672 147.433 93.8141 97.907 185.7 97.605 85.1853 68.9889 62.9996 51.4893 44.0477 50.3919 31.6388 29.421
threshold=0.093550000000000008 36.321428571428584 71.931277000000009 487.76500000000004 0.065000000000000016 0.097050000000000011 0.47475000000000006 18.950000000000006 0.096500000000000016 0.31500000000000006 84.35835950000002 0.090500000000000011 31.407142857142865 19.500000000000004
decision_type=2 2 2 2 2 2 2 2 2 2 2 2 2 2
left_child=1 6 8 4 -4 -5 7 -1 12 -10 -3 -12 -2 -8
right_child=2 10 3 5 -6 -7 13 -9 9 -11 11 -13 -14 -15
leaf_value=0.0098658114556622115 0.029474354434012043 0.031790204452919628 0.0056302861434807099 0.0037386312570465135 -0.0010779472186660029 -0.0072759098038841404 0.0064891197681970743 -0.032887436169108518 -0.026298548824766343 -0.0056917772181129291 -0.021401484063204582 0.022762487820337123 -0.0030819181216532603 0.04927877711721141
leaf_weight=139.65667846053839 104.77228446677327 692.57737849652767 15918.662216097116 2794.0836895667017 29315.279636077583 7179.3117748685181 696.53076146543026 290.91186371445656 700.44174475222826 534.42211145535111 94.356763169169426 204.74033854529262 259.36178340390325 42.630278646945953
leaf_count=511 349 3712 64780 9962 112990 25538 2705 970 3680 2160 308 1013 1171 167
internal_value=0.000341746 0.0106826 -5.17077e-05 0.000294097 0.0012828 -0.00419015 -0.00134123 -0.0190202 -0.011991 -0.0173804 0.0248652 0.00882999 0.0062855 0.00895696
internal_weight=58967.7 2161.4 56806.3 55207.3 45233.9 9973.4 1169.73 430.569 1599 1234.86 991.674 299.097 364.134 739.161
internal_count=230016 9386 220630 213270 177770 35500 4353 1481 7360 5840 5033 1321 1520 2872
is_linear=0
shrinkage=0.05


Tree=233
num_leaves=15
num_cat=0
split_feature=23 24 11 10 10 8 6 22 1 5 5 5 12 5
split_gain=440.456 243.041 61.8439 150.38 132.909 24.6838 28.1994 0.722147 0.000286654 0.00019463 0.000115361 0.000106221 3.5576e-05 2.02025e-05
threshold=1.0000000180025095e-35 2.5000000000000004 0.2677000000000001 0.55615000000000003 0.5223500000000002 1.2445000000000002 0.47650000000000009 51.500000000000007 73.172706000000019 0.36500000000000005 0.21000000000000005 -0.18499999999999997 0.091550000000000006 0.36500000000000005
decision_type=2 2 2 2 2 2 2 2 2 2 2 2 2 2
left_child=1 2 3 -1 -4 7 -7 -3 11 10 -10 -2 -11 -13
right_child=8 5 4 -5 -6 6 -8 -9 9 12 -12 13 -14 -15
leaf_value=0.025284205425991031 -0.037722866222751332 -0.037512323997130261 0.0043962510390525514 0.0038887515057172231 -0.014023394473529386 -0.037889405600154497 0.025235302189414638 -0.00089254383910715288 -0.037698456501644294 -0.038438752310846057 -0.037743444149370094 -0.037843453279331793 -0.037952717228358995 -0.03797712051860877
leaf_weight=967.07738530216739 22.560381088871509 403.72504410566762 3911.1594753083773 5447.112364015542 1306.4703909563832 34.371317998040468 36.458781740628183 1.3507805746048678 419.43258899473585 0.39967976976185937 215.82506486028433 57.334228069521487 6.4911071485839784 2.9734005620703092
leaf_count=5947 3032 50732 25564 38508 9433 3152 244 100 61928 16 25700 4988 480 192
internal_value=0.000126712 0.00239346 0.00382636 0.00711458 -0.000215943 -0.0326286 -0.00539686 -0.0373902 -0.0377279 -0.0377166 -0.0377137 -0.0378154 -0.0379809 -0.03785
internal_weight=12832.7 12107.7 11631.8 6414.19 5217.63 475.906 70.8301 405.076 725.016 642.148 635.258 82.868 6.89079 60.3076
internal_count=230016 133680 79452 44455 34997 54228 3396 50832 96336 88124 87628 8212 496 5180
is_linear=0
shrinkage=0.05


Tree=234
num_leaves=15
num_cat=0
split_feature=8 13 12 6 10 1 4 23 10 11 9 20 10 12
split_gain=212.833 198.719 157.203 209.396 173.097 36.3905 55.4051 32.0305 21.2397 7.30171 5.48102 5.33145 4.96545 2.08062
threshold=2.1315000000000004 11.377638888888891 0.094550000000000009 0.52800000000000014 0.63335000000000019 73.80284450000002 322.78000000000003 1.0000000180025095e-35 0.63085000000000013 0.35220000000000007 0.077600000000000016 37.021428571428579 0.53195000000000003 0.092400000000000024
decision_type=2 2 2 2 2 2 2 2 2 2 2 2 2 2
left_child=1 2 3 -1 -4 8 -7 9 -3 13 -11 12 -9 -2
right_child=7 5 4 -5 -6 6 -8 11 -10 10 -12 -13 -14 -15
leaf_value=-0.0020740442060720923 0.064775493204379586 -0.0041129950061540186 0.0022963891833731012 -0.036234999677523243 -0.0095574896362384514 -0.037368198854333998 -0.014527620519606344 -0.0086554128703059171 0.042645705818966782 0.070735328152236321 -0.041355643227262297 0.052626382147530383 0.045449151153913681 -0.039327740119273272
leaf_weight=1407.4047197811306 0.48051720485091109 121.31719794869423 33609.810215365142 658.46423896588385 3390.3661612337455 360.96150769479573 1004.0118952691555 20.205058038234714 30.365232646465302 2.6596200466155997 1.8486207313835619 6.760917365550994 5.3670785874128333 412.68586268927902
leaf_count=6632 9 396 156440 8137 23119 7256 18248 84 108 26 20 24 24 9493
internal_value=-0.000607842 -0.000228646 0.000460741 -0.0129623 0.00121021 -0.0179859 -0.0205677 -0.0348046 0.00524761 -0.0385161 0.024772 0.0131398 0.00270005 -0.0392067
internal_weight=41032.7 40582.7 39066 2065.87 37000.2 1516.66 1364.97 450.008 151.682 417.675 4.50824 32.3331 25.5721 413.166
internal_count=230016 220336 194328 14769 179559 26008 25504 9680 504 9548 46 132 108 9502
is_linear=0
shrinkage=0.05


Tree=235
num_leaves=15
num_cat=0
split_feature=0 13 7 5 11 9 19 3 1 0 5 10 10 15
split_gain=157.402 102.337 107.87 121.372 92.2453 65.6238 58.5571 56.7695 44.9257 29.2917 21.3978 8.04562 11.3036 5.43768
threshold=16.176255000000005 16.225449010654494 6.5000000000000009 -0.20999999999999999 0.17505000000000001 0.076700000000000004 30.650000000000002 0.94500000000000006 76.807391500000008 13.258287500000002 -0.14999999999999997 0.63085000000000013 0.61450000000000016 34.95000000000001
decision_type=2 2 2 2 2 2 2 2 2 2 2 2 2 2
left_child=8 2 3 -2 -4 6 -3 -7 11 10 -10 12 -1 -11
right_child=1 5 4 -5 -6 7 -8 -9 9 13 -12 -13 -14 -15
leaf_value=0.0030159908927997487 -0.01221101271026599 0.022608079952899662 0.010088459432134976 0.0027455543494996314 -0.023250464131535739 -0.0047308245478943703 0.085023730554917382 0.013810164909519869 0.071649502929273981 -0.037063195082100528 -0.014287572018595119 -0.035706276117438873 0.053792753851098218 0.054660244149263584
leaf_weight=86.365850514732301 1547.9945601420477 144.71248956769705 273.41183676687069 10960.753725132439 860.43695511948317 579.79682786762714 50.758566826581955 1433.7727359980345 7.7232782794162622 403.25735438335687 116.60369033622555 10.951530204154549 12.553477916866539 1.6223194580525149
leaf_count=840 33648 656 6775 109172 21957 3185 209 6318 460 41508 4820 192 120 156
internal_value=0.000191827 0.00117266 -0.00044394 0.000894635 -0.0152112 0.0111565 0.0388157 0.00847138 -0.0241367 -0.0301771 -0.0089491 0.00495788 0.00945988 -0.0366957
internal_weight=16490.7 15851.6 13642.6 12508.7 1133.85 2209.04 195.471 2013.57 639.078 529.207 124.327 109.871 98.9193 404.88
internal_count=230016 181920 171552 142820 28732 10368 865 9503 48096 46944 5280 1152 960 41664
is_linear=0
shrinkage=0.05


Tree=236
num_leaves=15
num_cat=0
split_feature=18 7 12 12 5 1 5 0 18 10 1 0 12 11
split_gain=94.751 219.279 161.345 208.513 113.923 98.0617 107.099 166.287 112.843 70.3502 60.4397 57.9565 47.0604 35.3337
threshold=5.950000000000002 5.5000000000000009 0.094550000000000009 0.096750000000000017 0.24500000000000002 72.926704500000014 0.21000000000000005 14.813006500000002 225.55000000000004 0.53655000000000019 84.075915500000022 21.571771000000002 0.096100000000000005 0.28355000000000002
decision_type=2 2 2 2 2 2 2 2 2 2 2 2 2 2
left_child=1 2 10 -4 13 11 8 -8 -7 -6 -1 12 -2 -3
right_child=5 4 3 -5 9 6 7 -9 -10 -11 -12 -13 -14 -15
leaf_value=0.034526649971656297 0.047194982381960328 -0.017676260383265367 -0.023398546604114983 0.0053649753920955896 -0.0017365153157800186 0.00083011132673791994 -0.012983306147493821 -0.00070036526895724796 0.0094537521501161601 0.030547278806083336 -0.0097080502168709251 -0.01583707927293693 -0.0015130547674944012 0.059992807121186154
leaf_weight=388.27166242897511 58.757426530122757 204.9319881722331 1019.9854933023453 1648.2109168022871 193.91016456484795 24448.128288395703 3195.2410400360823 20020.002106942236 4490.1602745205164 1300.3915619179606 96.39189899712801 1510.7891662977636 317.84228601306677 15.769912049174307
leaf_count=1929 180 903 3123 5454 1227 95352 10716 71840 19580 11613 366 6476 1204 53
internal_value=0.00033543 0.00701678 -0.000809939 -0.00563061 0.0214054 -0.000266408 0.000138771 -0.00239093 0.00216818 0.0263579 0.0257291 -0.0114626 0.00608642 -0.0121265
internal_weight=58908.8 4867.86 3152.86 2668.2 1715 54040.9 52153.5 23215.2 28938.3 1494.3 484.664 1887.39 376.6 220.702
internal_count=230016 24668 10872 8577 13796 205348 197488 82556 114932 12840 2295 7860 1384 956
is_linear=0
shrinkage=0.05


Tree=237
num_leaves=15
num_cat=0
split_feature=23 24 9 19 1 8 6 22 1 5 5 5 12 5
split_gain=422.77 231.414 58.2728 428.227 235.449 24.5609 26.8502 0.721999 0.000259369 0.000178341 0.000104301 9.60689e-05 3.5197e-05 1.80884e-05
threshold=1.0000000180025095e-35 2.5000000000000004 0.076700000000000004 34.250000000000007 87.286400000000015 1.2445000000000002 0.47650000000000009 51.500000000000007 73.172706000000019 0.36500000000000005 0.21000000000000005 -0.18499999999999997 0.091550000000000006 0.36500000000000005
decision_type=2 2 2 2 2 2 2 2 2 2 2 2 2 2
left_child=1 2 3 -1 -4 7 -7 -3 11 10 -10 -2 -11 -13
right_child=8 5 4 -5 -6 6 -8 -9 9 12 -12 13 -14 -15
leaf_value=-0.025780985434382044 -0.037714573638083462 -0.037493709425694473 -0.0016571072413632351 0.024237661911307273 0.019159279033659486 -0.037875451987671588 0.024145559975321154 -0.00085897183983864387 -0.037690935192432273 -0.038423887086407475 -0.037734521949773961 -0.03783145164523391 -0.03793705059245249 -0.037960254153541498
leaf_weight=581.88253950281069 21.723031090572476 388.93345376639627 7806.3212508489378 1617.1024860553443 1644.5677301492542 33.126856326125562 36.876303367316723 1.3495681388303626 403.51787242013961 0.3946454431861629 208.00110615929589 55.306575650814921 6.2656156229786575 2.8670910662040106
leaf_count=3662 3032 50732 57988 7695 10107 3152 244 100 61928 16 25700 4988 480 192
internal_value=0.000116097 0.00229709 0.00367095 0.011002 0.00196519 -0.0324755 -0.00520399 -0.037367 -0.0377195 -0.0377086 -0.0377058 -0.0378043 -0.0379659 -0.0378378
internal_weight=12808.2 12110.2 11649.9 2198.99 9450.89 460.286 70.0032 390.283 698.076 618.179 611.519 79.8967 6.66026 58.1737
internal_count=230016 133680 79452 11357 68095 54228 3396 50832 96336 88124 87628 8212 496 5180
is_linear=0
shrinkage=0.05


Tree=238
num_leaves=15
num_cat=0
split_feature=8 1 0 10 8 10 19 23 11 0 21 12 14 12
split_gain=203.464 188.328 204.179 313.39 285.05 88.8931 83.4076 31.0857 7.08222 5.41283 5.17344 5.06786 4.53597 1.97491
threshold=2.1315000000000004 85.857340000000008 24.172974500000006 0.67860000000000009 0.83550000000000002 0.67860000000000009 34.550000000000004 1.0000000180025095e-35 0.35220000000000007 28.515126000000006 28.500000000000004 0.096750000000000017 13.138278485591348 0.092400000000000024
decision_type=2 2 2 2 2 2 2 2 2 2 2 2 2 2
left_child=1 2 4 -4 -1 6 -3 8 13 -7 -9 -10 -12 -2
right_child=7 5 3 -5 -6 9 -8 10 11 -11 12 -13 -14 -15
leaf_value=-0.0074420999687628709 0.059837181541395307 -0.0093192041294608563 0.009522397830173758 -0.036126736949343423 0.0033354274304163811 -0.03945756036079142 0.0096929751138884815 0.052339080819847089 -0.0015438373597636791 0.050880125674884549 -0.0058193795862015929 0.13410290740601113 0.055280594712890263 -0.039204634518430252
leaf_weight=10452.080220045522 0.50396525487303634 5116.9258285593241 8821.96551087033 392.71205910667777 14854.158296440728 229.37896189838648 650.17455108091235 6.5428371727466574 3.7531942874193183 1.6702346615493286 22.195903763175014 0.84327436238527287 3.5191976353526107 397.85993034159765
leaf_count=49968 9 51378 39928 2688 67620 3684 5034 24 40 36 84 6 24 9493
internal_value=-0.000581712 -0.000216464 0.00120444 0.00757692 -0.00111595 -0.00839414 -0.0071758 -0.0345865 -0.0383673 -0.0388045 0.0126426 0.0233421 0.00254236 -0.0390793
internal_weight=40954.3 40519.1 34520.9 9214.68 25306.2 5998.15 5767.1 435.218 402.96 231.049 32.2579 4.59647 25.7151 398.364
internal_count=230016 220336 160204 42616 117588 60132 56412 9680 9548 3720 132 46 108 9502
is_linear=0
shrinkage=0.05


Tree=239
num_leaves=15
num_cat=0
split_feature=18 1 4 2 16 5 16 12 11 16 12 12 1 13
split_gain=151.928 129.161 184.136 121.847 107.63 87.8922 212.709 662.586 124.711 126.437 113.607 86.7773 79.9471 49.5499
threshold=51.45000000000001 73.98792250000001 447.64000000000004 75.15000000000002 0.75000000000000011 0.13500000000000004 47.250000000000007 0.098150000000000015 0.34415000000000007 5.8500000000000014 0.095900000000000013 0.13895000000000005 73.833063500000023 11.977272727272728
decision_type=2 2 2 2 2 2 2 2 2 2 2 2 2 2
left_child=1 4 13 -4 -1 6 12 -8 10 -10 -7 -6 -2 -3
right_child=5 2 3 -5 11 8 7 -9 9 -11 -12 -13 -14 -15
leaf_value=-0.019537020633590137 0.0161173911357884 -0.027909353586970932 0.026309217528615366 -0.013620379075429095 0.015589830031219451 0.012919687296747001 0.12339061152255598 0.002250144326852499 0.048644567016367338 0.011280434531167987 -0.00089660768950355614 0.091426763531995331 -0.011846288696152544 0.07254524713035497
leaf_weight=228.95054943696596 278.12228875327855 1395.8908109099139 330.31660533510149 453.18664703005925 424.00996759394184 2030.3011315753683 125.78526926226914 1099.8969886898994 288.87908240035176 1047.1048505343497 5568.913376593031 41.404584342613816 3155.7503425022587 12.384511280804871
leaf_count=7144 3768 64600 5548 9148 4033 13133 916 11944 2046 7781 44116 427 55332 80
internal_value=0.00015635 -0.0102626 -0.0162161 0.00321351 0.00852969 0.00236828 -0.00319895 0.0146821 0.0052715 0.0193597 0.00279473 0.0223365 -0.0095814 -0.0270259
internal_weight=16480.9 2886.14 2191.78 783.503 694.365 13594.8 4659.55 1225.68 8935.2 1335.98 7599.21 465.415 3433.87 1408.28
internal_count=230016 90980 79376 14696 11604 139036 71960 12860 67076 9827 57249 4460 59100 64680
is_linear=0
shrinkage=0.05


end of trees

feature_importances:
Column_1=449
Column_5=408
Column_0=311
Column_12=236
Column_6=209
Column_7=205
Column_23=178
Column_24=165
Column_10=163
Column_18=163
Column_9=131
Column_13=120
Column_8=115
Column_11=104
Column_4=87
Column_20=54
Column_14=53
Column_15=32
Column_22=31
Column_17=30
Column_2=28
Column_19=26
Column_25=23
Column_16=14
Column_21=13
Column_3=12

parameters:
[boosting: gbdt]
[objective: multiclass]
[metric: multi_logloss]
[tree_learner: serial]
[device_type: cpu]
[data_sample_strategy: bagging]
[data: ]
[valid: ]
[num_iterations: 60]
[learning_rate: 0.05]
[num_leaves: 15]
[num_threads: 6]
[seed: 42]
[deterministic: 0]
[force_col_wise: 0]
[force_row_wise: 0]
[histogram_pool_size: -1]
[max_depth: 4]
[min_data_in_leaf: 5]
[min_sum_hessian_in_leaf: 0.001]
[bagging_fraction: 1]
[pos_bagging_fraction: 1]
[neg_bagging_fraction: 1]
[bagging_freq: 0]
[bagging_seed: 400]
[bagging_by_query: 0]
[feature_fraction: 1]
[feature_fraction_bynode: 1]
[feature_fraction_seed: 30056]
[extra_trees: 0]
[extra_seed: 12879]
[early_stopping_round: 0]
[early_stopping_min_delta: 0]
[first_metric_only: 0]
[max_delta_step: 0]
[lambda_l1: 0]
[lambda_l2: 0]
[linear_lambda: 0]
[min_gain_to_split: 0]
[drop_rate: 0.1]
[max_drop: 50]
[skip_drop: 0.5]
[xgboost_dart_mode: 0]
[uniform_drop: 0]
[drop_seed: 17869]
[top_rate: 0.2]
[other_rate: 0.1]
[min_data_per_group: 100]
[max_cat_threshold: 32]
[cat_l2: 10]
[cat_smooth: 10]
[max_cat_to_onehot: 4]
[top_k: 20]
[monotone_constraints: ]
[monotone_constraints_method: basic]
[monotone_penalty: 0]
[feature_contri: ]
[forcedsplits_filename: ]
[refit_decay_rate: 0.9]
[cegb_tradeoff: 1]
[cegb_penalty_split: 0]
[cegb_penalty_feature_lazy: ]
[cegb_penalty_feature_coupled: ]
[path_smooth: 0]
[interaction_constraints: ]
[verbosity: -1]
[saved_feature_importance_type: 0]
[use_quantized_grad: 0]
[num_grad_quant_bins: 4]
[quant_train_renew_leaf: 0]
[stochastic_rounding: 1]
[linear_tree: 0]
[max_bin: 255]
[max_bin_by_feature: ]
[min_data_in_bin: 3]
[bin_construct_sample_cnt: 200000]
[data_random_seed: 175]
[is_enable_sparse: 1]
[enable_bundle: 1]
[use_missing: 1]
[zero_as_missing: 0]
[feature_pre_filter: 1]
[pre_partition: 0]
[two_round: 0]
[header: 0]
[label_column: ]
[weight_column: ]
[group_column: ]
[ignore_column: ]
[categorical_feature: ]
[forcedbins_filename: ]
[precise_float_parser: 0]
[parser_config_file: ]
[objective_seed: 16083]
[num_class: 4]
[is_unbalance: 0]
[scale_pos_weight: 1]
[sigmoid: 1]
[boost_from_average: 1]
[reg_sqrt: 0]
[alpha: 0.9]
[fair_c: 1]
[poisson_max_delta_step: 0.7]
[tweedie_variance_power: 1.5]
[lambdarank_truncation_level: 30]
[lambdarank_norm: 1]
[label_gain: ]
[lambdarank_position_bias_regularization: 0]
[eval_at: ]
[multi_error_top_k: 1]
[auc_mu_weights: ]
[num_machines: 1]
[local_listen_port: 12400]
[time_out: 120]
[machine_list_filename: ]
[machines: ]
[gpu_platform_id: -1]
[gpu_device_id: -1]
[gpu_device_id_list: ]
[gpu_use_dp: 0]
[num_gpu: 1]

end of parameters

pandas_categorical:null
