block_id,block_name,district_name,state_name,centroid_lat,centroid_lon,source_name,source_version,source_lgd_code,spatial_match_status
6498,Campbell Bay,Nicobars,Andaman And Nicobar Islands,7.068188,93.781602,MoPR_LGD_and_ISRO_Bhuvan,LGD_2026_Bhuvan_2024,6498,MATCHED_AUTHORITATIVE_BOUNDARY
6499,Car Nicobar,Nicobars,Andaman And Nicobar Islands,9.17624,92.771928,MoPR_LGD_and_ISRO_Bhuvan,LGD_2026_Bhuvan_2024,6499,MATCHED_AUTHORITATIVE_BOUNDARY
6500,Nancowrie,Nicobars,Andaman And Nicobar Islands,7.947941,93.387993,MoPR_LGD_and_ISRO_Bhuvan,LGD_2026_Bhuvan_2024,6500,MATCHED_AUTHORITATIVE_BOUNDARY
6492,Diglipur,North And Middle Andaman,Andaman And Nicobar Islands,13.242263,92.936202,MoPR_LGD_and_ISRO_Bhuvan,LGD_2026_Bhuvan_2024,6492,MATCHED_AUTHORITATIVE_BOUNDARY
6495,Mayabunder,North And Middle Andaman,Andaman And Nicobar Islands,12.776381,92.822554,MoPR_LGD_and_ISRO_Bhuvan,LGD_2026_Bhuvan_2024,6495,MATCHED_AUTHORITATIVE_BOUNDARY
6497,Rangat,North And Middle Andaman,Andaman And Nicobar Islands,12.484006,92.76238,MoPR_LGD_and_ISRO_Bhuvan,LGD_2026_Bhuvan_2024,6497,MATCHED_AUTHORITATIVE_BOUNDARY
6493,Ferrargunj,South Andamans,Andaman And Nicobar Islands,11.852794,92.644449,MoPR_LGD_and_ISRO_Bhuvan,LGD_2026_Bhuvan_2024,6493,MATCHED_AUTHORITATIVE_BOUNDARY
6494,Little Andaman,South Andamans,Andaman And Nicobar Islands,10.703994,92.487336,MoPR_LGD_and_ISRO_Bhuvan,LGD_2026_Bhuvan_2024,6494,MATCHED_AUTHORITATIVE_BOUNDARY
6496,Prothrapur,South Andamans,Andaman And Nicobar Islands,11.431151,92.650695,MoPR_LGD_and_ISRO_Bhuvan,LGD_2026_Bhuvan_2024,6496,MATCHED_AUTHORITATIVE_BOUNDARY
5584,Ananthagiri,Alluri Sitharama Raju,Andhra Pradesh,18.182553,83.035985,MoPR_LGD_and_ISRO_Bhuvan,LGD_2026_Bhuvan_2024,5584,MATCHED_AUTHORITATIVE_BOUNDARY
5585,Araku Valley,Alluri Sitharama Raju,Andhra Pradesh,18.308391,82.944843,MoPR_LGD_and_ISRO_Bhuvan,LGD_2026_Bhuvan_2024,5585,MATCHED_AUTHORITATIVE_BOUNDARY
5589,Chintapalle,Alluri Sitharama Raju,Andhra Pradesh,17.894383,82.434727,MoPR_LGD_and_ISRO_Bhuvan,LGD_2026_Bhuvan_2024,5589,MATCHED_AUTHORITATIVE_BOUNDARY
5592,Dumbriguda,Alluri Sitharama Raju,Andhra Pradesh,18.318034,82.78828,MoPR_LGD_and_ISRO_Bhuvan,LGD_2026_Bhuvan_2024,5592,MATCHED_AUTHORITATIVE_BOUNDARY
5593,G.Madugula,Alluri Sitharama Raju,Andhra Pradesh,17.993383,82.545602,MoPR_LGD_and_ISRO_Bhuvan,LGD_2026_Bhuvan_2024,5593,MATCHED_AUTHORITATIVE_BOUNDARY
5596,Gudem Kotha Veedhi,Alluri Sitharama Raju,Andhra Pradesh,17.905803,82.175978,MoPR_LGD_and_ISRO_Bhuvan,LGD_2026_Bhuvan_2024,5596,MATCHED_AUTHORITATIVE_BOUNDARY
5597,Hukumpeta,Alluri Sitharama Raju,Andhra Pradesh,18.163087,82.769808,MoPR_LGD_and_ISRO_Bhuvan,LGD_2026_Bhuvan_2024,5597,MATCHED_AUTHORITATIVE_BOUNDARY
5601,Koyyuru,Alluri Sitharama Raju,Andhra Pradesh,17.713867,82.213604,MoPR_LGD_and_ISRO_Bhuvan,LGD_2026_Bhuvan_2024,5601,MATCHED_AUTHORITATIVE_BOUNDARY
5605,Munchingi Puttu,Alluri Sitharama Raju,Andhra Pradesh,18.369485,82.465094,MoPR_LGD_and_ISRO_Bhuvan,LGD_2026_Bhuvan_2024,5605,MATCHED_AUTHORITATIVE_BOUNDARY
5609,Paderu,Alluri Sitharama Raju,Andhra Pradesh,18.042484,82.723679,MoPR_LGD_and_ISRO_Bhuvan,LGD_2026_Bhuvan_2024,5609,MATCHED_AUTHORITATIVE_BOUNDARY
5613,Peda Bayalu,Alluri Sitharama Raju,Andhra Pradesh,18.195807,82.492688,MoPR_LGD_and_ISRO_Bhuvan,LGD_2026_Bhuvan_2024,5613,MATCHED_AUTHORITATIVE_BOUNDARY
5581,Achutapuram,Anakapalli,Andhra Pradesh,17.564058,82.998638,MoPR_LGD_and_ISRO_Bhuvan,LGD_2026_Bhuvan_2024,5581,MATCHED_AUTHORITATIVE_BOUNDARY
5582,Anakapalle,Anakapalli,Andhra Pradesh,17.718998,83.000901,MoPR_LGD_and_ISRO_Bhuvan,LGD_2026_Bhuvan_2024,5582,MATCHED_AUTHORITATIVE_BOUNDARY
5587,Butchayyapeta,Anakapalli,Andhra Pradesh,17.768115,82.861425,MoPR_LGD_and_ISRO_Bhuvan,LGD_2026_Bhuvan_2024,5587,MATCHED_AUTHORITATIVE_BOUNDARY
5588,Cheedikada,Anakapalli,Andhra Pradesh,17.925437,82.889597,MoPR_LGD_and_ISRO_Bhuvan,LGD_2026_Bhuvan_2024,5588,MATCHED_AUTHORITATIVE_BOUNDARY
5590,Chodavaram,Anakapalli,Andhra Pradesh,17.814948,82.959445,MoPR_LGD_and_ISRO_Bhuvan,LGD_2026_Bhuvan_2024,5590,MATCHED_AUTHORITATIVE_BOUNDARY
5591,Devarapalle,Anakapalli,Andhra Pradesh,17.971214,82.967636,MoPR_LGD_and_ISRO_Bhuvan,LGD_2026_Bhuvan_2024,5591,MATCHED_AUTHORITATIVE_BOUNDARY
5595,Golugonda,Anakapalli,Andhra Pradesh,17.669483,82.490927,MoPR_LGD_and_ISRO_Bhuvan,LGD_2026_Bhuvan_2024,5595,MATCHED_AUTHORITATIVE_BOUNDARY
5599,Kasimkota,Anakapalli,Andhra Pradesh,17.641069,82.871618,MoPR_LGD_and_ISRO_Bhuvan,LGD_2026_Bhuvan_2024,5599,MATCHED_AUTHORITATIVE_BOUNDARY
5598,K.Kotapadu,Anakapalli,Andhra Pradesh,17.88833,83.053612,MoPR_LGD_and_ISRO_Bhuvan,LGD_2026_Bhuvan_2024,5598,MATCHED_AUTHORITATIVE_BOUNDARY
5600,Kotauratla,Anakapalli,Andhra Pradesh,17.533548,82.664356,MoPR_LGD_and_ISRO_Bhuvan,LGD_2026_Bhuvan_2024,5600,MATCHED_AUTHORITATIVE_BOUNDARY
5602,Madugula,Anakapalli,Andhra Pradesh,17.88337,82.772952,MoPR_LGD_and_ISRO_Bhuvan,LGD_2026_Bhuvan_2024,5602,MATCHED_AUTHORITATIVE_BOUNDARY
5603,Makavarapalem,Anakapalli,Andhra Pradesh,17.632214,82.730764,MoPR_LGD_and_ISRO_Bhuvan,LGD_2026_Bhuvan_2024,5603,MATCHED_AUTHORITATIVE_BOUNDARY
5604,Munagapaka,Anakapalli,Andhra Pradesh,17.620491,82.985339,MoPR_LGD_and_ISRO_Bhuvan,LGD_2026_Bhuvan_2024,5604,MATCHED_AUTHORITATIVE_BOUNDARY
5606,Nakkapalle,Anakapalli,Andhra Pradesh,17.401028,82.66191,MoPR_LGD_and_ISRO_Bhuvan,LGD_2026_Bhuvan_2024,5606,MATCHED_AUTHORITATIVE_BOUNDARY
5607,Narsipatnam,Anakapalli,Andhra Pradesh,17.642253,82.612436,MoPR_LGD_and_ISRO_Bhuvan,LGD_2026_Bhuvan_2024,5607,MATCHED_AUTHORITATIVE_BOUNDARY
5608,Nathavaram,Anakapalli,Andhra Pradesh,17.548012,82.456721,MoPR_LGD_and_ISRO_Bhuvan,LGD_2026_Bhuvan_2024,5608,MATCHED_AUTHORITATIVE_BOUNDARY
5611,Paravada,Anakapalli,Andhra Pradesh,17.63077,83.095604,MoPR_LGD_and_ISRO_Bhuvan,LGD_2026_Bhuvan_2024,5611,MATCHED_AUTHORITATIVE_BOUNDARY
5612,Payakaraopeta,Anakapalli,Andhra Pradesh,17.320814,82.581215,MoPR_LGD_and_ISRO_Bhuvan,LGD_2026_Bhuvan_2024,5612,MATCHED_AUTHORITATIVE_BOUNDARY
5616,Rambilli,Anakapalli,Andhra Pradesh,17.496021,82.915955,MoPR_LGD_and_ISRO_Bhuvan,LGD_2026_Bhuvan_2024,5616,MATCHED_AUTHORITATIVE_BOUNDARY
5617,Ravikamatham,Anakapalli,Andhra Pradesh,17.775352,82.742226,MoPR_LGD_and_ISRO_Bhuvan,LGD_2026_Bhuvan_2024,5617,MATCHED_AUTHORITATIVE_BOUNDARY
5618,Rolugunta,Anakapalli,Andhra Pradesh,17.729611,82.653556,MoPR_LGD_and_ISRO_Bhuvan,LGD_2026_Bhuvan_2024,5618,MATCHED_AUTHORITATIVE_BOUNDARY
5620,Sabbavaram,Anakapalli,Andhra Pradesh,17.794007,83.10735,MoPR_LGD_and_ISRO_Bhuvan,LGD_2026_Bhuvan_2024,5620,MATCHED_AUTHORITATIVE_BOUNDARY
5619,S.Rayavaram,Anakapalli,Andhra Pradesh,17.447093,82.790471,MoPR_LGD_and_ISRO_Bhuvan,LGD_2026_Bhuvan_2024,5619,MATCHED_AUTHORITATIVE_BOUNDARY
5622,Yelamanchili,Anakapalli,Andhra Pradesh,17.537046,82.816442,MoPR_LGD_and_ISRO_Bhuvan,LGD_2026_Bhuvan_2024,5622,MATCHED_AUTHORITATIVE_BOUNDARY
4689,Anantapur,Ananthapuramu,Andhra Pradesh,14.649504,77.599688,MoPR_LGD_and_ISRO_Bhuvan,LGD_2026_Bhuvan_2024,4689,MATCHED_AUTHORITATIVE_BOUNDARY
4690,Atmakur,Ananthapuramu,Andhra Pradesh,14.61791,77.410959,MoPR_LGD_and_ISRO_Bhuvan,LGD_2026_Bhuvan_2024,4690,MATCHED_AUTHORITATIVE_BOUNDARY
4692,Beluguppa,Ananthapuramu,Andhra Pradesh,14.682614,77.175981,MoPR_LGD_and_ISRO_Bhuvan,LGD_2026_Bhuvan_2024,4692,MATCHED_AUTHORITATIVE_BOUNDARY
4693,Bommanahal,Ananthapuramu,Andhra Pradesh,14.950411,77.006915,MoPR_LGD_and_ISRO_Bhuvan,LGD_2026_Bhuvan_2024,4693,MATCHED_AUTHORITATIVE_BOUNDARY
4694,Brahmasamudram,Ananthapuramu,Andhra Pradesh,14.554153,76.963726,MoPR_LGD_and_ISRO_Bhuvan,LGD_2026_Bhuvan_2024,4694,MATCHED_AUTHORITATIVE_BOUNDARY
4696,Bukkarayasamudram,Ananthapuramu,Andhra Pradesh,14.710536,77.685419,MoPR_LGD_and_ISRO_Bhuvan,LGD_2026_Bhuvan_2024,4696,MATCHED_AUTHORITATIVE_BOUNDARY
4699,D.Hirehal,Ananthapuramu,Andhra Pradesh,14.935349,76.870664,MoPR_LGD_and_ISRO_Bhuvan,LGD_2026_Bhuvan_2024,4699,MATCHED_AUTHORITATIVE_BOUNDARY
4702,Garladinne,Ananthapuramu,Andhra Pradesh,14.850545,77.546006,MoPR_LGD_and_ISRO_Bhuvan,LGD_2026_Bhuvan_2024,4702,MATCHED_AUTHORITATIVE_BOUNDARY
4703,Gooty,Ananthapuramu,Andhra Pradesh,15.127396,77.632356,MoPR_LGD_and_ISRO_Bhuvan,LGD_2026_Bhuvan_2024,4703,MATCHED_AUTHORITATIVE_BOUNDARY
4706,Gummagatta,Ananthapuramu,Andhra Pradesh,14.616378,76.859036,MoPR_LGD_and_ISRO_Bhuvan,LGD_2026_Bhuvan_2024,4706,MATCHED_AUTHORITATIVE_BOUNDARY
4707,Guntakal,Ananthapuramu,Andhra Pradesh,15.14027,77.463252,MoPR_LGD_and_ISRO_Bhuvan,LGD_2026_Bhuvan_2024,4707,MATCHED_AUTHORITATIVE_BOUNDARY
4710,Kalyandrug,Ananthapuramu,Andhra Pradesh,14.548748,77.19138,MoPR_LGD_and_ISRO_Bhuvan,LGD_2026_Bhuvan_2024,4710,MATCHED_AUTHORITATIVE_BOUNDARY
4711,Kambadur,Ananthapuramu,Andhra Pradesh,14.406335,77.253391,MoPR_LGD_and_ISRO_Bhuvan,LGD_2026_Bhuvan_2024,4711,MATCHED_AUTHORITATIVE_BOUNDARY
4713,Kanekal,Ananthapuramu,Andhra Pradesh,14.816585,77.072435,MoPR_LGD_and_ISRO_Bhuvan,LGD_2026_Bhuvan_2024,4713,MATCHED_AUTHORITATIVE_BOUNDARY
4715,Kudair,Ananthapuramu,Andhra Pradesh,14.764954,77.399124,MoPR_LGD_and_ISRO_Bhuvan,LGD_2026_Bhuvan_2024,4715,MATCHED_AUTHORITATIVE_BOUNDARY
4716,Kundurpi,Ananthapuramu,Andhra Pradesh,14.311409,77.057886,MoPR_LGD_and_ISRO_Bhuvan,LGD_2026_Bhuvan_2024,4716,MATCHED_AUTHORITATIVE_BOUNDARY
4723,Narpala,Ananthapuramu,Andhra Pradesh,14.696338,77.815831,MoPR_LGD_and_ISRO_Bhuvan,LGD_2026_Bhuvan_2024,4723,MATCHED_AUTHORITATIVE_BOUNDARY
4725,Pamidi,Ananthapuramu,Andhra Pradesh,14.968259,77.532181,MoPR_LGD_and_ISRO_Bhuvan,LGD_2026_Bhuvan_2024,4725,MATCHED_AUTHORITATIVE_BOUNDARY
4727,Peddapappur,Ananthapuramu,Andhra Pradesh,14.918681,77.860882,MoPR_LGD_and_ISRO_Bhuvan,LGD_2026_Bhuvan_2024,4727,MATCHED_AUTHORITATIVE_BOUNDARY
4728,Peddavadugur,Ananthapuramu,Andhra Pradesh,15.014966,77.715768,MoPR_LGD_and_ISRO_Bhuvan,LGD_2026_Bhuvan_2024,4728,MATCHED_AUTHORITATIVE_BOUNDARY
4730,Putlur,Ananthapuramu,Andhra Pradesh,14.773412,77.953548,MoPR_LGD_and_ISRO_Bhuvan,LGD_2026_Bhuvan_2024,4730,MATCHED_AUTHORITATIVE_BOUNDARY
4733,Raptadu,Ananthapuramu,Andhra Pradesh,14.539134,77.576752,MoPR_LGD_and_ISRO_Bhuvan,LGD_2026_Bhuvan_2024,4733,MATCHED_AUTHORITATIVE_BOUNDARY
4734,Rayadurg,Ananthapuramu,Andhra Pradesh,14.714712,76.914724,MoPR_LGD_and_ISRO_Bhuvan,LGD_2026_Bhuvan_2024,4734,MATCHED_AUTHORITATIVE_BOUNDARY
4737,Settur,Ananthapuramu,Andhra Pradesh,14.413963,77.001019,MoPR_LGD_and_ISRO_Bhuvan,LGD_2026_Bhuvan_2024,4737,MATCHED_AUTHORITATIVE_BOUNDARY
4738,Singanamala,Ananthapuramu,Andhra Pradesh,14.84111,77.718866,MoPR_LGD_and_ISRO_Bhuvan,LGD_2026_Bhuvan_2024,4738,MATCHED_AUTHORITATIVE_BOUNDARY
4741,Tadipatri,Ananthapuramu,Andhra Pradesh,14.932177,78.013958,MoPR_LGD_and_ISRO_Bhuvan,LGD_2026_Bhuvan_2024,4741,MATCHED_AUTHORITATIVE_BOUNDARY
4744,Uravakonda,Ananthapuramu,Andhra Pradesh,14.864447,77.24813,MoPR_LGD_and_ISRO_Bhuvan,LGD_2026_Bhuvan_2024,4744,MATCHED_AUTHORITATIVE_BOUNDARY
4745,Vajrakarur,Ananthapuramu,Andhra Pradesh,15.00657,77.358174,MoPR_LGD_and_ISRO_Bhuvan,LGD_2026_Bhuvan_2024,4745,MATCHED_AUTHORITATIVE_BOUNDARY
4746,Vidapanakal,Ananthapuramu,Andhra Pradesh,15.048571,77.195198,MoPR_LGD_and_ISRO_Bhuvan,LGD_2026_Bhuvan_2024,4746,MATCHED_AUTHORITATIVE_BOUNDARY
4747,Yadiki,Ananthapuramu,Andhra Pradesh,15.065691,77.880657,MoPR_LGD_and_ISRO_Bhuvan,LGD_2026_Bhuvan_2024,4747,MATCHED_AUTHORITATIVE_BOUNDARY
4748,Yellanur,Ananthapuramu,Andhra Pradesh,14.655359,78.033318,MoPR_LGD_and_ISRO_Bhuvan,LGD_2026_Bhuvan_2024,4748,MATCHED_AUTHORITATIVE_BOUNDARY
4749,B.Kothakota,Annamayya,Andhra Pradesh,13.644887,78.331247,MoPR_LGD_and_ISRO_Bhuvan,LGD_2026_Bhuvan_2024,4749,MATCHED_AUTHORITATIVE_BOUNDARY
4822,Chinnamandem,Annamayya,Andhra Pradesh,13.951159,78.659732,MoPR_LGD_and_ISRO_Bhuvan,LGD_2026_Bhuvan_2024,4822,MATCHED_AUTHORITATIVE_BOUNDARY
4756,Chowdepalle,Annamayya,Andhra Pradesh,13.440687,78.673746,MoPR_LGD_and_ISRO_Bhuvan,LGD_2026_Bhuvan_2024,4756,MATCHED_AUTHORITATIVE_BOUNDARY
4826,Galiveedu,Annamayya,Andhra Pradesh,14.073814,78.525845,MoPR_LGD_and_ISRO_Bhuvan,LGD_2026_Bhuvan_2024,4826,MATCHED_AUTHORITATIVE_BOUNDARY
4761,Gurramkonda,Annamayya,Andhra Pradesh,13.785868,78.615066,MoPR_LGD_and_ISRO_Bhuvan,LGD_2026_Bhuvan_2024,4761,MATCHED_AUTHORITATIVE_BOUNDARY
4764,Kalakada,Annamayya,Andhra Pradesh,13.80598,78.727154,MoPR_LGD_and_ISRO_Bhuvan,LGD_2026_Bhuvan_2024,4764,MATCHED_AUTHORITATIVE_BOUNDARY
4765,Kalikiri,Annamayya,Andhra Pradesh,13.691918,78.796522,MoPR_LGD_and_ISRO_Bhuvan,LGD_2026_Bhuvan_2024,4765,MATCHED_AUTHORITATIVE_BOUNDARY
4766,Kambhamvaripalle,Annamayya,Andhra Pradesh,13.809152,78.910498,MoPR_LGD_and_ISRO_Bhuvan,LGD_2026_Bhuvan_2024,4766,MATCHED_AUTHORITATIVE_BOUNDARY
4769,Kurabalakota,Annamayya,Andhra Pradesh,13.667595,78.496616,MoPR_LGD_and_ISRO_Bhuvan,LGD_2026_Bhuvan_2024,4769,MATCHED_AUTHORITATIVE_BOUNDARY
4834,Lakkireddipalle,Annamayya,Andhra Pradesh,14.181831,78.659937,MoPR_LGD_and_ISRO_Bhuvan,LGD_2026_Bhuvan_2024,4834,MATCHED_AUTHORITATIVE_BOUNDARY
4770,Madanapalle,Annamayya,Andhra Pradesh,13.551224,78.490401,MoPR_LGD_and_ISRO_Bhuvan,LGD_2026_Bhuvan_2024,4770,MATCHED_AUTHORITATIVE_BOUNDARY
4771,Mulakalacheruvu,Annamayya,Andhra Pradesh,13.794237,78.315475,MoPR_LGD_and_ISRO_Bhuvan,LGD_2026_Bhuvan_2024,4771,MATCHED_AUTHORITATIVE_BOUNDARY
4775,Nimmanapalle,Annamayya,Andhra Pradesh,13.551073,78.657666,MoPR_LGD_and_ISRO_Bhuvan,LGD_2026_Bhuvan_2024,4775,MATCHED_AUTHORITATIVE_BOUNDARY
4780,Peddamandyam,Annamayya,Andhra Pradesh,13.905602,78.512398,MoPR_LGD_and_ISRO_Bhuvan,LGD_2026_Bhuvan_2024,4780,MATCHED_AUTHORITATIVE_BOUNDARY
4782,Peddathippasamudram,Annamayya,Andhra Pradesh,13.706691,78.181518,MoPR_LGD_and_ISRO_Bhuvan,LGD_2026_Bhuvan_2024,4782,MATCHED_AUTHORITATIVE_BOUNDARY
4784,Piler,Annamayya,Andhra Pradesh,13.685622,78.943036,MoPR_LGD_and_ISRO_Bhuvan,LGD_2026_Bhuvan_2024,4784,MATCHED_AUTHORITATIVE_BOUNDARY
4787,Punganur,Annamayya,Andhra Pradesh,13.393635,78.561398,MoPR_LGD_and_ISRO_Bhuvan,LGD_2026_Bhuvan_2024,4787,MATCHED_AUTHORITATIVE_BOUNDARY
4850,Ramapuram,Annamayya,Andhra Pradesh,14.194104,78.751767,MoPR_LGD_and_ISRO_Bhuvan,LGD_2026_Bhuvan_2024,4850,MATCHED_AUTHORITATIVE_BOUNDARY
4792,Ramasamudram,Annamayya,Andhra Pradesh,13.389307,78.443726,MoPR_LGD_and_ISRO_Bhuvan,LGD_2026_Bhuvan_2024,4792,MATCHED_AUTHORITATIVE_BOUNDARY
4851,Rayachoty,Annamayya,Andhra Pradesh,14.053172,78.734937,MoPR_LGD_and_ISRO_Bhuvan,LGD_2026_Bhuvan_2024,4851,MATCHED_AUTHORITATIVE_BOUNDARY
4852,Sambepalle,Annamayya,Andhra Pradesh,13.938413,78.786483,MoPR_LGD_and_ISRO_Bhuvan,LGD_2026_Bhuvan_2024,4852,MATCHED_AUTHORITATIVE_BOUNDARY
4797,Sodam,Annamayya,Andhra Pradesh,13.552004,78.895589,MoPR_LGD_and_ISRO_Bhuvan,LGD_2026_Bhuvan_2024,4797,MATCHED_AUTHORITATIVE_BOUNDARY
4798,Somala,Annamayya,Andhra Pradesh,13.439588,78.827769,MoPR_LGD_and_ISRO_Bhuvan,LGD_2026_Bhuvan_2024,4798,MATCHED_AUTHORITATIVE_BOUNDARY
4801,Thamballapalle,Annamayya,Andhra Pradesh,13.80983,78.432459,MoPR_LGD_and_ISRO_Bhuvan,LGD_2026_Bhuvan_2024,4801,MATCHED_AUTHORITATIVE_BOUNDARY
4807,Valmikipuram,Annamayya,Andhra Pradesh,13.651426,78.698505,MoPR_LGD_and_ISRO_Bhuvan,LGD_2026_Bhuvan_2024,4807,MATCHED_AUTHORITATIVE_BOUNDARY
4924,Amruthalur,Bapatla,Andhra Pradesh,16.109889,80.652129,MoPR_LGD_and_ISRO_Bhuvan,LGD_2026_Bhuvan_2024,4924,MATCHED_AUTHORITATIVE_BOUNDARY
4926,Bapatla,Bapatla,Andhra Pradesh,15.917515,80.468103,MoPR_LGD_and_ISRO_Bhuvan,LGD_2026_Bhuvan_2024,4926,MATCHED_AUTHORITATIVE_BOUNDARY
4928,Bhattiprolu,Bapatla,Andhra Pradesh,16.083275,80.808521,MoPR_LGD_and_ISRO_Bhuvan,LGD_2026_Bhuvan_2024,4928,MATCHED_AUTHORITATIVE_BOUNDARY
4931,Cherukupalle,Bapatla,Andhra Pradesh,16.047914,80.688034,MoPR_LGD_and_ISRO_Bhuvan,LGD_2026_Bhuvan_2024,4931,MATCHED_AUTHORITATIVE_BOUNDARY
5460,Chinaganjam,Bapatla,Andhra Pradesh,15.702744,80.235019,MoPR_LGD_and_ISRO_Bhuvan,LGD_2026_Bhuvan_2024,5460,MATCHED_AUTHORITATIVE_BOUNDARY
5461,Chirala,Bapatla,Andhra Pradesh,15.844474,80.382102,MoPR_LGD_and_ISRO_Bhuvan,LGD_2026_Bhuvan_2024,5461,MATCHED_AUTHORITATIVE_BOUNDARY
5469,Inkollu,Bapatla,Andhra Pradesh,15.835742,80.184228,MoPR_LGD_and_ISRO_Bhuvan,LGD_2026_Bhuvan_2024,5469,MATCHED_AUTHORITATIVE_BOUNDARY
5473,Karamchedu,Bapatla,Andhra Pradesh,15.87502,80.286107,MoPR_LGD_and_ISRO_Bhuvan,LGD_2026_Bhuvan_2024,5473,MATCHED_AUTHORITATIVE_BOUNDARY
4942,Karlapalem,Bapatla,Andhra Pradesh,15.932618,80.562757,MoPR_LGD_and_ISRO_Bhuvan,LGD_2026_Bhuvan_2024,4942,MATCHED_AUTHORITATIVE_BOUNDARY
4944,Kollur,Bapatla,Andhra Pradesh,16.177171,80.803433,MoPR_LGD_and_ISRO_Bhuvan,LGD_2026_Bhuvan_2024,4944,MATCHED_AUTHORITATIVE_BOUNDARY
5484,Martur,Bapatla,Andhra Pradesh,15.939639,80.094443,MoPR_LGD_and_ISRO_Bhuvan,LGD_2026_Bhuvan_2024,5484,MATCHED_AUTHORITATIVE_BOUNDARY
4952,Nagaram,Bapatla,Andhra Pradesh,15.997267,80.715855,MoPR_LGD_and_ISRO_Bhuvan,LGD_2026_Bhuvan_2024,4952,MATCHED_AUTHORITATIVE_BOUNDARY
4955,Nizampatnam,Bapatla,Andhra Pradesh,15.918199,80.722697,MoPR_LGD_and_ISRO_Bhuvan,LGD_2026_Bhuvan_2024,4955,MATCHED_AUTHORITATIVE_BOUNDARY
5489,Parchur,Bapatla,Andhra Pradesh,15.982428,80.302545,MoPR_LGD_and_ISRO_Bhuvan,LGD_2026_Bhuvan_2024,5489,MATCHED_AUTHORITATIVE_BOUNDARY
4962,Pittalavanipalem,Bapatla,Andhra Pradesh,15.983341,80.608394,MoPR_LGD_and_ISRO_Bhuvan,LGD_2026_Bhuvan_2024,4962,MATCHED_AUTHORITATIVE_BOUNDARY
4967,Repalle,Bapatla,Andhra Pradesh,15.90964,80.843117,MoPR_LGD_and_ISRO_Bhuvan,LGD_2026_Bhuvan_2024,4967,MATCHED_AUTHORITATIVE_BOUNDARY
4975,Tsundur,Bapatla,Andhra Pradesh,16.170068,80.60123,MoPR_LGD_and_ISRO_Bhuvan,LGD_2026_Bhuvan_2024,4975,MATCHED_AUTHORITATIVE_BOUNDARY
4978,Vemuru,Bapatla,Andhra Pradesh,16.172361,80.72847,MoPR_LGD_and_ISRO_Bhuvan,LGD_2026_Bhuvan_2024,4978,MATCHED_AUTHORITATIVE_BOUNDARY
5505,Vetapalem,Bapatla,Andhra Pradesh,15.774991,80.330071,MoPR_LGD_and_ISRO_Bhuvan,LGD_2026_Bhuvan_2024,5505,MATCHED_AUTHORITATIVE_BOUNDARY
5507,Yddana Pudi,Bapatla,Andhra Pradesh,15.985121,80.18335,MoPR_LGD_and_ISRO_Bhuvan,LGD_2026_Bhuvan_2024,5507,MATCHED_AUTHORITATIVE_BOUNDARY
4750,Baireddipalle,Chittoor,Andhra Pradesh,13.090925,78.616165,MoPR_LGD_and_ISRO_Bhuvan,LGD_2026_Bhuvan_2024,4750,MATCHED_AUTHORITATIVE_BOUNDARY
4751,Bangarupalem,Chittoor,Andhra Pradesh,13.189316,78.891654,MoPR_LGD_and_ISRO_Bhuvan,LGD_2026_Bhuvan_2024,4751,MATCHED_AUTHORITATIVE_BOUNDARY
4755,Chittoor,Chittoor,Andhra Pradesh,13.174597,79.117853,MoPR_LGD_and_ISRO_Bhuvan,LGD_2026_Bhuvan_2024,4755,MATCHED_AUTHORITATIVE_BOUNDARY
4757,Gangadhara Nellore,Chittoor,Andhra Pradesh,13.235015,79.228798,MoPR_LGD_and_ISRO_Bhuvan,LGD_2026_Bhuvan_2024,4757,MATCHED_AUTHORITATIVE_BOUNDARY
4758,Gangavaram,Chittoor,Andhra Pradesh,13.232978,78.709494,MoPR_LGD_and_ISRO_Bhuvan,LGD_2026_Bhuvan_2024,4758,MATCHED_AUTHORITATIVE_BOUNDARY
4759,Gudipala,Chittoor,Andhra Pradesh,13.09017,79.146812,MoPR_LGD_and_ISRO_Bhuvan,LGD_2026_Bhuvan_2024,4759,MATCHED_AUTHORITATIVE_BOUNDARY
4760,Gudupalle,Chittoor,Andhra Pradesh,12.782736,78.283434,MoPR_LGD_and_ISRO_Bhuvan,LGD_2026_Bhuvan_2024,4760,MATCHED_AUTHORITATIVE_BOUNDARY
4762,Irala,Chittoor,Andhra Pradesh,13.384506,78.999532,MoPR_LGD_and_ISRO_Bhuvan,LGD_2026_Bhuvan_2024,4762,MATCHED_AUTHORITATIVE_BOUNDARY
4767,Karvetinagar,Chittoor,Andhra Pradesh,13.386496,79.423293,MoPR_LGD_and_ISRO_Bhuvan,LGD_2026_Bhuvan_2024,4767,MATCHED_AUTHORITATIVE_BOUNDARY
4768,Kuppam,Chittoor,Andhra Pradesh,12.718772,78.40831,MoPR_LGD_and_ISRO_Bhuvan,LGD_2026_Bhuvan_2024,4768,MATCHED_AUTHORITATIVE_BOUNDARY
4773,Nagari,Chittoor,Andhra Pradesh,13.313508,79.589023,MoPR_LGD_and_ISRO_Bhuvan,LGD_2026_Bhuvan_2024,4773,MATCHED_AUTHORITATIVE_BOUNDARY
4776,Nindra,Chittoor,Andhra Pradesh,13.36681,79.695248,MoPR_LGD_and_ISRO_Bhuvan,LGD_2026_Bhuvan_2024,4776,MATCHED_AUTHORITATIVE_BOUNDARY
4778,Palamaner,Chittoor,Andhra Pradesh,13.141202,78.748724,MoPR_LGD_and_ISRO_Bhuvan,LGD_2026_Bhuvan_2024,4778,MATCHED_AUTHORITATIVE_BOUNDARY
4779,Palasamudram,Chittoor,Andhra Pradesh,13.205405,79.361277,MoPR_LGD_and_ISRO_Bhuvan,LGD_2026_Bhuvan_2024,4779,MATCHED_AUTHORITATIVE_BOUNDARY
4781,Peddapanjani,Chittoor,Andhra Pradesh,13.297032,78.6732,MoPR_LGD_and_ISRO_Bhuvan,LGD_2026_Bhuvan_2024,4781,MATCHED_AUTHORITATIVE_BOUNDARY
4783,Penumuru,Chittoor,Andhra Pradesh,13.345722,79.183718,MoPR_LGD_and_ISRO_Bhuvan,LGD_2026_Bhuvan_2024,4783,MATCHED_AUTHORITATIVE_BOUNDARY
4786,Pulicherla H/O Reddivaripalle,Chittoor,Andhra Pradesh,13.572101,79.060453,MoPR_LGD_and_ISRO_Bhuvan,LGD_2026_Bhuvan_2024,4786,MATCHED_AUTHORITATIVE_BOUNDARY
4788,Puthalapattu,Chittoor,Andhra Pradesh,13.363219,79.088497,MoPR_LGD_and_ISRO_Bhuvan,LGD_2026_Bhuvan_2024,4788,MATCHED_AUTHORITATIVE_BOUNDARY
4791,Ramakuppam,Chittoor,Andhra Pradesh,12.857408,78.529758,MoPR_LGD_and_ISRO_Bhuvan,LGD_2026_Bhuvan_2024,4791,MATCHED_AUTHORITATIVE_BOUNDARY
4794,Rompicherla,Chittoor,Andhra Pradesh,13.699648,79.037555,MoPR_LGD_and_ISRO_Bhuvan,LGD_2026_Bhuvan_2024,4794,MATCHED_AUTHORITATIVE_BOUNDARY
4795,Santhipuram Ho Arimuthanapalle,Chittoor,Andhra Pradesh,12.861808,78.37926,MoPR_LGD_and_ISRO_Bhuvan,LGD_2026_Bhuvan_2024,4795,MATCHED_AUTHORITATIVE_BOUNDARY
4800,Srirangarajapuram,Chittoor,Andhra Pradesh,13.298461,79.322596,MoPR_LGD_and_ISRO_Bhuvan,LGD_2026_Bhuvan_2024,4800,MATCHED_AUTHORITATIVE_BOUNDARY
4802,Thavanampalle,Chittoor,Andhra Pradesh,13.274312,78.963709,MoPR_LGD_and_ISRO_Bhuvan,LGD_2026_Bhuvan_2024,4802,MATCHED_AUTHORITATIVE_BOUNDARY
4809,Vedurukuppam,Chittoor,Andhra Pradesh,13.428582,79.351876,MoPR_LGD_and_ISRO_Bhuvan,LGD_2026_Bhuvan_2024,4809,MATCHED_AUTHORITATIVE_BOUNDARY
4810,Venkatagirikota,Chittoor,Andhra Pradesh,12.995724,78.540559,MoPR_LGD_and_ISRO_Bhuvan,LGD_2026_Bhuvan_2024,4810,MATCHED_AUTHORITATIVE_BOUNDARY
4811,Vijayapuram,Chittoor,Andhra Pradesh,13.285591,79.714766,MoPR_LGD_and_ISRO_Bhuvan,LGD_2026_Bhuvan_2024,4811,MATCHED_AUTHORITATIVE_BOUNDARY
4812,Yadamari,Chittoor,Andhra Pradesh,13.126768,78.994467,MoPR_LGD_and_ISRO_Bhuvan,LGD_2026_Bhuvan_2024,4812,MATCHED_AUTHORITATIVE_BOUNDARY
4866,Ainavilli,Dr. B.R. Ambedkar Konaseema,Andhra Pradesh,16.656135,82.020336,MoPR_LGD_and_ISRO_Bhuvan,LGD_2026_Bhuvan_2024,4866,MATCHED_AUTHORITATIVE_BOUNDARY
4867,Alamuru,Dr. B.R. Ambedkar Konaseema,Andhra Pradesh,16.817481,81.870435,MoPR_LGD_and_ISRO_Bhuvan,LGD_2026_Bhuvan_2024,4867,MATCHED_AUTHORITATIVE_BOUNDARY
4868,Allavaram,Dr. B.R. Ambedkar Konaseema,Andhra Pradesh,16.478599,82.002788,MoPR_LGD_and_ISRO_Bhuvan,LGD_2026_Bhuvan_2024,4868,MATCHED_AUTHORITATIVE_BOUNDARY
4869,Amalapuram,Dr. B.R. Ambedkar Konaseema,Andhra Pradesh,16.578623,81.974262,MoPR_LGD_and_ISRO_Bhuvan,LGD_2026_Bhuvan_2024,4869,MATCHED_AUTHORITATIVE_BOUNDARY
4870,Ambajipeta,Dr. B.R. Ambedkar Konaseema,Andhra Pradesh,16.607789,81.961048,MoPR_LGD_and_ISRO_Bhuvan,LGD_2026_Bhuvan_2024,4870,MATCHED_AUTHORITATIVE_BOUNDARY
4872,Atreyapuram,Dr. B.R. Ambedkar Konaseema,Andhra Pradesh,16.846938,81.775878,MoPR_LGD_and_ISRO_Bhuvan,LGD_2026_Bhuvan_2024,4872,MATCHED_AUTHORITATIVE_BOUNDARY
4879,I. Polavaram,Dr. B.R. Ambedkar Konaseema,Andhra Pradesh,16.670361,82.246734,MoPR_LGD_and_ISRO_Bhuvan,LGD_2026_Bhuvan_2024,4879,MATCHED_AUTHORITATIVE_BOUNDARY
4886,Katrenikona,Dr. B.R. Ambedkar Konaseema,Andhra Pradesh,16.574849,82.192336,MoPR_LGD_and_ISRO_Bhuvan,LGD_2026_Bhuvan_2024,4886,MATCHED_AUTHORITATIVE_BOUNDARY
4891,Kothapeta,Dr. B.R. Ambedkar Konaseema,Andhra Pradesh,16.687919,81.897504,MoPR_LGD_and_ISRO_Bhuvan,LGD_2026_Bhuvan_2024,4891,MATCHED_AUTHORITATIVE_BOUNDARY
4892,Malikipuram,Dr. B.R. Ambedkar Konaseema,Andhra Pradesh,16.411455,81.845861,MoPR_LGD_and_ISRO_Bhuvan,LGD_2026_Bhuvan_2024,4892,MATCHED_AUTHORITATIVE_BOUNDARY
4893,Mamidikuduru,Dr. B.R. Ambedkar Konaseema,Andhra Pradesh,16.494151,81.933351,MoPR_LGD_and_ISRO_Bhuvan,LGD_2026_Bhuvan_2024,4893,MATCHED_AUTHORITATIVE_BOUNDARY
4896,Mummidivaram,Dr. B.R. Ambedkar Konaseema,Andhra Pradesh,16.647998,82.110211,MoPR_LGD_and_ISRO_Bhuvan,LGD_2026_Bhuvan_2024,4896,MATCHED_AUTHORITATIVE_BOUNDARY
4898,Pamarru,Dr. B.R. Ambedkar Konaseema,Andhra Pradesh,16.731056,82.064126,MoPR_LGD_and_ISRO_Bhuvan,LGD_2026_Bhuvan_2024,4898,MATCHED_AUTHORITATIVE_BOUNDARY
4897,P.Gannavaram,Dr. B.R. Ambedkar Konaseema,Andhra Pradesh,16.587999,81.881797,MoPR_LGD_and_ISRO_Bhuvan,LGD_2026_Bhuvan_2024,4897,MATCHED_AUTHORITATIVE_BOUNDARY
4906,Ramachandrapuram,Dr. B.R. Ambedkar Konaseema,Andhra Pradesh,16.819845,82.060275,MoPR_LGD_and_ISRO_Bhuvan,LGD_2026_Bhuvan_2024,4906,MATCHED_AUTHORITATIVE_BOUNDARY
4909,Ravulapalem,Dr. B.R. Ambedkar Konaseema,Andhra Pradesh,16.744774,81.830989,MoPR_LGD_and_ISRO_Bhuvan,LGD_2026_Bhuvan_2024,4909,MATCHED_AUTHORITATIVE_BOUNDARY
4911,Razole,Dr. B.R. Ambedkar Konaseema,Andhra Pradesh,16.460603,81.869838,MoPR_LGD_and_ISRO_Bhuvan,LGD_2026_Bhuvan_2024,4911,MATCHED_AUTHORITATIVE_BOUNDARY
4912,Sakhinetipalle,Dr. B.R. Ambedkar Konaseema,Andhra Pradesh,16.378579,81.755168,MoPR_LGD_and_ISRO_Bhuvan,LGD_2026_Bhuvan_2024,4912,MATCHED_AUTHORITATIVE_BOUNDARY
4919,Uppalaguptam,Dr. B.R. Ambedkar Konaseema,Andhra Pradesh,16.525212,82.087939,MoPR_LGD_and_ISRO_Bhuvan,LGD_2026_Bhuvan_2024,4919,MATCHED_AUTHORITATIVE_BOUNDARY
4871,Anaparthy,East Godavari,Andhra Pradesh,16.909885,81.964953,MoPR_LGD_and_ISRO_Bhuvan,LGD_2026_Bhuvan_2024,4871,MATCHED_AUTHORITATIVE_BOUNDARY
4873,Biccavolu,East Godavari,Andhra Pradesh,16.952448,82.028557,MoPR_LGD_and_ISRO_Bhuvan,LGD_2026_Bhuvan_2024,4873,MATCHED_AUTHORITATIVE_BOUNDARY
5713,Chagallu,East Godavari,Andhra Pradesh,16.967234,81.643054,MoPR_LGD_and_ISRO_Bhuvan,LGD_2026_Bhuvan_2024,5713,MATCHED_AUTHORITATIVE_BOUNDARY
5716,Devarapalle,East Godavari,Andhra Pradesh,17.026664,81.528442,MoPR_LGD_and_ISRO_Bhuvan,LGD_2026_Bhuvan_2024,5716,MATCHED_AUTHORITATIVE_BOUNDARY
4877,Gokavaram,East Godavari,Andhra Pradesh,17.257187,81.896406,MoPR_LGD_and_ISRO_Bhuvan,LGD_2026_Bhuvan_2024,4877,MATCHED_AUTHORITATIVE_BOUNDARY
5721,Gopalapuram,East Godavari,Andhra Pradesh,17.134735,81.54238,MoPR_LGD_and_ISRO_Bhuvan,LGD_2026_Bhuvan_2024,5721,MATCHED_AUTHORITATIVE_BOUNDARY
4881,Kadiam,East Godavari,Andhra Pradesh,16.900743,81.833257,MoPR_LGD_and_ISRO_Bhuvan,LGD_2026_Bhuvan_2024,4881,MATCHED_AUTHORITATIVE_BOUNDARY
4884,Kapileswarapuram,East Godavari,Andhra Pradesh,16.760506,81.944639,MoPR_LGD_and_ISRO_Bhuvan,LGD_2026_Bhuvan_2024,4884,MATCHED_AUTHORITATIVE_BOUNDARY
4888,Korukonda,East Godavari,Andhra Pradesh,17.156689,81.825825,MoPR_LGD_and_ISRO_Bhuvan,LGD_2026_Bhuvan_2024,4888,MATCHED_AUTHORITATIVE_BOUNDARY
5727,Kovvur,East Godavari,Andhra Pradesh,17.013039,81.693542,MoPR_LGD_and_ISRO_Bhuvan,LGD_2026_Bhuvan_2024,5727,MATCHED_AUTHORITATIVE_BOUNDARY
4894,Mandapeta,East Godavari,Andhra Pradesh,16.895226,81.910748,MoPR_LGD_and_ISRO_Bhuvan,LGD_2026_Bhuvan_2024,4894,MATCHED_AUTHORITATIVE_BOUNDARY
5731,Nallajerla,East Godavari,Andhra Pradesh,16.952869,81.402975,MoPR_LGD_and_ISRO_Bhuvan,LGD_2026_Bhuvan_2024,5731,MATCHED_AUTHORITATIVE_BOUNDARY
5733,Nidadavole,East Godavari,Andhra Pradesh,16.901759,81.651862,MoPR_LGD_and_ISRO_Bhuvan,LGD_2026_Bhuvan_2024,5733,MATCHED_AUTHORITATIVE_BOUNDARY
5742,Peravali,East Godavari,Andhra Pradesh,16.764892,81.750359,MoPR_LGD_and_ISRO_Bhuvan,LGD_2026_Bhuvan_2024,5742,MATCHED_AUTHORITATIVE_BOUNDARY
4903,Rajahmundry Rural,East Godavari,Andhra Pradesh,17.059435,81.783001,MoPR_LGD_and_ISRO_Bhuvan,LGD_2026_Bhuvan_2024,4903,MATCHED_AUTHORITATIVE_BOUNDARY
6502,Rajahmundry Urban,East Godavari,Andhra Pradesh,17.002913,81.780193,MoPR_LGD_and_ISRO_Bhuvan,LGD_2026_Bhuvan_2024,6502,MATCHED_AUTHORITATIVE_BOUNDARY
4904,Rajanagaram,East Godavari,Andhra Pradesh,17.033897,81.887985,MoPR_LGD_and_ISRO_Bhuvan,LGD_2026_Bhuvan_2024,4904,MATCHED_AUTHORITATIVE_BOUNDARY
4908,Rangampeta,East Godavari,Andhra Pradesh,17.05421,81.990489,MoPR_LGD_and_ISRO_Bhuvan,LGD_2026_Bhuvan_2024,4908,MATCHED_AUTHORITATIVE_BOUNDARY
4910,Rayavaram,East Godavari,Andhra Pradesh,16.843296,82.002834,MoPR_LGD_and_ISRO_Bhuvan,LGD_2026_Bhuvan_2024,4910,MATCHED_AUTHORITATIVE_BOUNDARY
4915,Seethanagaram,East Godavari,Andhra Pradesh,17.162778,81.710459,MoPR_LGD_and_ISRO_Bhuvan,LGD_2026_Bhuvan_2024,4915,MATCHED_AUTHORITATIVE_BOUNDARY
5748,Thallapudi,East Godavari,Andhra Pradesh,17.116014,81.638011,MoPR_LGD_and_ISRO_Bhuvan,LGD_2026_Bhuvan_2024,5748,MATCHED_AUTHORITATIVE_BOUNDARY
5750,Undrajavaram,East Godavari,Andhra Pradesh,16.806693,81.683157,MoPR_LGD_and_ISRO_Bhuvan,LGD_2026_Bhuvan_2024,5750,MATCHED_AUTHORITATIVE_BOUNDARY
5100,Agiripalli,Eluru,Andhra Pradesh,16.681103,80.784177,MoPR_LGD_and_ISRO_Bhuvan,LGD_2026_Bhuvan_2024,5100,MATCHED_AUTHORITATIVE_BOUNDARY
5710,Bhimadole,Eluru,Andhra Pradesh,16.759195,81.288192,MoPR_LGD_and_ISRO_Bhuvan,LGD_2026_Bhuvan_2024,5710,MATCHED_AUTHORITATIVE_BOUNDARY
5712,Buttayagudem,Eluru,Andhra Pradesh,17.265524,81.378509,MoPR_LGD_and_ISRO_Bhuvan,LGD_2026_Bhuvan_2024,5712,MATCHED_AUTHORITATIVE_BOUNDARY
5106,Chatrai,Eluru,Andhra Pradesh,16.994945,80.882257,MoPR_LGD_and_ISRO_Bhuvan,LGD_2026_Bhuvan_2024,5106,MATCHED_AUTHORITATIVE_BOUNDARY
5714,Chintalapudi,Eluru,Andhra Pradesh,17.100288,80.976581,MoPR_LGD_and_ISRO_Bhuvan,LGD_2026_Bhuvan_2024,5714,MATCHED_AUTHORITATIVE_BOUNDARY
5715,Denduluru,Eluru,Andhra Pradesh,16.770805,81.185376,MoPR_LGD_and_ISRO_Bhuvan,LGD_2026_Bhuvan_2024,5715,MATCHED_AUTHORITATIVE_BOUNDARY
5717,Dwarakatirumala,Eluru,Andhra Pradesh,16.933033,81.283706,MoPR_LGD_and_ISRO_Bhuvan,LGD_2026_Bhuvan_2024,5717,MATCHED_AUTHORITATIVE_BOUNDARY
5719,Eluru,Eluru,Andhra Pradesh,16.662302,81.165818,MoPR_LGD_and_ISRO_Bhuvan,LGD_2026_Bhuvan_2024,5719,MATCHED_AUTHORITATIVE_BOUNDARY
5723,Jangareddigudem,Eluru,Andhra Pradesh,17.104351,81.280831,MoPR_LGD_and_ISRO_Bhuvan,LGD_2026_Bhuvan_2024,5723,MATCHED_AUTHORITATIVE_BOUNDARY
5724,Jeelugumilli,Eluru,Andhra Pradesh,17.229168,81.192163,MoPR_LGD_and_ISRO_Bhuvan,LGD_2026_Bhuvan_2024,5724,MATCHED_AUTHORITATIVE_BOUNDARY
5116,Kaikalur,Eluru,Andhra Pradesh,16.584724,81.27477,MoPR_LGD_and_ISRO_Bhuvan,LGD_2026_Bhuvan_2024,5116,MATCHED_AUTHORITATIVE_BOUNDARY
5117,Kalidindi,Eluru,Andhra Pradesh,16.483682,81.313821,MoPR_LGD_and_ISRO_Bhuvan,LGD_2026_Bhuvan_2024,5117,MATCHED_AUTHORITATIVE_BOUNDARY
5726,Kamavarapukota,Eluru,Andhra Pradesh,16.97626,81.180321,MoPR_LGD_and_ISRO_Bhuvan,LGD_2026_Bhuvan_2024,5726,MATCHED_AUTHORITATIVE_BOUNDARY
5728,Koyyalagudem,Eluru,Andhra Pradesh,17.105559,81.426602,MoPR_LGD_and_ISRO_Bhuvan,LGD_2026_Bhuvan_2024,5728,MATCHED_AUTHORITATIVE_BOUNDARY
5075,Kukkunur,Eluru,Andhra Pradesh,17.556386,81.105973,MoPR_LGD_and_ISRO_Bhuvan,LGD_2026_Bhuvan_2024,5075,MATCHED_AUTHORITATIVE_BOUNDARY
5729,Lingapalem,Eluru,Andhra Pradesh,16.936123,81.033535,MoPR_LGD_and_ISRO_Bhuvan,LGD_2026_Bhuvan_2024,5729,MATCHED_AUTHORITATIVE_BOUNDARY
5123,Mandavalli,Eluru,Andhra Pradesh,16.533853,81.146575,MoPR_LGD_and_ISRO_Bhuvan,LGD_2026_Bhuvan_2024,5123,MATCHED_AUTHORITATIVE_BOUNDARY
5126,Mudinepalle,Eluru,Andhra Pradesh,16.430734,81.16421,MoPR_LGD_and_ISRO_Bhuvan,LGD_2026_Bhuvan_2024,5126,MATCHED_AUTHORITATIVE_BOUNDARY
5127,Musunuru,Eluru,Andhra Pradesh,16.837211,80.945451,MoPR_LGD_and_ISRO_Bhuvan,LGD_2026_Bhuvan_2024,5127,MATCHED_AUTHORITATIVE_BOUNDARY
5734,Nidamarru,Eluru,Andhra Pradesh,16.709091,81.3922,MoPR_LGD_and_ISRO_Bhuvan,LGD_2026_Bhuvan_2024,5734,MATCHED_AUTHORITATIVE_BOUNDARY
5132,Nuzvid,Eluru,Andhra Pradesh,16.780837,80.857917,MoPR_LGD_and_ISRO_Bhuvan,LGD_2026_Bhuvan_2024,5132,MATCHED_AUTHORITATIVE_BOUNDARY
5737,Pedapadu,Eluru,Andhra Pradesh,16.640893,81.039341,MoPR_LGD_and_ISRO_Bhuvan,LGD_2026_Bhuvan_2024,5737,MATCHED_AUTHORITATIVE_BOUNDARY
5738,Pedavegi,Eluru,Andhra Pradesh,16.818826,81.080633,MoPR_LGD_and_ISRO_Bhuvan,LGD_2026_Bhuvan_2024,5738,MATCHED_AUTHORITATIVE_BOUNDARY
5744,Polavaram,Eluru,Andhra Pradesh,17.317396,81.558985,MoPR_LGD_and_ISRO_Bhuvan,LGD_2026_Bhuvan_2024,5744,MATCHED_AUTHORITATIVE_BOUNDARY
5745,T.Narasapuram,Eluru,Andhra Pradesh,17.09621,81.118429,MoPR_LGD_and_ISRO_Bhuvan,LGD_2026_Bhuvan_2024,5745,MATCHED_AUTHORITATIVE_BOUNDARY
5751,Unguturu,Eluru,Andhra Pradesh,16.824134,81.410796,MoPR_LGD_and_ISRO_Bhuvan,LGD_2026_Bhuvan_2024,5751,MATCHED_AUTHORITATIVE_BOUNDARY
5092,Velairpad,Eluru,Andhra Pradesh,17.452602,81.32618,MoPR_LGD_and_ISRO_Bhuvan,LGD_2026_Bhuvan_2024,5092,MATCHED_AUTHORITATIVE_BOUNDARY
4930,Chebrole,Guntur,Andhra Pradesh,16.226303,80.528675,MoPR_LGD_and_ISRO_Bhuvan,LGD_2026_Bhuvan_2024,4930,MATCHED_AUTHORITATIVE_BOUNDARY
4934,Duggirala,Guntur,Andhra Pradesh,16.351193,80.641745,MoPR_LGD_and_ISRO_Bhuvan,LGD_2026_Bhuvan_2024,4934,MATCHED_AUTHORITATIVE_BOUNDARY
4937,Guntur,Guntur,Andhra Pradesh,16.300645,80.416199,MoPR_LGD_and_ISRO_Bhuvan,LGD_2026_Bhuvan_2024,4937,MATCHED_AUTHORITATIVE_BOUNDARY
4940,Kakumanu,Guntur,Andhra Pradesh,16.0615,80.425299,MoPR_LGD_and_ISRO_Bhuvan,LGD_2026_Bhuvan_2024,4940,MATCHED_AUTHORITATIVE_BOUNDARY
4943,Kollipara,Guntur,Andhra Pradesh,16.291302,80.73495,MoPR_LGD_and_ISRO_Bhuvan,LGD_2026_Bhuvan_2024,4943,MATCHED_AUTHORITATIVE_BOUNDARY
4948,Mangalagiri,Guntur,Andhra Pradesh,16.425265,80.574197,MoPR_LGD_and_ISRO_Bhuvan,LGD_2026_Bhuvan_2024,4948,MATCHED_AUTHORITATIVE_BOUNDARY
4949,Medikonduru,Guntur,Andhra Pradesh,16.36928,80.30003,MoPR_LGD_and_ISRO_Bhuvan,LGD_2026_Bhuvan_2024,4949,MATCHED_AUTHORITATIVE_BOUNDARY
4957,Pedakakani,Guntur,Andhra Pradesh,16.32869,80.521109,MoPR_LGD_and_ISRO_Bhuvan,LGD_2026_Bhuvan_2024,4957,MATCHED_AUTHORITATIVE_BOUNDARY
4959,Pedanandipadu,Guntur,Andhra Pradesh,16.092842,80.318042,MoPR_LGD_and_ISRO_Bhuvan,LGD_2026_Bhuvan_2024,4959,MATCHED_AUTHORITATIVE_BOUNDARY
4960,Phirangipuram,Guntur,Andhra Pradesh,16.302458,80.221783,MoPR_LGD_and_ISRO_Bhuvan,LGD_2026_Bhuvan_2024,4960,MATCHED_AUTHORITATIVE_BOUNDARY
4963,Ponnur,Guntur,Andhra Pradesh,16.080967,80.531799,MoPR_LGD_and_ISRO_Bhuvan,LGD_2026_Bhuvan_2024,4963,MATCHED_AUTHORITATIVE_BOUNDARY
4964,Prathipadu,Guntur,Andhra Pradesh,16.17988,80.341722,MoPR_LGD_and_ISRO_Bhuvan,LGD_2026_Bhuvan_2024,4964,MATCHED_AUTHORITATIVE_BOUNDARY
4971,Tadepalle,Guntur,Andhra Pradesh,16.469182,80.615521,MoPR_LGD_and_ISRO_Bhuvan,LGD_2026_Bhuvan_2024,4971,MATCHED_AUTHORITATIVE_BOUNDARY
4972,Tadikonda,Guntur,Andhra Pradesh,16.417894,80.410066,MoPR_LGD_and_ISRO_Bhuvan,LGD_2026_Bhuvan_2024,4972,MATCHED_AUTHORITATIVE_BOUNDARY
4973,Tenali,Guntur,Andhra Pradesh,16.254035,80.644111,MoPR_LGD_and_ISRO_Bhuvan,LGD_2026_Bhuvan_2024,4973,MATCHED_AUTHORITATIVE_BOUNDARY
4974,Thullur,Guntur,Andhra Pradesh,16.519439,80.479508,MoPR_LGD_and_ISRO_Bhuvan,LGD_2026_Bhuvan_2024,4974,MATCHED_AUTHORITATIVE_BOUNDARY
4976,Vatticherukuru,Guntur,Andhra Pradesh,16.194131,80.431913,MoPR_LGD_and_ISRO_Bhuvan,LGD_2026_Bhuvan_2024,4976,MATCHED_AUTHORITATIVE_BOUNDARY
4875,Gandepalle,Kakinada,Andhra Pradesh,17.146022,81.987463,MoPR_LGD_and_ISRO_Bhuvan,LGD_2026_Bhuvan_2024,4875,MATCHED_AUTHORITATIVE_BOUNDARY
4878,Gollaprolu,Kakinada,Andhra Pradesh,17.1933,82.309315,MoPR_LGD_and_ISRO_Bhuvan,LGD_2026_Bhuvan_2024,4878,MATCHED_AUTHORITATIVE_BOUNDARY
4880,Jaggampeta,Kakinada,Andhra Pradesh,17.216268,82.038874,MoPR_LGD_and_ISRO_Bhuvan,LGD_2026_Bhuvan_2024,4880,MATCHED_AUTHORITATIVE_BOUNDARY
4882,Kajuluru,Kakinada,Andhra Pradesh,16.798456,82.161602,MoPR_LGD_and_ISRO_Bhuvan,LGD_2026_Bhuvan_2024,4882,MATCHED_AUTHORITATIVE_BOUNDARY
4883,Kakinada Rural,Kakinada,Andhra Pradesh,17.008083,82.250368,MoPR_LGD_and_ISRO_Bhuvan,LGD_2026_Bhuvan_2024,4883,MATCHED_AUTHORITATIVE_BOUNDARY
6503,Kakinada Urban,Kakinada,Andhra Pradesh,16.950025,82.233819,MoPR_LGD_and_ISRO_Bhuvan,LGD_2026_Bhuvan_2024,6503,MATCHED_AUTHORITATIVE_BOUNDARY
4885,Karapa,Kakinada,Andhra Pradesh,16.886194,82.163462,MoPR_LGD_and_ISRO_Bhuvan,LGD_2026_Bhuvan_2024,4885,MATCHED_AUTHORITATIVE_BOUNDARY
4887,Kirlampudi,Kakinada,Andhra Pradesh,17.196307,82.145178,MoPR_LGD_and_ISRO_Bhuvan,LGD_2026_Bhuvan_2024,4887,MATCHED_AUTHORITATIVE_BOUNDARY
4889,Kotananduru,Kakinada,Andhra Pradesh,17.469451,82.486206,MoPR_LGD_and_ISRO_Bhuvan,LGD_2026_Bhuvan_2024,4889,MATCHED_AUTHORITATIVE_BOUNDARY
4899,Pedapudi,Kakinada,Andhra Pradesh,16.938275,82.121537,MoPR_LGD_and_ISRO_Bhuvan,LGD_2026_Bhuvan_2024,4899,MATCHED_AUTHORITATIVE_BOUNDARY
4900,Peddapuram,Kakinada,Andhra Pradesh,17.091424,82.118239,MoPR_LGD_and_ISRO_Bhuvan,LGD_2026_Bhuvan_2024,4900,MATCHED_AUTHORITATIVE_BOUNDARY
4901,Pithapuram,Kakinada,Andhra Pradesh,17.13799,82.227145,MoPR_LGD_and_ISRO_Bhuvan,LGD_2026_Bhuvan_2024,4901,MATCHED_AUTHORITATIVE_BOUNDARY
4902,Prathipadu,Kakinada,Andhra Pradesh,17.309148,82.232541,MoPR_LGD_and_ISRO_Bhuvan,LGD_2026_Bhuvan_2024,4902,MATCHED_AUTHORITATIVE_BOUNDARY
6501,Routhulapudi,Kakinada,Andhra Pradesh,17.432223,82.377386,MoPR_LGD_and_ISRO_Bhuvan,LGD_2026_Bhuvan_2024,6501,MATCHED_AUTHORITATIVE_BOUNDARY
4913,Samalkota,Kakinada,Andhra Pradesh,17.024137,82.163203,MoPR_LGD_and_ISRO_Bhuvan,LGD_2026_Bhuvan_2024,4913,MATCHED_AUTHORITATIVE_BOUNDARY
4914,Sankhavaram,Kakinada,Andhra Pradesh,17.338947,82.348777,MoPR_LGD_and_ISRO_Bhuvan,LGD_2026_Bhuvan_2024,4914,MATCHED_AUTHORITATIVE_BOUNDARY
4916,Thallarevu,Kakinada,Andhra Pradesh,16.805365,82.26829,MoPR_LGD_and_ISRO_Bhuvan,LGD_2026_Bhuvan_2024,4916,MATCHED_AUTHORITATIVE_BOUNDARY
4917,Thondangi,Kakinada,Andhra Pradesh,17.232462,82.436346,MoPR_LGD_and_ISRO_Bhuvan,LGD_2026_Bhuvan_2024,4917,MATCHED_AUTHORITATIVE_BOUNDARY
4918,Tuni,Kakinada,Andhra Pradesh,17.367814,82.507434,MoPR_LGD_and_ISRO_Bhuvan,LGD_2026_Bhuvan_2024,4918,MATCHED_AUTHORITATIVE_BOUNDARY
4890,U.Kothapalle,Kakinada,Andhra Pradesh,17.111377,82.332739,MoPR_LGD_and_ISRO_Bhuvan,LGD_2026_Bhuvan_2024,4890,MATCHED_AUTHORITATIVE_BOUNDARY
4921,Yeleswaram,Kakinada,Andhra Pradesh,17.304696,82.10702,MoPR_LGD_and_ISRO_Bhuvan,LGD_2026_Bhuvan_2024,4921,MATCHED_AUTHORITATIVE_BOUNDARY
5101,Avanigadda,Krishna,Andhra Pradesh,16.007026,80.927566,MoPR_LGD_and_ISRO_Bhuvan,LGD_2026_Bhuvan_2024,5101,MATCHED_AUTHORITATIVE_BOUNDARY
5102,Bantumilli,Krishna,Andhra Pradesh,16.373433,81.252063,MoPR_LGD_and_ISRO_Bhuvan,LGD_2026_Bhuvan_2024,5102,MATCHED_AUTHORITATIVE_BOUNDARY
5103,Bapulapadu,Krishna,Andhra Pradesh,16.633696,80.938416,MoPR_LGD_and_ISRO_Bhuvan,LGD_2026_Bhuvan_2024,5103,MATCHED_AUTHORITATIVE_BOUNDARY
5104,Challapalli,Krishna,Andhra Pradesh,16.127719,80.9406,MoPR_LGD_and_ISRO_Bhuvan,LGD_2026_Bhuvan_2024,5104,MATCHED_AUTHORITATIVE_BOUNDARY
5109,Gannavaram,Krishna,Andhra Pradesh,16.572676,80.774883,MoPR_LGD_and_ISRO_Bhuvan,LGD_2026_Bhuvan_2024,5109,MATCHED_AUTHORITATIVE_BOUNDARY
5110,Ghantasala,Krishna,Andhra Pradesh,16.175339,80.925571,MoPR_LGD_and_ISRO_Bhuvan,LGD_2026_Bhuvan_2024,5110,MATCHED_AUTHORITATIVE_BOUNDARY
5111,Gudivada,Krishna,Andhra Pradesh,16.431564,81.020938,MoPR_LGD_and_ISRO_Bhuvan,LGD_2026_Bhuvan_2024,5111,MATCHED_AUTHORITATIVE_BOUNDARY
5112,Gudlavalleru,Krishna,Andhra Pradesh,16.341563,81.06696,MoPR_LGD_and_ISRO_Bhuvan,LGD_2026_Bhuvan_2024,5112,MATCHED_AUTHORITATIVE_BOUNDARY
5113,Guduru,Krishna,Andhra Pradesh,16.223207,81.072083,MoPR_LGD_and_ISRO_Bhuvan,LGD_2026_Bhuvan_2024,5113,MATCHED_AUTHORITATIVE_BOUNDARY
5119,Kankipadu,Krishna,Andhra Pradesh,16.447664,80.785218,MoPR_LGD_and_ISRO_Bhuvan,LGD_2026_Bhuvan_2024,5119,MATCHED_AUTHORITATIVE_BOUNDARY
5120,Koduru,Krishna,Andhra Pradesh,15.988822,81.039874,MoPR_LGD_and_ISRO_Bhuvan,LGD_2026_Bhuvan_2024,5120,MATCHED_AUTHORITATIVE_BOUNDARY
5121,Kruttivennu,Krishna,Andhra Pradesh,16.369277,81.389251,MoPR_LGD_and_ISRO_Bhuvan,LGD_2026_Bhuvan_2024,5121,MATCHED_AUTHORITATIVE_BOUNDARY
5122,Machilipatnam,Krishna,Andhra Pradesh,16.142561,81.143436,MoPR_LGD_and_ISRO_Bhuvan,LGD_2026_Bhuvan_2024,5122,MATCHED_AUTHORITATIVE_BOUNDARY
5124,Mopidevi,Krishna,Andhra Pradesh,16.075728,80.941305,MoPR_LGD_and_ISRO_Bhuvan,LGD_2026_Bhuvan_2024,5124,MATCHED_AUTHORITATIVE_BOUNDARY
5125,Movva,Krishna,Andhra Pradesh,16.237034,80.962944,MoPR_LGD_and_ISRO_Bhuvan,LGD_2026_Bhuvan_2024,5125,MATCHED_AUTHORITATIVE_BOUNDARY
5129,Nagayalanka,Krishna,Andhra Pradesh,15.832193,80.93791,MoPR_LGD_and_ISRO_Bhuvan,LGD_2026_Bhuvan_2024,5129,MATCHED_AUTHORITATIVE_BOUNDARY
5131,Nandivada,Krishna,Andhra Pradesh,16.522475,81.022097,MoPR_LGD_and_ISRO_Bhuvan,LGD_2026_Bhuvan_2024,5131,MATCHED_AUTHORITATIVE_BOUNDARY
5133,Pamarru,Krishna,Andhra Pradesh,16.319835,80.972458,MoPR_LGD_and_ISRO_Bhuvan,LGD_2026_Bhuvan_2024,5133,MATCHED_AUTHORITATIVE_BOUNDARY
5134,Pamidimukkala,Krishna,Andhra Pradesh,16.288425,80.866744,MoPR_LGD_and_ISRO_Bhuvan,LGD_2026_Bhuvan_2024,5134,MATCHED_AUTHORITATIVE_BOUNDARY
5135,Pedana,Krishna,Andhra Pradesh,16.315721,81.165731,MoPR_LGD_and_ISRO_Bhuvan,LGD_2026_Bhuvan_2024,5135,MATCHED_AUTHORITATIVE_BOUNDARY
5136,Pedaparupudi,Krishna,Andhra Pradesh,16.431018,80.935878,MoPR_LGD_and_ISRO_Bhuvan,LGD_2026_Bhuvan_2024,5136,MATCHED_AUTHORITATIVE_BOUNDARY
5137,Penamaluru,Krishna,Andhra Pradesh,16.465726,80.704008,MoPR_LGD_and_ISRO_Bhuvan,LGD_2026_Bhuvan_2024,5137,MATCHED_AUTHORITATIVE_BOUNDARY
5140,Thotlavalluru,Krishna,Andhra Pradesh,16.340985,80.783007,MoPR_LGD_and_ISRO_Bhuvan,LGD_2026_Bhuvan_2024,5140,MATCHED_AUTHORITATIVE_BOUNDARY
5142,Unguturu,Krishna,Andhra Pradesh,16.515196,80.868548,MoPR_LGD_and_ISRO_Bhuvan,LGD_2026_Bhuvan_2024,5142,MATCHED_AUTHORITATIVE_BOUNDARY
5148,Vuyyuru,Krishna,Andhra Pradesh,16.39748,80.859356,MoPR_LGD_and_ISRO_Bhuvan,LGD_2026_Bhuvan_2024,5148,MATCHED_AUTHORITATIVE_BOUNDARY
5149,Adoni,Kurnool,Andhra Pradesh,15.635496,77.23987,MoPR_LGD_and_ISRO_Bhuvan,LGD_2026_Bhuvan_2024,5149,MATCHED_AUTHORITATIVE_BOUNDARY
5151,Alur,Kurnool,Andhra Pradesh,15.410846,77.258152,MoPR_LGD_and_ISRO_Bhuvan,LGD_2026_Bhuvan_2024,5151,MATCHED_AUTHORITATIVE_BOUNDARY
5152,Aspari,Kurnool,Andhra Pradesh,15.518027,77.395357,MoPR_LGD_and_ISRO_Bhuvan,LGD_2026_Bhuvan_2024,5152,MATCHED_AUTHORITATIVE_BOUNDARY
5157,C.Belagal,Kurnool,Andhra Pradesh,15.833163,77.709076,MoPR_LGD_and_ISRO_Bhuvan,LGD_2026_Bhuvan_2024,5157,MATCHED_AUTHORITATIVE_BOUNDARY
5159,Chippagiri,Kurnool,Andhra Pradesh,15.239253,77.286164,MoPR_LGD_and_ISRO_Bhuvan,LGD_2026_Bhuvan_2024,5159,MATCHED_AUTHORITATIVE_BOUNDARY
5160,Devanakonda,Kurnool,Andhra Pradesh,15.561888,77.616653,MoPR_LGD_and_ISRO_Bhuvan,LGD_2026_Bhuvan_2024,5160,MATCHED_AUTHORITATIVE_BOUNDARY
5164,Gonegandla,Kurnool,Andhra Pradesh,15.69952,77.620464,MoPR_LGD_and_ISRO_Bhuvan,LGD_2026_Bhuvan_2024,5164,MATCHED_AUTHORITATIVE_BOUNDARY
5166,Gudur,Kurnool,Andhra Pradesh,15.76922,77.81854,MoPR_LGD_and_ISRO_Bhuvan,LGD_2026_Bhuvan_2024,5166,MATCHED_AUTHORITATIVE_BOUNDARY
5167,Halaharvi,Kurnool,Andhra Pradesh,15.305374,77.145468,MoPR_LGD_and_ISRO_Bhuvan,LGD_2026_Bhuvan_2024,5167,MATCHED_AUTHORITATIVE_BOUNDARY
5168,Holagunda,Kurnool,Andhra Pradesh,15.501315,77.096563,MoPR_LGD_and_ISRO_Bhuvan,LGD_2026_Bhuvan_2024,5168,MATCHED_AUTHORITATIVE_BOUNDARY
5170,Kallur,Kurnool,Andhra Pradesh,15.71917,77.973784,MoPR_LGD_and_ISRO_Bhuvan,LGD_2026_Bhuvan_2024,5170,MATCHED_AUTHORITATIVE_BOUNDARY
5171,Kodumur,Kurnool,Andhra Pradesh,15.679887,77.820501,MoPR_LGD_and_ISRO_Bhuvan,LGD_2026_Bhuvan_2024,5171,MATCHED_AUTHORITATIVE_BOUNDARY
5174,Kosigi,Kurnool,Andhra Pradesh,15.88713,77.234489,MoPR_LGD_and_ISRO_Bhuvan,LGD_2026_Bhuvan_2024,5174,MATCHED_AUTHORITATIVE_BOUNDARY
5176,Kowthalam,Kurnool,Andhra Pradesh,15.797702,77.127209,MoPR_LGD_and_ISRO_Bhuvan,LGD_2026_Bhuvan_2024,5176,MATCHED_AUTHORITATIVE_BOUNDARY
5177,Krishnagiri,Kurnool,Andhra Pradesh,15.525442,77.788619,MoPR_LGD_and_ISRO_Bhuvan,LGD_2026_Bhuvan_2024,5177,MATCHED_AUTHORITATIVE_BOUNDARY
5178,Kurnool,Kurnool,Andhra Pradesh,15.81935,77.891507,MoPR_LGD_and_ISRO_Bhuvan,LGD_2026_Bhuvan_2024,5178,MATCHED_AUTHORITATIVE_BOUNDARY
5179,Maddikera (East),Kurnool,Andhra Pradesh,15.281111,77.442988,MoPR_LGD_and_ISRO_Bhuvan,LGD_2026_Bhuvan_2024,5179,MATCHED_AUTHORITATIVE_BOUNDARY
5181,Mantralayam,Kurnool,Andhra Pradesh,15.894752,77.362403,MoPR_LGD_and_ISRO_Bhuvan,LGD_2026_Bhuvan_2024,5181,MATCHED_AUTHORITATIVE_BOUNDARY
5183,Nandavaram,Kurnool,Andhra Pradesh,15.866793,77.513135,MoPR_LGD_and_ISRO_Bhuvan,LGD_2026_Bhuvan_2024,5183,MATCHED_AUTHORITATIVE_BOUNDARY
5186,Orvakal,Kurnool,Andhra Pradesh,15.660598,78.149506,MoPR_LGD_and_ISRO_Bhuvan,LGD_2026_Bhuvan_2024,5186,MATCHED_AUTHORITATIVE_BOUNDARY
5191,Pattikonda,Kurnool,Andhra Pradesh,15.418779,77.49661,MoPR_LGD_and_ISRO_Bhuvan,LGD_2026_Bhuvan_2024,5191,MATCHED_AUTHORITATIVE_BOUNDARY
5193,Peddakadabur,Kurnool,Andhra Pradesh,15.771855,77.340839,MoPR_LGD_and_ISRO_Bhuvan,LGD_2026_Bhuvan_2024,5193,MATCHED_AUTHORITATIVE_BOUNDARY
5198,Tuggali,Kurnool,Andhra Pradesh,15.314225,77.609671,MoPR_LGD_and_ISRO_Bhuvan,LGD_2026_Bhuvan_2024,5198,MATCHED_AUTHORITATIVE_BOUNDARY
5200,Veldurthi,Kurnool,Andhra Pradesh,15.534203,77.986218,MoPR_LGD_and_ISRO_Bhuvan,LGD_2026_Bhuvan_2024,5200,MATCHED_AUTHORITATIVE_BOUNDARY
5202,Yemmiganur,Kurnool,Andhra Pradesh,15.739343,77.489751,MoPR_LGD_and_ISRO_Bhuvan,LGD_2026_Bhuvan_2024,5202,MATCHED_AUTHORITATIVE_BOUNDARY
5455,Ardhaveedu,Markapuram,Andhra Pradesh,15.683469,78.944927,MoPR_LGD_and_ISRO_Bhuvan,LGD_2026_Bhuvan_2024,5455,MATCHED_AUTHORITATIVE_BOUNDARY
5457,Bestavaripeta,Markapuram,Andhra Pradesh,15.407247,79.11493,MoPR_LGD_and_ISRO_Bhuvan,LGD_2026_Bhuvan_2024,5457,MATCHED_AUTHORITATIVE_BOUNDARY
5458,Chandra Sekhara Puram,Markapuram,Andhra Pradesh,15.18533,79.214048,MoPR_LGD_and_ISRO_Bhuvan,LGD_2026_Bhuvan_2024,5458,MATCHED_AUTHORITATIVE_BOUNDARY
5462,Cumbum,Markapuram,Andhra Pradesh,15.569052,79.080837,MoPR_LGD_and_ISRO_Bhuvan,LGD_2026_Bhuvan_2024,5462,MATCHED_AUTHORITATIVE_BOUNDARY
5465,Dornala,Markapuram,Andhra Pradesh,15.98213,79.043488,MoPR_LGD_and_ISRO_Bhuvan,LGD_2026_Bhuvan_2024,5465,MATCHED_AUTHORITATIVE_BOUNDARY
5466,Giddaluru,Markapuram,Andhra Pradesh,15.364493,78.842361,MoPR_LGD_and_ISRO_Bhuvan,LGD_2026_Bhuvan_2024,5466,MATCHED_AUTHORITATIVE_BOUNDARY
5468,Hanumanthuni Padu,Markapuram,Andhra Pradesh,15.476698,79.329943,MoPR_LGD_and_ISRO_Bhuvan,LGD_2026_Bhuvan_2024,5468,MATCHED_AUTHORITATIVE_BOUNDARY
5472,Kanigiri,Markapuram,Andhra Pradesh,15.365893,79.498641,MoPR_LGD_and_ISRO_Bhuvan,LGD_2026_Bhuvan_2024,5472,MATCHED_AUTHORITATIVE_BOUNDARY
5474,Komarolu,Markapuram,Andhra Pradesh,15.27588,78.994937,MoPR_LGD_and_ISRO_Bhuvan,LGD_2026_Bhuvan_2024,5474,MATCHED_AUTHORITATIVE_BOUNDARY
5475,Konakanamittla,Markapuram,Andhra Pradesh,15.61749,79.459291,MoPR_LGD_and_ISRO_Bhuvan,LGD_2026_Bhuvan_2024,5475,MATCHED_AUTHORITATIVE_BOUNDARY
5482,Markapur,Markapuram,Andhra Pradesh,15.731108,79.254441,MoPR_LGD_and_ISRO_Bhuvan,LGD_2026_Bhuvan_2024,5482,MATCHED_AUTHORITATIVE_BOUNDARY
5488,Pamur,Markapuram,Andhra Pradesh,15.1218,79.478692,MoPR_LGD_and_ISRO_Bhuvan,LGD_2026_Bhuvan_2024,5488,MATCHED_AUTHORITATIVE_BOUNDARY
5490,Peda Araveedu,Markapuram,Andhra Pradesh,15.853893,79.238081,MoPR_LGD_and_ISRO_Bhuvan,LGD_2026_Bhuvan_2024,5490,MATCHED_AUTHORITATIVE_BOUNDARY
5491,Pedacherlo Palle,Markapuram,Andhra Pradesh,15.248021,79.577935,MoPR_LGD_and_ISRO_Bhuvan,LGD_2026_Bhuvan_2024,5491,MATCHED_AUTHORITATIVE_BOUNDARY
5492,Podili,Markapuram,Andhra Pradesh,15.611219,79.624301,MoPR_LGD_and_ISRO_Bhuvan,LGD_2026_Bhuvan_2024,5492,MATCHED_AUTHORITATIVE_BOUNDARY
5494,Pullalacheruvu,Markapuram,Andhra Pradesh,16.164398,79.416424,MoPR_LGD_and_ISRO_Bhuvan,LGD_2026_Bhuvan_2024,5494,MATCHED_AUTHORITATIVE_BOUNDARY
5495,Racherla,Markapuram,Andhra Pradesh,15.505962,78.933792,MoPR_LGD_and_ISRO_Bhuvan,LGD_2026_Bhuvan_2024,5495,MATCHED_AUTHORITATIVE_BOUNDARY
5500,Tarlupadu,Markapuram,Andhra Pradesh,15.6487,79.292525,MoPR_LGD_and_ISRO_Bhuvan,LGD_2026_Bhuvan_2024,5500,MATCHED_AUTHORITATIVE_BOUNDARY
5502,Tripuranthakam,Markapuram,Andhra Pradesh,15.994398,79.447151,MoPR_LGD_and_ISRO_Bhuvan,LGD_2026_Bhuvan_2024,5502,MATCHED_AUTHORITATIVE_BOUNDARY
5504,Veligandla,Markapuram,Andhra Pradesh,15.343958,79.299191,MoPR_LGD_and_ISRO_Bhuvan,LGD_2026_Bhuvan_2024,5504,MATCHED_AUTHORITATIVE_BOUNDARY
5508,Yerragondapalem,Markapuram,Andhra Pradesh,15.997161,79.279852,MoPR_LGD_and_ISRO_Bhuvan,LGD_2026_Bhuvan_2024,5508,MATCHED_AUTHORITATIVE_BOUNDARY
5150,Allagadda,Nandyal,Andhra Pradesh,15.163376,78.507614,MoPR_LGD_and_ISRO_Bhuvan,LGD_2026_Bhuvan_2024,5150,MATCHED_AUTHORITATIVE_BOUNDARY
5153,Atmakur,Nandyal,Andhra Pradesh,15.911674,78.719423,MoPR_LGD_and_ISRO_Bhuvan,LGD_2026_Bhuvan_2024,5153,MATCHED_AUTHORITATIVE_BOUNDARY
5154,Banaganapalle,Nandyal,Andhra Pradesh,15.357284,78.216294,MoPR_LGD_and_ISRO_Bhuvan,LGD_2026_Bhuvan_2024,5154,MATCHED_AUTHORITATIVE_BOUNDARY
5155,Bandi Atmakur,Nandyal,Andhra Pradesh,15.554169,78.652019,MoPR_LGD_and_ISRO_Bhuvan,LGD_2026_Bhuvan_2024,5155,MATCHED_AUTHORITATIVE_BOUNDARY
5156,Bethamcherla,Nandyal,Andhra Pradesh,15.461556,78.106371,MoPR_LGD_and_ISRO_Bhuvan,LGD_2026_Bhuvan_2024,5156,MATCHED_AUTHORITATIVE_BOUNDARY
5158,Chagalamarri,Nandyal,Andhra Pradesh,15.013601,78.628164,MoPR_LGD_and_ISRO_Bhuvan,LGD_2026_Bhuvan_2024,5158,MATCHED_AUTHORITATIVE_BOUNDARY
5161,Dhone Alias Dronachalam,Nandyal,Andhra Pradesh,15.375861,77.847886,MoPR_LGD_and_ISRO_Bhuvan,LGD_2026_Bhuvan_2024,5161,MATCHED_AUTHORITATIVE_BOUNDARY
5162,Dornipadu,Nandyal,Andhra Pradesh,15.218659,78.421475,MoPR_LGD_and_ISRO_Bhuvan,LGD_2026_Bhuvan_2024,5162,MATCHED_AUTHORITATIVE_BOUNDARY
5163,Gadivemula,Nandyal,Andhra Pradesh,15.635576,78.397262,MoPR_LGD_and_ISRO_Bhuvan,LGD_2026_Bhuvan_2024,5163,MATCHED_AUTHORITATIVE_BOUNDARY
5165,Gospadu,Nandyal,Andhra Pradesh,15.352453,78.444234,MoPR_LGD_and_ISRO_Bhuvan,LGD_2026_Bhuvan_2024,5165,MATCHED_AUTHORITATIVE_BOUNDARY
5169,Jupadu Bungalow,Nandyal,Andhra Pradesh,15.83959,78.38585,MoPR_LGD_and_ISRO_Bhuvan,LGD_2026_Bhuvan_2024,5169,MATCHED_AUTHORITATIVE_BOUNDARY
5172,Koilakuntla,Nandyal,Andhra Pradesh,15.247478,78.337717,MoPR_LGD_and_ISRO_Bhuvan,LGD_2026_Bhuvan_2024,5172,MATCHED_AUTHORITATIVE_BOUNDARY
5173,Kolimigundla,Nandyal,Andhra Pradesh,15.039404,78.120986,MoPR_LGD_and_ISRO_Bhuvan,LGD_2026_Bhuvan_2024,5173,MATCHED_AUTHORITATIVE_BOUNDARY
5175,Kothapalle,Nandyal,Andhra Pradesh,15.991408,78.492958,MoPR_LGD_and_ISRO_Bhuvan,LGD_2026_Bhuvan_2024,5175,MATCHED_AUTHORITATIVE_BOUNDARY
5180,Mahanandi,Nandyal,Andhra Pradesh,15.45233,78.581175,MoPR_LGD_and_ISRO_Bhuvan,LGD_2026_Bhuvan_2024,5180,MATCHED_AUTHORITATIVE_BOUNDARY
5182,Midthur,Nandyal,Andhra Pradesh,15.745851,78.301759,MoPR_LGD_and_ISRO_Bhuvan,LGD_2026_Bhuvan_2024,5182,MATCHED_AUTHORITATIVE_BOUNDARY
5184,Nandikotkur,Nandyal,Andhra Pradesh,15.866455,78.234754,MoPR_LGD_and_ISRO_Bhuvan,LGD_2026_Bhuvan_2024,5184,MATCHED_AUTHORITATIVE_BOUNDARY
5185,Nandyal,Nandyal,Andhra Pradesh,15.471055,78.46643,MoPR_LGD_and_ISRO_Bhuvan,LGD_2026_Bhuvan_2024,5185,MATCHED_AUTHORITATIVE_BOUNDARY
5187,Owk,Nandyal,Andhra Pradesh,15.20809,78.073538,MoPR_LGD_and_ISRO_Bhuvan,LGD_2026_Bhuvan_2024,5187,MATCHED_AUTHORITATIVE_BOUNDARY
5188,Pagidyala,Nandyal,Andhra Pradesh,15.957968,78.3251,MoPR_LGD_and_ISRO_Bhuvan,LGD_2026_Bhuvan_2024,5188,MATCHED_AUTHORITATIVE_BOUNDARY
5189,Pamulapadu,Nandyal,Andhra Pradesh,15.811194,78.493089,MoPR_LGD_and_ISRO_Bhuvan,LGD_2026_Bhuvan_2024,5189,MATCHED_AUTHORITATIVE_BOUNDARY
5190,Panyam,Nandyal,Andhra Pradesh,15.51787,78.309584,MoPR_LGD_and_ISRO_Bhuvan,LGD_2026_Bhuvan_2024,5190,MATCHED_AUTHORITATIVE_BOUNDARY
5192,Peapully,Nandyal,Andhra Pradesh,15.232866,77.829888,MoPR_LGD_and_ISRO_Bhuvan,LGD_2026_Bhuvan_2024,5192,MATCHED_AUTHORITATIVE_BOUNDARY
5194,Rudravaram,Nandyal,Andhra Pradesh,15.266743,78.642563,MoPR_LGD_and_ISRO_Bhuvan,LGD_2026_Bhuvan_2024,5194,MATCHED_AUTHORITATIVE_BOUNDARY
5195,Sanjamala,Nandyal,Andhra Pradesh,15.129713,78.241872,MoPR_LGD_and_ISRO_Bhuvan,LGD_2026_Bhuvan_2024,5195,MATCHED_AUTHORITATIVE_BOUNDARY
5196,Sirivel,Nandyal,Andhra Pradesh,15.33957,78.529971,MoPR_LGD_and_ISRO_Bhuvan,LGD_2026_Bhuvan_2024,5196,MATCHED_AUTHORITATIVE_BOUNDARY
5197,Srisailam,Nandyal,Andhra Pradesh,16.084295,78.877978,MoPR_LGD_and_ISRO_Bhuvan,LGD_2026_Bhuvan_2024,5197,MATCHED_AUTHORITATIVE_BOUNDARY
5199,Uyyalawada,Nandyal,Andhra Pradesh,15.081108,78.393006,MoPR_LGD_and_ISRO_Bhuvan,LGD_2026_Bhuvan_2024,5199,MATCHED_AUTHORITATIVE_BOUNDARY
5201,Velugodu,Nandyal,Andhra Pradesh,15.718908,78.627799,MoPR_LGD_and_ISRO_Bhuvan,LGD_2026_Bhuvan_2024,5201,MATCHED_AUTHORITATIVE_BOUNDARY
5099,A.Konduru,Ntr,Andhra Pradesh,16.959695,80.64867,MoPR_LGD_and_ISRO_Bhuvan,LGD_2026_Bhuvan_2024,5099,MATCHED_AUTHORITATIVE_BOUNDARY
5105,Chandarlapadu,Ntr,Andhra Pradesh,16.687036,80.221798,MoPR_LGD_and_ISRO_Bhuvan,LGD_2026_Bhuvan_2024,5105,MATCHED_AUTHORITATIVE_BOUNDARY
5108,Gampalagudem,Ntr,Andhra Pradesh,16.997219,80.48261,MoPR_LGD_and_ISRO_Bhuvan,LGD_2026_Bhuvan_2024,5108,MATCHED_AUTHORITATIVE_BOUNDARY
5107,G.Konduru,Ntr,Andhra Pradesh,16.699572,80.592243,MoPR_LGD_and_ISRO_Bhuvan,LGD_2026_Bhuvan_2024,5107,MATCHED_AUTHORITATIVE_BOUNDARY
5114,Ibrahimpatnam,Ntr,Andhra Pradesh,16.630026,80.495503,MoPR_LGD_and_ISRO_Bhuvan,LGD_2026_Bhuvan_2024,5114,MATCHED_AUTHORITATIVE_BOUNDARY
5115,Jaggayyapeta,Ntr,Andhra Pradesh,16.886869,80.10965,MoPR_LGD_and_ISRO_Bhuvan,LGD_2026_Bhuvan_2024,5115,MATCHED_AUTHORITATIVE_BOUNDARY
5118,Kanchikacherla,Ntr,Andhra Pradesh,16.664142,80.373078,MoPR_LGD_and_ISRO_Bhuvan,LGD_2026_Bhuvan_2024,5118,MATCHED_AUTHORITATIVE_BOUNDARY
5128,Mylavaram,Ntr,Andhra Pradesh,16.79669,80.655324,MoPR_LGD_and_ISRO_Bhuvan,LGD_2026_Bhuvan_2024,5128,MATCHED_AUTHORITATIVE_BOUNDARY
5130,Nandigama,Ntr,Andhra Pradesh,16.785397,80.292349,MoPR_LGD_and_ISRO_Bhuvan,LGD_2026_Bhuvan_2024,5130,MATCHED_AUTHORITATIVE_BOUNDARY
5138,Penuganchiprolu,Ntr,Andhra Pradesh,16.862861,80.252727,MoPR_LGD_and_ISRO_Bhuvan,LGD_2026_Bhuvan_2024,5138,MATCHED_AUTHORITATIVE_BOUNDARY
5139,Reddigudem,Ntr,Andhra Pradesh,16.86986,80.725572,MoPR_LGD_and_ISRO_Bhuvan,LGD_2026_Bhuvan_2024,5139,MATCHED_AUTHORITATIVE_BOUNDARY
5141,Tiruvuru,Ntr,Andhra Pradesh,17.075939,80.58859,MoPR_LGD_and_ISRO_Bhuvan,LGD_2026_Bhuvan_2024,5141,MATCHED_AUTHORITATIVE_BOUNDARY
5143,Vatsavai,Ntr,Andhra Pradesh,16.951497,80.215071,MoPR_LGD_and_ISRO_Bhuvan,LGD_2026_Bhuvan_2024,5143,MATCHED_AUTHORITATIVE_BOUNDARY
5144,Veerullapadu,Ntr,Andhra Pradesh,16.761238,80.427604,MoPR_LGD_and_ISRO_Bhuvan,LGD_2026_Bhuvan_2024,5144,MATCHED_AUTHORITATIVE_BOUNDARY
5145,Vijayawada Rural,Ntr,Andhra Pradesh,16.58858,80.644725,MoPR_LGD_and_ISRO_Bhuvan,LGD_2026_Bhuvan_2024,5145,MATCHED_AUTHORITATIVE_BOUNDARY
5146,Vijayawada Urban,Ntr,Andhra Pradesh,16.521509,80.636231,MoPR_LGD_and_ISRO_Bhuvan,LGD_2026_Bhuvan_2024,5146,MATCHED_AUTHORITATIVE_BOUNDARY
5147,Vissannapet,Ntr,Andhra Pradesh,16.983554,80.767241,MoPR_LGD_and_ISRO_Bhuvan,LGD_2026_Bhuvan_2024,5147,MATCHED_AUTHORITATIVE_BOUNDARY
4923,Amaravathi,Palnadu,Andhra Pradesh,16.549459,80.331475,MoPR_LGD_and_ISRO_Bhuvan,LGD_2026_Bhuvan_2024,4923,MATCHED_AUTHORITATIVE_BOUNDARY
4925,Atchempet,Palnadu,Andhra Pradesh,16.634771,80.131614,MoPR_LGD_and_ISRO_Bhuvan,LGD_2026_Bhuvan_2024,4925,MATCHED_AUTHORITATIVE_BOUNDARY
4927,Bellamkonda,Palnadu,Andhra Pradesh,16.640767,80.029916,MoPR_LGD_and_ISRO_Bhuvan,LGD_2026_Bhuvan_2024,4927,MATCHED_AUTHORITATIVE_BOUNDARY
4929,Bollapalle,Palnadu,Andhra Pradesh,16.236008,79.661887,MoPR_LGD_and_ISRO_Bhuvan,LGD_2026_Bhuvan_2024,4929,MATCHED_AUTHORITATIVE_BOUNDARY
4932,Chilakaluripet,Palnadu,Andhra Pradesh,16.088983,80.139327,MoPR_LGD_and_ISRO_Bhuvan,LGD_2026_Bhuvan_2024,4932,MATCHED_AUTHORITATIVE_BOUNDARY
4933,Dachepalle,Palnadu,Andhra Pradesh,16.633166,79.748638,MoPR_LGD_and_ISRO_Bhuvan,LGD_2026_Bhuvan_2024,4933,MATCHED_AUTHORITATIVE_BOUNDARY
4935,Durgi,Palnadu,Andhra Pradesh,16.35037,79.476314,MoPR_LGD_and_ISRO_Bhuvan,LGD_2026_Bhuvan_2024,4935,MATCHED_AUTHORITATIVE_BOUNDARY
4936,Edlapadu,Palnadu,Andhra Pradesh,16.198878,80.258641,MoPR_LGD_and_ISRO_Bhuvan,LGD_2026_Bhuvan_2024,4936,MATCHED_AUTHORITATIVE_BOUNDARY
4938,Gurazala,Palnadu,Andhra Pradesh,16.567266,79.623112,MoPR_LGD_and_ISRO_Bhuvan,LGD_2026_Bhuvan_2024,4938,MATCHED_AUTHORITATIVE_BOUNDARY
4939,Ipur,Palnadu,Andhra Pradesh,16.203524,79.791316,MoPR_LGD_and_ISRO_Bhuvan,LGD_2026_Bhuvan_2024,4939,MATCHED_AUTHORITATIVE_BOUNDARY
4941,Karempudi,Palnadu,Andhra Pradesh,16.44813,79.706116,MoPR_LGD_and_ISRO_Bhuvan,LGD_2026_Bhuvan_2024,4941,MATCHED_AUTHORITATIVE_BOUNDARY
4945,Krosuru,Palnadu,Andhra Pradesh,16.528951,80.117623,MoPR_LGD_and_ISRO_Bhuvan,LGD_2026_Bhuvan_2024,4945,MATCHED_AUTHORITATIVE_BOUNDARY
4946,Machavaram,Palnadu,Andhra Pradesh,16.58887,79.879558,MoPR_LGD_and_ISRO_Bhuvan,LGD_2026_Bhuvan_2024,4946,MATCHED_AUTHORITATIVE_BOUNDARY
4947,Macherla,Palnadu,Andhra Pradesh,16.511212,79.37365,MoPR_LGD_and_ISRO_Bhuvan,LGD_2026_Bhuvan_2024,4947,MATCHED_AUTHORITATIVE_BOUNDARY
4950,Muppalla,Palnadu,Andhra Pradesh,16.349678,80.096479,MoPR_LGD_and_ISRO_Bhuvan,LGD_2026_Bhuvan_2024,4950,MATCHED_AUTHORITATIVE_BOUNDARY
4951,Nadendla,Palnadu,Andhra Pradesh,16.203368,80.156029,MoPR_LGD_and_ISRO_Bhuvan,LGD_2026_Bhuvan_2024,4951,MATCHED_AUTHORITATIVE_BOUNDARY
4953,Narasaraopeta,Palnadu,Andhra Pradesh,16.218329,80.039876,MoPR_LGD_and_ISRO_Bhuvan,LGD_2026_Bhuvan_2024,4953,MATCHED_AUTHORITATIVE_BOUNDARY
4954,Nekarikallu,Palnadu,Andhra Pradesh,16.34236,79.914898,MoPR_LGD_and_ISRO_Bhuvan,LGD_2026_Bhuvan_2024,4954,MATCHED_AUTHORITATIVE_BOUNDARY
4956,Nuzendla,Palnadu,Andhra Pradesh,15.949061,79.714237,MoPR_LGD_and_ISRO_Bhuvan,LGD_2026_Bhuvan_2024,4956,MATCHED_AUTHORITATIVE_BOUNDARY
4958,Pedakurapadu,Palnadu,Andhra Pradesh,16.488781,80.274586,MoPR_LGD_and_ISRO_Bhuvan,LGD_2026_Bhuvan_2024,4958,MATCHED_AUTHORITATIVE_BOUNDARY
4961,Piduguralla,Palnadu,Andhra Pradesh,16.472257,79.848083,MoPR_LGD_and_ISRO_Bhuvan,LGD_2026_Bhuvan_2024,4961,MATCHED_AUTHORITATIVE_BOUNDARY
4965,Rajupalem,Palnadu,Andhra Pradesh,16.430204,79.978898,MoPR_LGD_and_ISRO_Bhuvan,LGD_2026_Bhuvan_2024,4965,MATCHED_AUTHORITATIVE_BOUNDARY
4966,Rentachintala,Palnadu,Andhra Pradesh,16.561805,79.50434,MoPR_LGD_and_ISRO_Bhuvan,LGD_2026_Bhuvan_2024,4966,MATCHED_AUTHORITATIVE_BOUNDARY
4968,Rompicherla,Palnadu,Andhra Pradesh,16.231615,79.925993,MoPR_LGD_and_ISRO_Bhuvan,LGD_2026_Bhuvan_2024,4968,MATCHED_AUTHORITATIVE_BOUNDARY
4969,Sattenapalle,Palnadu,Andhra Pradesh,16.426936,80.163425,MoPR_LGD_and_ISRO_Bhuvan,LGD_2026_Bhuvan_2024,4969,MATCHED_AUTHORITATIVE_BOUNDARY
4970,Savalyapuram,Palnadu,Andhra Pradesh,16.101824,79.842909,MoPR_LGD_and_ISRO_Bhuvan,LGD_2026_Bhuvan_2024,4970,MATCHED_AUTHORITATIVE_BOUNDARY
4977,Veldurthy,Palnadu,Andhra Pradesh,16.370941,79.312324,MoPR_LGD_and_ISRO_Bhuvan,LGD_2026_Bhuvan_2024,4977,MATCHED_AUTHORITATIVE_BOUNDARY
4979,Vinukonda,Palnadu,Andhra Pradesh,16.034837,79.722709,MoPR_LGD_and_ISRO_Bhuvan,LGD_2026_Bhuvan_2024,4979,MATCHED_AUTHORITATIVE_BOUNDARY
5624,Balijipeta,Parvathipuram Manyam,Andhra Pradesh,18.617991,83.511215,MoPR_LGD_and_ISRO_Bhuvan,LGD_2026_Bhuvan_2024,5624,MATCHED_AUTHORITATIVE_BOUNDARY
5544,Bhamini,Parvathipuram Manyam,Andhra Pradesh,18.891949,83.813599,MoPR_LGD_and_ISRO_Bhuvan,LGD_2026_Bhuvan_2024,5544,MATCHED_AUTHORITATIVE_BOUNDARY
5634,Garugubilli,Parvathipuram Manyam,Andhra Pradesh,18.734917,83.494376,MoPR_LGD_and_ISRO_Bhuvan,LGD_2026_Bhuvan_2024,5634,MATCHED_AUTHORITATIVE_BOUNDARY
5635,Gummalakshmipuram,Parvathipuram Manyam,Andhra Pradesh,19.015088,83.585413,MoPR_LGD_and_ISRO_Bhuvan,LGD_2026_Bhuvan_2024,5635,MATCHED_AUTHORITATIVE_BOUNDARY
5638,Jiyyammavalasa,Parvathipuram Manyam,Andhra Pradesh,18.804629,83.567497,MoPR_LGD_and_ISRO_Bhuvan,LGD_2026_Bhuvan_2024,5638,MATCHED_AUTHORITATIVE_BOUNDARY
5639,Komarada,Parvathipuram Manyam,Andhra Pradesh,18.909252,83.42712,MoPR_LGD_and_ISRO_Bhuvan,LGD_2026_Bhuvan_2024,5639,MATCHED_AUTHORITATIVE_BOUNDARY
5641,Kurupam,Parvathipuram Manyam,Andhra Pradesh,18.882889,83.67308,MoPR_LGD_and_ISRO_Bhuvan,LGD_2026_Bhuvan_2024,5641,MATCHED_AUTHORITATIVE_BOUNDARY
5643,Makkuva,Parvathipuram Manyam,Andhra Pradesh,18.685325,83.245072,MoPR_LGD_and_ISRO_Bhuvan,LGD_2026_Bhuvan_2024,5643,MATCHED_AUTHORITATIVE_BOUNDARY
5647,Pachipenta,Parvathipuram Manyam,Andhra Pradesh,18.452396,83.126324,MoPR_LGD_and_ISRO_Bhuvan,LGD_2026_Bhuvan_2024,5647,MATCHED_AUTHORITATIVE_BOUNDARY
5562,Palakonda,Parvathipuram Manyam,Andhra Pradesh,18.622289,83.727289,MoPR_LGD_and_ISRO_Bhuvan,LGD_2026_Bhuvan_2024,5562,MATCHED_AUTHORITATIVE_BOUNDARY
5648,Parvathipuram,Parvathipuram Manyam,Andhra Pradesh,18.765661,83.355741,MoPR_LGD_and_ISRO_Bhuvan,LGD_2026_Bhuvan_2024,5648,MATCHED_AUTHORITATIVE_BOUNDARY
5651,Salur,Parvathipuram Manyam,Andhra Pradesh,18.626115,83.141864,MoPR_LGD_and_ISRO_Bhuvan,LGD_2026_Bhuvan_2024,5651,MATCHED_AUTHORITATIVE_BOUNDARY
5574,Seethampeta,Parvathipuram Manyam,Andhra Pradesh,18.694638,83.781565,MoPR_LGD_and_ISRO_Bhuvan,LGD_2026_Bhuvan_2024,5574,MATCHED_AUTHORITATIVE_BOUNDARY
5652,Seethanagaram,Parvathipuram Manyam,Andhra Pradesh,18.665217,83.390316,MoPR_LGD_and_ISRO_Bhuvan,LGD_2026_Bhuvan_2024,5652,MATCHED_AUTHORITATIVE_BOUNDARY
5580,Veeraghattam,Parvathipuram Manyam,Andhra Pradesh,18.677069,83.627191,MoPR_LGD_and_ISRO_Bhuvan,LGD_2026_Bhuvan_2024,5580,MATCHED_AUTHORITATIVE_BOUNDARY
4865,Addateegala,Polavaram,Andhra Pradesh,17.506705,82.060844,MoPR_LGD_and_ISRO_Bhuvan,LGD_2026_Bhuvan_2024,4865,MATCHED_AUTHORITATIVE_BOUNDARY
5062,Chintoor,Polavaram,Andhra Pradesh,17.759652,81.40327,MoPR_LGD_and_ISRO_Bhuvan,LGD_2026_Bhuvan_2024,5062,MATCHED_AUTHORITATIVE_BOUNDARY
4874,Devipatnam,Polavaram,Andhra Pradesh,17.354124,81.6805,MoPR_LGD_and_ISRO_Bhuvan,LGD_2026_Bhuvan_2024,4874,MATCHED_AUTHORITATIVE_BOUNDARY
4876,Gangavaram,Polavaram,Andhra Pradesh,17.38755,81.950454,MoPR_LGD_and_ISRO_Bhuvan,LGD_2026_Bhuvan_2024,4876,MATCHED_AUTHORITATIVE_BOUNDARY
5076,Kunavaram,Polavaram,Andhra Pradesh,17.64636,81.24675,MoPR_LGD_and_ISRO_Bhuvan,LGD_2026_Bhuvan_2024,5076,MATCHED_AUTHORITATIVE_BOUNDARY
4895,Maredumilli,Polavaram,Andhra Pradesh,17.640177,81.690843,MoPR_LGD_and_ISRO_Bhuvan,LGD_2026_Bhuvan_2024,4895,MATCHED_AUTHORITATIVE_BOUNDARY
6829,Nellipaka,Polavaram,Andhra Pradesh,17.687459,81.005899,MoPR_LGD_and_ISRO_Bhuvan,LGD_2026_Bhuvan_2024,6829,MATCHED_AUTHORITATIVE_BOUNDARY
4905,Rajavommangi,Polavaram,Andhra Pradesh,17.503782,82.213574,MoPR_LGD_and_ISRO_Bhuvan,LGD_2026_Bhuvan_2024,4905,MATCHED_AUTHORITATIVE_BOUNDARY
4907,Rampachodavaram,Polavaram,Andhra Pradesh,17.428319,81.784056,MoPR_LGD_and_ISRO_Bhuvan,LGD_2026_Bhuvan_2024,4907,MATCHED_AUTHORITATIVE_BOUNDARY
5091,Vararamachandrapuram,Polavaram,Andhra Pradesh,17.575897,81.399204,MoPR_LGD_and_ISRO_Bhuvan,LGD_2026_Bhuvan_2024,5091,MATCHED_AUTHORITATIVE_BOUNDARY
4920,Y. Ramavaram,Polavaram,Andhra Pradesh,17.769315,81.863973,MoPR_LGD_and_ISRO_Bhuvan,LGD_2026_Bhuvan_2024,4920,MATCHED_AUTHORITATIVE_BOUNDARY
5454,Addanki,Prakasam,Andhra Pradesh,15.821593,79.967563,MoPR_LGD_and_ISRO_Bhuvan,LGD_2026_Bhuvan_2024,5454,MATCHED_AUTHORITATIVE_BOUNDARY
5456,Ballikurava,Prakasam,Andhra Pradesh,15.997151,79.995188,MoPR_LGD_and_ISRO_Bhuvan,LGD_2026_Bhuvan_2024,5456,MATCHED_AUTHORITATIVE_BOUNDARY
5459,Chimakurthi,Prakasam,Andhra Pradesh,15.59581,79.855299,MoPR_LGD_and_ISRO_Bhuvan,LGD_2026_Bhuvan_2024,5459,MATCHED_AUTHORITATIVE_BOUNDARY
5463,Darsi,Prakasam,Andhra Pradesh,15.754187,79.670723,MoPR_LGD_and_ISRO_Bhuvan,LGD_2026_Bhuvan_2024,5463,MATCHED_AUTHORITATIVE_BOUNDARY
5464,Donakonda,Prakasam,Andhra Pradesh,15.817699,79.443437,MoPR_LGD_and_ISRO_Bhuvan,LGD_2026_Bhuvan_2024,5464,MATCHED_AUTHORITATIVE_BOUNDARY
5467,Gudluru,Prakasam,Andhra Pradesh,15.054422,79.92507,MoPR_LGD_and_ISRO_Bhuvan,LGD_2026_Bhuvan_2024,5467,MATCHED_AUTHORITATIVE_BOUNDARY
5470,Janakavaram Ponguluru,Prakasam,Andhra Pradesh,15.820353,80.091324,MoPR_LGD_and_ISRO_Bhuvan,LGD_2026_Bhuvan_2024,5470,MATCHED_AUTHORITATIVE_BOUNDARY
5471,Kandukur,Prakasam,Andhra Pradesh,15.222964,79.911862,MoPR_LGD_and_ISRO_Bhuvan,LGD_2026_Bhuvan_2024,5471,MATCHED_AUTHORITATIVE_BOUNDARY
5476,Kondapi,Prakasam,Andhra Pradesh,15.409287,79.844956,MoPR_LGD_and_ISRO_Bhuvan,LGD_2026_Bhuvan_2024,5476,MATCHED_AUTHORITATIVE_BOUNDARY
5477,Korisapadu,Prakasam,Andhra Pradesh,15.726366,80.0622,MoPR_LGD_and_ISRO_Bhuvan,LGD_2026_Bhuvan_2024,5477,MATCHED_AUTHORITATIVE_BOUNDARY
5478,Kotha Patnam,Prakasam,Andhra Pradesh,15.439007,80.127702,MoPR_LGD_and_ISRO_Bhuvan,LGD_2026_Bhuvan_2024,5478,MATCHED_AUTHORITATIVE_BOUNDARY
5479,Kurichedu,Prakasam,Andhra Pradesh,15.898334,79.561374,MoPR_LGD_and_ISRO_Bhuvan,LGD_2026_Bhuvan_2024,5479,MATCHED_AUTHORITATIVE_BOUNDARY
5480,Lingasamudram,Prakasam,Andhra Pradesh,15.064416,79.746422,MoPR_LGD_and_ISRO_Bhuvan,LGD_2026_Bhuvan_2024,5480,MATCHED_AUTHORITATIVE_BOUNDARY
5481,Maddipadu,Prakasam,Andhra Pradesh,15.628418,80.010444,MoPR_LGD_and_ISRO_Bhuvan,LGD_2026_Bhuvan_2024,5481,MATCHED_AUTHORITATIVE_BOUNDARY
5483,Marripudi,Prakasam,Andhra Pradesh,15.477763,79.689251,MoPR_LGD_and_ISRO_Bhuvan,LGD_2026_Bhuvan_2024,5483,MATCHED_AUTHORITATIVE_BOUNDARY
5485,Mundlamuru,Prakasam,Andhra Pradesh,15.840686,79.826632,MoPR_LGD_and_ISRO_Bhuvan,LGD_2026_Bhuvan_2024,5485,MATCHED_AUTHORITATIVE_BOUNDARY
5486,Naguluppala Padu,Prakasam,Andhra Pradesh,15.645217,80.14686,MoPR_LGD_and_ISRO_Bhuvan,LGD_2026_Bhuvan_2024,5486,MATCHED_AUTHORITATIVE_BOUNDARY
5487,Ongole,Prakasam,Andhra Pradesh,15.50857,80.08858,MoPR_LGD_and_ISRO_Bhuvan,LGD_2026_Bhuvan_2024,5487,MATCHED_AUTHORITATIVE_BOUNDARY
5493,Ponnaluru,Prakasam,Andhra Pradesh,15.279025,79.749241,MoPR_LGD_and_ISRO_Bhuvan,LGD_2026_Bhuvan_2024,5493,MATCHED_AUTHORITATIVE_BOUNDARY
5496,Santhamaguluru,Prakasam,Andhra Pradesh,16.080557,79.943128,MoPR_LGD_and_ISRO_Bhuvan,LGD_2026_Bhuvan_2024,5496,MATCHED_AUTHORITATIVE_BOUNDARY
5497,Santhanuthala Padu,Prakasam,Andhra Pradesh,15.523002,79.938683,MoPR_LGD_and_ISRO_Bhuvan,LGD_2026_Bhuvan_2024,5497,MATCHED_AUTHORITATIVE_BOUNDARY
5498,Singarayakonda,Prakasam,Andhra Pradesh,15.249355,80.032693,MoPR_LGD_and_ISRO_Bhuvan,LGD_2026_Bhuvan_2024,5498,MATCHED_AUTHORITATIVE_BOUNDARY
5501,Tallur,Prakasam,Andhra Pradesh,15.702536,79.821298,MoPR_LGD_and_ISRO_Bhuvan,LGD_2026_Bhuvan_2024,5501,MATCHED_AUTHORITATIVE_BOUNDARY
5499,Tangutur,Prakasam,Andhra Pradesh,15.393658,80.008926,MoPR_LGD_and_ISRO_Bhuvan,LGD_2026_Bhuvan_2024,5499,MATCHED_AUTHORITATIVE_BOUNDARY
5503,Ulavapadu,Prakasam,Andhra Pradesh,15.140641,80.004455,MoPR_LGD_and_ISRO_Bhuvan,LGD_2026_Bhuvan_2024,5503,MATCHED_AUTHORITATIVE_BOUNDARY
5506,Voletivari Palem,Prakasam,Andhra Pradesh,15.165188,79.741612,MoPR_LGD_and_ISRO_Bhuvan,LGD_2026_Bhuvan_2024,5506,MATCHED_AUTHORITATIVE_BOUNDARY
5509,Zarugumilli,Prakasam,Andhra Pradesh,15.326943,79.901638,MoPR_LGD_and_ISRO_Bhuvan,LGD_2026_Bhuvan_2024,5509,MATCHED_AUTHORITATIVE_BOUNDARY
5543,Amadalavalasa,Srikakulam,Andhra Pradesh,18.413423,83.874542,MoPR_LGD_and_ISRO_Bhuvan,LGD_2026_Bhuvan_2024,5543,MATCHED_AUTHORITATIVE_BOUNDARY
5545,Burja,Srikakulam,Andhra Pradesh,18.515671,83.833223,MoPR_LGD_and_ISRO_Bhuvan,LGD_2026_Bhuvan_2024,5545,MATCHED_AUTHORITATIVE_BOUNDARY
5546,Etcherla,Srikakulam,Andhra Pradesh,18.242835,83.852239,MoPR_LGD_and_ISRO_Bhuvan,LGD_2026_Bhuvan_2024,5546,MATCHED_AUTHORITATIVE_BOUNDARY
5547,Ganguvarisigadam,Srikakulam,Andhra Pradesh,18.365874,83.684062,MoPR_LGD_and_ISRO_Bhuvan,LGD_2026_Bhuvan_2024,5547,MATCHED_AUTHORITATIVE_BOUNDARY
5548,Gara,Srikakulam,Andhra Pradesh,18.299716,84.022446,MoPR_LGD_and_ISRO_Bhuvan,LGD_2026_Bhuvan_2024,5548,MATCHED_AUTHORITATIVE_BOUNDARY
5549,Hiramandalam,Srikakulam,Andhra Pradesh,18.676527,83.958851,MoPR_LGD_and_ISRO_Bhuvan,LGD_2026_Bhuvan_2024,5549,MATCHED_AUTHORITATIVE_BOUNDARY
5550,Ichapuram,Srikakulam,Andhra Pradesh,19.10016,84.685376,MoPR_LGD_and_ISRO_Bhuvan,LGD_2026_Bhuvan_2024,5550,MATCHED_AUTHORITATIVE_BOUNDARY
5551,Jalumuru,Srikakulam,Andhra Pradesh,18.513953,84.013195,MoPR_LGD_and_ISRO_Bhuvan,LGD_2026_Bhuvan_2024,5551,MATCHED_AUTHORITATIVE_BOUNDARY
5552,Kanchili,Srikakulam,Andhra Pradesh,18.991156,84.555803,MoPR_LGD_and_ISRO_Bhuvan,LGD_2026_Bhuvan_2024,5552,MATCHED_AUTHORITATIVE_BOUNDARY
5553,Kaviti,Srikakulam,Andhra Pradesh,19.011774,84.664184,MoPR_LGD_and_ISRO_Bhuvan,LGD_2026_Bhuvan_2024,5553,MATCHED_AUTHORITATIVE_BOUNDARY
5554,Kotabommili,Srikakulam,Andhra Pradesh,18.508507,84.128797,MoPR_LGD_and_ISRO_Bhuvan,LGD_2026_Bhuvan_2024,5554,MATCHED_AUTHORITATIVE_BOUNDARY
5555,Kotturu,Srikakulam,Andhra Pradesh,18.760032,83.918391,MoPR_LGD_and_ISRO_Bhuvan,LGD_2026_Bhuvan_2024,5555,MATCHED_AUTHORITATIVE_BOUNDARY
5557,Laveru,Srikakulam,Andhra Pradesh,18.242223,83.743901,MoPR_LGD_and_ISRO_Bhuvan,LGD_2026_Bhuvan_2024,5557,MATCHED_AUTHORITATIVE_BOUNDARY
5556,L.N Peta,Srikakulam,Andhra Pradesh,18.605137,83.933614,MoPR_LGD_and_ISRO_Bhuvan,LGD_2026_Bhuvan_2024,5556,MATCHED_AUTHORITATIVE_BOUNDARY
5558,Mandasa,Srikakulam,Andhra Pradesh,18.871928,84.466343,MoPR_LGD_and_ISRO_Bhuvan,LGD_2026_Bhuvan_2024,5558,MATCHED_AUTHORITATIVE_BOUNDARY
5559,Meliaputti,Srikakulam,Andhra Pradesh,18.741208,84.223038,MoPR_LGD_and_ISRO_Bhuvan,LGD_2026_Bhuvan_2024,5559,MATCHED_AUTHORITATIVE_BOUNDARY
5560,Nandigam,Srikakulam,Andhra Pradesh,18.679668,84.304476,MoPR_LGD_and_ISRO_Bhuvan,LGD_2026_Bhuvan_2024,5560,MATCHED_AUTHORITATIVE_BOUNDARY
5561,Narasannapeta,Srikakulam,Andhra Pradesh,18.418154,84.006643,MoPR_LGD_and_ISRO_Bhuvan,LGD_2026_Bhuvan_2024,5561,MATCHED_AUTHORITATIVE_BOUNDARY
5563,Palasa,Srikakulam,Andhra Pradesh,18.786337,84.403537,MoPR_LGD_and_ISRO_Bhuvan,LGD_2026_Bhuvan_2024,5563,MATCHED_AUTHORITATIVE_BOUNDARY
5564,Pathapatnam,Srikakulam,Andhra Pradesh,18.713651,84.078473,MoPR_LGD_and_ISRO_Bhuvan,LGD_2026_Bhuvan_2024,5564,MATCHED_AUTHORITATIVE_BOUNDARY
5565,Polaki,Srikakulam,Andhra Pradesh,18.39706,84.111102,MoPR_LGD_and_ISRO_Bhuvan,LGD_2026_Bhuvan_2024,5565,MATCHED_AUTHORITATIVE_BOUNDARY
5566,Ponduru,Srikakulam,Andhra Pradesh,18.336324,83.79628,MoPR_LGD_and_ISRO_Bhuvan,LGD_2026_Bhuvan_2024,5566,MATCHED_AUTHORITATIVE_BOUNDARY
5568,Ranastalam,Srikakulam,Andhra Pradesh,18.157337,83.685379,MoPR_LGD_and_ISRO_Bhuvan,LGD_2026_Bhuvan_2024,5568,MATCHED_AUTHORITATIVE_BOUNDARY
5570,Santhabommali,Srikakulam,Andhra Pradesh,18.525001,84.254024,MoPR_LGD_and_ISRO_Bhuvan,LGD_2026_Bhuvan_2024,5570,MATCHED_AUTHORITATIVE_BOUNDARY
5572,Saravakota,Srikakulam,Andhra Pradesh,18.603536,84.057299,MoPR_LGD_and_ISRO_Bhuvan,LGD_2026_Bhuvan_2024,5572,MATCHED_AUTHORITATIVE_BOUNDARY
5573,Sarubujjili,Srikakulam,Andhra Pradesh,18.50915,83.926206,MoPR_LGD_and_ISRO_Bhuvan,LGD_2026_Bhuvan_2024,5573,MATCHED_AUTHORITATIVE_BOUNDARY
5575,Sompeta,Srikakulam,Andhra Pradesh,18.907364,84.554938,MoPR_LGD_and_ISRO_Bhuvan,LGD_2026_Bhuvan_2024,5575,MATCHED_AUTHORITATIVE_BOUNDARY
5576,Srikakulam,Srikakulam,Andhra Pradesh,18.32847,83.931612,MoPR_LGD_and_ISRO_Bhuvan,LGD_2026_Bhuvan_2024,5576,MATCHED_AUTHORITATIVE_BOUNDARY
5577,Tekkali,Srikakulam,Andhra Pradesh,18.609464,84.221966,MoPR_LGD_and_ISRO_Bhuvan,LGD_2026_Bhuvan_2024,5577,MATCHED_AUTHORITATIVE_BOUNDARY
5578,Vajrapukotturu,Srikakulam,Andhra Pradesh,18.691894,84.424492,MoPR_LGD_and_ISRO_Bhuvan,LGD_2026_Bhuvan_2024,5578,MATCHED_AUTHORITATIVE_BOUNDARY
5372,Allur,Sri Potti Sriramulu Nellore,Andhra Pradesh,14.691786,80.0577,MoPR_LGD_and_ISRO_Bhuvan,LGD_2026_Bhuvan_2024,5372,MATCHED_AUTHORITATIVE_BOUNDARY
5373,Ananthasagaram,Sri Potti Sriramulu Nellore,Andhra Pradesh,14.580145,79.373608,MoPR_LGD_and_ISRO_Bhuvan,LGD_2026_Bhuvan_2024,5373,MATCHED_AUTHORITATIVE_BOUNDARY
5374,Anumasamudrampeta,Sri Potti Sriramulu Nellore,Andhra Pradesh,14.713603,79.684677,MoPR_LGD_and_ISRO_Bhuvan,LGD_2026_Bhuvan_2024,5374,MATCHED_AUTHORITATIVE_BOUNDARY
5375,Atmakur,Sri Potti Sriramulu Nellore,Andhra Pradesh,14.650195,79.567256,MoPR_LGD_and_ISRO_Bhuvan,LGD_2026_Bhuvan_2024,5375,MATCHED_AUTHORITATIVE_BOUNDARY
5377,Bogole,Sri Potti Sriramulu Nellore,Andhra Pradesh,14.780161,79.991754,MoPR_LGD_and_ISRO_Bhuvan,LGD_2026_Bhuvan_2024,5377,MATCHED_AUTHORITATIVE_BOUNDARY
5378,Butchireddipalem,Sri Potti Sriramulu Nellore,Andhra Pradesh,14.535175,79.888748,MoPR_LGD_and_ISRO_Bhuvan,LGD_2026_Bhuvan_2024,5378,MATCHED_AUTHORITATIVE_BOUNDARY
5379,Chejerla,Sri Potti Sriramulu Nellore,Andhra Pradesh,14.501494,79.588167,MoPR_LGD_and_ISRO_Bhuvan,LGD_2026_Bhuvan_2024,5379,MATCHED_AUTHORITATIVE_BOUNDARY
5380,Chillakur,Sri Potti Sriramulu Nellore,Andhra Pradesh,14.130955,79.988177,MoPR_LGD_and_ISRO_Bhuvan,LGD_2026_Bhuvan_2024,5380,MATCHED_AUTHORITATIVE_BOUNDARY
5382,Dagadarthi,Sri Potti Sriramulu Nellore,Andhra Pradesh,14.679989,79.90554,MoPR_LGD_and_ISRO_Bhuvan,LGD_2026_Bhuvan_2024,5382,MATCHED_AUTHORITATIVE_BOUNDARY
5385,Duttalur,Sri Potti Sriramulu Nellore,Andhra Pradesh,14.850024,79.419845,MoPR_LGD_and_ISRO_Bhuvan,LGD_2026_Bhuvan_2024,5385,MATCHED_AUTHORITATIVE_BOUNDARY
5386,Gudur,Sri Potti Sriramulu Nellore,Andhra Pradesh,14.131057,79.802399,MoPR_LGD_and_ISRO_Bhuvan,LGD_2026_Bhuvan_2024,5386,MATCHED_AUTHORITATIVE_BOUNDARY
5387,Indukurpet,Sri Potti Sriramulu Nellore,Andhra Pradesh,14.506292,80.12366,MoPR_LGD_and_ISRO_Bhuvan,LGD_2026_Bhuvan_2024,5387,MATCHED_AUTHORITATIVE_BOUNDARY
5388,Jaladanki,Sri Potti Sriramulu Nellore,Andhra Pradesh,14.870102,79.868617,MoPR_LGD_and_ISRO_Bhuvan,LGD_2026_Bhuvan_2024,5388,MATCHED_AUTHORITATIVE_BOUNDARY
5389,Kaligiri,Sri Potti Sriramulu Nellore,Andhra Pradesh,14.83876,79.717827,MoPR_LGD_and_ISRO_Bhuvan,LGD_2026_Bhuvan_2024,5389,MATCHED_AUTHORITATIVE_BOUNDARY
5390,Kaluvoya,Sri Potti Sriramulu Nellore,Andhra Pradesh,14.446253,79.456024,MoPR_LGD_and_ISRO_Bhuvan,LGD_2026_Bhuvan_2024,5390,MATCHED_AUTHORITATIVE_BOUNDARY
5391,Kavali,Sri Potti Sriramulu Nellore,Andhra Pradesh,14.923034,79.991111,MoPR_LGD_and_ISRO_Bhuvan,LGD_2026_Bhuvan_2024,5391,MATCHED_AUTHORITATIVE_BOUNDARY
5392,Kodavalur,Sri Potti Sriramulu Nellore,Andhra Pradesh,14.580983,79.979413,MoPR_LGD_and_ISRO_Bhuvan,LGD_2026_Bhuvan_2024,5392,MATCHED_AUTHORITATIVE_BOUNDARY
5393,Kondapuram,Sri Potti Sriramulu Nellore,Andhra Pradesh,14.985817,79.667444,MoPR_LGD_and_ISRO_Bhuvan,LGD_2026_Bhuvan_2024,5393,MATCHED_AUTHORITATIVE_BOUNDARY
5394,Kota,Sri Potti Sriramulu Nellore,Andhra Pradesh,14.070891,80.049458,MoPR_LGD_and_ISRO_Bhuvan,LGD_2026_Bhuvan_2024,5394,MATCHED_AUTHORITATIVE_BOUNDARY
5395,Kovur,Sri Potti Sriramulu Nellore,Andhra Pradesh,14.51388,80.000334,MoPR_LGD_and_ISRO_Bhuvan,LGD_2026_Bhuvan_2024,5395,MATCHED_AUTHORITATIVE_BOUNDARY
5396,Manubolu,Sri Potti Sriramulu Nellore,Andhra Pradesh,14.23716,79.878407,MoPR_LGD_and_ISRO_Bhuvan,LGD_2026_Bhuvan_2024,5396,MATCHED_AUTHORITATIVE_BOUNDARY
5397,Marripadu,Sri Potti Sriramulu Nellore,Andhra Pradesh,14.712695,79.306728,MoPR_LGD_and_ISRO_Bhuvan,LGD_2026_Bhuvan_2024,5397,MATCHED_AUTHORITATIVE_BOUNDARY
5398,Muthukur,Sri Potti Sriramulu Nellore,Andhra Pradesh,14.298422,80.083485,MoPR_LGD_and_ISRO_Bhuvan,LGD_2026_Bhuvan_2024,5398,MATCHED_AUTHORITATIVE_BOUNDARY
5400,Nellore Rural,Sri Potti Sriramulu Nellore,Andhra Pradesh,14.431291,79.920486,MoPR_LGD_and_ISRO_Bhuvan,LGD_2026_Bhuvan_2024,5400,MATCHED_AUTHORITATIVE_BOUNDARY
5403,Podalakur,Sri Potti Sriramulu Nellore,Andhra Pradesh,14.425539,79.71871,MoPR_LGD_and_ISRO_Bhuvan,LGD_2026_Bhuvan_2024,5403,MATCHED_AUTHORITATIVE_BOUNDARY
5404,Rapur,Sri Potti Sriramulu Nellore,Andhra Pradesh,14.283087,79.511316,MoPR_LGD_and_ISRO_Bhuvan,LGD_2026_Bhuvan_2024,5404,MATCHED_AUTHORITATIVE_BOUNDARY
5405,Sangam,Sri Potti Sriramulu Nellore,Andhra Pradesh,14.599695,79.784574,MoPR_LGD_and_ISRO_Bhuvan,LGD_2026_Bhuvan_2024,5405,MATCHED_AUTHORITATIVE_BOUNDARY
5406,Seetharamapuram,Sri Potti Sriramulu Nellore,Andhra Pradesh,14.960649,79.159088,MoPR_LGD_and_ISRO_Bhuvan,LGD_2026_Bhuvan_2024,5406,MATCHED_AUTHORITATIVE_BOUNDARY
5408,Sydapuram,Sri Potti Sriramulu Nellore,Andhra Pradesh,14.216118,79.699542,MoPR_LGD_and_ISRO_Bhuvan,LGD_2026_Bhuvan_2024,5408,MATCHED_AUTHORITATIVE_BOUNDARY
5410,Thotapalligudur,Sri Potti Sriramulu Nellore,Andhra Pradesh,14.407117,80.109495,MoPR_LGD_and_ISRO_Bhuvan,LGD_2026_Bhuvan_2024,5410,MATCHED_AUTHORITATIVE_BOUNDARY
5411,Udayagiri,Sri Potti Sriramulu Nellore,Andhra Pradesh,14.936459,79.283067,MoPR_LGD_and_ISRO_Bhuvan,LGD_2026_Bhuvan_2024,5411,MATCHED_AUTHORITATIVE_BOUNDARY
5413,Varikuntapadu,Sri Potti Sriramulu Nellore,Andhra Pradesh,15.024101,79.385385,MoPR_LGD_and_ISRO_Bhuvan,LGD_2026_Bhuvan_2024,5413,MATCHED_AUTHORITATIVE_BOUNDARY
5414,Venkatachalam,Sri Potti Sriramulu Nellore,Andhra Pradesh,14.300619,79.939741,MoPR_LGD_and_ISRO_Bhuvan,LGD_2026_Bhuvan_2024,5414,MATCHED_AUTHORITATIVE_BOUNDARY
5416,Vidavalur,Sri Potti Sriramulu Nellore,Andhra Pradesh,14.601042,80.107638,MoPR_LGD_and_ISRO_Bhuvan,LGD_2026_Bhuvan_2024,5416,MATCHED_AUTHORITATIVE_BOUNDARY
5417,Vinjamur,Sri Potti Sriramulu Nellore,Andhra Pradesh,14.844204,79.53614,MoPR_LGD_and_ISRO_Bhuvan,LGD_2026_Bhuvan_2024,5417,MATCHED_AUTHORITATIVE_BOUNDARY
4686,Agali,Sri Sathya Sai,Andhra Pradesh,13.805642,77.040948,MoPR_LGD_and_ISRO_Bhuvan,LGD_2026_Bhuvan_2024,4686,MATCHED_AUTHORITATIVE_BOUNDARY
4687,Amadagur,Sri Sathya Sai,Andhra Pradesh,13.932165,78.053755,MoPR_LGD_and_ISRO_Bhuvan,LGD_2026_Bhuvan_2024,4687,MATCHED_AUTHORITATIVE_BOUNDARY
4688,Amarapuram,Sri Sathya Sai,Andhra Pradesh,14.08617,76.991311,MoPR_LGD_and_ISRO_Bhuvan,LGD_2026_Bhuvan_2024,4688,MATCHED_AUTHORITATIVE_BOUNDARY
4691,Bathalapalle,Sri Sathya Sai,Andhra Pradesh,14.489468,77.808319,MoPR_LGD_and_ISRO_Bhuvan,LGD_2026_Bhuvan_2024,4691,MATCHED_AUTHORITATIVE_BOUNDARY
4695,Bukkapatnam,Sri Sathya Sai,Andhra Pradesh,14.255736,77.904491,MoPR_LGD_and_ISRO_Bhuvan,LGD_2026_Bhuvan_2024,4695,MATCHED_AUTHORITATIVE_BOUNDARY
4697,Chennekothapalle,Sri Sathya Sai,Andhra Pradesh,14.282958,77.660471,MoPR_LGD_and_ISRO_Bhuvan,LGD_2026_Bhuvan_2024,4697,MATCHED_AUTHORITATIVE_BOUNDARY
4698,Chilamathur,Sri Sathya Sai,Andhra Pradesh,13.853184,77.725441,MoPR_LGD_and_ISRO_Bhuvan,LGD_2026_Bhuvan_2024,4698,MATCHED_AUTHORITATIVE_BOUNDARY
4700,Dharmavaram,Sri Sathya Sai,Andhra Pradesh,14.413041,77.744076,MoPR_LGD_and_ISRO_Bhuvan,LGD_2026_Bhuvan_2024,4700,MATCHED_AUTHORITATIVE_BOUNDARY
4701,Gandlapenta,Sri Sathya Sai,Andhra Pradesh,14.100632,78.261636,MoPR_LGD_and_ISRO_Bhuvan,LGD_2026_Bhuvan_2024,4701,MATCHED_AUTHORITATIVE_BOUNDARY
4704,Gorantla,Sri Sathya Sai,Andhra Pradesh,13.982596,77.775613,MoPR_LGD_and_ISRO_Bhuvan,LGD_2026_Bhuvan_2024,4704,MATCHED_AUTHORITATIVE_BOUNDARY
4705,Gudibanda,Sri Sathya Sai,Andhra Pradesh,13.968204,77.1164,MoPR_LGD_and_ISRO_Bhuvan,LGD_2026_Bhuvan_2024,4705,MATCHED_AUTHORITATIVE_BOUNDARY
4708,Hindupur,Sri Sathya Sai,Andhra Pradesh,13.815118,77.528852,MoPR_LGD_and_ISRO_Bhuvan,LGD_2026_Bhuvan_2024,4708,MATCHED_AUTHORITATIVE_BOUNDARY
4709,Kadiri,Sri Sathya Sai,Andhra Pradesh,14.134365,78.137649,MoPR_LGD_and_ISRO_Bhuvan,LGD_2026_Bhuvan_2024,4709,MATCHED_AUTHORITATIVE_BOUNDARY
4712,Kanaganapalle,Sri Sathya Sai,Andhra Pradesh,14.446018,77.477093,MoPR_LGD_and_ISRO_Bhuvan,LGD_2026_Bhuvan_2024,4712,MATCHED_AUTHORITATIVE_BOUNDARY
4714,Kothacheruvu,Sri Sathya Sai,Andhra Pradesh,14.193459,77.724394,MoPR_LGD_and_ISRO_Bhuvan,LGD_2026_Bhuvan_2024,4714,MATCHED_AUTHORITATIVE_BOUNDARY
4717,Lepakshi,Sri Sathya Sai,Andhra Pradesh,13.80242,77.584802,MoPR_LGD_and_ISRO_Bhuvan,LGD_2026_Bhuvan_2024,4717,MATCHED_AUTHORITATIVE_BOUNDARY
4718,Madakasira,Sri Sathya Sai,Andhra Pradesh,13.925237,77.292915,MoPR_LGD_and_ISRO_Bhuvan,LGD_2026_Bhuvan_2024,4718,MATCHED_AUTHORITATIVE_BOUNDARY
4719,Mudigubba,Sri Sathya Sai,Andhra Pradesh,14.378339,78.012853,MoPR_LGD_and_ISRO_Bhuvan,LGD_2026_Bhuvan_2024,4719,MATCHED_AUTHORITATIVE_BOUNDARY
4720,Nallacheruvu,Sri Sathya Sai,Andhra Pradesh,14.003724,78.173966,MoPR_LGD_and_ISRO_Bhuvan,LGD_2026_Bhuvan_2024,4720,MATCHED_AUTHORITATIVE_BOUNDARY
4721,Nallamada,Sri Sathya Sai,Andhra Pradesh,14.15626,78.012221,MoPR_LGD_and_ISRO_Bhuvan,LGD_2026_Bhuvan_2024,4721,MATCHED_AUTHORITATIVE_BOUNDARY
4722,Nambulapulikunta,Sri Sathya Sai,Andhra Pradesh,14.062537,78.376626,MoPR_LGD_and_ISRO_Bhuvan,LGD_2026_Bhuvan_2024,4722,MATCHED_AUTHORITATIVE_BOUNDARY
4724,Obuladevarecheruvu,Sri Sathya Sai,Andhra Pradesh,14.015825,77.971432,MoPR_LGD_and_ISRO_Bhuvan,LGD_2026_Bhuvan_2024,4724,MATCHED_AUTHORITATIVE_BOUNDARY
4726,Parigi,Sri Sathya Sai,Andhra Pradesh,13.897394,77.467877,MoPR_LGD_and_ISRO_Bhuvan,LGD_2026_Bhuvan_2024,4726,MATCHED_AUTHORITATIVE_BOUNDARY
4729,Penukonda,Sri Sathya Sai,Andhra Pradesh,14.112687,77.608237,MoPR_LGD_and_ISRO_Bhuvan,LGD_2026_Bhuvan_2024,4729,MATCHED_AUTHORITATIVE_BOUNDARY
4731,Puttaparthi,Sri Sathya Sai,Andhra Pradesh,14.105306,77.812288,MoPR_LGD_and_ISRO_Bhuvan,LGD_2026_Bhuvan_2024,4731,MATCHED_AUTHORITATIVE_BOUNDARY
4732,Ramagiri,Sri Sathya Sai,Andhra Pradesh,14.32891,77.463042,MoPR_LGD_and_ISRO_Bhuvan,LGD_2026_Bhuvan_2024,4732,MATCHED_AUTHORITATIVE_BOUNDARY
4735,Roddam,Sri Sathya Sai,Andhra Pradesh,14.083398,77.455038,MoPR_LGD_and_ISRO_Bhuvan,LGD_2026_Bhuvan_2024,4735,MATCHED_AUTHORITATIVE_BOUNDARY
4736,Rolla,Sri Sathya Sai,Andhra Pradesh,13.847067,77.105931,MoPR_LGD_and_ISRO_Bhuvan,LGD_2026_Bhuvan_2024,4736,MATCHED_AUTHORITATIVE_BOUNDARY
4739,Somandepalle,Sri Sathya Sai,Andhra Pradesh,13.975195,77.584599,MoPR_LGD_and_ISRO_Bhuvan,LGD_2026_Bhuvan_2024,4739,MATCHED_AUTHORITATIVE_BOUNDARY
4740,Tadimarri,Sri Sathya Sai,Andhra Pradesh,14.5649,77.883959,MoPR_LGD_and_ISRO_Bhuvan,LGD_2026_Bhuvan_2024,4740,MATCHED_AUTHORITATIVE_BOUNDARY
4742,Talupula,Sri Sathya Sai,Andhra Pradesh,14.240653,78.254466,MoPR_LGD_and_ISRO_Bhuvan,LGD_2026_Bhuvan_2024,4742,MATCHED_AUTHORITATIVE_BOUNDARY
4743,Tanakal,Sri Sathya Sai,Andhra Pradesh,13.888842,78.216458,MoPR_LGD_and_ISRO_Bhuvan,LGD_2026_Bhuvan_2024,4743,MATCHED_AUTHORITATIVE_BOUNDARY
5376,Balayapalle,Tirupati,Andhra Pradesh,13.986944,79.705409,MoPR_LGD_and_ISRO_Bhuvan,LGD_2026_Bhuvan_2024,5376,MATCHED_AUTHORITATIVE_BOUNDARY
4752,Buchinadidu Khandriga,Tirupati,Andhra Pradesh,13.702577,79.844194,MoPR_LGD_and_ISRO_Bhuvan,LGD_2026_Bhuvan_2024,4752,MATCHED_AUTHORITATIVE_BOUNDARY
4753,Chandragiri,Tirupati,Andhra Pradesh,13.535957,79.242193,MoPR_LGD_and_ISRO_Bhuvan,LGD_2026_Bhuvan_2024,4753,MATCHED_AUTHORITATIVE_BOUNDARY
4754,Chinnagottigallu,Tirupati,Andhra Pradesh,13.657868,79.142592,MoPR_LGD_and_ISRO_Bhuvan,LGD_2026_Bhuvan_2024,4754,MATCHED_AUTHORITATIVE_BOUNDARY
5381,Chittamur,Tirupati,Andhra Pradesh,13.914076,80.054406,MoPR_LGD_and_ISRO_Bhuvan,LGD_2026_Bhuvan_2024,5381,MATCHED_AUTHORITATIVE_BOUNDARY
4824,Chitvel,Tirupati,Andhra Pradesh,14.099965,79.387275,MoPR_LGD_and_ISRO_Bhuvan,LGD_2026_Bhuvan_2024,4824,MATCHED_AUTHORITATIVE_BOUNDARY
5383,Dakkili,Tirupati,Andhra Pradesh,14.088375,79.569224,MoPR_LGD_and_ISRO_Bhuvan,LGD_2026_Bhuvan_2024,5383,MATCHED_AUTHORITATIVE_BOUNDARY
5384,Doravarisatram,Tirupati,Andhra Pradesh,13.799784,79.991157,MoPR_LGD_and_ISRO_Bhuvan,LGD_2026_Bhuvan_2024,5384,MATCHED_AUTHORITATIVE_BOUNDARY
4832,Kodur,Tirupati,Andhra Pradesh,13.925417,79.364422,MoPR_LGD_and_ISRO_Bhuvan,LGD_2026_Bhuvan_2024,4832,MATCHED_AUTHORITATIVE_BOUNDARY
4763,K.V.B.Puram,Tirupati,Andhra Pradesh,13.584763,79.734991,MoPR_LGD_and_ISRO_Bhuvan,LGD_2026_Bhuvan_2024,4763,MATCHED_AUTHORITATIVE_BOUNDARY
4772,Nagalapuram,Tirupati,Andhra Pradesh,13.422632,79.817145,MoPR_LGD_and_ISRO_Bhuvan,LGD_2026_Bhuvan_2024,4772,MATCHED_AUTHORITATIVE_BOUNDARY
5399,Naidupeta,Tirupati,Andhra Pradesh,13.923207,79.910236,MoPR_LGD_and_ISRO_Bhuvan,LGD_2026_Bhuvan_2024,5399,MATCHED_AUTHORITATIVE_BOUNDARY
4774,Narayanavanam,Tirupati,Andhra Pradesh,13.462628,79.616513,MoPR_LGD_and_ISRO_Bhuvan,LGD_2026_Bhuvan_2024,4774,MATCHED_AUTHORITATIVE_BOUNDARY
4840,Obulavaripalle,Tirupati,Andhra Pradesh,14.042424,79.286344,MoPR_LGD_and_ISRO_Bhuvan,LGD_2026_Bhuvan_2024,4840,MATCHED_AUTHORITATIVE_BOUNDARY
5401,Ozili,Tirupati,Andhra Pradesh,13.988803,79.843033,MoPR_LGD_and_ISRO_Bhuvan,LGD_2026_Bhuvan_2024,5401,MATCHED_AUTHORITATIVE_BOUNDARY
4777,Pakala,Tirupati,Andhra Pradesh,13.48112,79.089331,MoPR_LGD_and_ISRO_Bhuvan,LGD_2026_Bhuvan_2024,4777,MATCHED_AUTHORITATIVE_BOUNDARY
5402,Pellakur,Tirupati,Andhra Pradesh,13.833694,79.82841,MoPR_LGD_and_ISRO_Bhuvan,LGD_2026_Bhuvan_2024,5402,MATCHED_AUTHORITATIVE_BOUNDARY
4842,Penagalur,Tirupati,Andhra Pradesh,14.320579,79.292863,MoPR_LGD_and_ISRO_Bhuvan,LGD_2026_Bhuvan_2024,4842,MATCHED_AUTHORITATIVE_BOUNDARY
4785,Pitchatur,Tirupati,Andhra Pradesh,13.363811,79.772204,MoPR_LGD_and_ISRO_Bhuvan,LGD_2026_Bhuvan_2024,4785,MATCHED_AUTHORITATIVE_BOUNDARY
4847,Pullampeta,Tirupati,Andhra Pradesh,13.961749,79.192836,MoPR_LGD_and_ISRO_Bhuvan,LGD_2026_Bhuvan_2024,4847,MATCHED_AUTHORITATIVE_BOUNDARY
4789,Puttur,Tirupati,Andhra Pradesh,13.419516,79.538578,MoPR_LGD_and_ISRO_Bhuvan,LGD_2026_Bhuvan_2024,4789,MATCHED_AUTHORITATIVE_BOUNDARY
4790,Ramachandrapuram,Tirupati,Andhra Pradesh,13.515587,79.366588,MoPR_LGD_and_ISRO_Bhuvan,LGD_2026_Bhuvan_2024,4790,MATCHED_AUTHORITATIVE_BOUNDARY
4793,Renigunta,Tirupati,Andhra Pradesh,13.683412,79.506205,MoPR_LGD_and_ISRO_Bhuvan,LGD_2026_Bhuvan_2024,4793,MATCHED_AUTHORITATIVE_BOUNDARY
4796,Satyavedu,Tirupati,Andhra Pradesh,13.452358,79.930574,MoPR_LGD_and_ISRO_Bhuvan,LGD_2026_Bhuvan_2024,4796,MATCHED_AUTHORITATIVE_BOUNDARY
4799,Srikalahasti,Tirupati,Andhra Pradesh,13.78961,79.644937,MoPR_LGD_and_ISRO_Bhuvan,LGD_2026_Bhuvan_2024,4799,MATCHED_AUTHORITATIVE_BOUNDARY
5407,Sullurpeta,Tirupati,Andhra Pradesh,13.730769,80.107723,MoPR_LGD_and_ISRO_Bhuvan,LGD_2026_Bhuvan_2024,5407,MATCHED_AUTHORITATIVE_BOUNDARY
5409,Tada,Tirupati,Andhra Pradesh,13.591678,80.127163,MoPR_LGD_and_ISRO_Bhuvan,LGD_2026_Bhuvan_2024,5409,MATCHED_AUTHORITATIVE_BOUNDARY
4803,Thottambedu,Tirupati,Andhra Pradesh,13.791604,79.730665,MoPR_LGD_and_ISRO_Bhuvan,LGD_2026_Bhuvan_2024,4803,MATCHED_AUTHORITATIVE_BOUNDARY
4804,Tirupati (Rural),Tirupati,Andhra Pradesh,13.593019,79.411961,MoPR_LGD_and_ISRO_Bhuvan,LGD_2026_Bhuvan_2024,4804,MATCHED_AUTHORITATIVE_BOUNDARY
4806,Vadamalapeta,Tirupati,Andhra Pradesh,13.53089,79.508393,MoPR_LGD_and_ISRO_Bhuvan,LGD_2026_Bhuvan_2024,4806,MATCHED_AUTHORITATIVE_BOUNDARY
5412,Vakadu,Tirupati,Andhra Pradesh,13.938224,80.169951,MoPR_LGD_and_ISRO_Bhuvan,LGD_2026_Bhuvan_2024,5412,MATCHED_AUTHORITATIVE_BOUNDARY
4808,Varadaiahpalem,Tirupati,Andhra Pradesh,13.578331,79.913555,MoPR_LGD_and_ISRO_Bhuvan,LGD_2026_Bhuvan_2024,4808,MATCHED_AUTHORITATIVE_BOUNDARY
5415,Venkatagiri,Tirupati,Andhra Pradesh,13.985027,79.538231,MoPR_LGD_and_ISRO_Bhuvan,LGD_2026_Bhuvan_2024,5415,MATCHED_AUTHORITATIVE_BOUNDARY
4813,Yerpedu,Tirupati,Andhra Pradesh,13.700071,79.587477,MoPR_LGD_and_ISRO_Bhuvan,LGD_2026_Bhuvan_2024,4813,MATCHED_AUTHORITATIVE_BOUNDARY
4814,Yerravaripalem,Tirupati,Andhra Pradesh,13.789378,79.122967,MoPR_LGD_and_ISRO_Bhuvan,LGD_2026_Bhuvan_2024,4814,MATCHED_AUTHORITATIVE_BOUNDARY
5583,Anandapuram,Visakhapatnam,Andhra Pradesh,17.888138,83.308824,MoPR_LGD_and_ISRO_Bhuvan,LGD_2026_Bhuvan_2024,5583,MATCHED_AUTHORITATIVE_BOUNDARY
5586,Bheemunipatnam,Visakhapatnam,Andhra Pradesh,17.912078,83.422922,MoPR_LGD_and_ISRO_Bhuvan,LGD_2026_Bhuvan_2024,5586,MATCHED_AUTHORITATIVE_BOUNDARY
5594,Gajuwaka,Visakhapatnam,Andhra Pradesh,17.678752,83.195258,MoPR_LGD_and_ISRO_Bhuvan,LGD_2026_Bhuvan_2024,5594,MATCHED_AUTHORITATIVE_BOUNDARY
5610,Padmanabham,Visakhapatnam,Andhra Pradesh,17.989927,83.329491,MoPR_LGD_and_ISRO_Bhuvan,LGD_2026_Bhuvan_2024,5610,MATCHED_AUTHORITATIVE_BOUNDARY
5614,Pedagantyada,Visakhapatnam,Andhra Pradesh,17.601895,83.16961,MoPR_LGD_and_ISRO_Bhuvan,LGD_2026_Bhuvan_2024,5614,MATCHED_AUTHORITATIVE_BOUNDARY
5615,Pendurthi,Visakhapatnam,Andhra Pradesh,17.799091,83.200441,MoPR_LGD_and_ISRO_Bhuvan,LGD_2026_Bhuvan_2024,5615,MATCHED_AUTHORITATIVE_BOUNDARY
5621,Visakhapatnam(Rural),Visakhapatnam,Andhra Pradesh,17.793079,83.311372,MoPR_LGD_and_ISRO_Bhuvan,LGD_2026_Bhuvan_2024,5621,MATCHED_AUTHORITATIVE_BOUNDARY
5623,Badangi,Vizianagaram,Andhra Pradesh,18.494663,83.396688,MoPR_LGD_and_ISRO_Bhuvan,LGD_2026_Bhuvan_2024,5623,MATCHED_AUTHORITATIVE_BOUNDARY
5625,Bhoghapuram,Vizianagaram,Andhra Pradesh,17.994329,83.499646,MoPR_LGD_and_ISRO_Bhuvan,LGD_2026_Bhuvan_2024,5625,MATCHED_AUTHORITATIVE_BOUNDARY
5626,Bobbili,Vizianagaram,Andhra Pradesh,18.577147,83.36601,MoPR_LGD_and_ISRO_Bhuvan,LGD_2026_Bhuvan_2024,5626,MATCHED_AUTHORITATIVE_BOUNDARY
5627,Bondapalle,Vizianagaram,Andhra Pradesh,18.220735,83.315752,MoPR_LGD_and_ISRO_Bhuvan,LGD_2026_Bhuvan_2024,5627,MATCHED_AUTHORITATIVE_BOUNDARY
5628,Cheepurupalle,Vizianagaram,Andhra Pradesh,18.275575,83.624792,MoPR_LGD_and_ISRO_Bhuvan,LGD_2026_Bhuvan_2024,5628,MATCHED_AUTHORITATIVE_BOUNDARY
5629,Dattirajeru,Vizianagaram,Andhra Pradesh,18.390771,83.378371,MoPR_LGD_and_ISRO_Bhuvan,LGD_2026_Bhuvan_2024,5629,MATCHED_AUTHORITATIVE_BOUNDARY
5630,Denkada,Vizianagaram,Andhra Pradesh,18.053444,83.455642,MoPR_LGD_and_ISRO_Bhuvan,LGD_2026_Bhuvan_2024,5630,MATCHED_AUTHORITATIVE_BOUNDARY
5631,Gajapathinagaram,Vizianagaram,Andhra Pradesh,18.297532,83.35285,MoPR_LGD_and_ISRO_Bhuvan,LGD_2026_Bhuvan_2024,5631,MATCHED_AUTHORITATIVE_BOUNDARY
5632,Gantyada,Vizianagaram,Andhra Pradesh,18.150819,83.27042,MoPR_LGD_and_ISRO_Bhuvan,LGD_2026_Bhuvan_2024,5632,MATCHED_AUTHORITATIVE_BOUNDARY
5633,Garividi,Vizianagaram,Andhra Pradesh,18.29878,83.52915,MoPR_LGD_and_ISRO_Bhuvan,LGD_2026_Bhuvan_2024,5633,MATCHED_AUTHORITATIVE_BOUNDARY
5636,Gurla,Vizianagaram,Andhra Pradesh,18.244895,83.483409,MoPR_LGD_and_ISRO_Bhuvan,LGD_2026_Bhuvan_2024,5636,MATCHED_AUTHORITATIVE_BOUNDARY
5637,Jami,Vizianagaram,Andhra Pradesh,18.040513,83.260027,MoPR_LGD_and_ISRO_Bhuvan,LGD_2026_Bhuvan_2024,5637,MATCHED_AUTHORITATIVE_BOUNDARY
5640,Kothavalasa,Vizianagaram,Andhra Pradesh,17.909137,83.184297,MoPR_LGD_and_ISRO_Bhuvan,LGD_2026_Bhuvan_2024,5640,MATCHED_AUTHORITATIVE_BOUNDARY
5642,Lakkavarapukota,Vizianagaram,Andhra Pradesh,17.993984,83.160911,MoPR_LGD_and_ISRO_Bhuvan,LGD_2026_Bhuvan_2024,5642,MATCHED_AUTHORITATIVE_BOUNDARY
5644,Mentada,Vizianagaram,Andhra Pradesh,18.360119,83.242288,MoPR_LGD_and_ISRO_Bhuvan,LGD_2026_Bhuvan_2024,5644,MATCHED_AUTHORITATIVE_BOUNDARY
5645,Merakamudidam,Vizianagaram,Andhra Pradesh,18.393598,83.490204,MoPR_LGD_and_ISRO_Bhuvan,LGD_2026_Bhuvan_2024,5645,MATCHED_AUTHORITATIVE_BOUNDARY
5646,Nellimarla,Vizianagaram,Andhra Pradesh,18.174238,83.493004,MoPR_LGD_and_ISRO_Bhuvan,LGD_2026_Bhuvan_2024,5646,MATCHED_AUTHORITATIVE_BOUNDARY
5649,Pusapatirega,Vizianagaram,Andhra Pradesh,18.090408,83.575977,MoPR_LGD_and_ISRO_Bhuvan,LGD_2026_Bhuvan_2024,5649,MATCHED_AUTHORITATIVE_BOUNDARY
5567,Rajam,Vizianagaram,Andhra Pradesh,18.438652,83.639202,MoPR_LGD_and_ISRO_Bhuvan,LGD_2026_Bhuvan_2024,5567,MATCHED_AUTHORITATIVE_BOUNDARY
5650,Ramabhadrapuram,Vizianagaram,Andhra Pradesh,18.47557,83.265791,MoPR_LGD_and_ISRO_Bhuvan,LGD_2026_Bhuvan_2024,5650,MATCHED_AUTHORITATIVE_BOUNDARY
5569,Regidi Amadalavalasa,Vizianagaram,Andhra Pradesh,18.532472,83.705756,MoPR_LGD_and_ISRO_Bhuvan,LGD_2026_Bhuvan_2024,5569,MATCHED_AUTHORITATIVE_BOUNDARY
5571,Santhakavati,Vizianagaram,Andhra Pradesh,18.446667,83.763277,MoPR_LGD_and_ISRO_Bhuvan,LGD_2026_Bhuvan_2024,5571,MATCHED_AUTHORITATIVE_BOUNDARY
5653,Srungavarapukota,Vizianagaram,Andhra Pradesh,18.120485,83.166366,MoPR_LGD_and_ISRO_Bhuvan,LGD_2026_Bhuvan_2024,5653,MATCHED_AUTHORITATIVE_BOUNDARY
5654,Therlam,Vizianagaram,Andhra Pradesh,18.491548,83.528358,MoPR_LGD_and_ISRO_Bhuvan,LGD_2026_Bhuvan_2024,5654,MATCHED_AUTHORITATIVE_BOUNDARY
5579,Vangara,Vizianagaram,Andhra Pradesh,18.597324,83.588553,MoPR_LGD_and_ISRO_Bhuvan,LGD_2026_Bhuvan_2024,5579,MATCHED_AUTHORITATIVE_BOUNDARY
5655,Vepada,Vizianagaram,Andhra Pradesh,18.023267,83.076139,MoPR_LGD_and_ISRO_Bhuvan,LGD_2026_Bhuvan_2024,5655,MATCHED_AUTHORITATIVE_BOUNDARY
5656,Vizianagaram,Vizianagaram,Andhra Pradesh,18.108196,83.382457,MoPR_LGD_and_ISRO_Bhuvan,LGD_2026_Bhuvan_2024,5656,MATCHED_AUTHORITATIVE_BOUNDARY
5707,Achanta,West Godavari,Andhra Pradesh,16.585888,81.818432,MoPR_LGD_and_ISRO_Bhuvan,LGD_2026_Bhuvan_2024,5707,MATCHED_AUTHORITATIVE_BOUNDARY
5708,Akividu,West Godavari,Andhra Pradesh,16.609938,81.38124,MoPR_LGD_and_ISRO_Bhuvan,LGD_2026_Bhuvan_2024,5708,MATCHED_AUTHORITATIVE_BOUNDARY
5709,Attili,West Godavari,Andhra Pradesh,16.673877,81.600209,MoPR_LGD_and_ISRO_Bhuvan,LGD_2026_Bhuvan_2024,5709,MATCHED_AUTHORITATIVE_BOUNDARY
5711,Bhimavaram,West Godavari,Andhra Pradesh,16.475198,81.517121,MoPR_LGD_and_ISRO_Bhuvan,LGD_2026_Bhuvan_2024,5711,MATCHED_AUTHORITATIVE_BOUNDARY
5718,Elamanchili,West Godavari,Andhra Pradesh,16.489537,81.78527,MoPR_LGD_and_ISRO_Bhuvan,LGD_2026_Bhuvan_2024,5718,MATCHED_AUTHORITATIVE_BOUNDARY
5720,Ganapavaram,West Godavari,Andhra Pradesh,16.704641,81.522348,MoPR_LGD_and_ISRO_Bhuvan,LGD_2026_Bhuvan_2024,5720,MATCHED_AUTHORITATIVE_BOUNDARY
5722,Iragavaram,West Godavari,Andhra Pradesh,16.690955,81.700036,MoPR_LGD_and_ISRO_Bhuvan,LGD_2026_Bhuvan_2024,5722,MATCHED_AUTHORITATIVE_BOUNDARY
5725,Kalla,West Godavari,Andhra Pradesh,16.505299,81.42562,MoPR_LGD_and_ISRO_Bhuvan,LGD_2026_Bhuvan_2024,5725,MATCHED_AUTHORITATIVE_BOUNDARY
5730,Mogalthur,West Godavari,Andhra Pradesh,16.397049,81.57407,MoPR_LGD_and_ISRO_Bhuvan,LGD_2026_Bhuvan_2024,5730,MATCHED_AUTHORITATIVE_BOUNDARY
5732,Narsapur,West Godavari,Andhra Pradesh,16.411049,81.674182,MoPR_LGD_and_ISRO_Bhuvan,LGD_2026_Bhuvan_2024,5732,MATCHED_AUTHORITATIVE_BOUNDARY
5735,Palacole,West Godavari,Andhra Pradesh,16.517614,81.692036,MoPR_LGD_and_ISRO_Bhuvan,LGD_2026_Bhuvan_2024,5735,MATCHED_AUTHORITATIVE_BOUNDARY
5736,Palakoderu,West Godavari,Andhra Pradesh,16.579518,81.562061,MoPR_LGD_and_ISRO_Bhuvan,LGD_2026_Bhuvan_2024,5736,MATCHED_AUTHORITATIVE_BOUNDARY
5739,Pentapadu,West Godavari,Andhra Pradesh,16.767709,81.53786,MoPR_LGD_and_ISRO_Bhuvan,LGD_2026_Bhuvan_2024,5739,MATCHED_AUTHORITATIVE_BOUNDARY
5741,Penumantra,West Godavari,Andhra Pradesh,16.636993,81.676258,MoPR_LGD_and_ISRO_Bhuvan,LGD_2026_Bhuvan_2024,5741,MATCHED_AUTHORITATIVE_BOUNDARY
5743,Poduru,West Godavari,Andhra Pradesh,16.568234,81.748728,MoPR_LGD_and_ISRO_Bhuvan,LGD_2026_Bhuvan_2024,5743,MATCHED_AUTHORITATIVE_BOUNDARY
5746,Tadepalligudem,West Godavari,Andhra Pradesh,16.867946,81.545244,MoPR_LGD_and_ISRO_Bhuvan,LGD_2026_Bhuvan_2024,5746,MATCHED_AUTHORITATIVE_BOUNDARY
5747,Tanuku,West Godavari,Andhra Pradesh,16.757227,81.659565,MoPR_LGD_and_ISRO_Bhuvan,LGD_2026_Bhuvan_2024,5747,MATCHED_AUTHORITATIVE_BOUNDARY
5749,Undi,West Godavari,Andhra Pradesh,16.615711,81.471987,MoPR_LGD_and_ISRO_Bhuvan,LGD_2026_Bhuvan_2024,5749,MATCHED_AUTHORITATIVE_BOUNDARY
5740,Vasavi Penugonda,West Godavari,Andhra Pradesh,16.650962,81.789121,MoPR_LGD_and_ISRO_Bhuvan,LGD_2026_Bhuvan_2024,5740,MATCHED_AUTHORITATIVE_BOUNDARY
5752,Veeravasaram,West Godavari,Andhra Pradesh,16.550734,81.62932,MoPR_LGD_and_ISRO_Bhuvan,LGD_2026_Bhuvan_2024,5752,MATCHED_AUTHORITATIVE_BOUNDARY
4815,Atlur,Y.S.R. Kadapa,Andhra Pradesh,14.568742,79.071084,MoPR_LGD_and_ISRO_Bhuvan,LGD_2026_Bhuvan_2024,4815,MATCHED_AUTHORITATIVE_BOUNDARY
4817,Badvel,Y.S.R. Kadapa,Andhra Pradesh,14.694644,78.998873,MoPR_LGD_and_ISRO_Bhuvan,LGD_2026_Bhuvan_2024,4817,MATCHED_AUTHORITATIVE_BOUNDARY
4816,B.Kodur,Y.S.R. Kadapa,Andhra Pradesh,14.863316,78.996979,MoPR_LGD_and_ISRO_Bhuvan,LGD_2026_Bhuvan_2024,4816,MATCHED_AUTHORITATIVE_BOUNDARY
4818,Brahmamgarimatham.,Y.S.R. Kadapa,Andhra Pradesh,14.809428,78.919694,MoPR_LGD_and_ISRO_Bhuvan,LGD_2026_Bhuvan_2024,4818,MATCHED_AUTHORITATIVE_BOUNDARY
4819,Chakrayapet,Y.S.R. Kadapa,Andhra Pradesh,14.229465,78.505486,MoPR_LGD_and_ISRO_Bhuvan,LGD_2026_Bhuvan_2024,4819,MATCHED_AUTHORITATIVE_BOUNDARY
4820,Chapadu,Y.S.R. Kadapa,Andhra Pradesh,14.720126,78.660352,MoPR_LGD_and_ISRO_Bhuvan,LGD_2026_Bhuvan_2024,4820,MATCHED_AUTHORITATIVE_BOUNDARY
4821,Chennur,Y.S.R. Kadapa,Andhra Pradesh,14.559184,78.821996,MoPR_LGD_and_ISRO_Bhuvan,LGD_2026_Bhuvan_2024,4821,MATCHED_AUTHORITATIVE_BOUNDARY
4823,Chintakomma Dinne,Y.S.R. Kadapa,Andhra Pradesh,14.385368,78.799631,MoPR_LGD_and_ISRO_Bhuvan,LGD_2026_Bhuvan_2024,4823,MATCHED_AUTHORITATIVE_BOUNDARY
4825,Duvvur,Y.S.R. Kadapa,Andhra Pradesh,14.865351,78.671792,MoPR_LGD_and_ISRO_Bhuvan,LGD_2026_Bhuvan_2024,4825,MATCHED_AUTHORITATIVE_BOUNDARY
4827,Gopavaram,Y.S.R. Kadapa,Andhra Pradesh,14.617536,79.162692,MoPR_LGD_and_ISRO_Bhuvan,LGD_2026_Bhuvan_2024,4827,MATCHED_AUTHORITATIVE_BOUNDARY
4828,Jammalamadugu,Y.S.R. Kadapa,Andhra Pradesh,14.801406,78.377725,MoPR_LGD_and_ISRO_Bhuvan,LGD_2026_Bhuvan_2024,4828,MATCHED_AUTHORITATIVE_BOUNDARY
7344,Kadapa,Y.S.R. Kadapa,Andhra Pradesh,14.476971,78.84052,MoPR_LGD_and_ISRO_Bhuvan,LGD_2026_Bhuvan_2024,7344,MATCHED_AUTHORITATIVE_BOUNDARY
4829,Kalasapadu,Y.S.R. Kadapa,Andhra Pradesh,15.133807,78.886884,MoPR_LGD_and_ISRO_Bhuvan,LGD_2026_Bhuvan_2024,4829,MATCHED_AUTHORITATIVE_BOUNDARY
4830,Kamalapuram,Y.S.R. Kadapa,Andhra Pradesh,14.582464,78.61323,MoPR_LGD_and_ISRO_Bhuvan,LGD_2026_Bhuvan_2024,4830,MATCHED_AUTHORITATIVE_BOUNDARY
4831,Khajipet,Y.S.R. Kadapa,Andhra Pradesh,14.645326,78.793721,MoPR_LGD_and_ISRO_Bhuvan,LGD_2026_Bhuvan_2024,4831,MATCHED_AUTHORITATIVE_BOUNDARY
4833,Kondapuram,Y.S.R. Kadapa,Andhra Pradesh,14.806153,78.151561,MoPR_LGD_and_ISRO_Bhuvan,LGD_2026_Bhuvan_2024,4833,MATCHED_AUTHORITATIVE_BOUNDARY
4835,Lingala,Y.S.R. Kadapa,Andhra Pradesh,14.490596,78.098656,MoPR_LGD_and_ISRO_Bhuvan,LGD_2026_Bhuvan_2024,4835,MATCHED_AUTHORITATIVE_BOUNDARY
4836,Muddanur,Y.S.R. Kadapa,Andhra Pradesh,14.673758,78.344845,MoPR_LGD_and_ISRO_Bhuvan,LGD_2026_Bhuvan_2024,4836,MATCHED_AUTHORITATIVE_BOUNDARY
4837,Mydukur,Y.S.R. Kadapa,Andhra Pradesh,14.827199,78.778025,MoPR_LGD_and_ISRO_Bhuvan,LGD_2026_Bhuvan_2024,4837,MATCHED_AUTHORITATIVE_BOUNDARY
4838,Mylavaram,Y.S.R. Kadapa,Andhra Pradesh,14.936734,78.287572,MoPR_LGD_and_ISRO_Bhuvan,LGD_2026_Bhuvan_2024,4838,MATCHED_AUTHORITATIVE_BOUNDARY
4839,Nandalur,Y.S.R. Kadapa,Andhra Pradesh,14.324972,79.182394,MoPR_LGD_and_ISRO_Bhuvan,LGD_2026_Bhuvan_2024,4839,MATCHED_AUTHORITATIVE_BOUNDARY
4841,Peddamudium,Y.S.R. Kadapa,Andhra Pradesh,14.949424,78.450628,MoPR_LGD_and_ISRO_Bhuvan,LGD_2026_Bhuvan_2024,4841,MATCHED_AUTHORITATIVE_BOUNDARY
4843,Pendlimarri,Y.S.R. Kadapa,Andhra Pradesh,14.383329,78.616147,MoPR_LGD_and_ISRO_Bhuvan,LGD_2026_Bhuvan_2024,4843,MATCHED_AUTHORITATIVE_BOUNDARY
4844,Porumamilla,Y.S.R. Kadapa,Andhra Pradesh,14.997535,79.043988,MoPR_LGD_and_ISRO_Bhuvan,LGD_2026_Bhuvan_2024,4844,MATCHED_AUTHORITATIVE_BOUNDARY
4845,Proddatur,Y.S.R. Kadapa,Andhra Pradesh,14.757871,78.555797,MoPR_LGD_and_ISRO_Bhuvan,LGD_2026_Bhuvan_2024,4845,MATCHED_AUTHORITATIVE_BOUNDARY
4846,Pulivendla,Y.S.R. Kadapa,Andhra Pradesh,14.412482,78.220194,MoPR_LGD_and_ISRO_Bhuvan,LGD_2026_Bhuvan_2024,4846,MATCHED_AUTHORITATIVE_BOUNDARY
4848,Rajampet,Y.S.R. Kadapa,Andhra Pradesh,14.202569,79.103914,MoPR_LGD_and_ISRO_Bhuvan,LGD_2026_Bhuvan_2024,4848,MATCHED_AUTHORITATIVE_BOUNDARY
4849,Rajupalem,Y.S.R. Kadapa,Andhra Pradesh,14.87399,78.559663,MoPR_LGD_and_ISRO_Bhuvan,LGD_2026_Bhuvan_2024,4849,MATCHED_AUTHORITATIVE_BOUNDARY
4853,Sidhout,Y.S.R. Kadapa,Andhra Pradesh,14.509219,78.960866,MoPR_LGD_and_ISRO_Bhuvan,LGD_2026_Bhuvan_2024,4853,MATCHED_AUTHORITATIVE_BOUNDARY
4854,Simhadripuram,Y.S.R. Kadapa,Andhra Pradesh,14.615648,78.178916,MoPR_LGD_and_ISRO_Bhuvan,LGD_2026_Bhuvan_2024,4854,MATCHED_AUTHORITATIVE_BOUNDARY
4855,Sri Avadutha Kasinayana,Y.S.R. Kadapa,Andhra Pradesh,15.002454,78.861968,MoPR_LGD_and_ISRO_Bhuvan,LGD_2026_Bhuvan_2024,4855,MATCHED_AUTHORITATIVE_BOUNDARY
4857,Thondur,Y.S.R. Kadapa,Andhra Pradesh,14.547163,78.298976,MoPR_LGD_and_ISRO_Bhuvan,LGD_2026_Bhuvan_2024,4857,MATCHED_AUTHORITATIVE_BOUNDARY
4856,T.Sundupalle,Y.S.R. Kadapa,Andhra Pradesh,13.964196,78.964881,MoPR_LGD_and_ISRO_Bhuvan,LGD_2026_Bhuvan_2024,4856,MATCHED_AUTHORITATIVE_BOUNDARY
4858,Vallur,Y.S.R. Kadapa,Andhra Pradesh,14.549808,78.709992,MoPR_LGD_and_ISRO_Bhuvan,LGD_2026_Bhuvan_2024,4858,MATCHED_AUTHORITATIVE_BOUNDARY
4859,Veeraballi,Y.S.R. Kadapa,Andhra Pradesh,14.176695,78.898265,MoPR_LGD_and_ISRO_Bhuvan,LGD_2026_Bhuvan_2024,4859,MATCHED_AUTHORITATIVE_BOUNDARY
4860,Veerapanayani Palle,Y.S.R. Kadapa,Andhra Pradesh,14.505804,78.473509,MoPR_LGD_and_ISRO_Bhuvan,LGD_2026_Bhuvan_2024,4860,MATCHED_AUTHORITATIVE_BOUNDARY
4861,Vempalle,Y.S.R. Kadapa,Andhra Pradesh,14.361281,78.421897,MoPR_LGD_and_ISRO_Bhuvan,LGD_2026_Bhuvan_2024,4861,MATCHED_AUTHORITATIVE_BOUNDARY
4862,Vemula,Y.S.R. Kadapa,Andhra Pradesh,14.384056,78.319589,MoPR_LGD_and_ISRO_Bhuvan,LGD_2026_Bhuvan_2024,4862,MATCHED_AUTHORITATIVE_BOUNDARY
4863,Vontimitta,Y.S.R. Kadapa,Andhra Pradesh,14.372946,79.053784,MoPR_LGD_and_ISRO_Bhuvan,LGD_2026_Bhuvan_2024,4863,MATCHED_AUTHORITATIVE_BOUNDARY
4864,Yerraguntla,Y.S.R. Kadapa,Andhra Pradesh,14.659463,78.51099,MoPR_LGD_and_ISRO_Bhuvan,LGD_2026_Bhuvan_2024,4864,MATCHED_AUTHORITATIVE_BOUNDARY
7069,Chaglagam,Anjaw,Arunachal Pradesh,28.293298,96.559066,MoPR_LGD_and_ISRO_Bhuvan,LGD_2026_Bhuvan_2024,7069,MATCHED_AUTHORITATIVE_BOUNDARY
2207,Hawai-Walong,Anjaw,Arunachal Pradesh,27.987235,97.032017,MoPR_LGD_and_ISRO_Bhuvan,LGD_2026_Bhuvan_2024,2207,MATCHED_AUTHORITATIVE_BOUNDARY
2208,Hayuliang,Anjaw,Arunachal Pradesh,28.142837,96.612208,MoPR_LGD_and_ISRO_Bhuvan,LGD_2026_Bhuvan_2024,2208,MATCHED_AUTHORITATIVE_BOUNDARY
7070,Manchal,Anjaw,Arunachal Pradesh,28.01903,96.731454,MoPR_LGD_and_ISRO_Bhuvan,LGD_2026_Bhuvan_2024,7070,MATCHED_AUTHORITATIVE_BOUNDARY
2161,Bordumsa,Changlang,Arunachal Pradesh,27.485483,95.947734,MoPR_LGD_and_ISRO_Bhuvan,LGD_2026_Bhuvan_2024,2161,MATCHED_AUTHORITATIVE_BOUNDARY
2162,Changlang,Changlang,Arunachal Pradesh,27.129634,95.766004,MoPR_LGD_and_ISRO_Bhuvan,LGD_2026_Bhuvan_2024,2162,MATCHED_AUTHORITATIVE_BOUNDARY
6816,Diyun,Changlang,Arunachal Pradesh,27.554504,96.098033,MoPR_LGD_and_ISRO_Bhuvan,LGD_2026_Bhuvan_2024,6816,MATCHED_AUTHORITATIVE_BOUNDARY
7532,Kantang,Changlang,Arunachal Pradesh,,,MoPR_LGD_and_ISRO_Bhuvan,LGD_2026_Bhuvan_2024,7532,PENDING_OFFICIAL_BOUNDARY_MATCH
2166,Khagam-Miao,Changlang,Arunachal Pradesh,27.445604,96.63407,MoPR_LGD_and_ISRO_Bhuvan,LGD_2026_Bhuvan_2024,2166,MATCHED_AUTHORITATIVE_BOUNDARY
6814,Khimiyang,Changlang,Arunachal Pradesh,26.997156,95.740656,MoPR_LGD_and_ISRO_Bhuvan,LGD_2026_Bhuvan_2024,6814,MATCHED_AUTHORITATIVE_BOUNDARY
6815,Manmao,Changlang,Arunachal Pradesh,27.224647,95.942651,MoPR_LGD_and_ISRO_Bhuvan,LGD_2026_Bhuvan_2024,6815,MATCHED_AUTHORITATIVE_BOUNDARY
2167,Nampong,Changlang,Arunachal Pradesh,27.346409,96.317993,MoPR_LGD_and_ISRO_Bhuvan,LGD_2026_Bhuvan_2024,2167,MATCHED_AUTHORITATIVE_BOUNDARY
6817,Vijoynagar,Changlang,Arunachal Pradesh,,,MoPR_LGD_and_ISRO_Bhuvan,LGD_2026_Bhuvan_2024,6817,PENDING_OFFICIAL_BOUNDARY_MATCH
7179,Yatdam,Changlang,Arunachal Pradesh,,,MoPR_LGD_and_ISRO_Bhuvan,LGD_2026_Bhuvan_2024,7179,PENDING_OFFICIAL_BOUNDARY_MATCH
7027,Anelih Arzu,Dibang Valley,Arunachal Pradesh,28.499648,95.671643,MoPR_LGD_and_ISRO_Bhuvan,LGD_2026_Bhuvan_2024,7027,MATCHED_AUTHORITATIVE_BOUNDARY
2169,Anini-Mepi,Dibang Valley,Arunachal Pradesh,29.07196,95.898083,MoPR_LGD_and_ISRO_Bhuvan,LGD_2026_Bhuvan_2024,2169,MATCHED_AUTHORITATIVE_BOUNDARY
7028,Etalin Malinye,Dibang Valley,Arunachal Pradesh,28.774341,96.335065,MoPR_LGD_and_ISRO_Bhuvan,LGD_2026_Bhuvan_2024,7028,MATCHED_AUTHORITATIVE_BOUNDARY
2172,Bameng,East Kameng,Arunachal Pradesh,27.518794,92.927522,MoPR_LGD_and_ISRO_Bhuvan,LGD_2026_Bhuvan_2024,2172,MATCHED_AUTHORITATIVE_BOUNDARY
7071,Bana,East Kameng,Arunachal Pradesh,27.318221,92.860401,MoPR_LGD_and_ISRO_Bhuvan,LGD_2026_Bhuvan_2024,7071,MATCHED_AUTHORITATIVE_BOUNDARY
2174,Chayangtajo,East Kameng,Arunachal Pradesh,27.782708,92.849776,MoPR_LGD_and_ISRO_Bhuvan,LGD_2026_Bhuvan_2024,2174,MATCHED_AUTHORITATIVE_BOUNDARY
7073,Khenewa,East Kameng,Arunachal Pradesh,27.602206,92.781148,MoPR_LGD_and_ISRO_Bhuvan,LGD_2026_Bhuvan_2024,7073,MATCHED_AUTHORITATIVE_BOUNDARY
7539,Lada,East Kameng,Arunachal Pradesh,,,MoPR_LGD_and_ISRO_Bhuvan,LGD_2026_Bhuvan_2024,7539,PENDING_OFFICIAL_BOUNDARY_MATCH
7072,Pipu,East Kameng,Arunachal Pradesh,27.516556,93.179337,MoPR_LGD_and_ISRO_Bhuvan,LGD_2026_Bhuvan_2024,7072,MATCHED_AUTHORITATIVE_BOUNDARY
7345,Sawa,East Kameng,Arunachal Pradesh,,,MoPR_LGD_and_ISRO_Bhuvan,LGD_2026_Bhuvan_2024,7345,PENDING_OFFICIAL_BOUNDARY_MATCH
2180,Seppa,East Kameng,Arunachal Pradesh,27.343495,93.067749,MoPR_LGD_and_ISRO_Bhuvan,LGD_2026_Bhuvan_2024,2180,MATCHED_AUTHORITATIVE_BOUNDARY
7544,Bilat,East Siang,Arunachal Pradesh,,,MoPR_LGD_and_ISRO_Bhuvan,LGD_2026_Bhuvan_2024,7544,PENDING_OFFICIAL_BOUNDARY_MATCH
2186,Mebo,East Siang,Arunachal Pradesh,28.130437,95.432529,MoPR_LGD_and_ISRO_Bhuvan,LGD_2026_Bhuvan_2024,2186,MATCHED_AUTHORITATIVE_BOUNDARY
7053,Pasighat,East Siang,Arunachal Pradesh,28.030616,95.325999,MoPR_LGD_and_ISRO_Bhuvan,LGD_2026_Bhuvan_2024,7053,MATCHED_AUTHORITATIVE_BOUNDARY
7054,Ruksin,East Siang,Arunachal Pradesh,27.86886,95.186483,MoPR_LGD_and_ISRO_Bhuvan,LGD_2026_Bhuvan_2024,7054,MATCHED_AUTHORITATIVE_BOUNDARY
7531,Gepen,Kamle,Arunachal Pradesh,,,MoPR_LGD_and_ISRO_Bhuvan,LGD_2026_Bhuvan_2024,7531,PENDING_OFFICIAL_BOUNDARY_MATCH
7537,Kamporijo,Kamle,Arunachal Pradesh,,,MoPR_LGD_and_ISRO_Bhuvan,LGD_2026_Bhuvan_2024,7537,PENDING_OFFICIAL_BOUNDARY_MATCH
7536,Persin Dollungmukh,Kamle,Arunachal Pradesh,,,MoPR_LGD_and_ISRO_Bhuvan,LGD_2026_Bhuvan_2024,7536,PENDING_OFFICIAL_BOUNDARY_MATCH
6802,Puchi Geko,Kamle,Arunachal Pradesh,27.870659,94.259973,MoPR_LGD_and_ISRO_Bhuvan,LGD_2026_Bhuvan_2024,6802,MATCHED_AUTHORITATIVE_BOUNDARY
2232,Tamen-Raga,Kamle,Arunachal Pradesh,27.81444,94.126377,MoPR_LGD_and_ISRO_Bhuvan,LGD_2026_Bhuvan_2024,2232,MATCHED_AUTHORITATIVE_BOUNDARY
2192,Chambang,Kra Daadi,Arunachal Pradesh,27.83719,93.79611,MoPR_LGD_and_ISRO_Bhuvan,LGD_2026_Bhuvan_2024,2192,MATCHED_AUTHORITATIVE_BOUNDARY
7084,Gangte,Kra Daadi,Arunachal Pradesh,,,MoPR_LGD_and_ISRO_Bhuvan,LGD_2026_Bhuvan_2024,7084,PENDING_OFFICIAL_BOUNDARY_MATCH
2197,Palin,Kra Daadi,Arunachal Pradesh,27.707912,93.627405,MoPR_LGD_and_ISRO_Bhuvan,LGD_2026_Bhuvan_2024,2197,MATCHED_AUTHORITATIVE_BOUNDARY
7081,Pipsorang,Kra Daadi,Arunachal Pradesh,28.173731,93.655972,MoPR_LGD_and_ISRO_Bhuvan,LGD_2026_Bhuvan_2024,7081,MATCHED_AUTHORITATIVE_BOUNDARY
2202,Tali,Kra Daadi,Arunachal Pradesh,27.987883,93.771341,MoPR_LGD_and_ISRO_Bhuvan,LGD_2026_Bhuvan_2024,2202,MATCHED_AUTHORITATIVE_BOUNDARY
7083,Yangte,Kra Daadi,Arunachal Pradesh,27.861179,93.632731,MoPR_LGD_and_ISRO_Bhuvan,LGD_2026_Bhuvan_2024,7083,MATCHED_AUTHORITATIVE_BOUNDARY
2193,Damin,Kurung Kumey,Arunachal Pradesh,28.179591,93.199088,MoPR_LGD_and_ISRO_Bhuvan,LGD_2026_Bhuvan_2024,2193,MATCHED_AUTHORITATIVE_BOUNDARY
2195,Koloriang,Kurung Kumey,Arunachal Pradesh,27.895065,93.332219,MoPR_LGD_and_ISRO_Bhuvan,LGD_2026_Bhuvan_2024,2195,MATCHED_AUTHORITATIVE_BOUNDARY
2196,Nyapin,Kurung Kumey,Arunachal Pradesh,27.710391,93.359943,MoPR_LGD_and_ISRO_Bhuvan,LGD_2026_Bhuvan_2024,2196,MATCHED_AUTHORITATIVE_BOUNDARY
7541,Paniasang,Kurung Kumey,Arunachal Pradesh,,,MoPR_LGD_and_ISRO_Bhuvan,LGD_2026_Bhuvan_2024,7541,PENDING_OFFICIAL_BOUNDARY_MATCH
7082,Parsiparlo,Kurung Kumey,Arunachal Pradesh,27.992136,93.467733,MoPR_LGD_and_ISRO_Bhuvan,LGD_2026_Bhuvan_2024,7082,MATCHED_AUTHORITATIVE_BOUNDARY
7535,Phassang,Kurung Kumey,Arunachal Pradesh,,,MoPR_LGD_and_ISRO_Bhuvan,LGD_2026_Bhuvan_2024,7535,PENDING_OFFICIAL_BOUNDARY_MATCH
7542,Polosang,Kurung Kumey,Arunachal Pradesh,,,MoPR_LGD_and_ISRO_Bhuvan,LGD_2026_Bhuvan_2024,7542,PENDING_OFFICIAL_BOUNDARY_MATCH
7079,Sangram,Kurung Kumey,Arunachal Pradesh,27.831663,93.513809,MoPR_LGD_and_ISRO_Bhuvan,LGD_2026_Bhuvan_2024,7079,MATCHED_AUTHORITATIVE_BOUNDARY
7080,Sarli,Kurung Kumey,Arunachal Pradesh,27.991678,92.97835,MoPR_LGD_and_ISRO_Bhuvan,LGD_2026_Bhuvan_2024,7080,MATCHED_AUTHORITATIVE_BOUNDARY
2300,Basar,Leparada,Arunachal Pradesh,27.96596,94.710226,MoPR_LGD_and_ISRO_Bhuvan,LGD_2026_Bhuvan_2024,2300,MATCHED_AUTHORITATIVE_BOUNDARY
7062,Daring,Leparada,Arunachal Pradesh,27.868092,94.766407,MoPR_LGD_and_ISRO_Bhuvan,LGD_2026_Bhuvan_2024,7062,MATCHED_AUTHORITATIVE_BOUNDARY
7090,Tirbin,Leparada,Arunachal Pradesh,28.011047,94.568762,MoPR_LGD_and_ISRO_Bhuvan,LGD_2026_Bhuvan_2024,7090,MATCHED_AUTHORITATIVE_BOUNDARY
2214,Tezu,Lohit,Arunachal Pradesh,28.055028,96.247488,MoPR_LGD_and_ISRO_Bhuvan,LGD_2026_Bhuvan_2024,2214,MATCHED_AUTHORITATIVE_BOUNDARY
2216,Wakro,Lohit,Arunachal Pradesh,27.781236,96.458703,MoPR_LGD_and_ISRO_Bhuvan,LGD_2026_Bhuvan_2024,2216,MATCHED_AUTHORITATIVE_BOUNDARY
7029,Kanubari,Longding,Arunachal Pradesh,26.972921,95.247483,MoPR_LGD_and_ISRO_Bhuvan,LGD_2026_Bhuvan_2024,7029,MATCHED_AUTHORITATIVE_BOUNDARY
7530,Lawnu,Longding,Arunachal Pradesh,,,MoPR_LGD_and_ISRO_Bhuvan,LGD_2026_Bhuvan_2024,7530,PENDING_OFFICIAL_BOUNDARY_MATCH
6796,Niausa,Longding,Arunachal Pradesh,,,MoPR_LGD_and_ISRO_Bhuvan,LGD_2026_Bhuvan_2024,6796,PENDING_OFFICIAL_BOUNDARY_MATCH
6794,Pongchau,Longding,Arunachal Pradesh,26.725404,95.315405,MoPR_LGD_and_ISRO_Bhuvan,LGD_2026_Bhuvan_2024,6794,MATCHED_AUTHORITATIVE_BOUNDARY
7030,Wakka,Longding,Arunachal Pradesh,26.810396,95.427692,MoPR_LGD_and_ISRO_Bhuvan,LGD_2026_Bhuvan_2024,7030,MATCHED_AUTHORITATIVE_BOUNDARY
7052,Dambuk,Lower Dibang Valley,Arunachal Pradesh,28.277658,95.546878,MoPR_LGD_and_ISRO_Bhuvan,LGD_2026_Bhuvan_2024,7052,MATCHED_AUTHORITATIVE_BOUNDARY
2218,Hunli-Kronli,Lower Dibang Valley,Arunachal Pradesh,28.351639,96.084448,MoPR_LGD_and_ISRO_Bhuvan,LGD_2026_Bhuvan_2024,2218,MATCHED_AUTHORITATIVE_BOUNDARY
2222,Roing,Lower Dibang Valley,Arunachal Pradesh,28.121975,95.80291,MoPR_LGD_and_ISRO_Bhuvan,LGD_2026_Bhuvan_2024,2222,MATCHED_AUTHORITATIVE_BOUNDARY
2303,Gensi,Lower Siang,Arunachal Pradesh,27.776818,94.507542,MoPR_LGD_and_ISRO_Bhuvan,LGD_2026_Bhuvan_2024,2303,MATCHED_AUTHORITATIVE_BOUNDARY
7540,Kangku,Lower Siang,Arunachal Pradesh,,,MoPR_LGD_and_ISRO_Bhuvan,LGD_2026_Bhuvan_2024,7540,PENDING_OFFICIAL_BOUNDARY_MATCH
7060,Likabali,Lower Siang,Arunachal Pradesh,27.681717,94.569712,MoPR_LGD_and_ISRO_Bhuvan,LGD_2026_Bhuvan_2024,7060,MATCHED_AUTHORITATIVE_BOUNDARY
7056,Ramle Bango,Lower Siang,Arunachal Pradesh,,,MoPR_LGD_and_ISRO_Bhuvan,LGD_2026_Bhuvan_2024,7056,PENDING_OFFICIAL_BOUNDARY_MATCH
2225,Hong-Hari,Lower Subansiri,Arunachal Pradesh,27.563066,93.887018,MoPR_LGD_and_ISRO_Bhuvan,LGD_2026_Bhuvan_2024,2225,MATCHED_AUTHORITATIVE_BOUNDARY
7075,Pistana,Lower Subansiri,Arunachal Pradesh,27.574233,93.659163,MoPR_LGD_and_ISRO_Bhuvan,LGD_2026_Bhuvan_2024,7075,MATCHED_AUTHORITATIVE_BOUNDARY
2233,Ziro-I,Lower Subansiri,Arunachal Pradesh,27.671074,93.862784,MoPR_LGD_and_ISRO_Bhuvan,LGD_2026_Bhuvan_2024,2233,MATCHED_AUTHORITATIVE_BOUNDARY
2236,Ziro-Ii,Lower Subansiri,Arunachal Pradesh,27.397331,93.709086,MoPR_LGD_and_ISRO_Bhuvan,LGD_2026_Bhuvan_2024,2236,MATCHED_AUTHORITATIVE_BOUNDARY
7150,Chowkham,Namsai,Arunachal Pradesh,27.720647,96.110445,MoPR_LGD_and_ISRO_Bhuvan,LGD_2026_Bhuvan_2024,7150,MATCHED_AUTHORITATIVE_BOUNDARY
7025,Lekang,Namsai,Arunachal Pradesh,27.623437,95.844152,MoPR_LGD_and_ISRO_Bhuvan,LGD_2026_Bhuvan_2024,7025,MATCHED_AUTHORITATIVE_BOUNDARY
7149,Namsai,Namsai,Arunachal Pradesh,27.644649,95.957413,MoPR_LGD_and_ISRO_Bhuvan,LGD_2026_Bhuvan_2024,7149,MATCHED_AUTHORITATIVE_BOUNDARY
2175,Pakkekessang,Pakke Kessang,Arunachal Pradesh,27.183079,93.156186,MoPR_LGD_and_ISRO_Bhuvan,LGD_2026_Bhuvan_2024,2175,MATCHED_AUTHORITATIVE_BOUNDARY
7074,Seijosa,Pakke Kessang,Arunachal Pradesh,27.051269,92.92536,MoPR_LGD_and_ISRO_Bhuvan,LGD_2026_Bhuvan_2024,7074,MATCHED_AUTHORITATIVE_BOUNDARY
6812,Balijan,Papum Pare,Arunachal Pradesh,,,MoPR_LGD_and_ISRO_Bhuvan,LGD_2026_Bhuvan_2024,6812,PENDING_OFFICIAL_BOUNDARY_MATCH
6811,Borum,Papum Pare,Arunachal Pradesh,27.385493,93.455358,MoPR_LGD_and_ISRO_Bhuvan,LGD_2026_Bhuvan_2024,6811,MATCHED_AUTHORITATIVE_BOUNDARY
2238,Doimukh,Papum Pare,Arunachal Pradesh,27.114197,93.626703,MoPR_LGD_and_ISRO_Bhuvan,LGD_2026_Bhuvan_2024,2238,MATCHED_AUTHORITATIVE_BOUNDARY
6813,Kimin,Papum Pare,Arunachal Pradesh,27.403762,93.981573,MoPR_LGD_and_ISRO_Bhuvan,LGD_2026_Bhuvan_2024,6813,MATCHED_AUTHORITATIVE_BOUNDARY
6810,Mengio,Papum Pare,Arunachal Pradesh,27.52176,93.439595,MoPR_LGD_and_ISRO_Bhuvan,LGD_2026_Bhuvan_2024,6810,MATCHED_AUTHORITATIVE_BOUNDARY
2243,Sagalee,Papum Pare,Arunachal Pradesh,27.266615,93.517225,MoPR_LGD_and_ISRO_Bhuvan,LGD_2026_Bhuvan_2024,2243,MATCHED_AUTHORITATIVE_BOUNDARY
7059,Manigoan,Shi Yomi,Arunachal Pradesh,,,MoPR_LGD_and_ISRO_Bhuvan,LGD_2026_Bhuvan_2024,7059,PENDING_OFFICIAL_BOUNDARY_MATCH
2309,Mechuka-Tato,Shi Yomi,Arunachal Pradesh,28.536365,94.261492,MoPR_LGD_and_ISRO_Bhuvan,LGD_2026_Bhuvan_2024,2309,MATCHED_AUTHORITATIVE_BOUNDARY
7347,Boleng,Siang,Arunachal Pradesh,28.451436,94.889914,MoPR_LGD_and_ISRO_Bhuvan,LGD_2026_Bhuvan_2024,7347,MATCHED_AUTHORITATIVE_BOUNDARY
2305,Kaying,Siang,Arunachal Pradesh,28.302389,94.62411,MoPR_LGD_and_ISRO_Bhuvan,LGD_2026_Bhuvan_2024,2305,MATCHED_AUTHORITATIVE_BOUNDARY
2189,Pangin,Siang,Arunachal Pradesh,28.181693,94.987601,MoPR_LGD_and_ISRO_Bhuvan,LGD_2026_Bhuvan_2024,2189,MATCHED_AUTHORITATIVE_BOUNDARY
7533,Payum,Siang,Arunachal Pradesh,,,MoPR_LGD_and_ISRO_Bhuvan,LGD_2026_Bhuvan_2024,7533,PENDING_OFFICIAL_BOUNDARY_MATCH
7346,Rebo Parging,Siang,Arunachal Pradesh,28.281666,95.043023,MoPR_LGD_and_ISRO_Bhuvan,LGD_2026_Bhuvan_2024,7346,MATCHED_AUTHORITATIVE_BOUNDARY
7055,Riga,Siang,Arunachal Pradesh,28.446549,95.033247,MoPR_LGD_and_ISRO_Bhuvan,LGD_2026_Bhuvan_2024,7055,MATCHED_AUTHORITATIVE_BOUNDARY
2311,Rumgong,Siang,Arunachal Pradesh,28.34419,94.817389,MoPR_LGD_and_ISRO_Bhuvan,LGD_2026_Bhuvan_2024,2311,MATCHED_AUTHORITATIVE_BOUNDARY
2247,Jang-Thingbu,Tawang,Arunachal Pradesh,27.687789,92.159411,MoPR_LGD_and_ISRO_Bhuvan,LGD_2026_Bhuvan_2024,2247,MATCHED_AUTHORITATIVE_BOUNDARY
6806,Kitpi,Tawang,Arunachal Pradesh,27.623319,91.878701,MoPR_LGD_and_ISRO_Bhuvan,LGD_2026_Bhuvan_2024,6806,MATCHED_AUTHORITATIVE_BOUNDARY
2249,Lumla,Tawang,Arunachal Pradesh,27.547173,91.715243,MoPR_LGD_and_ISRO_Bhuvan,LGD_2026_Bhuvan_2024,2249,MATCHED_AUTHORITATIVE_BOUNDARY
6808,Mukto Bongkhar,Tawang,Arunachal Pradesh,27.506816,91.85834,MoPR_LGD_and_ISRO_Bhuvan,LGD_2026_Bhuvan_2024,6808,MATCHED_AUTHORITATIVE_BOUNDARY
2251,Tawang,Tawang,Arunachal Pradesh,27.613894,91.81083,MoPR_LGD_and_ISRO_Bhuvan,LGD_2026_Bhuvan_2024,2251,MATCHED_AUTHORITATIVE_BOUNDARY
6807,Zemithang Dudunghar,Tawang,Arunachal Pradesh,27.697166,91.699207,MoPR_LGD_and_ISRO_Bhuvan,LGD_2026_Bhuvan_2024,6807,MATCHED_AUTHORITATIVE_BOUNDARY
7543,Bari Basip,Tirap,Arunachal Pradesh,,,MoPR_LGD_and_ISRO_Bhuvan,LGD_2026_Bhuvan_2024,7543,PENDING_OFFICIAL_BOUNDARY_MATCH
7146,Borduria,Tirap,Arunachal Pradesh,,,MoPR_LGD_and_ISRO_Bhuvan,LGD_2026_Bhuvan_2024,7146,PENDING_OFFICIAL_BOUNDARY_MATCH
7145,Dadam,Tirap,Arunachal Pradesh,26.931759,95.4263,MoPR_LGD_and_ISRO_Bhuvan,LGD_2026_Bhuvan_2024,7145,MATCHED_AUTHORITATIVE_BOUNDARY
7077,Khonsa,Tirap,Arunachal Pradesh,27.005822,95.49569,MoPR_LGD_and_ISRO_Bhuvan,LGD_2026_Bhuvan_2024,7077,MATCHED_AUTHORITATIVE_BOUNDARY
7078,Lazu,Tirap,Arunachal Pradesh,26.890892,95.589831,MoPR_LGD_and_ISRO_Bhuvan,LGD_2026_Bhuvan_2024,7078,MATCHED_AUTHORITATIVE_BOUNDARY
7076,Namsang,Tirap,Arunachal Pradesh,27.151746,95.537495,MoPR_LGD_and_ISRO_Bhuvan,LGD_2026_Bhuvan_2024,7076,MATCHED_AUTHORITATIVE_BOUNDARY
7066,Geku,Upper Siang,Arunachal Pradesh,28.34087,95.182709,MoPR_LGD_and_ISRO_Bhuvan,LGD_2026_Bhuvan_2024,7066,MATCHED_AUTHORITATIVE_BOUNDARY
7068,Jengging,Upper Siang,Arunachal Pradesh,,,MoPR_LGD_and_ISRO_Bhuvan,LGD_2026_Bhuvan_2024,7068,PENDING_OFFICIAL_BOUNDARY_MATCH
2270,Mariyang,Upper Siang,Arunachal Pradesh,28.530604,95.280807,MoPR_LGD_and_ISRO_Bhuvan,LGD_2026_Bhuvan_2024,2270,MATCHED_AUTHORITATIVE_BOUNDARY
7067,Singa Gelling,Upper Siang,Arunachal Pradesh,,,MoPR_LGD_and_ISRO_Bhuvan,LGD_2026_Bhuvan_2024,7067,PENDING_OFFICIAL_BOUNDARY_MATCH
2271,Tuting,Upper Siang,Arunachal Pradesh,28.980524,94.811606,MoPR_LGD_and_ISRO_Bhuvan,LGD_2026_Bhuvan_2024,2271,MATCHED_AUTHORITATIVE_BOUNDARY
2272,Yingkiong,Upper Siang,Arunachal Pradesh,28.670484,94.973909,MoPR_LGD_and_ISRO_Bhuvan,LGD_2026_Bhuvan_2024,2272,MATCHED_AUTHORITATIVE_BOUNDARY
6801,Baririjo,Upper Subansiri,Arunachal Pradesh,27.923173,94.424051,MoPR_LGD_and_ISRO_Bhuvan,LGD_2026_Bhuvan_2024,6801,MATCHED_AUTHORITATIVE_BOUNDARY
6800,Chetam,Upper Subansiri,Arunachal Pradesh,,,MoPR_LGD_and_ISRO_Bhuvan,LGD_2026_Bhuvan_2024,6800,PENDING_OFFICIAL_BOUNDARY_MATCH
2276,Daporijo,Upper Subansiri,Arunachal Pradesh,27.953003,94.150926,MoPR_LGD_and_ISRO_Bhuvan,LGD_2026_Bhuvan_2024,2276,MATCHED_AUTHORITATIVE_BOUNDARY
2278,Dumporijo,Upper Subansiri,Arunachal Pradesh,28.08899,94.274028,MoPR_LGD_and_ISRO_Bhuvan,LGD_2026_Bhuvan_2024,2278,MATCHED_AUTHORITATIVE_BOUNDARY
2275,Giba,Upper Subansiri,Arunachal Pradesh,28.111649,93.983845,MoPR_LGD_and_ISRO_Bhuvan,LGD_2026_Bhuvan_2024,2275,MATCHED_AUTHORITATIVE_BOUNDARY
6798,Limeking,Upper Subansiri,Arunachal Pradesh,28.459991,93.463646,MoPR_LGD_and_ISRO_Bhuvan,LGD_2026_Bhuvan_2024,6798,MATCHED_AUTHORITATIVE_BOUNDARY
2281,Nacho,Upper Subansiri,Arunachal Pradesh,28.48232,93.791745,MoPR_LGD_and_ISRO_Bhuvan,LGD_2026_Bhuvan_2024,2281,MATCHED_AUTHORITATIVE_BOUNDARY
6799,Payeng,Upper Subansiri,Arunachal Pradesh,,,MoPR_LGD_and_ISRO_Bhuvan,LGD_2026_Bhuvan_2024,6799,PENDING_OFFICIAL_BOUNDARY_MATCH
6803,Siyum,Upper Subansiri,Arunachal Pradesh,28.464311,94.014688,MoPR_LGD_and_ISRO_Bhuvan,LGD_2026_Bhuvan_2024,6803,MATCHED_AUTHORITATIVE_BOUNDARY
7538,Taksing,Upper Subansiri,Arunachal Pradesh,,,MoPR_LGD_and_ISRO_Bhuvan,LGD_2026_Bhuvan_2024,7538,PENDING_OFFICIAL_BOUNDARY_MATCH
2285,Taliha,Upper Subansiri,Arunachal Pradesh,28.274318,94.200501,MoPR_LGD_and_ISRO_Bhuvan,LGD_2026_Bhuvan_2024,2285,MATCHED_AUTHORITATIVE_BOUNDARY
2287,Dirang,West Kameng,Arunachal Pradesh,27.418831,92.246792,MoPR_LGD_and_ISRO_Bhuvan,LGD_2026_Bhuvan_2024,2287,MATCHED_AUTHORITATIVE_BOUNDARY
2289,Kalaktang,West Kameng,Arunachal Pradesh,27.084587,92.230433,MoPR_LGD_and_ISRO_Bhuvan,LGD_2026_Bhuvan_2024,2289,MATCHED_AUTHORITATIVE_BOUNDARY
6804,Nafra,West Kameng,Arunachal Pradesh,27.491597,92.530821,MoPR_LGD_and_ISRO_Bhuvan,LGD_2026_Bhuvan_2024,6804,MATCHED_AUTHORITATIVE_BOUNDARY
6805,Singchung,West Kameng,Arunachal Pradesh,27.216655,92.551638,MoPR_LGD_and_ISRO_Bhuvan,LGD_2026_Bhuvan_2024,6805,MATCHED_AUTHORITATIVE_BOUNDARY
2294,Thrizino,West Kameng,Arunachal Pradesh,27.042759,92.512394,MoPR_LGD_and_ISRO_Bhuvan,LGD_2026_Bhuvan_2024,2294,MATCHED_AUTHORITATIVE_BOUNDARY
7058,Along East,West Siang,Arunachal Pradesh,28.131324,94.766762,MoPR_LGD_and_ISRO_Bhuvan,LGD_2026_Bhuvan_2024,7058,MATCHED_AUTHORITATIVE_BOUNDARY
2299,Along West,West Siang,Arunachal Pradesh,28.043183,94.779337,MoPR_LGD_and_ISRO_Bhuvan,LGD_2026_Bhuvan_2024,2299,MATCHED_AUTHORITATIVE_BOUNDARY
7534,Bagra,West Siang,Arunachal Pradesh,,,MoPR_LGD_and_ISRO_Bhuvan,LGD_2026_Bhuvan_2024,7534,PENDING_OFFICIAL_BOUNDARY_MATCH
7061,Darak,West Siang,Arunachal Pradesh,28.264771,94.50244,MoPR_LGD_and_ISRO_Bhuvan,LGD_2026_Bhuvan_2024,7061,MATCHED_AUTHORITATIVE_BOUNDARY
2307,Liromoba-Yomcha,West Siang,Arunachal Pradesh,28.129265,94.476227,MoPR_LGD_and_ISRO_Bhuvan,LGD_2026_Bhuvan_2024,2307,MATCHED_AUTHORITATIVE_BOUNDARY
2489,Bajali,Bajali,Assam,26.521431,91.162649,MoPR_LGD_and_ISRO_Bhuvan,LGD_2026_Bhuvan_2024,2489,MATCHED_AUTHORITATIVE_BOUNDARY
2491,Bhabanipur,Bajali,Assam,26.457438,91.068601,MoPR_LGD_and_ISRO_Bhuvan,LGD_2026_Bhuvan_2024,2491,MATCHED_AUTHORITATIVE_BOUNDARY
2676,Barama,Baksa,Assam,26.555894,91.367302,MoPR_LGD_and_ISRO_Bhuvan,LGD_2026_Bhuvan_2024,2676,MATCHED_AUTHORITATIVE_BOUNDARY
2679,Baska,Baksa,Assam,26.668829,91.330083,MoPR_LGD_and_ISRO_Bhuvan,LGD_2026_Bhuvan_2024,2679,MATCHED_AUTHORITATIVE_BOUNDARY
2681,Dhamdhama,Baksa,Assam,26.681147,91.442652,MoPR_LGD_and_ISRO_Bhuvan,LGD_2026_Bhuvan_2024,2681,MATCHED_AUTHORITATIVE_BOUNDARY
2494,Gobardhana,Baksa,Assam,26.556398,90.959751,MoPR_LGD_and_ISRO_Bhuvan,LGD_2026_Bhuvan_2024,2494,MATCHED_AUTHORITATIVE_BOUNDARY
2496,Jalah,Baksa,Assam,26.673054,91.084759,MoPR_LGD_and_ISRO_Bhuvan,LGD_2026_Bhuvan_2024,2496,MATCHED_AUTHORITATIVE_BOUNDARY
2492,Chakchaka,Barpeta,Assam,26.469402,90.882345,MoPR_LGD_and_ISRO_Bhuvan,LGD_2026_Bhuvan_2024,2492,MATCHED_AUTHORITATIVE_BOUNDARY
2493,Chenga,Barpeta,Assam,26.208657,91.127115,MoPR_LGD_and_ISRO_Bhuvan,LGD_2026_Bhuvan_2024,2493,MATCHED_AUTHORITATIVE_BOUNDARY
2490,Ghilajhari-Rupsi,Barpeta,Assam,26.370222,90.955514,MoPR_LGD_and_ISRO_Bhuvan,LGD_2026_Bhuvan_2024,2490,MATCHED_AUTHORITATIVE_BOUNDARY
2495,Gomaphulbari,Barpeta,Assam,26.223248,91.023373,MoPR_LGD_and_ISRO_Bhuvan,LGD_2026_Bhuvan_2024,2495,MATCHED_AUTHORITATIVE_BOUNDARY
2499,Kalgachia,Barpeta,Assam,26.334389,90.838722,MoPR_LGD_and_ISRO_Bhuvan,LGD_2026_Bhuvan_2024,2499,MATCHED_AUTHORITATIVE_BOUNDARY
2497,Mandia,Barpeta,Assam,26.211784,90.854416,MoPR_LGD_and_ISRO_Bhuvan,LGD_2026_Bhuvan_2024,2497,MATCHED_AUTHORITATIVE_BOUNDARY
2498,Pakabetbari,Barpeta,Assam,26.397579,91.114904,MoPR_LGD_and_ISRO_Bhuvan,LGD_2026_Bhuvan_2024,2498,MATCHED_AUTHORITATIVE_BOUNDARY
2500,Sarukhetri,Barpeta,Assam,26.328784,91.205744,MoPR_LGD_and_ISRO_Bhuvan,LGD_2026_Bhuvan_2024,2500,MATCHED_AUTHORITATIVE_BOUNDARY
2702,Baghmara,Biswanath,Assam,26.826937,93.204743,MoPR_LGD_and_ISRO_Bhuvan,LGD_2026_Bhuvan_2024,2702,MATCHED_AUTHORITATIVE_BOUNDARY
2704,Behali,Biswanath,Assam,26.850066,93.341284,MoPR_LGD_and_ISRO_Bhuvan,LGD_2026_Bhuvan_2024,2704,MATCHED_AUTHORITATIVE_BOUNDARY
2706,Biswanath,Biswanath,Assam,26.691133,93.165051,MoPR_LGD_and_ISRO_Bhuvan,LGD_2026_Bhuvan_2024,2706,MATCHED_AUTHORITATIVE_BOUNDARY
2708,Chaiduar,Biswanath,Assam,26.830608,93.528332,MoPR_LGD_and_ISRO_Bhuvan,LGD_2026_Bhuvan_2024,2708,MATCHED_AUTHORITATIVE_BOUNDARY
2712,Pub Chaiduar,Biswanath,Assam,26.891522,93.670212,MoPR_LGD_and_ISRO_Bhuvan,LGD_2026_Bhuvan_2024,2712,MATCHED_AUTHORITATIVE_BOUNDARY
2714,Sakomatha,Biswanath,Assam,26.811429,93.111054,MoPR_LGD_and_ISRO_Bhuvan,LGD_2026_Bhuvan_2024,2714,MATCHED_AUTHORITATIVE_BOUNDARY
2503,Bidyapur,Bongaigaon,Assam,26.431553,90.538176,MoPR_LGD_and_ISRO_Bhuvan,LGD_2026_Bhuvan_2024,2503,MATCHED_AUTHORITATIVE_BOUNDARY
2501,Boitamari,Bongaigaon,Assam,26.263806,90.511707,MoPR_LGD_and_ISRO_Bhuvan,LGD_2026_Bhuvan_2024,2501,MATCHED_AUTHORITATIVE_BOUNDARY
2504,Manikpur,Bongaigaon,Assam,26.458181,90.754506,MoPR_LGD_and_ISRO_Bhuvan,LGD_2026_Bhuvan_2024,2504,MATCHED_AUTHORITATIVE_BOUNDARY
2506,Srijangram,Bongaigaon,Assam,26.37113,90.715201,MoPR_LGD_and_ISRO_Bhuvan,LGD_2026_Bhuvan_2024,2506,MATCHED_AUTHORITATIVE_BOUNDARY
2507,Tapattary,Bongaigaon,Assam,26.281252,90.673452,MoPR_LGD_and_ISRO_Bhuvan,LGD_2026_Bhuvan_2024,2507,MATCHED_AUTHORITATIVE_BOUNDARY
2508,Banskandi,Cachar,Assam,24.819291,92.908476,MoPR_LGD_and_ISRO_Bhuvan,LGD_2026_Bhuvan_2024,2508,MATCHED_AUTHORITATIVE_BOUNDARY
2509,Barjalenga,Cachar,Assam,24.644546,92.741222,MoPR_LGD_and_ISRO_Bhuvan,LGD_2026_Bhuvan_2024,2509,MATCHED_AUTHORITATIVE_BOUNDARY
2510,Binnakandi,Cachar,Assam,24.738217,92.981906,MoPR_LGD_and_ISRO_Bhuvan,LGD_2026_Bhuvan_2024,2510,MATCHED_AUTHORITATIVE_BOUNDARY
2511,Borkhola,Cachar,Assam,24.95197,92.781727,MoPR_LGD_and_ISRO_Bhuvan,LGD_2026_Bhuvan_2024,2511,MATCHED_AUTHORITATIVE_BOUNDARY
2515,Dholai Narsingpur,Cachar,Assam,24.549152,92.830957,MoPR_LGD_and_ISRO_Bhuvan,LGD_2026_Bhuvan_2024,2515,MATCHED_AUTHORITATIVE_BOUNDARY
2512,Kalain,Cachar,Assam,25.025973,92.610519,MoPR_LGD_and_ISRO_Bhuvan,LGD_2026_Bhuvan_2024,2512,MATCHED_AUTHORITATIVE_BOUNDARY
2513,Katigorah,Cachar,Assam,24.895548,92.581613,MoPR_LGD_and_ISRO_Bhuvan,LGD_2026_Bhuvan_2024,2513,MATCHED_AUTHORITATIVE_BOUNDARY
2514,Lakhipur,Cachar,Assam,24.801478,93.045431,MoPR_LGD_and_ISRO_Bhuvan,LGD_2026_Bhuvan_2024,2514,MATCHED_AUTHORITATIVE_BOUNDARY
2516,Palonghat,Cachar,Assam,24.561604,92.979377,MoPR_LGD_and_ISRO_Bhuvan,LGD_2026_Bhuvan_2024,2516,MATCHED_AUTHORITATIVE_BOUNDARY
2517,Rajabazar,Cachar,Assam,24.910224,93.121934,MoPR_LGD_and_ISRO_Bhuvan,LGD_2026_Bhuvan_2024,2517,MATCHED_AUTHORITATIVE_BOUNDARY
7597,Rongpur,Cachar,Assam,,,MoPR_LGD_and_ISRO_Bhuvan,LGD_2026_Bhuvan_2024,7597,PENDING_OFFICIAL_BOUNDARY_MATCH
2519,Silchar,Cachar,Assam,24.813776,92.788863,MoPR_LGD_and_ISRO_Bhuvan,LGD_2026_Bhuvan_2024,2519,MATCHED_AUTHORITATIVE_BOUNDARY
2520,Sonai,Cachar,Assam,24.714748,92.885595,MoPR_LGD_and_ISRO_Bhuvan,LGD_2026_Bhuvan_2024,2520,MATCHED_AUTHORITATIVE_BOUNDARY
2521,Tapang,Cachar,Assam,24.732188,92.71117,MoPR_LGD_and_ISRO_Bhuvan,LGD_2026_Bhuvan_2024,2521,MATCHED_AUTHORITATIVE_BOUNDARY
2522,Udharbond,Cachar,Assam,24.973796,92.942047,MoPR_LGD_and_ISRO_Bhuvan,LGD_2026_Bhuvan_2024,2522,MATCHED_AUTHORITATIVE_BOUNDARY
2696,Lakuwa,Charaideo,Assam,26.978361,94.84494,MoPR_LGD_and_ISRO_Bhuvan,LGD_2026_Bhuvan_2024,2696,MATCHED_AUTHORITATIVE_BOUNDARY
2700,Mahmara,Charaideo,Assam,27.110351,94.947642,MoPR_LGD_and_ISRO_Bhuvan,LGD_2026_Bhuvan_2024,2700,MATCHED_AUTHORITATIVE_BOUNDARY
2698,Sapekhati,Charaideo,Assam,27.098618,95.213144,MoPR_LGD_and_ISRO_Bhuvan,LGD_2026_Bhuvan_2024,2698,MATCHED_AUTHORITATIVE_BOUNDARY
2701,Sonari,Charaideo,Assam,26.995465,95.014948,MoPR_LGD_and_ISRO_Bhuvan,LGD_2026_Bhuvan_2024,2701,MATCHED_AUTHORITATIVE_BOUNDARY
2502,Borobazar,Chirang,Assam,26.656624,90.728642,MoPR_LGD_and_ISRO_Bhuvan,LGD_2026_Bhuvan_2024,2502,MATCHED_AUTHORITATIVE_BOUNDARY
7151,Manikpur Part,Chirang,Assam,26.517835,90.730767,MoPR_LGD_and_ISRO_Bhuvan,LGD_2026_Bhuvan_2024,7151,MATCHED_AUTHORITATIVE_BOUNDARY
2505,Sidli-Chirang,Chirang,Assam,26.686533,90.468597,MoPR_LGD_and_ISRO_Bhuvan,LGD_2026_Bhuvan_2024,2505,MATCHED_AUTHORITATIVE_BOUNDARY
2523,Bechimari,Darrang,Assam,26.597343,92.212979,MoPR_LGD_and_ISRO_Bhuvan,LGD_2026_Bhuvan_2024,2523,MATCHED_AUTHORITATIVE_BOUNDARY
2527,Dalgaon-Sialmari,Darrang,Assam,26.517243,92.222071,MoPR_LGD_and_ISRO_Bhuvan,LGD_2026_Bhuvan_2024,2527,MATCHED_AUTHORITATIVE_BOUNDARY
2528,Kalaigaon,Darrang,Assam,26.569744,91.823998,MoPR_LGD_and_ISRO_Bhuvan,LGD_2026_Bhuvan_2024,2528,MATCHED_AUTHORITATIVE_BOUNDARY
6553,Khoirabari,Darrang,Assam,26.526788,91.951954,MoPR_LGD_and_ISRO_Bhuvan,LGD_2026_Bhuvan_2024,6553,MATCHED_AUTHORITATIVE_BOUNDARY
2535,Pachim-Mangaldai,Darrang,Assam,26.426227,91.98171,MoPR_LGD_and_ISRO_Bhuvan,LGD_2026_Bhuvan_2024,2535,MATCHED_AUTHORITATIVE_BOUNDARY
2537,Pub-Mangaldai,Darrang,Assam,26.382599,92.050723,MoPR_LGD_and_ISRO_Bhuvan,LGD_2026_Bhuvan_2024,2537,MATCHED_AUTHORITATIVE_BOUNDARY
2540,Sipajhar,Darrang,Assam,26.309506,91.858779,MoPR_LGD_and_ISRO_Bhuvan,LGD_2026_Bhuvan_2024,2540,MATCHED_AUTHORITATIVE_BOUNDARY
2545,Bordoloni,Dhemaji,Assam,27.478901,94.35193,MoPR_LGD_and_ISRO_Bhuvan,LGD_2026_Bhuvan_2024,2545,MATCHED_AUTHORITATIVE_BOUNDARY
2546,Dhemaji,Dhemaji,Assam,27.4644,94.515132,MoPR_LGD_and_ISRO_Bhuvan,LGD_2026_Bhuvan_2024,2546,MATCHED_AUTHORITATIVE_BOUNDARY
2547,Machkhowa,Dhemaji,Assam,27.380085,94.569906,MoPR_LGD_and_ISRO_Bhuvan,LGD_2026_Bhuvan_2024,2547,MATCHED_AUTHORITATIVE_BOUNDARY
2548,Murkongselek,Dhemaji,Assam,27.75011,95.175784,MoPR_LGD_and_ISRO_Bhuvan,LGD_2026_Bhuvan_2024,2548,MATCHED_AUTHORITATIVE_BOUNDARY
7598,Simen-Sissitangani,Dhemaji,Assam,,,MoPR_LGD_and_ISRO_Bhuvan,LGD_2026_Bhuvan_2024,7598,PENDING_OFFICIAL_BOUNDARY_MATCH
2544,Sissiborgaon,Dhemaji,Assam,27.547207,94.72853,MoPR_LGD_and_ISRO_Bhuvan,LGD_2026_Bhuvan_2024,2544,MATCHED_AUTHORITATIVE_BOUNDARY
2549,Agomani,Dhubri,Assam,26.232413,89.773558,MoPR_LGD_and_ISRO_Bhuvan,LGD_2026_Bhuvan_2024,2549,MATCHED_AUTHORITATIVE_BOUNDARY
2562,Athani,Dhubri,Assam,25.892066,89.961879,MoPR_LGD_and_ISRO_Bhuvan,LGD_2026_Bhuvan_2024,2562,MATCHED_AUTHORITATIVE_BOUNDARY
6559,Balajan,Dhubri,Assam,26.333411,89.836332,MoPR_LGD_and_ISRO_Bhuvan,LGD_2026_Bhuvan_2024,6559,MATCHED_AUTHORITATIVE_BOUNDARY
2550,Bilasipara,Dhubri,Assam,26.270388,90.232196,MoPR_LGD_and_ISRO_Bhuvan,LGD_2026_Bhuvan_2024,2550,MATCHED_AUTHORITATIVE_BOUNDARY
2551,Birshing-Jarua,Dhubri,Assam,26.085121,90.101268,MoPR_LGD_and_ISRO_Bhuvan,LGD_2026_Bhuvan_2024,2551,MATCHED_AUTHORITATIVE_BOUNDARY
2552,Chapar Salkocha,Dhubri,Assam,26.260863,90.379483,MoPR_LGD_and_ISRO_Bhuvan,LGD_2026_Bhuvan_2024,2552,MATCHED_AUTHORITATIVE_BOUNDARY
2555,Dharamasala,Dhubri,Assam,26.001803,89.919159,MoPR_LGD_and_ISRO_Bhuvan,LGD_2026_Bhuvan_2024,2555,MATCHED_AUTHORITATIVE_BOUNDARY
2556,Golakganj,Dhubri,Assam,26.177839,89.845543,MoPR_LGD_and_ISRO_Bhuvan,LGD_2026_Bhuvan_2024,2556,MATCHED_AUTHORITATIVE_BOUNDARY
2636,Hatidhura,Dhubri,Assam,,,MoPR_LGD_and_ISRO_Bhuvan,LGD_2026_Bhuvan_2024,2636,PENDING_OFFICIAL_BOUNDARY_MATCH
2557,Naskara Jamadarhat,Dhubri,Assam,26.009423,90.123801,MoPR_LGD_and_ISRO_Bhuvan,LGD_2026_Bhuvan_2024,2557,MATCHED_AUTHORITATIVE_BOUNDARY
2560,Nayeralga,Dhubri,Assam,26.179894,90.191655,MoPR_LGD_and_ISRO_Bhuvan,LGD_2026_Bhuvan_2024,2560,MATCHED_AUTHORITATIVE_BOUNDARY
2563,Barbaruah,Dibrugarh,Assam,27.3532,94.787738,MoPR_LGD_and_ISRO_Bhuvan,LGD_2026_Bhuvan_2024,2563,MATCHED_AUTHORITATIVE_BOUNDARY
2567,Chabua,Dibrugarh,Assam,27.562349,95.185967,MoPR_LGD_and_ISRO_Bhuvan,LGD_2026_Bhuvan_2024,2567,MATCHED_AUTHORITATIVE_BOUNDARY
2565,Khowang,Dibrugarh,Assam,27.236861,94.894586,MoPR_LGD_and_ISRO_Bhuvan,LGD_2026_Bhuvan_2024,2565,MATCHED_AUTHORITATIVE_BOUNDARY
2566,Lahoal,Dibrugarh,Assam,27.518935,95.001369,MoPR_LGD_and_ISRO_Bhuvan,LGD_2026_Bhuvan_2024,2566,MATCHED_AUTHORITATIVE_BOUNDARY
2564,Naharkatia,Dibrugarh,Assam,27.245752,95.326508,MoPR_LGD_and_ISRO_Bhuvan,LGD_2026_Bhuvan_2024,2564,MATCHED_AUTHORITATIVE_BOUNDARY
2568,Tengakhat,Dibrugarh,Assam,27.359219,95.255991,MoPR_LGD_and_ISRO_Bhuvan,LGD_2026_Bhuvan_2024,2568,MATCHED_AUTHORITATIVE_BOUNDARY
2569,Tingkhong,Dibrugarh,Assam,27.214874,95.106543,MoPR_LGD_and_ISRO_Bhuvan,LGD_2026_Bhuvan_2024,2569,MATCHED_AUTHORITATIVE_BOUNDARY
2688,Diyang Valley,Dima Hasao,Assam,25.34286,93.222324,MoPR_LGD_and_ISRO_Bhuvan,LGD_2026_Bhuvan_2024,2688,MATCHED_AUTHORITATIVE_BOUNDARY
2689,Diyungbra,Dima Hasao,Assam,25.541824,93.116562,MoPR_LGD_and_ISRO_Bhuvan,LGD_2026_Bhuvan_2024,2689,MATCHED_AUTHORITATIVE_BOUNDARY
2690,Harangajao,Dima Hasao,Assam,25.17343,92.90705,MoPR_LGD_and_ISRO_Bhuvan,LGD_2026_Bhuvan_2024,2690,MATCHED_AUTHORITATIVE_BOUNDARY
2691,Jatinga Valley,Dima Hasao,Assam,25.140052,93.242021,MoPR_LGD_and_ISRO_Bhuvan,LGD_2026_Bhuvan_2024,2691,MATCHED_AUTHORITATIVE_BOUNDARY
2692,New Sangbar,Dima Hasao,Assam,25.547586,92.853924,MoPR_LGD_and_ISRO_Bhuvan,LGD_2026_Bhuvan_2024,2692,MATCHED_AUTHORITATIVE_BOUNDARY
2570,Balijana,Goalpara,Assam,26.101843,90.548939,MoPR_LGD_and_ISRO_Bhuvan,LGD_2026_Bhuvan_2024,2570,MATCHED_AUTHORITATIVE_BOUNDARY
2574,Dudhnoi,Goalpara,Assam,25.993055,90.813674,MoPR_LGD_and_ISRO_Bhuvan,LGD_2026_Bhuvan_2024,2574,MATCHED_AUTHORITATIVE_BOUNDARY
2571,Jaleswar,Goalpara,Assam,26.046258,90.229641,MoPR_LGD_and_ISRO_Bhuvan,LGD_2026_Bhuvan_2024,2571,MATCHED_AUTHORITATIVE_BOUNDARY
2572,Kamakhyabari,Goalpara,Assam,26.109886,90.428849,MoPR_LGD_and_ISRO_Bhuvan,LGD_2026_Bhuvan_2024,2572,MATCHED_AUTHORITATIVE_BOUNDARY
2575,Lakhipur,Goalpara,Assam,26.069561,90.335905,MoPR_LGD_and_ISRO_Bhuvan,LGD_2026_Bhuvan_2024,2575,MATCHED_AUTHORITATIVE_BOUNDARY
2573,Paikan,Goalpara,Assam,26.001434,90.634065,MoPR_LGD_and_ISRO_Bhuvan,LGD_2026_Bhuvan_2024,2573,MATCHED_AUTHORITATIVE_BOUNDARY
2577,Rongjuli,Goalpara,Assam,25.99556,90.984093,MoPR_LGD_and_ISRO_Bhuvan,LGD_2026_Bhuvan_2024,2577,MATCHED_AUTHORITATIVE_BOUNDARY
2576,Sri Suryagiri,Goalpara,Assam,26.109918,90.739015,MoPR_LGD_and_ISRO_Bhuvan,LGD_2026_Bhuvan_2024,2576,MATCHED_AUTHORITATIVE_BOUNDARY
2584,Dergaon North,Golaghat,Assam,26.696757,94.011386,MoPR_LGD_and_ISRO_Bhuvan,LGD_2026_Bhuvan_2024,2584,MATCHED_AUTHORITATIVE_BOUNDARY
2580,Dergaon South,Golaghat,Assam,26.69005,93.927341,MoPR_LGD_and_ISRO_Bhuvan,LGD_2026_Bhuvan_2024,2580,MATCHED_AUTHORITATIVE_BOUNDARY
2578,Golaghat Central,Golaghat,Assam,26.573134,93.990115,MoPR_LGD_and_ISRO_Bhuvan,LGD_2026_Bhuvan_2024,2578,MATCHED_AUTHORITATIVE_BOUNDARY
2579,Golaghat East,Golaghat,Assam,26.466059,94.021952,MoPR_LGD_and_ISRO_Bhuvan,LGD_2026_Bhuvan_2024,2579,MATCHED_AUTHORITATIVE_BOUNDARY
2581,Golaghat South,Golaghat,Assam,26.096768,93.894475,MoPR_LGD_and_ISRO_Bhuvan,LGD_2026_Bhuvan_2024,2581,MATCHED_AUTHORITATIVE_BOUNDARY
2582,Golaghat West,Golaghat,Assam,26.673116,93.617517,MoPR_LGD_and_ISRO_Bhuvan,LGD_2026_Bhuvan_2024,2582,MATCHED_AUTHORITATIVE_BOUNDARY
2583,Gomariguri,Golaghat,Assam,26.319635,94.043973,MoPR_LGD_and_ISRO_Bhuvan,LGD_2026_Bhuvan_2024,2583,MATCHED_AUTHORITATIVE_BOUNDARY
2585,Morongi,Golaghat,Assam,26.492909,93.84173,MoPR_LGD_and_ISRO_Bhuvan,LGD_2026_Bhuvan_2024,2585,MATCHED_AUTHORITATIVE_BOUNDARY
2586,Algapur,Hailakandi,Assam,24.787955,92.60459,MoPR_LGD_and_ISRO_Bhuvan,LGD_2026_Bhuvan_2024,2586,MATCHED_AUTHORITATIVE_BOUNDARY
2587,Hailakandi,Hailakandi,Assam,24.683288,92.581846,MoPR_LGD_and_ISRO_Bhuvan,LGD_2026_Bhuvan_2024,2587,MATCHED_AUTHORITATIVE_BOUNDARY
2588,Katlicherra,Hailakandi,Assam,24.477228,92.619506,MoPR_LGD_and_ISRO_Bhuvan,LGD_2026_Bhuvan_2024,2588,MATCHED_AUTHORITATIVE_BOUNDARY
2589,Lala,Hailakandi,Assam,24.574888,92.617344,MoPR_LGD_and_ISRO_Bhuvan,LGD_2026_Bhuvan_2024,2589,MATCHED_AUTHORITATIVE_BOUNDARY
2590,South Hailakandi,Hailakandi,Assam,24.312513,92.552828,MoPR_LGD_and_ISRO_Bhuvan,LGD_2026_Bhuvan_2024,2590,MATCHED_AUTHORITATIVE_BOUNDARY
2659,Binakandi,Hojai,Assam,26.057601,93.038053,MoPR_LGD_and_ISRO_Bhuvan,LGD_2026_Bhuvan_2024,2659,MATCHED_AUTHORITATIVE_BOUNDARY
2660,Dhalpukhuri,Hojai,Assam,25.941568,92.875518,MoPR_LGD_and_ISRO_Bhuvan,LGD_2026_Bhuvan_2024,2660,MATCHED_AUTHORITATIVE_BOUNDARY
2662,Jugijan,Hojai,Assam,26.100984,92.869221,MoPR_LGD_and_ISRO_Bhuvan,LGD_2026_Bhuvan_2024,2662,MATCHED_AUTHORITATIVE_BOUNDARY
2669,Lumding,Hojai,Assam,25.85811,93.131957,MoPR_LGD_and_ISRO_Bhuvan,LGD_2026_Bhuvan_2024,2669,MATCHED_AUTHORITATIVE_BOUNDARY
2675,Udali,Hojai,Assam,25.958925,93.014042,MoPR_LGD_and_ISRO_Bhuvan,LGD_2026_Bhuvan_2024,2675,MATCHED_AUTHORITATIVE_BOUNDARY
2591,East Teok,Jorhat,Assam,26.628768,94.255866,MoPR_LGD_and_ISRO_Bhuvan,LGD_2026_Bhuvan_2024,2591,MATCHED_AUTHORITATIVE_BOUNDARY
2592,Jorhat Central,Jorhat,Assam,26.775498,94.326243,MoPR_LGD_and_ISRO_Bhuvan,LGD_2026_Bhuvan_2024,2592,MATCHED_AUTHORITATIVE_BOUNDARY
2593,Jorhat East,Jorhat,Assam,26.698708,94.438503,MoPR_LGD_and_ISRO_Bhuvan,LGD_2026_Bhuvan_2024,2593,MATCHED_AUTHORITATIVE_BOUNDARY
2594,Kaliapani,Jorhat,Assam,26.838841,94.435708,MoPR_LGD_and_ISRO_Bhuvan,LGD_2026_Bhuvan_2024,2594,MATCHED_AUTHORITATIVE_BOUNDARY
2596,North West Jorhat,Jorhat,Assam,26.811232,94.137607,MoPR_LGD_and_ISRO_Bhuvan,LGD_2026_Bhuvan_2024,2596,MATCHED_AUTHORITATIVE_BOUNDARY
2597,Titabor,Jorhat,Assam,26.531085,94.175738,MoPR_LGD_and_ISRO_Bhuvan,LGD_2026_Bhuvan_2024,2597,MATCHED_AUTHORITATIVE_BOUNDARY
2599,Bezera,Kamrup,Assam,26.277659,91.763176,MoPR_LGD_and_ISRO_Bhuvan,LGD_2026_Bhuvan_2024,2599,MATCHED_AUTHORITATIVE_BOUNDARY
2600,Bihdia -Jajikona,Kamrup,Assam,26.412614,91.731418,MoPR_LGD_and_ISRO_Bhuvan,LGD_2026_Bhuvan_2024,2600,MATCHED_AUTHORITATIVE_BOUNDARY
2601,Boko,Kamrup,Assam,25.903206,91.162973,MoPR_LGD_and_ISRO_Bhuvan,LGD_2026_Bhuvan_2024,2601,MATCHED_AUTHORITATIVE_BOUNDARY
2602,Bongaon,Kamrup,Assam,25.936325,91.28628,MoPR_LGD_and_ISRO_Bhuvan,LGD_2026_Bhuvan_2024,2602,MATCHED_AUTHORITATIVE_BOUNDARY
2603,Chamaria,Kamrup,Assam,26.094721,91.095024,MoPR_LGD_and_ISRO_Bhuvan,LGD_2026_Bhuvan_2024,2603,MATCHED_AUTHORITATIVE_BOUNDARY
2605,Chayani Rani,Kamrup,Assam,25.986108,91.47109,MoPR_LGD_and_ISRO_Bhuvan,LGD_2026_Bhuvan_2024,2605,MATCHED_AUTHORITATIVE_BOUNDARY
2606,Chhaygaon Maa Chandika,Kamrup,Assam,25.97527,91.358957,MoPR_LGD_and_ISRO_Bhuvan,LGD_2026_Bhuvan_2024,2606,MATCHED_AUTHORITATIVE_BOUNDARY
2609,Goroimari,Kamrup,Assam,26.1132,91.244148,MoPR_LGD_and_ISRO_Bhuvan,LGD_2026_Bhuvan_2024,2609,MATCHED_AUTHORITATIVE_BOUNDARY
2610,Hajo,Kamrup,Assam,26.235168,91.511008,MoPR_LGD_and_ISRO_Bhuvan,LGD_2026_Bhuvan_2024,2610,MATCHED_AUTHORITATIVE_BOUNDARY
2611,Kamalpur,Kamrup,Assam,26.316979,91.671388,MoPR_LGD_and_ISRO_Bhuvan,LGD_2026_Bhuvan_2024,2611,MATCHED_AUTHORITATIVE_BOUNDARY
2612,Rampur,Kamrup,Assam,26.11164,91.423314,MoPR_LGD_and_ISRO_Bhuvan,LGD_2026_Bhuvan_2024,2612,MATCHED_AUTHORITATIVE_BOUNDARY
2613,Rangia,Kamrup,Assam,26.421741,91.590531,MoPR_LGD_and_ISRO_Bhuvan,LGD_2026_Bhuvan_2024,2613,MATCHED_AUTHORITATIVE_BOUNDARY
2614,Rani,Kamrup,Assam,25.96984,91.678336,MoPR_LGD_and_ISRO_Bhuvan,LGD_2026_Bhuvan_2024,2614,MATCHED_AUTHORITATIVE_BOUNDARY
2615,Sualkuchi,Kamrup,Assam,26.217793,91.592663,MoPR_LGD_and_ISRO_Bhuvan,LGD_2026_Bhuvan_2024,2615,MATCHED_AUTHORITATIVE_BOUNDARY
2604,Chandrapur,Kamrup Metro,Assam,26.196999,91.901543,MoPR_LGD_and_ISRO_Bhuvan,LGD_2026_Bhuvan_2024,2604,MATCHED_AUTHORITATIVE_BOUNDARY
2607,Dimoria,Kamrup Metro,Assam,26.11889,91.945389,MoPR_LGD_and_ISRO_Bhuvan,LGD_2026_Bhuvan_2024,2607,MATCHED_AUTHORITATIVE_BOUNDARY
6560,Ramcharani,Kamrup Metro,Assam,26.097896,91.660026,MoPR_LGD_and_ISRO_Bhuvan,LGD_2026_Bhuvan_2024,6560,MATCHED_AUTHORITATIVE_BOUNDARY
2617,Bokajan,Karbi Anglong,Assam,25.844568,93.351619,MoPR_LGD_and_ISRO_Bhuvan,LGD_2026_Bhuvan_2024,2617,MATCHED_AUTHORITATIVE_BOUNDARY
2619,Howraghat,Karbi Anglong,Assam,26.252671,93.185919,MoPR_LGD_and_ISRO_Bhuvan,LGD_2026_Bhuvan_2024,2619,MATCHED_AUTHORITATIVE_BOUNDARY
2620,Langsomepi,Karbi Anglong,Assam,26.15768,93.229604,MoPR_LGD_and_ISRO_Bhuvan,LGD_2026_Bhuvan_2024,2620,MATCHED_AUTHORITATIVE_BOUNDARY
2621,Lumbajong,Karbi Anglong,Assam,26.024384,93.606146,MoPR_LGD_and_ISRO_Bhuvan,LGD_2026_Bhuvan_2024,2621,MATCHED_AUTHORITATIVE_BOUNDARY
2622,Nilip,Karbi Anglong,Assam,26.353351,93.664847,MoPR_LGD_and_ISRO_Bhuvan,LGD_2026_Bhuvan_2024,2622,MATCHED_AUTHORITATIVE_BOUNDARY
2624,Rongmongwe,Karbi Anglong,Assam,26.523739,93.354041,MoPR_LGD_and_ISRO_Bhuvan,LGD_2026_Bhuvan_2024,2624,MATCHED_AUTHORITATIVE_BOUNDARY
2625,Samelangso,Karbi Anglong,Assam,26.364926,93.204627,MoPR_LGD_and_ISRO_Bhuvan,LGD_2026_Bhuvan_2024,2625,MATCHED_AUTHORITATIVE_BOUNDARY
6567,Bilashipara-Btc,Kokrajhar,Assam,,,MoPR_LGD_and_ISRO_Bhuvan,LGD_2026_Bhuvan_2024,6567,PENDING_OFFICIAL_BOUNDARY_MATCH
6566,Chapor-Salkocha-Btc,Kokrajhar,Assam,26.312116,90.322522,MoPR_LGD_and_ISRO_Bhuvan,LGD_2026_Bhuvan_2024,6566,MATCHED_AUTHORITATIVE_BOUNDARY
6595,Debitola-Btc,Kokrajhar,Assam,,,MoPR_LGD_and_ISRO_Bhuvan,LGD_2026_Bhuvan_2024,6595,PENDING_OFFICIAL_BOUNDARY_MATCH
2634,Dotma,Kokrajhar,Assam,26.470596,90.164694,MoPR_LGD_and_ISRO_Bhuvan,LGD_2026_Bhuvan_2024,2634,MATCHED_AUTHORITATIVE_BOUNDARY
6569,Golakganj-Btc,Kokrajhar,Assam,,,MoPR_LGD_and_ISRO_Bhuvan,LGD_2026_Bhuvan_2024,6569,PENDING_OFFICIAL_BOUNDARY_MATCH
2635,Gossaigaon,Kokrajhar,Assam,26.351694,89.96911,MoPR_LGD_and_ISRO_Bhuvan,LGD_2026_Bhuvan_2024,2635,MATCHED_AUTHORITATIVE_BOUNDARY
2637,Kachugaon,Kokrajhar,Assam,26.595173,90.010557,MoPR_LGD_and_ISRO_Bhuvan,LGD_2026_Bhuvan_2024,2637,MATCHED_AUTHORITATIVE_BOUNDARY
2638,Kokrajhar,Kokrajhar,Assam,26.496901,90.220743,MoPR_LGD_and_ISRO_Bhuvan,LGD_2026_Bhuvan_2024,2638,MATCHED_AUTHORITATIVE_BOUNDARY
6568,Mahamaya-Btc,Kokrajhar,Assam,,,MoPR_LGD_and_ISRO_Bhuvan,LGD_2026_Bhuvan_2024,6568,PENDING_OFFICIAL_BOUNDARY_MATCH
6570,Rupshi-Btc,Kokrajhar,Assam,,,MoPR_LGD_and_ISRO_Bhuvan,LGD_2026_Bhuvan_2024,6570,PENDING_OFFICIAL_BOUNDARY_MATCH
2640,Bihpuria,Lakhimpur,Assam,26.986103,93.968241,MoPR_LGD_and_ISRO_Bhuvan,LGD_2026_Bhuvan_2024,2640,MATCHED_AUTHORITATIVE_BOUNDARY
2641,Boginadi,Lakhimpur,Assam,27.36252,94.204248,MoPR_LGD_and_ISRO_Bhuvan,LGD_2026_Bhuvan_2024,2641,MATCHED_AUTHORITATIVE_BOUNDARY
2642,Dhakuakhana,Lakhimpur,Assam,27.230925,94.485136,MoPR_LGD_and_ISRO_Bhuvan,LGD_2026_Bhuvan_2024,2642,MATCHED_AUTHORITATIVE_BOUNDARY
2643,Ghilamara,Lakhimpur,Assam,27.216691,94.343164,MoPR_LGD_and_ISRO_Bhuvan,LGD_2026_Bhuvan_2024,2643,MATCHED_AUTHORITATIVE_BOUNDARY
2644,Karunabari,Lakhimpur,Assam,27.103834,93.926497,MoPR_LGD_and_ISRO_Bhuvan,LGD_2026_Bhuvan_2024,2644,MATCHED_AUTHORITATIVE_BOUNDARY
2645,Lakhimpur,Lakhimpur,Assam,27.229157,94.137755,MoPR_LGD_and_ISRO_Bhuvan,LGD_2026_Bhuvan_2024,2645,MATCHED_AUTHORITATIVE_BOUNDARY
2646,Narayanpur,Lakhimpur,Assam,26.95942,93.821136,MoPR_LGD_and_ISRO_Bhuvan,LGD_2026_Bhuvan_2024,2646,MATCHED_AUTHORITATIVE_BOUNDARY
2648,Nowboicha,Lakhimpur,Assam,27.083682,94.149909,MoPR_LGD_and_ISRO_Bhuvan,LGD_2026_Bhuvan_2024,2648,MATCHED_AUTHORITATIVE_BOUNDARY
2647,Ranganodi,Lakhimpur,Assam,27.183951,94.000931,MoPR_LGD_and_ISRO_Bhuvan,LGD_2026_Bhuvan_2024,2647,MATCHED_AUTHORITATIVE_BOUNDARY
2595,Majuli,Majuli,Assam,26.893446,94.035993,MoPR_LGD_and_ISRO_Bhuvan,LGD_2026_Bhuvan_2024,2595,MATCHED_AUTHORITATIVE_BOUNDARY
2598,Ujani Majuli,Majuli,Assam,27.037991,94.387746,MoPR_LGD_and_ISRO_Bhuvan,LGD_2026_Bhuvan_2024,2598,MATCHED_AUTHORITATIVE_BOUNDARY
7600,Bhuragaon,Marigaon,Assam,,,MoPR_LGD_and_ISRO_Bhuvan,LGD_2026_Bhuvan_2024,7600,PENDING_OFFICIAL_BOUNDARY_MATCH
2650,Bhurbandha,Marigaon,Assam,26.273497,92.344099,MoPR_LGD_and_ISRO_Bhuvan,LGD_2026_Bhuvan_2024,2650,MATCHED_AUTHORITATIVE_BOUNDARY
2651,Dolongghat (Part),Marigaon,Assam,26.332217,92.522238,MoPR_LGD_and_ISRO_Bhuvan,LGD_2026_Bhuvan_2024,2651,MATCHED_AUTHORITATIVE_BOUNDARY
2652,Kapili,Marigaon,Assam,26.295179,92.446975,MoPR_LGD_and_ISRO_Bhuvan,LGD_2026_Bhuvan_2024,2652,MATCHED_AUTHORITATIVE_BOUNDARY
2653,Laharighat,Marigaon,Assam,26.382696,92.259249,MoPR_LGD_and_ISRO_Bhuvan,LGD_2026_Bhuvan_2024,2653,MATCHED_AUTHORITATIVE_BOUNDARY
2654,Mayang,Marigaon,Assam,26.197694,92.206186,MoPR_LGD_and_ISRO_Bhuvan,LGD_2026_Bhuvan_2024,2654,MATCHED_AUTHORITATIVE_BOUNDARY
7599,Bagariguri,Nagaon,Assam,,,MoPR_LGD_and_ISRO_Bhuvan,LGD_2026_Bhuvan_2024,7599,PENDING_OFFICIAL_BOUNDARY_MATCH
2657,Barhampur,Nagaon,Assam,26.316394,92.81455,MoPR_LGD_and_ISRO_Bhuvan,LGD_2026_Bhuvan_2024,2657,MATCHED_AUTHORITATIVE_BOUNDARY
2658,Dhing,Nagaon,Assam,26.430126,92.517571,MoPR_LGD_and_ISRO_Bhuvan,LGD_2026_Bhuvan_2024,2658,MATCHED_AUTHORITATIVE_BOUNDARY
2674,Garajan,Nagaon,Assam,26.424925,92.73563,MoPR_LGD_and_ISRO_Bhuvan,LGD_2026_Bhuvan_2024,2674,MATCHED_AUTHORITATIVE_BOUNDARY
2663,Juria,Nagaon,Assam,26.455642,92.612293,MoPR_LGD_and_ISRO_Bhuvan,LGD_2026_Bhuvan_2024,2663,MATCHED_AUTHORITATIVE_BOUNDARY
2664,Kaliabor,Nagaon,Assam,26.599141,93.226715,MoPR_LGD_and_ISRO_Bhuvan,LGD_2026_Bhuvan_2024,2664,MATCHED_AUTHORITATIVE_BOUNDARY
2666,Kathiatoli,Nagaon,Assam,26.124228,92.679749,MoPR_LGD_and_ISRO_Bhuvan,LGD_2026_Bhuvan_2024,2666,MATCHED_AUTHORITATIVE_BOUNDARY
2667,Khagarijan,Nagaon,Assam,26.345761,92.666631,MoPR_LGD_and_ISRO_Bhuvan,LGD_2026_Bhuvan_2024,2667,MATCHED_AUTHORITATIVE_BOUNDARY
2670,Niz Dhing,Nagaon,Assam,26.448068,92.450071,MoPR_LGD_and_ISRO_Bhuvan,LGD_2026_Bhuvan_2024,2670,MATCHED_AUTHORITATIVE_BOUNDARY
2671,Pachim Kaliabor,Nagaon,Assam,26.465097,92.978812,MoPR_LGD_and_ISRO_Bhuvan,LGD_2026_Bhuvan_2024,2671,MATCHED_AUTHORITATIVE_BOUNDARY
2672,Pakhimoria,Nagaon,Assam,26.266622,92.677129,MoPR_LGD_and_ISRO_Bhuvan,LGD_2026_Bhuvan_2024,2672,MATCHED_AUTHORITATIVE_BOUNDARY
2673,Raha,Nagaon,Assam,26.197296,92.527839,MoPR_LGD_and_ISRO_Bhuvan,LGD_2026_Bhuvan_2024,2673,MATCHED_AUTHORITATIVE_BOUNDARY
2668,Singimari,Nagaon,Assam,26.508561,92.775008,MoPR_LGD_and_ISRO_Bhuvan,LGD_2026_Bhuvan_2024,2668,MATCHED_AUTHORITATIVE_BOUNDARY
2677,Barigog Banbhag,Nalbari,Assam,26.492924,91.515053,MoPR_LGD_and_ISRO_Bhuvan,LGD_2026_Bhuvan_2024,2677,MATCHED_AUTHORITATIVE_BOUNDARY
2678,Barkhetri,Nalbari,Assam,26.246883,91.333973,MoPR_LGD_and_ISRO_Bhuvan,LGD_2026_Bhuvan_2024,2678,MATCHED_AUTHORITATIVE_BOUNDARY
2680,Borbhag,Nalbari,Assam,26.356601,91.473068,MoPR_LGD_and_ISRO_Bhuvan,LGD_2026_Bhuvan_2024,2680,MATCHED_AUTHORITATIVE_BOUNDARY
7601,Ghograpar,Nalbari,Assam,,,MoPR_LGD_and_ISRO_Bhuvan,LGD_2026_Bhuvan_2024,7601,PENDING_OFFICIAL_BOUNDARY_MATCH
2682,Madhupur,Nalbari,Assam,26.467127,91.374601,MoPR_LGD_and_ISRO_Bhuvan,LGD_2026_Bhuvan_2024,2682,MATCHED_AUTHORITATIVE_BOUNDARY
2685,Nalbari,Nalbari,Assam,26.428393,91.44362,MoPR_LGD_and_ISRO_Bhuvan,LGD_2026_Bhuvan_2024,2685,MATCHED_AUTHORITATIVE_BOUNDARY
2684,Paschim Nalbari,Nalbari,Assam,26.380571,91.334577,MoPR_LGD_and_ISRO_Bhuvan,LGD_2026_Bhuvan_2024,2684,MATCHED_AUTHORITATIVE_BOUNDARY
2687,Tihu,Nalbari,Assam,26.476754,91.298217,MoPR_LGD_and_ISRO_Bhuvan,LGD_2026_Bhuvan_2024,2687,MATCHED_AUTHORITATIVE_BOUNDARY
2693,Amguri,Sivasagar,Assam,26.782502,94.6126,MoPR_LGD_and_ISRO_Bhuvan,LGD_2026_Bhuvan_2024,2693,MATCHED_AUTHORITATIVE_BOUNDARY
2694,Demow,Sivasagar,Assam,27.109531,94.652319,MoPR_LGD_and_ISRO_Bhuvan,LGD_2026_Bhuvan_2024,2694,MATCHED_AUTHORITATIVE_BOUNDARY
2695,Gaurisagar,Sivasagar,Assam,26.899992,94.551555,MoPR_LGD_and_ISRO_Bhuvan,LGD_2026_Bhuvan_2024,2695,MATCHED_AUTHORITATIVE_BOUNDARY
2697,Nazira,Sivasagar,Assam,26.858833,94.741322,MoPR_LGD_and_ISRO_Bhuvan,LGD_2026_Bhuvan_2024,2697,MATCHED_AUTHORITATIVE_BOUNDARY
2699,Sivasagar,Sivasagar,Assam,27.014749,94.72964,MoPR_LGD_and_ISRO_Bhuvan,LGD_2026_Bhuvan_2024,2699,MATCHED_AUTHORITATIVE_BOUNDARY
2703,Balipara,Sonitpur,Assam,26.868983,92.791718,MoPR_LGD_and_ISRO_Bhuvan,LGD_2026_Bhuvan_2024,2703,MATCHED_AUTHORITATIVE_BOUNDARY
2705,Bihaguri,Sonitpur,Assam,26.680802,92.681107,MoPR_LGD_and_ISRO_Bhuvan,LGD_2026_Bhuvan_2024,2705,MATCHED_AUTHORITATIVE_BOUNDARY
2707,Borchala,Sonitpur,Assam,26.61589,92.444518,MoPR_LGD_and_ISRO_Bhuvan,LGD_2026_Bhuvan_2024,2707,MATCHED_AUTHORITATIVE_BOUNDARY
2709,Dhekiajuli,Sonitpur,Assam,26.818031,92.473017,MoPR_LGD_and_ISRO_Bhuvan,LGD_2026_Bhuvan_2024,2709,MATCHED_AUTHORITATIVE_BOUNDARY
2710,Gabhoru,Sonitpur,Assam,26.595524,92.688506,MoPR_LGD_and_ISRO_Bhuvan,LGD_2026_Bhuvan_2024,2710,MATCHED_AUTHORITATIVE_BOUNDARY
2711,Naduar,Sonitpur,Assam,26.768098,92.91939,MoPR_LGD_and_ISRO_Bhuvan,LGD_2026_Bhuvan_2024,2711,MATCHED_AUTHORITATIVE_BOUNDARY
2713,Rangapara,Sonitpur,Assam,26.839287,92.651859,MoPR_LGD_and_ISRO_Bhuvan,LGD_2026_Bhuvan_2024,2713,MATCHED_AUTHORITATIVE_BOUNDARY
2715,Sootea,Sonitpur,Assam,26.738732,93.02395,MoPR_LGD_and_ISRO_Bhuvan,LGD_2026_Bhuvan_2024,2715,MATCHED_AUTHORITATIVE_BOUNDARY
2554,Fekamari,South Salmara Mancachar,Assam,25.723793,89.894084,MoPR_LGD_and_ISRO_Bhuvan,LGD_2026_Bhuvan_2024,2554,MATCHED_AUTHORITATIVE_BOUNDARY
2559,Mankachar,South Salmara Mancachar,Assam,25.589906,89.927447,MoPR_LGD_and_ISRO_Bhuvan,LGD_2026_Bhuvan_2024,2559,MATCHED_AUTHORITATIVE_BOUNDARY
2627,Badarpur Chaitanyanagar,Sribhumi,Assam,24.828887,92.502594,MoPR_LGD_and_ISRO_Bhuvan,LGD_2026_Bhuvan_2024,2627,MATCHED_AUTHORITATIVE_BOUNDARY
2632,Bhairab Nagar,Sribhumi,Assam,24.629818,92.458806,MoPR_LGD_and_ISRO_Bhuvan,LGD_2026_Bhuvan_2024,2632,MATCHED_AUTHORITATIVE_BOUNDARY
2628,Dullavcherra,Sribhumi,Assam,24.421489,92.431793,MoPR_LGD_and_ISRO_Bhuvan,LGD_2026_Bhuvan_2024,2628,MATCHED_AUTHORITATIVE_BOUNDARY
2629,Lowairpoa,Sribhumi,Assam,24.425914,92.305171,MoPR_LGD_and_ISRO_Bhuvan,LGD_2026_Bhuvan_2024,2629,MATCHED_AUTHORITATIVE_BOUNDARY
2630,Malegarh,Sribhumi,Assam,24.841785,92.298673,MoPR_LGD_and_ISRO_Bhuvan,LGD_2026_Bhuvan_2024,2630,MATCHED_AUTHORITATIVE_BOUNDARY
2633,Nilambazar,Sribhumi,Assam,24.772347,92.403493,MoPR_LGD_and_ISRO_Bhuvan,LGD_2026_Bhuvan_2024,2633,MATCHED_AUTHORITATIVE_BOUNDARY
2631,Patharkandi,Sribhumi,Assam,24.640972,92.332887,MoPR_LGD_and_ISRO_Bhuvan,LGD_2026_Bhuvan_2024,2631,MATCHED_AUTHORITATIVE_BOUNDARY
2608,Goreswar,Tamulpur,Assam,26.573814,91.704154,MoPR_LGD_and_ISRO_Bhuvan,LGD_2026_Bhuvan_2024,2608,MATCHED_AUTHORITATIVE_BOUNDARY
2683,Nagrijuli,Tamulpur,Assam,26.714391,91.635899,MoPR_LGD_and_ISRO_Bhuvan,LGD_2026_Bhuvan_2024,2683,MATCHED_AUTHORITATIVE_BOUNDARY
2686,Tamulpur,Tamulpur,Assam,26.675489,91.540622,MoPR_LGD_and_ISRO_Bhuvan,LGD_2026_Bhuvan_2024,2686,MATCHED_AUTHORITATIVE_BOUNDARY
2717,Digboi,Tinsukia,Assam,27.498966,95.500025,MoPR_LGD_and_ISRO_Bhuvan,LGD_2026_Bhuvan_2024,2717,MATCHED_AUTHORITATIVE_BOUNDARY
2719,Doomdooma,Tinsukia,Assam,27.590043,95.702627,MoPR_LGD_and_ISRO_Bhuvan,LGD_2026_Bhuvan_2024,2719,MATCHED_AUTHORITATIVE_BOUNDARY
2718,Itakhuli,Tinsukia,Assam,27.434118,95.379471,MoPR_LGD_and_ISRO_Bhuvan,LGD_2026_Bhuvan_2024,2718,MATCHED_AUTHORITATIVE_BOUNDARY
2716,Makum,Tinsukia,Assam,27.592066,95.344273,MoPR_LGD_and_ISRO_Bhuvan,LGD_2026_Bhuvan_2024,2716,MATCHED_AUTHORITATIVE_BOUNDARY
2720,Margherita,Tinsukia,Assam,27.351925,95.738868,MoPR_LGD_and_ISRO_Bhuvan,LGD_2026_Bhuvan_2024,2720,MATCHED_AUTHORITATIVE_BOUNDARY
2721,Sadiya,Tinsukia,Assam,27.861616,95.693648,MoPR_LGD_and_ISRO_Bhuvan,LGD_2026_Bhuvan_2024,2721,MATCHED_AUTHORITATIVE_BOUNDARY
2722,Saikhowa,Tinsukia,Assam,27.720542,95.569498,MoPR_LGD_and_ISRO_Bhuvan,LGD_2026_Bhuvan_2024,2722,MATCHED_AUTHORITATIVE_BOUNDARY
6555,Bechimari,Udalguri,Assam,26.633305,92.232504,MoPR_LGD_and_ISRO_Bhuvan,LGD_2026_Bhuvan_2024,6555,MATCHED_AUTHORITATIVE_BOUNDARY
6549,Bhergaon,Udalguri,Assam,26.730694,91.805612,MoPR_LGD_and_ISRO_Bhuvan,LGD_2026_Bhuvan_2024,6549,MATCHED_AUTHORITATIVE_BOUNDARY
6554,Borsola,Udalguri,Assam,26.626891,92.359437,MoPR_LGD_and_ISRO_Bhuvan,LGD_2026_Bhuvan_2024,6554,MATCHED_AUTHORITATIVE_BOUNDARY
6556,Dalgaon-Sialmari,Udalguri,Assam,,,MoPR_LGD_and_ISRO_Bhuvan,LGD_2026_Bhuvan_2024,6556,PENDING_OFFICIAL_BOUNDARY_MATCH
6552,Kalaigaon,Udalguri,Assam,26.599983,91.966416,MoPR_LGD_and_ISRO_Bhuvan,LGD_2026_Bhuvan_2024,6552,MATCHED_AUTHORITATIVE_BOUNDARY
6550,Mazbat,Udalguri,Assam,26.787899,92.265366,MoPR_LGD_and_ISRO_Bhuvan,LGD_2026_Bhuvan_2024,6550,MATCHED_AUTHORITATIVE_BOUNDARY
6548,Odalguri,Udalguri,Assam,26.775242,92.004566,MoPR_LGD_and_ISRO_Bhuvan,LGD_2026_Bhuvan_2024,6548,MATCHED_AUTHORITATIVE_BOUNDARY
6558,Paschim-Mangaldai,Udalguri,Assam,26.485019,92.051829,MoPR_LGD_and_ISRO_Bhuvan,LGD_2026_Bhuvan_2024,6558,MATCHED_AUTHORITATIVE_BOUNDARY
6557,Pub-Mangaldai,Udalguri,Assam,26.53738,92.071828,MoPR_LGD_and_ISRO_Bhuvan,LGD_2026_Bhuvan_2024,6557,MATCHED_AUTHORITATIVE_BOUNDARY
6551,Rowta,Udalguri,Assam,26.694842,92.146064,MoPR_LGD_and_ISRO_Bhuvan,LGD_2026_Bhuvan_2024,6551,MATCHED_AUTHORITATIVE_BOUNDARY
2616,Amri,West Karbi Anglong,Assam,25.87605,92.380352,MoPR_LGD_and_ISRO_Bhuvan,LGD_2026_Bhuvan_2024,2616,MATCHED_AUTHORITATIVE_BOUNDARY
2618,Chinthong,West Karbi Anglong,Assam,26.056062,92.446563,MoPR_LGD_and_ISRO_Bhuvan,LGD_2026_Bhuvan_2024,2618,MATCHED_AUTHORITATIVE_BOUNDARY
2623,Rongkhang,West Karbi Anglong,Assam,25.854231,92.733009,MoPR_LGD_and_ISRO_Bhuvan,LGD_2026_Bhuvan_2024,2623,MATCHED_AUTHORITATIVE_BOUNDARY
2626,Socheng,West Karbi Anglong,Assam,25.700132,92.674159,MoPR_LGD_and_ISRO_Bhuvan,LGD_2026_Bhuvan_2024,2626,MATCHED_AUTHORITATIVE_BOUNDARY
1624,Araria,Araria,Bihar,26.146008,87.468354,MoPR_LGD_and_ISRO_Bhuvan,LGD_2026_Bhuvan_2024,1624,MATCHED_AUTHORITATIVE_BOUNDARY
1625,Bhargama,Araria,Bihar,26.077276,87.142244,MoPR_LGD_and_ISRO_Bhuvan,LGD_2026_Bhuvan_2024,1625,MATCHED_AUTHORITATIVE_BOUNDARY
1626,Forbesganj,Araria,Bihar,26.250721,87.29149,MoPR_LGD_and_ISRO_Bhuvan,LGD_2026_Bhuvan_2024,1626,MATCHED_AUTHORITATIVE_BOUNDARY
1627,Jokihat,Araria,Bihar,26.089768,87.592801,MoPR_LGD_and_ISRO_Bhuvan,LGD_2026_Bhuvan_2024,1627,MATCHED_AUTHORITATIVE_BOUNDARY
1628,Kursakanta,Araria,Bihar,26.348364,87.403057,MoPR_LGD_and_ISRO_Bhuvan,LGD_2026_Bhuvan_2024,1628,MATCHED_AUTHORITATIVE_BOUNDARY
1629,Narpatganj,Araria,Bihar,26.337004,87.133493,MoPR_LGD_and_ISRO_Bhuvan,LGD_2026_Bhuvan_2024,1629,MATCHED_AUTHORITATIVE_BOUNDARY
1630,Palasi,Araria,Bihar,26.244999,87.605725,MoPR_LGD_and_ISRO_Bhuvan,LGD_2026_Bhuvan_2024,1630,MATCHED_AUTHORITATIVE_BOUNDARY
1631,Raniganj,Araria,Bihar,26.058566,87.292745,MoPR_LGD_and_ISRO_Bhuvan,LGD_2026_Bhuvan_2024,1631,MATCHED_AUTHORITATIVE_BOUNDARY
1632,Sikty,Araria,Bihar,26.364925,87.528311,MoPR_LGD_and_ISRO_Bhuvan,LGD_2026_Bhuvan_2024,1632,MATCHED_AUTHORITATIVE_BOUNDARY
6505,Arwal,Arwal,Bihar,25.226203,84.651529,MoPR_LGD_and_ISRO_Bhuvan,LGD_2026_Bhuvan_2024,6505,MATCHED_AUTHORITATIVE_BOUNDARY
6506,Kaler,Arwal,Bihar,25.152355,84.532173,MoPR_LGD_and_ISRO_Bhuvan,LGD_2026_Bhuvan_2024,6506,MATCHED_AUTHORITATIVE_BOUNDARY
6507,Kapri,Arwal,Bihar,25.177158,84.710387,MoPR_LGD_and_ISRO_Bhuvan,LGD_2026_Bhuvan_2024,6507,MATCHED_AUTHORITATIVE_BOUNDARY
6509,Kurtha,Arwal,Bihar,25.125489,84.816361,MoPR_LGD_and_ISRO_Bhuvan,LGD_2026_Bhuvan_2024,6509,MATCHED_AUTHORITATIVE_BOUNDARY
6508,Sonbhadra-Bansi-Surajpur,Arwal,Bihar,25.106357,84.736465,MoPR_LGD_and_ISRO_Bhuvan,LGD_2026_Bhuvan_2024,6508,MATCHED_AUTHORITATIVE_BOUNDARY
1633,Aurangabad,Aurangabad,Bihar,24.790566,84.423036,MoPR_LGD_and_ISRO_Bhuvan,LGD_2026_Bhuvan_2024,1633,MATCHED_AUTHORITATIVE_BOUNDARY
1634,Barun,Aurangabad,Bihar,24.844317,84.256826,MoPR_LGD_and_ISRO_Bhuvan,LGD_2026_Bhuvan_2024,1634,MATCHED_AUTHORITATIVE_BOUNDARY
1635,Daudnagar,Aurangabad,Bihar,25.039865,84.43923,MoPR_LGD_and_ISRO_Bhuvan,LGD_2026_Bhuvan_2024,1635,MATCHED_AUTHORITATIVE_BOUNDARY
1636,Deo,Aurangabad,Bihar,24.62389,84.401306,MoPR_LGD_and_ISRO_Bhuvan,LGD_2026_Bhuvan_2024,1636,MATCHED_AUTHORITATIVE_BOUNDARY
1637,Goh,Aurangabad,Bihar,24.984198,84.652489,MoPR_LGD_and_ISRO_Bhuvan,LGD_2026_Bhuvan_2024,1637,MATCHED_AUTHORITATIVE_BOUNDARY
1638,Haspura,Aurangabad,Bihar,25.03649,84.555717,MoPR_LGD_and_ISRO_Bhuvan,LGD_2026_Bhuvan_2024,1638,MATCHED_AUTHORITATIVE_BOUNDARY
1639,Kutumba,Aurangabad,Bihar,24.62492,84.287679,MoPR_LGD_and_ISRO_Bhuvan,LGD_2026_Bhuvan_2024,1639,MATCHED_AUTHORITATIVE_BOUNDARY
1640,Madanpur,Aurangabad,Bihar,24.657372,84.554019,MoPR_LGD_and_ISRO_Bhuvan,LGD_2026_Bhuvan_2024,1640,MATCHED_AUTHORITATIVE_BOUNDARY
1641,Nabinagar,Aurangabad,Bihar,24.660362,84.139793,MoPR_LGD_and_ISRO_Bhuvan,LGD_2026_Bhuvan_2024,1641,MATCHED_AUTHORITATIVE_BOUNDARY
1642,Obra,Aurangabad,Bihar,24.929535,84.40117,MoPR_LGD_and_ISRO_Bhuvan,LGD_2026_Bhuvan_2024,1642,MATCHED_AUTHORITATIVE_BOUNDARY
1643,Rafiganj,Aurangabad,Bihar,24.8207,84.602647,MoPR_LGD_and_ISRO_Bhuvan,LGD_2026_Bhuvan_2024,1643,MATCHED_AUTHORITATIVE_BOUNDARY
1644,Amarpur,Banka,Bihar,25.033118,86.883899,MoPR_LGD_and_ISRO_Bhuvan,LGD_2026_Bhuvan_2024,1644,MATCHED_AUTHORITATIVE_BOUNDARY
1645,Banka,Banka,Bihar,24.86315,86.881393,MoPR_LGD_and_ISRO_Bhuvan,LGD_2026_Bhuvan_2024,1645,MATCHED_AUTHORITATIVE_BOUNDARY
1646,Barahat,Banka,Bihar,24.880767,87.018424,MoPR_LGD_and_ISRO_Bhuvan,LGD_2026_Bhuvan_2024,1646,MATCHED_AUTHORITATIVE_BOUNDARY
1647,Bausi,Banka,Bihar,24.731131,87.001239,MoPR_LGD_and_ISRO_Bhuvan,LGD_2026_Bhuvan_2024,1647,MATCHED_AUTHORITATIVE_BOUNDARY
1648,Belhar,Banka,Bihar,24.921393,86.60162,MoPR_LGD_and_ISRO_Bhuvan,LGD_2026_Bhuvan_2024,1648,MATCHED_AUTHORITATIVE_BOUNDARY
1649,Chandan,Banka,Bihar,24.738446,86.636718,MoPR_LGD_and_ISRO_Bhuvan,LGD_2026_Bhuvan_2024,1649,MATCHED_AUTHORITATIVE_BOUNDARY
1650,Dhuraiya,Banka,Bihar,24.97492,87.103156,MoPR_LGD_and_ISRO_Bhuvan,LGD_2026_Bhuvan_2024,1650,MATCHED_AUTHORITATIVE_BOUNDARY
1651,Fullidumar,Banka,Bihar,24.94974,86.776863,MoPR_LGD_and_ISRO_Bhuvan,LGD_2026_Bhuvan_2024,1651,MATCHED_AUTHORITATIVE_BOUNDARY
1652,Katoria,Banka,Bihar,24.705654,86.80601,MoPR_LGD_and_ISRO_Bhuvan,LGD_2026_Bhuvan_2024,1652,MATCHED_AUTHORITATIVE_BOUNDARY
1653,Rajaun,Banka,Bihar,25.03068,87.003924,MoPR_LGD_and_ISRO_Bhuvan,LGD_2026_Bhuvan_2024,1653,MATCHED_AUTHORITATIVE_BOUNDARY
1654,Shambhuganj,Banka,Bihar,25.050454,86.72446,MoPR_LGD_and_ISRO_Bhuvan,LGD_2026_Bhuvan_2024,1654,MATCHED_AUTHORITATIVE_BOUNDARY
1655,Bachhwara,Begusarai,Bihar,25.570894,85.862043,MoPR_LGD_and_ISRO_Bhuvan,LGD_2026_Bhuvan_2024,1655,MATCHED_AUTHORITATIVE_BOUNDARY
1656,Bakhri,Begusarai,Bihar,25.582796,86.25488,MoPR_LGD_and_ISRO_Bhuvan,LGD_2026_Bhuvan_2024,1656,MATCHED_AUTHORITATIVE_BOUNDARY
1657,Ballia,Begusarai,Bihar,25.382588,86.298723,MoPR_LGD_and_ISRO_Bhuvan,LGD_2026_Bhuvan_2024,1657,MATCHED_AUTHORITATIVE_BOUNDARY
1658,Barauni,Begusarai,Bihar,25.437918,86.035862,MoPR_LGD_and_ISRO_Bhuvan,LGD_2026_Bhuvan_2024,1658,MATCHED_AUTHORITATIVE_BOUNDARY
1659,Begusarai,Begusarai,Bihar,25.447534,86.168421,MoPR_LGD_and_ISRO_Bhuvan,LGD_2026_Bhuvan_2024,1659,MATCHED_AUTHORITATIVE_BOUNDARY
1660,Bhagwanpur,Begusarai,Bihar,25.5605,85.996564,MoPR_LGD_and_ISRO_Bhuvan,LGD_2026_Bhuvan_2024,1660,MATCHED_AUTHORITATIVE_BOUNDARY
1661,Birpur,Begusarai,Bihar,25.527638,86.080269,MoPR_LGD_and_ISRO_Bhuvan,LGD_2026_Bhuvan_2024,1661,MATCHED_AUTHORITATIVE_BOUNDARY
1662,Cheria Bariarpur,Begusarai,Bihar,25.603884,86.092715,MoPR_LGD_and_ISRO_Bhuvan,LGD_2026_Bhuvan_2024,1662,MATCHED_AUTHORITATIVE_BOUNDARY
1663,Chhaurahi,Begusarai,Bihar,25.684447,86.117435,MoPR_LGD_and_ISRO_Bhuvan,LGD_2026_Bhuvan_2024,1663,MATCHED_AUTHORITATIVE_BOUNDARY
1664,Dandari,Begusarai,Bihar,25.493246,86.289106,MoPR_LGD_and_ISRO_Bhuvan,LGD_2026_Bhuvan_2024,1664,MATCHED_AUTHORITATIVE_BOUNDARY
1665,Gadhpura,Begusarai,Bihar,25.651641,86.185427,MoPR_LGD_and_ISRO_Bhuvan,LGD_2026_Bhuvan_2024,1665,MATCHED_AUTHORITATIVE_BOUNDARY
1666,Khodawandpur,Begusarai,Bihar,25.683827,86.040981,MoPR_LGD_and_ISRO_Bhuvan,LGD_2026_Bhuvan_2024,1666,MATCHED_AUTHORITATIVE_BOUNDARY
1667,Mansurchak,Begusarai,Bihar,25.628494,85.924962,MoPR_LGD_and_ISRO_Bhuvan,LGD_2026_Bhuvan_2024,1667,MATCHED_AUTHORITATIVE_BOUNDARY
1668,Matihani,Begusarai,Bihar,25.352969,86.153504,MoPR_LGD_and_ISRO_Bhuvan,LGD_2026_Bhuvan_2024,1668,MATCHED_AUTHORITATIVE_BOUNDARY
1669,Nawkothi,Begusarai,Bihar,25.544914,86.195244,MoPR_LGD_and_ISRO_Bhuvan,LGD_2026_Bhuvan_2024,1669,MATCHED_AUTHORITATIVE_BOUNDARY
1670,Sahebpur Kamal,Begusarai,Bihar,25.43195,86.403258,MoPR_LGD_and_ISRO_Bhuvan,LGD_2026_Bhuvan_2024,1670,MATCHED_AUTHORITATIVE_BOUNDARY
1671,Samho Akha Kurha,Begusarai,Bihar,25.290321,86.205341,MoPR_LGD_and_ISRO_Bhuvan,LGD_2026_Bhuvan_2024,1671,MATCHED_AUTHORITATIVE_BOUNDARY
1672,Teghra,Begusarai,Bihar,25.476072,85.95209,MoPR_LGD_and_ISRO_Bhuvan,LGD_2026_Bhuvan_2024,1672,MATCHED_AUTHORITATIVE_BOUNDARY
1673,Bihpur,Bhagalpur,Bihar,25.397733,86.928731,MoPR_LGD_and_ISRO_Bhuvan,LGD_2026_Bhuvan_2024,1673,MATCHED_AUTHORITATIVE_BOUNDARY
1675,Gopalpur,Bhagalpur,Bihar,25.320601,87.18987,MoPR_LGD_and_ISRO_Bhuvan,LGD_2026_Bhuvan_2024,1675,MATCHED_AUTHORITATIVE_BOUNDARY
1676,Goradih,Bhagalpur,Bihar,25.152437,87.066378,MoPR_LGD_and_ISRO_Bhuvan,LGD_2026_Bhuvan_2024,1676,MATCHED_AUTHORITATIVE_BOUNDARY
1677,Ismailpur,Bhagalpur,Bihar,25.303828,87.098182,MoPR_LGD_and_ISRO_Bhuvan,LGD_2026_Bhuvan_2024,1677,MATCHED_AUTHORITATIVE_BOUNDARY
1678,Jagdishpur,Bhagalpur,Bihar,25.178412,86.975878,MoPR_LGD_and_ISRO_Bhuvan,LGD_2026_Bhuvan_2024,1678,MATCHED_AUTHORITATIVE_BOUNDARY
1674,Kahalgaon,Bhagalpur,Bihar,25.253072,87.264774,MoPR_LGD_and_ISRO_Bhuvan,LGD_2026_Bhuvan_2024,1674,MATCHED_AUTHORITATIVE_BOUNDARY
1679,Kharik,Bhagalpur,Bihar,25.374758,87.000795,MoPR_LGD_and_ISRO_Bhuvan,LGD_2026_Bhuvan_2024,1679,MATCHED_AUTHORITATIVE_BOUNDARY
1680,Narayanpur,Bhagalpur,Bihar,25.365226,86.873597,MoPR_LGD_and_ISRO_Bhuvan,LGD_2026_Bhuvan_2024,1680,MATCHED_AUTHORITATIVE_BOUNDARY
1681,Nathnagar,Bhagalpur,Bihar,25.218394,86.918006,MoPR_LGD_and_ISRO_Bhuvan,LGD_2026_Bhuvan_2024,1681,MATCHED_AUTHORITATIVE_BOUNDARY
1682,Naugachhia,Bhagalpur,Bihar,25.402376,87.070192,MoPR_LGD_and_ISRO_Bhuvan,LGD_2026_Bhuvan_2024,1682,MATCHED_AUTHORITATIVE_BOUNDARY
1683,Pirpainti,Bhagalpur,Bihar,25.308836,87.417992,MoPR_LGD_and_ISRO_Bhuvan,LGD_2026_Bhuvan_2024,1683,MATCHED_AUTHORITATIVE_BOUNDARY
1684,Rangrachowk,Bhagalpur,Bihar,25.408306,87.173623,MoPR_LGD_and_ISRO_Bhuvan,LGD_2026_Bhuvan_2024,1684,MATCHED_AUTHORITATIVE_BOUNDARY
1685,Sabour,Bhagalpur,Bihar,25.231961,87.076293,MoPR_LGD_and_ISRO_Bhuvan,LGD_2026_Bhuvan_2024,1685,MATCHED_AUTHORITATIVE_BOUNDARY
1686,Shahkund,Bhagalpur,Bihar,25.149951,86.84948,MoPR_LGD_and_ISRO_Bhuvan,LGD_2026_Bhuvan_2024,1686,MATCHED_AUTHORITATIVE_BOUNDARY
1687,Sonhaula,Bhagalpur,Bihar,25.129049,87.211607,MoPR_LGD_and_ISRO_Bhuvan,LGD_2026_Bhuvan_2024,1687,MATCHED_AUTHORITATIVE_BOUNDARY
1688,Sultanganj,Bhagalpur,Bihar,25.209371,86.76279,MoPR_LGD_and_ISRO_Bhuvan,LGD_2026_Bhuvan_2024,1688,MATCHED_AUTHORITATIVE_BOUNDARY
1689,Agiaon,Bhojpur,Bihar,25.349685,84.62682,MoPR_LGD_and_ISRO_Bhuvan,LGD_2026_Bhuvan_2024,1689,MATCHED_AUTHORITATIVE_BOUNDARY
1690,Ara,Bhojpur,Bihar,25.599634,84.623962,MoPR_LGD_and_ISRO_Bhuvan,LGD_2026_Bhuvan_2024,1690,MATCHED_AUTHORITATIVE_BOUNDARY
1691,Barhara,Bhojpur,Bihar,25.677588,84.671787,MoPR_LGD_and_ISRO_Bhuvan,LGD_2026_Bhuvan_2024,1691,MATCHED_AUTHORITATIVE_BOUNDARY
1692,Behea,Bhojpur,Bihar,25.575055,84.4198,MoPR_LGD_and_ISRO_Bhuvan,LGD_2026_Bhuvan_2024,1692,MATCHED_AUTHORITATIVE_BOUNDARY
1693,Charpokhari,Bhojpur,Bihar,25.354249,84.480665,MoPR_LGD_and_ISRO_Bhuvan,LGD_2026_Bhuvan_2024,1693,MATCHED_AUTHORITATIVE_BOUNDARY
1694,Garhani,Bhojpur,Bihar,25.415111,84.550396,MoPR_LGD_and_ISRO_Bhuvan,LGD_2026_Bhuvan_2024,1694,MATCHED_AUTHORITATIVE_BOUNDARY
1695,Jagdishpur,Bhojpur,Bihar,25.482707,84.453498,MoPR_LGD_and_ISRO_Bhuvan,LGD_2026_Bhuvan_2024,1695,MATCHED_AUTHORITATIVE_BOUNDARY
1696,Koilwar,Bhojpur,Bihar,25.579913,84.756655,MoPR_LGD_and_ISRO_Bhuvan,LGD_2026_Bhuvan_2024,1696,MATCHED_AUTHORITATIVE_BOUNDARY
1697,Piro,Bhojpur,Bihar,25.346983,84.359832,MoPR_LGD_and_ISRO_Bhuvan,LGD_2026_Bhuvan_2024,1697,MATCHED_AUTHORITATIVE_BOUNDARY
1698,Sahar,Bhojpur,Bihar,25.260476,84.576215,MoPR_LGD_and_ISRO_Bhuvan,LGD_2026_Bhuvan_2024,1698,MATCHED_AUTHORITATIVE_BOUNDARY
1699,Sandesh,Bhojpur,Bihar,25.419448,84.715476,MoPR_LGD_and_ISRO_Bhuvan,LGD_2026_Bhuvan_2024,1699,MATCHED_AUTHORITATIVE_BOUNDARY
1700,Shahpur,Bhojpur,Bihar,25.657344,84.426824,MoPR_LGD_and_ISRO_Bhuvan,LGD_2026_Bhuvan_2024,1700,MATCHED_AUTHORITATIVE_BOUNDARY
1701,Tarari,Bhojpur,Bihar,25.242363,84.437838,MoPR_LGD_and_ISRO_Bhuvan,LGD_2026_Bhuvan_2024,1701,MATCHED_AUTHORITATIVE_BOUNDARY
1702,Udwantnagar,Bhojpur,Bihar,25.511211,84.608315,MoPR_LGD_and_ISRO_Bhuvan,LGD_2026_Bhuvan_2024,1702,MATCHED_AUTHORITATIVE_BOUNDARY
1703,Brahmpur,Buxar,Bihar,25.574504,84.306127,MoPR_LGD_and_ISRO_Bhuvan,LGD_2026_Bhuvan_2024,1703,MATCHED_AUTHORITATIVE_BOUNDARY
1704,Buxar,Buxar,Bihar,25.558058,84.019641,MoPR_LGD_and_ISRO_Bhuvan,LGD_2026_Bhuvan_2024,1704,MATCHED_AUTHORITATIVE_BOUNDARY
1705,Chakki,Buxar,Bihar,25.647691,84.258977,MoPR_LGD_and_ISRO_Bhuvan,LGD_2026_Bhuvan_2024,1705,MATCHED_AUTHORITATIVE_BOUNDARY
1706,Chausa,Buxar,Bihar,25.449416,83.865947,MoPR_LGD_and_ISRO_Bhuvan,LGD_2026_Bhuvan_2024,1706,MATCHED_AUTHORITATIVE_BOUNDARY
1707,Chougain,Buxar,Bihar,25.495375,84.234041,MoPR_LGD_and_ISRO_Bhuvan,LGD_2026_Bhuvan_2024,1707,MATCHED_AUTHORITATIVE_BOUNDARY
1708,Dumraon,Buxar,Bihar,25.524592,84.153119,MoPR_LGD_and_ISRO_Bhuvan,LGD_2026_Bhuvan_2024,1708,MATCHED_AUTHORITATIVE_BOUNDARY
1709,Itarhi,Buxar,Bihar,25.444004,84.019249,MoPR_LGD_and_ISRO_Bhuvan,LGD_2026_Bhuvan_2024,1709,MATCHED_AUTHORITATIVE_BOUNDARY
1710,Kesath,Buxar,Bihar,25.42229,84.243691,MoPR_LGD_and_ISRO_Bhuvan,LGD_2026_Bhuvan_2024,1710,MATCHED_AUTHORITATIVE_BOUNDARY
1711,Nawanagar,Buxar,Bihar,25.410148,84.211205,MoPR_LGD_and_ISRO_Bhuvan,LGD_2026_Bhuvan_2024,1711,MATCHED_AUTHORITATIVE_BOUNDARY
1712,Rajpur,Buxar,Bihar,25.349084,83.943213,MoPR_LGD_and_ISRO_Bhuvan,LGD_2026_Bhuvan_2024,1712,MATCHED_AUTHORITATIVE_BOUNDARY
1713,Simri,Buxar,Bihar,25.651323,84.147554,MoPR_LGD_and_ISRO_Bhuvan,LGD_2026_Bhuvan_2024,1713,MATCHED_AUTHORITATIVE_BOUNDARY
1714,Alinagar,Darbhanga,Bihar,26.07487,86.225173,MoPR_LGD_and_ISRO_Bhuvan,LGD_2026_Bhuvan_2024,1714,MATCHED_AUTHORITATIVE_BOUNDARY
1715,Bahadurpur,Darbhanga,Bihar,26.109524,85.942565,MoPR_LGD_and_ISRO_Bhuvan,LGD_2026_Bhuvan_2024,1715,MATCHED_AUTHORITATIVE_BOUNDARY
1716,Baheri,Darbhanga,Bihar,25.995651,86.036534,MoPR_LGD_and_ISRO_Bhuvan,LGD_2026_Bhuvan_2024,1716,MATCHED_AUTHORITATIVE_BOUNDARY
1717,Benipur,Darbhanga,Bihar,26.0799,86.122057,MoPR_LGD_and_ISRO_Bhuvan,LGD_2026_Bhuvan_2024,1717,MATCHED_AUTHORITATIVE_BOUNDARY
1718,Biraul,Darbhanga,Bihar,25.941972,86.186892,MoPR_LGD_and_ISRO_Bhuvan,LGD_2026_Bhuvan_2024,1718,MATCHED_AUTHORITATIVE_BOUNDARY
1719,Darbhanga,Darbhanga,Bihar,26.183469,85.957149,MoPR_LGD_and_ISRO_Bhuvan,LGD_2026_Bhuvan_2024,1719,MATCHED_AUTHORITATIVE_BOUNDARY
1720,Gaurabauram,Darbhanga,Bihar,25.9619,86.296131,MoPR_LGD_and_ISRO_Bhuvan,LGD_2026_Bhuvan_2024,1720,MATCHED_AUTHORITATIVE_BOUNDARY
1721,Ghanshyampur,Darbhanga,Bihar,26.062326,86.309598,MoPR_LGD_and_ISRO_Bhuvan,LGD_2026_Bhuvan_2024,1721,MATCHED_AUTHORITATIVE_BOUNDARY
1722,Hanuman Nagar,Darbhanga,Bihar,26.08013,85.808572,MoPR_LGD_and_ISRO_Bhuvan,LGD_2026_Bhuvan_2024,1722,MATCHED_AUTHORITATIVE_BOUNDARY
1723,Hayaghat,Darbhanga,Bihar,26.036113,85.9155,MoPR_LGD_and_ISRO_Bhuvan,LGD_2026_Bhuvan_2024,1723,MATCHED_AUTHORITATIVE_BOUNDARY
1724,Jale,Darbhanga,Bihar,26.353836,85.761953,MoPR_LGD_and_ISRO_Bhuvan,LGD_2026_Bhuvan_2024,1724,MATCHED_AUTHORITATIVE_BOUNDARY
1725,Keotirunway,Darbhanga,Bihar,26.25534,85.918472,MoPR_LGD_and_ISRO_Bhuvan,LGD_2026_Bhuvan_2024,1725,MATCHED_AUTHORITATIVE_BOUNDARY
1726,Kiratpur,Darbhanga,Bihar,25.989549,86.365661,MoPR_LGD_and_ISRO_Bhuvan,LGD_2026_Bhuvan_2024,1726,MATCHED_AUTHORITATIVE_BOUNDARY
1727,Kusheshwar Asthan,Darbhanga,Bihar,25.834398,86.270535,MoPR_LGD_and_ISRO_Bhuvan,LGD_2026_Bhuvan_2024,1727,MATCHED_AUTHORITATIVE_BOUNDARY
1728,Kusheswar Asthan East,Darbhanga,Bihar,25.787968,86.353239,MoPR_LGD_and_ISRO_Bhuvan,LGD_2026_Bhuvan_2024,1728,MATCHED_AUTHORITATIVE_BOUNDARY
1729,Manigachhi,Darbhanga,Bihar,26.182483,86.148302,MoPR_LGD_and_ISRO_Bhuvan,LGD_2026_Bhuvan_2024,1729,MATCHED_AUTHORITATIVE_BOUNDARY
1730,Singhwara,Darbhanga,Bihar,26.207356,85.769038,MoPR_LGD_and_ISRO_Bhuvan,LGD_2026_Bhuvan_2024,1730,MATCHED_AUTHORITATIVE_BOUNDARY
1731,Tardih,Darbhanga,Bihar,26.152954,86.253636,MoPR_LGD_and_ISRO_Bhuvan,LGD_2026_Bhuvan_2024,1731,MATCHED_AUTHORITATIVE_BOUNDARY
1732,Amas,Gaya,Bihar,24.601907,84.696563,MoPR_LGD_and_ISRO_Bhuvan,LGD_2026_Bhuvan_2024,1732,MATCHED_AUTHORITATIVE_BOUNDARY
1733,Atri,Gaya,Bihar,24.910567,85.193538,MoPR_LGD_and_ISRO_Bhuvan,LGD_2026_Bhuvan_2024,1733,MATCHED_AUTHORITATIVE_BOUNDARY
1734,Bankey Bazar,Gaya,Bihar,24.529243,84.656848,MoPR_LGD_and_ISRO_Bhuvan,LGD_2026_Bhuvan_2024,1734,MATCHED_AUTHORITATIVE_BOUNDARY
1735,Barachatti,Gaya,Bihar,24.452805,85.025674,MoPR_LGD_and_ISRO_Bhuvan,LGD_2026_Bhuvan_2024,1735,MATCHED_AUTHORITATIVE_BOUNDARY
1736,Belaganj,Gaya,Bihar,24.968554,84.981685,MoPR_LGD_and_ISRO_Bhuvan,LGD_2026_Bhuvan_2024,1736,MATCHED_AUTHORITATIVE_BOUNDARY
1737,Bodhgaya,Gaya,Bihar,24.681155,84.970532,MoPR_LGD_and_ISRO_Bhuvan,LGD_2026_Bhuvan_2024,1737,MATCHED_AUTHORITATIVE_BOUNDARY
1738,Dobhi,Gaya,Bihar,24.515945,84.904636,MoPR_LGD_and_ISRO_Bhuvan,LGD_2026_Bhuvan_2024,1738,MATCHED_AUTHORITATIVE_BOUNDARY
1739,Dumaria,Gaya,Bihar,24.454076,84.416622,MoPR_LGD_and_ISRO_Bhuvan,LGD_2026_Bhuvan_2024,1739,MATCHED_AUTHORITATIVE_BOUNDARY
1740,Fatehpur,Gaya,Bihar,24.607552,85.257809,MoPR_LGD_and_ISRO_Bhuvan,LGD_2026_Bhuvan_2024,1740,MATCHED_AUTHORITATIVE_BOUNDARY
1741,Gaya Town,Gaya,Bihar,24.818703,84.972856,MoPR_LGD_and_ISRO_Bhuvan,LGD_2026_Bhuvan_2024,1741,MATCHED_AUTHORITATIVE_BOUNDARY
1742,Guraru,Gaya,Bihar,24.771452,84.77485,MoPR_LGD_and_ISRO_Bhuvan,LGD_2026_Bhuvan_2024,1742,MATCHED_AUTHORITATIVE_BOUNDARY
1743,Gurua,Gaya,Bihar,24.655367,84.75891,MoPR_LGD_and_ISRO_Bhuvan,LGD_2026_Bhuvan_2024,1743,MATCHED_AUTHORITATIVE_BOUNDARY
1744,Imamganj,Gaya,Bihar,24.426829,84.557433,MoPR_LGD_and_ISRO_Bhuvan,LGD_2026_Bhuvan_2024,1744,MATCHED_AUTHORITATIVE_BOUNDARY
1745,Khizarsarai,Gaya,Bihar,24.975852,85.130247,MoPR_LGD_and_ISRO_Bhuvan,LGD_2026_Bhuvan_2024,1745,MATCHED_AUTHORITATIVE_BOUNDARY
1746,Konch,Gaya,Bihar,24.920721,84.7552,MoPR_LGD_and_ISRO_Bhuvan,LGD_2026_Bhuvan_2024,1746,MATCHED_AUTHORITATIVE_BOUNDARY
1747,Manpur,Gaya,Bihar,24.811681,85.062857,MoPR_LGD_and_ISRO_Bhuvan,LGD_2026_Bhuvan_2024,1747,MATCHED_AUTHORITATIVE_BOUNDARY
1748,Mohanpur,Gaya,Bihar,24.55604,85.097385,MoPR_LGD_and_ISRO_Bhuvan,LGD_2026_Bhuvan_2024,1748,MATCHED_AUTHORITATIVE_BOUNDARY
1749,Mohra,Gaya,Bihar,24.904793,85.3016,MoPR_LGD_and_ISRO_Bhuvan,LGD_2026_Bhuvan_2024,1749,MATCHED_AUTHORITATIVE_BOUNDARY
1750,Neemchak Bathani,Gaya,Bihar,24.982422,85.260874,MoPR_LGD_and_ISRO_Bhuvan,LGD_2026_Bhuvan_2024,1750,MATCHED_AUTHORITATIVE_BOUNDARY
1751,Paraiya,Gaya,Bihar,24.790506,84.871193,MoPR_LGD_and_ISRO_Bhuvan,LGD_2026_Bhuvan_2024,1751,MATCHED_AUTHORITATIVE_BOUNDARY
1752,Sherghatty,Gaya,Bihar,24.575865,84.828231,MoPR_LGD_and_ISRO_Bhuvan,LGD_2026_Bhuvan_2024,1752,MATCHED_AUTHORITATIVE_BOUNDARY
1753,Tankuppa,Gaya,Bihar,24.689097,85.139239,MoPR_LGD_and_ISRO_Bhuvan,LGD_2026_Bhuvan_2024,1753,MATCHED_AUTHORITATIVE_BOUNDARY
1754,Tekari,Gaya,Bihar,24.962163,84.85754,MoPR_LGD_and_ISRO_Bhuvan,LGD_2026_Bhuvan_2024,1754,MATCHED_AUTHORITATIVE_BOUNDARY
1755,Wazirganj,Gaya,Bihar,24.793399,85.20384,MoPR_LGD_and_ISRO_Bhuvan,LGD_2026_Bhuvan_2024,1755,MATCHED_AUTHORITATIVE_BOUNDARY
1756,Baikunthpur,Gopalganj,Bihar,26.269115,84.771941,MoPR_LGD_and_ISRO_Bhuvan,LGD_2026_Bhuvan_2024,1756,MATCHED_AUTHORITATIVE_BOUNDARY
1757,Barauli,Gopalganj,Bihar,26.391221,84.594248,MoPR_LGD_and_ISRO_Bhuvan,LGD_2026_Bhuvan_2024,1757,MATCHED_AUTHORITATIVE_BOUNDARY
1758,Bhorey,Gopalganj,Bihar,26.445261,84.122153,MoPR_LGD_and_ISRO_Bhuvan,LGD_2026_Bhuvan_2024,1758,MATCHED_AUTHORITATIVE_BOUNDARY
1759,Bijaipur,Gopalganj,Bihar,26.468766,83.990789,MoPR_LGD_and_ISRO_Bhuvan,LGD_2026_Bhuvan_2024,1759,MATCHED_AUTHORITATIVE_BOUNDARY
1760,Gopalganj,Gopalganj,Bihar,26.532141,84.457178,MoPR_LGD_and_ISRO_Bhuvan,LGD_2026_Bhuvan_2024,1760,MATCHED_AUTHORITATIVE_BOUNDARY
1761,Hathua,Gopalganj,Bihar,26.362815,84.27435,MoPR_LGD_and_ISRO_Bhuvan,LGD_2026_Bhuvan_2024,1761,MATCHED_AUTHORITATIVE_BOUNDARY
1762,Kataiya,Gopalganj,Bihar,26.554201,84.089087,MoPR_LGD_and_ISRO_Bhuvan,LGD_2026_Bhuvan_2024,1762,MATCHED_AUTHORITATIVE_BOUNDARY
1763,Kuchaikote,Gopalganj,Bihar,26.556717,84.308082,MoPR_LGD_and_ISRO_Bhuvan,LGD_2026_Bhuvan_2024,1763,MATCHED_AUTHORITATIVE_BOUNDARY
1764,Manjha,Gopalganj,Bihar,26.414527,84.494467,MoPR_LGD_and_ISRO_Bhuvan,LGD_2026_Bhuvan_2024,1764,MATCHED_AUTHORITATIVE_BOUNDARY
1765,Panchdeori,Gopalganj,Bihar,26.558242,84.172931,MoPR_LGD_and_ISRO_Bhuvan,LGD_2026_Bhuvan_2024,1765,MATCHED_AUTHORITATIVE_BOUNDARY
1766,Phulwariya,Gopalganj,Bihar,26.450673,84.225183,MoPR_LGD_and_ISRO_Bhuvan,LGD_2026_Bhuvan_2024,1766,MATCHED_AUTHORITATIVE_BOUNDARY
1767,Sidhwaliya,Gopalganj,Bihar,26.35473,84.679902,MoPR_LGD_and_ISRO_Bhuvan,LGD_2026_Bhuvan_2024,1767,MATCHED_AUTHORITATIVE_BOUNDARY
1768,Thawe,Gopalganj,Bihar,26.418138,84.396265,MoPR_LGD_and_ISRO_Bhuvan,LGD_2026_Bhuvan_2024,1768,MATCHED_AUTHORITATIVE_BOUNDARY
1769,Uchkagaon,Gopalganj,Bihar,26.442364,84.326152,MoPR_LGD_and_ISRO_Bhuvan,LGD_2026_Bhuvan_2024,1769,MATCHED_AUTHORITATIVE_BOUNDARY
1770,Barhat,Jamui,Bihar,25.032326,86.316237,MoPR_LGD_and_ISRO_Bhuvan,LGD_2026_Bhuvan_2024,1770,MATCHED_AUTHORITATIVE_BOUNDARY
1771,Chakai,Jamui,Bihar,24.560025,86.408357,MoPR_LGD_and_ISRO_Bhuvan,LGD_2026_Bhuvan_2024,1771,MATCHED_AUTHORITATIVE_BOUNDARY
1772,Gidhor,Jamui,Bihar,24.874828,86.316482,MoPR_LGD_and_ISRO_Bhuvan,LGD_2026_Bhuvan_2024,1772,MATCHED_AUTHORITATIVE_BOUNDARY
1773,Islamnagar Aliganj,Jamui,Bihar,24.940399,85.916776,MoPR_LGD_and_ISRO_Bhuvan,LGD_2026_Bhuvan_2024,1773,MATCHED_AUTHORITATIVE_BOUNDARY
1774,Jamui,Jamui,Bihar,24.955978,86.19013,MoPR_LGD_and_ISRO_Bhuvan,LGD_2026_Bhuvan_2024,1774,MATCHED_AUTHORITATIVE_BOUNDARY
1775,Jhajha,Jamui,Bihar,24.792313,86.448755,MoPR_LGD_and_ISRO_Bhuvan,LGD_2026_Bhuvan_2024,1775,MATCHED_AUTHORITATIVE_BOUNDARY
1776,Khaira,Jamui,Bihar,24.818857,86.151788,MoPR_LGD_and_ISRO_Bhuvan,LGD_2026_Bhuvan_2024,1776,MATCHED_AUTHORITATIVE_BOUNDARY
1777,Laxmipur,Jamui,Bihar,24.965381,86.407773,MoPR_LGD_and_ISRO_Bhuvan,LGD_2026_Bhuvan_2024,1777,MATCHED_AUTHORITATIVE_BOUNDARY
1778,Sikandra,Jamui,Bihar,24.926007,86.057098,MoPR_LGD_and_ISRO_Bhuvan,LGD_2026_Bhuvan_2024,1778,MATCHED_AUTHORITATIVE_BOUNDARY
1779,Sono,Jamui,Bihar,24.695293,86.285885,MoPR_LGD_and_ISRO_Bhuvan,LGD_2026_Bhuvan_2024,1779,MATCHED_AUTHORITATIVE_BOUNDARY
1780,Ghoshi,Jehanabad,Bihar,25.14231,85.101511,MoPR_LGD_and_ISRO_Bhuvan,LGD_2026_Bhuvan_2024,1780,MATCHED_AUTHORITATIVE_BOUNDARY
1781,Hulasganj,Jehanabad,Bihar,25.095664,85.141484,MoPR_LGD_and_ISRO_Bhuvan,LGD_2026_Bhuvan_2024,1781,MATCHED_AUTHORITATIVE_BOUNDARY
1782,Jehanabad,Jehanabad,Bihar,25.223708,84.957613,MoPR_LGD_and_ISRO_Bhuvan,LGD_2026_Bhuvan_2024,1782,MATCHED_AUTHORITATIVE_BOUNDARY
1783,Kako,Jehanabad,Bihar,25.209068,85.045894,MoPR_LGD_and_ISRO_Bhuvan,LGD_2026_Bhuvan_2024,1783,MATCHED_AUTHORITATIVE_BOUNDARY
1784,Makhdumpur,Jehanabad,Bihar,25.072613,84.991909,MoPR_LGD_and_ISRO_Bhuvan,LGD_2026_Bhuvan_2024,1784,MATCHED_AUTHORITATIVE_BOUNDARY
1785,Modanganj,Jehanabad,Bihar,25.256582,85.139096,MoPR_LGD_and_ISRO_Bhuvan,LGD_2026_Bhuvan_2024,1785,MATCHED_AUTHORITATIVE_BOUNDARY
1786,Ratni Faridpur,Jehanabad,Bihar,25.161389,84.87761,MoPR_LGD_and_ISRO_Bhuvan,LGD_2026_Bhuvan_2024,1786,MATCHED_AUTHORITATIVE_BOUNDARY
1787,Adhaura,Kaimur (Bhabua),Bihar,24.719933,83.613529,MoPR_LGD_and_ISRO_Bhuvan,LGD_2026_Bhuvan_2024,1787,MATCHED_AUTHORITATIVE_BOUNDARY
1788,Bhabua,Kaimur (Bhabua),Bihar,25.071746,83.632742,MoPR_LGD_and_ISRO_Bhuvan,LGD_2026_Bhuvan_2024,1788,MATCHED_AUTHORITATIVE_BOUNDARY
1789,Bhagwanpur,Kaimur (Bhabua),Bihar,24.940455,83.58674,MoPR_LGD_and_ISRO_Bhuvan,LGD_2026_Bhuvan_2024,1789,MATCHED_AUTHORITATIVE_BOUNDARY
1790,Chainpur,Kaimur (Bhabua),Bihar,24.962612,83.450048,MoPR_LGD_and_ISRO_Bhuvan,LGD_2026_Bhuvan_2024,1790,MATCHED_AUTHORITATIVE_BOUNDARY
1791,Chand,Kaimur (Bhabua),Bihar,25.108799,83.401848,MoPR_LGD_and_ISRO_Bhuvan,LGD_2026_Bhuvan_2024,1791,MATCHED_AUTHORITATIVE_BOUNDARY
1792,Durgawati,Kaimur (Bhabua),Bihar,25.228969,83.49418,MoPR_LGD_and_ISRO_Bhuvan,LGD_2026_Bhuvan_2024,1792,MATCHED_AUTHORITATIVE_BOUNDARY
1793,Kudra,Kaimur (Bhabua),Bihar,25.111211,83.780244,MoPR_LGD_and_ISRO_Bhuvan,LGD_2026_Bhuvan_2024,1793,MATCHED_AUTHORITATIVE_BOUNDARY
1794,Mohania,Kaimur (Bhabua),Bihar,25.202656,83.66996,MoPR_LGD_and_ISRO_Bhuvan,LGD_2026_Bhuvan_2024,1794,MATCHED_AUTHORITATIVE_BOUNDARY
1795,Nuaon,Kaimur (Bhabua),Bihar,25.324651,83.789033,MoPR_LGD_and_ISRO_Bhuvan,LGD_2026_Bhuvan_2024,1795,MATCHED_AUTHORITATIVE_BOUNDARY
1796,Ramgarh,Kaimur (Bhabua),Bihar,25.2951,83.66883,MoPR_LGD_and_ISRO_Bhuvan,LGD_2026_Bhuvan_2024,1796,MATCHED_AUTHORITATIVE_BOUNDARY
1797,Rampur,Kaimur (Bhabua),Bihar,24.889424,83.732734,MoPR_LGD_and_ISRO_Bhuvan,LGD_2026_Bhuvan_2024,1797,MATCHED_AUTHORITATIVE_BOUNDARY
1798,Amdabad,Katihar,Bihar,25.31737,87.76535,MoPR_LGD_and_ISRO_Bhuvan,LGD_2026_Bhuvan_2024,1798,MATCHED_AUTHORITATIVE_BOUNDARY
1799,Azamnagar,Katihar,Bihar,25.546568,87.83286,MoPR_LGD_and_ISRO_Bhuvan,LGD_2026_Bhuvan_2024,1799,MATCHED_AUTHORITATIVE_BOUNDARY
1800,Balrampur,Katihar,Bihar,25.780955,87.890825,MoPR_LGD_and_ISRO_Bhuvan,LGD_2026_Bhuvan_2024,1800,MATCHED_AUTHORITATIVE_BOUNDARY
1801,Barari,Katihar,Bihar,25.462292,87.441767,MoPR_LGD_and_ISRO_Bhuvan,LGD_2026_Bhuvan_2024,1801,MATCHED_AUTHORITATIVE_BOUNDARY
1802,Barsoi,Katihar,Bihar,25.618432,87.972479,MoPR_LGD_and_ISRO_Bhuvan,LGD_2026_Bhuvan_2024,1802,MATCHED_AUTHORITATIVE_BOUNDARY
1803,Dandkhora,Katihar,Bihar,25.590252,87.666053,MoPR_LGD_and_ISRO_Bhuvan,LGD_2026_Bhuvan_2024,1803,MATCHED_AUTHORITATIVE_BOUNDARY
1804,Falka,Katihar,Bihar,25.631692,87.306547,MoPR_LGD_and_ISRO_Bhuvan,LGD_2026_Bhuvan_2024,1804,MATCHED_AUTHORITATIVE_BOUNDARY
1805,Hasanganj,Katihar,Bihar,25.651062,87.606882,MoPR_LGD_and_ISRO_Bhuvan,LGD_2026_Bhuvan_2024,1805,MATCHED_AUTHORITATIVE_BOUNDARY
1806,Kadwa,Katihar,Bihar,25.678212,87.770384,MoPR_LGD_and_ISRO_Bhuvan,LGD_2026_Bhuvan_2024,1806,MATCHED_AUTHORITATIVE_BOUNDARY
1807,Katihar,Katihar,Bihar,25.555496,87.584492,MoPR_LGD_and_ISRO_Bhuvan,LGD_2026_Bhuvan_2024,1807,MATCHED_AUTHORITATIVE_BOUNDARY
1808,Korha,Katihar,Bihar,25.60531,87.453372,MoPR_LGD_and_ISRO_Bhuvan,LGD_2026_Bhuvan_2024,1808,MATCHED_AUTHORITATIVE_BOUNDARY
1809,Kursela,Katihar,Bihar,25.431833,87.278956,MoPR_LGD_and_ISRO_Bhuvan,LGD_2026_Bhuvan_2024,1809,MATCHED_AUTHORITATIVE_BOUNDARY
1810,Manihari,Katihar,Bihar,25.379328,87.619146,MoPR_LGD_and_ISRO_Bhuvan,LGD_2026_Bhuvan_2024,1810,MATCHED_AUTHORITATIVE_BOUNDARY
1811,Mansahi,Katihar,Bihar,25.466961,87.592984,MoPR_LGD_and_ISRO_Bhuvan,LGD_2026_Bhuvan_2024,1811,MATCHED_AUTHORITATIVE_BOUNDARY
1812,Pranpur,Katihar,Bihar,25.4837,87.711778,MoPR_LGD_and_ISRO_Bhuvan,LGD_2026_Bhuvan_2024,1812,MATCHED_AUTHORITATIVE_BOUNDARY
1813,Sameli,Katihar,Bihar,25.520998,87.28131,MoPR_LGD_and_ISRO_Bhuvan,LGD_2026_Bhuvan_2024,1813,MATCHED_AUTHORITATIVE_BOUNDARY
1814,Alauli,Khagaria,Bihar,25.628825,86.396081,MoPR_LGD_and_ISRO_Bhuvan,LGD_2026_Bhuvan_2024,1814,MATCHED_AUTHORITATIVE_BOUNDARY
1815,Beldaur,Khagaria,Bihar,25.571415,86.767976,MoPR_LGD_and_ISRO_Bhuvan,LGD_2026_Bhuvan_2024,1815,MATCHED_AUTHORITATIVE_BOUNDARY
1816,Chautham,Khagaria,Bihar,25.555567,86.646825,MoPR_LGD_and_ISRO_Bhuvan,LGD_2026_Bhuvan_2024,1816,MATCHED_AUTHORITATIVE_BOUNDARY
1817,Gogri,Khagaria,Bihar,25.441436,86.698209,MoPR_LGD_and_ISRO_Bhuvan,LGD_2026_Bhuvan_2024,1817,MATCHED_AUTHORITATIVE_BOUNDARY
1818,Khagaria,Khagaria,Bihar,25.524592,86.437319,MoPR_LGD_and_ISRO_Bhuvan,LGD_2026_Bhuvan_2024,1818,MATCHED_AUTHORITATIVE_BOUNDARY
1819,Mansi,Khagaria,Bihar,25.539113,86.561716,MoPR_LGD_and_ISRO_Bhuvan,LGD_2026_Bhuvan_2024,1819,MATCHED_AUTHORITATIVE_BOUNDARY
1820,Parbatta,Khagaria,Bihar,25.336848,86.739804,MoPR_LGD_and_ISRO_Bhuvan,LGD_2026_Bhuvan_2024,1820,MATCHED_AUTHORITATIVE_BOUNDARY
1821,Bahadurganj,Kishanganj,Bihar,26.264386,87.831679,MoPR_LGD_and_ISRO_Bhuvan,LGD_2026_Bhuvan_2024,1821,MATCHED_AUTHORITATIVE_BOUNDARY
1822,Dighalbank,Kishanganj,Bihar,26.387887,87.850296,MoPR_LGD_and_ISRO_Bhuvan,LGD_2026_Bhuvan_2024,1822,MATCHED_AUTHORITATIVE_BOUNDARY
1823,Kishanganj,Kishanganj,Bihar,26.139244,87.954015,MoPR_LGD_and_ISRO_Bhuvan,LGD_2026_Bhuvan_2024,1823,MATCHED_AUTHORITATIVE_BOUNDARY
1824,Kochadhaman,Kishanganj,Bihar,26.161196,87.811903,MoPR_LGD_and_ISRO_Bhuvan,LGD_2026_Bhuvan_2024,1824,MATCHED_AUTHORITATIVE_BOUNDARY
1825,Pothia,Kishanganj,Bihar,26.310116,88.145079,MoPR_LGD_and_ISRO_Bhuvan,LGD_2026_Bhuvan_2024,1825,MATCHED_AUTHORITATIVE_BOUNDARY
1826,Terhagachh,Kishanganj,Bihar,26.345189,87.700765,MoPR_LGD_and_ISRO_Bhuvan,LGD_2026_Bhuvan_2024,1826,MATCHED_AUTHORITATIVE_BOUNDARY
1827,Thakurganj,Kishanganj,Bihar,26.389487,88.074695,MoPR_LGD_and_ISRO_Bhuvan,LGD_2026_Bhuvan_2024,1827,MATCHED_AUTHORITATIVE_BOUNDARY
1828,Barahiya,Lakhisarai,Bihar,25.264022,86.005642,MoPR_LGD_and_ISRO_Bhuvan,LGD_2026_Bhuvan_2024,1828,MATCHED_AUTHORITATIVE_BOUNDARY
1829,Channan,Lakhisarai,Bihar,25.082373,86.191708,MoPR_LGD_and_ISRO_Bhuvan,LGD_2026_Bhuvan_2024,1829,MATCHED_AUTHORITATIVE_BOUNDARY
1830,Halsi,Lakhisarai,Bihar,25.02901,86.047213,MoPR_LGD_and_ISRO_Bhuvan,LGD_2026_Bhuvan_2024,1830,MATCHED_AUTHORITATIVE_BOUNDARY
1831,Lakhisarai,Lakhisarai,Bihar,25.167383,86.062176,MoPR_LGD_and_ISRO_Bhuvan,LGD_2026_Bhuvan_2024,1831,MATCHED_AUTHORITATIVE_BOUNDARY
1832,Pipariya,Lakhisarai,Bihar,25.247206,86.145531,MoPR_LGD_and_ISRO_Bhuvan,LGD_2026_Bhuvan_2024,1832,MATCHED_AUTHORITATIVE_BOUNDARY
1833,Ramgarh Chowk,Lakhisarai,Bihar,25.093426,86.056979,MoPR_LGD_and_ISRO_Bhuvan,LGD_2026_Bhuvan_2024,1833,MATCHED_AUTHORITATIVE_BOUNDARY
1834,Surajgarha,Lakhisarai,Bihar,25.187861,86.2724,MoPR_LGD_and_ISRO_Bhuvan,LGD_2026_Bhuvan_2024,1834,MATCHED_AUTHORITATIVE_BOUNDARY
1835,Alamnagar,Madhepura,Bihar,25.546488,86.882827,MoPR_LGD_and_ISRO_Bhuvan,LGD_2026_Bhuvan_2024,1835,MATCHED_AUTHORITATIVE_BOUNDARY
1836,Bihariganj,Madhepura,Bihar,25.738884,86.987643,MoPR_LGD_and_ISRO_Bhuvan,LGD_2026_Bhuvan_2024,1836,MATCHED_AUTHORITATIVE_BOUNDARY
1837,Chausa,Madhepura,Bihar,25.514938,87.007999,MoPR_LGD_and_ISRO_Bhuvan,LGD_2026_Bhuvan_2024,1837,MATCHED_AUTHORITATIVE_BOUNDARY
1838,Gamhariya,Madhepura,Bihar,26.036866,86.743839,MoPR_LGD_and_ISRO_Bhuvan,LGD_2026_Bhuvan_2024,1838,MATCHED_AUTHORITATIVE_BOUNDARY
1839,Ghelarh,Madhepura,Bihar,25.961727,86.678146,MoPR_LGD_and_ISRO_Bhuvan,LGD_2026_Bhuvan_2024,1839,MATCHED_AUTHORITATIVE_BOUNDARY
1840,Gwalpara,Madhepura,Bihar,25.766559,86.899325,MoPR_LGD_and_ISRO_Bhuvan,LGD_2026_Bhuvan_2024,1840,MATCHED_AUTHORITATIVE_BOUNDARY
1841,Kumarkhand,Madhepura,Bihar,26.003758,86.995685,MoPR_LGD_and_ISRO_Bhuvan,LGD_2026_Bhuvan_2024,1841,MATCHED_AUTHORITATIVE_BOUNDARY
1842,Madhepura,Madhepura,Bihar,25.920716,86.801774,MoPR_LGD_and_ISRO_Bhuvan,LGD_2026_Bhuvan_2024,1842,MATCHED_AUTHORITATIVE_BOUNDARY
1843,Murliganj,Madhepura,Bihar,25.871252,86.9448,MoPR_LGD_and_ISRO_Bhuvan,LGD_2026_Bhuvan_2024,1843,MATCHED_AUTHORITATIVE_BOUNDARY
1844,Purani,Madhepura,Bihar,25.592837,86.982729,MoPR_LGD_and_ISRO_Bhuvan,LGD_2026_Bhuvan_2024,1844,MATCHED_AUTHORITATIVE_BOUNDARY
1845,Shankarpur,Madhepura,Bihar,26.045669,86.870431,MoPR_LGD_and_ISRO_Bhuvan,LGD_2026_Bhuvan_2024,1845,MATCHED_AUTHORITATIVE_BOUNDARY
1846,Singheshwar,Madhepura,Bihar,26.015607,86.80229,MoPR_LGD_and_ISRO_Bhuvan,LGD_2026_Bhuvan_2024,1846,MATCHED_AUTHORITATIVE_BOUNDARY
1847,Udakishunganj,Madhepura,Bihar,25.661127,86.922825,MoPR_LGD_and_ISRO_Bhuvan,LGD_2026_Bhuvan_2024,1847,MATCHED_AUTHORITATIVE_BOUNDARY
1848,Andhratharhi,Madhubani,Bihar,26.362157,86.302032,MoPR_LGD_and_ISRO_Bhuvan,LGD_2026_Bhuvan_2024,1848,MATCHED_AUTHORITATIVE_BOUNDARY
1849,Babu Barhi,Madhubani,Bihar,26.460851,86.304934,MoPR_LGD_and_ISRO_Bhuvan,LGD_2026_Bhuvan_2024,1849,MATCHED_AUTHORITATIVE_BOUNDARY
1850,Basopatti,Madhubani,Bihar,26.569745,86.031777,MoPR_LGD_and_ISRO_Bhuvan,LGD_2026_Bhuvan_2024,1850,MATCHED_AUTHORITATIVE_BOUNDARY
1851,Benipatti,Madhubani,Bihar,26.445327,85.912461,MoPR_LGD_and_ISRO_Bhuvan,LGD_2026_Bhuvan_2024,1851,MATCHED_AUTHORITATIVE_BOUNDARY
1852,Bisfi,Madhubani,Bihar,26.346815,85.902208,MoPR_LGD_and_ISRO_Bhuvan,LGD_2026_Bhuvan_2024,1852,MATCHED_AUTHORITATIVE_BOUNDARY
1853,Ghoghardiha,Madhubani,Bihar,26.290242,86.466365,MoPR_LGD_and_ISRO_Bhuvan,LGD_2026_Bhuvan_2024,1853,MATCHED_AUTHORITATIVE_BOUNDARY
1854,Harlakhi,Madhubani,Bihar,26.580475,85.951496,MoPR_LGD_and_ISRO_Bhuvan,LGD_2026_Bhuvan_2024,1854,MATCHED_AUTHORITATIVE_BOUNDARY
1855,Jainagar,Madhubani,Bihar,26.578905,86.135878,MoPR_LGD_and_ISRO_Bhuvan,LGD_2026_Bhuvan_2024,1855,MATCHED_AUTHORITATIVE_BOUNDARY
1856,Jhanjharpur,Madhubani,Bihar,26.28353,86.268177,MoPR_LGD_and_ISRO_Bhuvan,LGD_2026_Bhuvan_2024,1856,MATCHED_AUTHORITATIVE_BOUNDARY
1857,Kaluahi,Madhubani,Bihar,26.469895,86.074881,MoPR_LGD_and_ISRO_Bhuvan,LGD_2026_Bhuvan_2024,1857,MATCHED_AUTHORITATIVE_BOUNDARY
1858,Khajauli,Madhubani,Bihar,26.49237,86.16321,MoPR_LGD_and_ISRO_Bhuvan,LGD_2026_Bhuvan_2024,1858,MATCHED_AUTHORITATIVE_BOUNDARY
1859,Ladania,Madhubani,Bihar,26.560389,86.304197,MoPR_LGD_and_ISRO_Bhuvan,LGD_2026_Bhuvan_2024,1859,MATCHED_AUTHORITATIVE_BOUNDARY
1860,Lakhnaur,Madhubani,Bihar,26.22259,86.320234,MoPR_LGD_and_ISRO_Bhuvan,LGD_2026_Bhuvan_2024,1860,MATCHED_AUTHORITATIVE_BOUNDARY
1861,Laukaha (Khutauna),Madhubani,Bihar,26.500519,86.460344,MoPR_LGD_and_ISRO_Bhuvan,LGD_2026_Bhuvan_2024,1861,MATCHED_AUTHORITATIVE_BOUNDARY
1862,Laukahi,Madhubani,Bihar,26.412709,86.606207,MoPR_LGD_and_ISRO_Bhuvan,LGD_2026_Bhuvan_2024,1862,MATCHED_AUTHORITATIVE_BOUNDARY
1863,Madhepur,Madhubani,Bihar,26.14187,86.407473,MoPR_LGD_and_ISRO_Bhuvan,LGD_2026_Bhuvan_2024,1863,MATCHED_AUTHORITATIVE_BOUNDARY
1865,Madhwapur,Madhubani,Bihar,26.525367,85.837885,MoPR_LGD_and_ISRO_Bhuvan,LGD_2026_Bhuvan_2024,1865,MATCHED_AUTHORITATIVE_BOUNDARY
1866,Pandaul,Madhubani,Bihar,26.26709,86.122906,MoPR_LGD_and_ISRO_Bhuvan,LGD_2026_Bhuvan_2024,1866,MATCHED_AUTHORITATIVE_BOUNDARY
1867,Phulparas,Madhubani,Bihar,26.379702,86.448332,MoPR_LGD_and_ISRO_Bhuvan,LGD_2026_Bhuvan_2024,1867,MATCHED_AUTHORITATIVE_BOUNDARY
1864,Rahika,Madhubani,Bihar,26.332765,86.032224,MoPR_LGD_and_ISRO_Bhuvan,LGD_2026_Bhuvan_2024,1864,MATCHED_AUTHORITATIVE_BOUNDARY
1868,Rajnagar,Madhubani,Bihar,26.38212,86.156654,MoPR_LGD_and_ISRO_Bhuvan,LGD_2026_Bhuvan_2024,1868,MATCHED_AUTHORITATIVE_BOUNDARY
1869,Asarganj,Munger,Bihar,25.175248,86.666737,MoPR_LGD_and_ISRO_Bhuvan,LGD_2026_Bhuvan_2024,1869,MATCHED_AUTHORITATIVE_BOUNDARY
1870,Bariyarpur,Munger,Bihar,25.296305,86.615702,MoPR_LGD_and_ISRO_Bhuvan,LGD_2026_Bhuvan_2024,1870,MATCHED_AUTHORITATIVE_BOUNDARY
1871,Dharhara,Munger,Bihar,25.222734,86.447759,MoPR_LGD_and_ISRO_Bhuvan,LGD_2026_Bhuvan_2024,1871,MATCHED_AUTHORITATIVE_BOUNDARY
1872,Jamalpur,Munger,Bihar,25.322865,86.475846,MoPR_LGD_and_ISRO_Bhuvan,LGD_2026_Bhuvan_2024,1872,MATCHED_AUTHORITATIVE_BOUNDARY
1873,Kharagpur,Munger,Bihar,25.117739,86.516481,MoPR_LGD_and_ISRO_Bhuvan,LGD_2026_Bhuvan_2024,1873,MATCHED_AUTHORITATIVE_BOUNDARY
1874,Munger Sadar,Munger,Bihar,25.378234,86.485032,MoPR_LGD_and_ISRO_Bhuvan,LGD_2026_Bhuvan_2024,1874,MATCHED_AUTHORITATIVE_BOUNDARY
1875,Sangrampur,Munger,Bihar,24.999525,86.601467,MoPR_LGD_and_ISRO_Bhuvan,LGD_2026_Bhuvan_2024,1875,MATCHED_AUTHORITATIVE_BOUNDARY
1876,Tarapur,Munger,Bihar,25.105188,86.642536,MoPR_LGD_and_ISRO_Bhuvan,LGD_2026_Bhuvan_2024,1876,MATCHED_AUTHORITATIVE_BOUNDARY
1877,Tetiabambar,Munger,Bihar,25.052244,86.565713,MoPR_LGD_and_ISRO_Bhuvan,LGD_2026_Bhuvan_2024,1877,MATCHED_AUTHORITATIVE_BOUNDARY
1878,Aurai,Muzaffarpur,Bihar,26.309615,85.54278,MoPR_LGD_and_ISRO_Bhuvan,LGD_2026_Bhuvan_2024,1878,MATCHED_AUTHORITATIVE_BOUNDARY
1879,Bandra,Muzaffarpur,Bihar,26.052845,85.617032,MoPR_LGD_and_ISRO_Bhuvan,LGD_2026_Bhuvan_2024,1879,MATCHED_AUTHORITATIVE_BOUNDARY
1880,Bochahan,Muzaffarpur,Bihar,26.17967,85.488235,MoPR_LGD_and_ISRO_Bhuvan,LGD_2026_Bhuvan_2024,1880,MATCHED_AUTHORITATIVE_BOUNDARY
1881,Gaighat,Muzaffarpur,Bihar,26.137091,85.64118,MoPR_LGD_and_ISRO_Bhuvan,LGD_2026_Bhuvan_2024,1881,MATCHED_AUTHORITATIVE_BOUNDARY
1882,Kanti,Muzaffarpur,Bihar,26.175,85.262605,MoPR_LGD_and_ISRO_Bhuvan,LGD_2026_Bhuvan_2024,1882,MATCHED_AUTHORITATIVE_BOUNDARY
1883,Katra,Muzaffarpur,Bihar,26.241704,85.634853,MoPR_LGD_and_ISRO_Bhuvan,LGD_2026_Bhuvan_2024,1883,MATCHED_AUTHORITATIVE_BOUNDARY
1884,Kurhani,Muzaffarpur,Bihar,26.007358,85.35851,MoPR_LGD_and_ISRO_Bhuvan,LGD_2026_Bhuvan_2024,1884,MATCHED_AUTHORITATIVE_BOUNDARY
1885,Marwan,Muzaffarpur,Bihar,26.11441,85.243717,MoPR_LGD_and_ISRO_Bhuvan,LGD_2026_Bhuvan_2024,1885,MATCHED_AUTHORITATIVE_BOUNDARY
1886,Minapur,Muzaffarpur,Bihar,26.278347,85.320914,MoPR_LGD_and_ISRO_Bhuvan,LGD_2026_Bhuvan_2024,1886,MATCHED_AUTHORITATIVE_BOUNDARY
1887,Motipur,Muzaffarpur,Bihar,26.249827,85.113661,MoPR_LGD_and_ISRO_Bhuvan,LGD_2026_Bhuvan_2024,1887,MATCHED_AUTHORITATIVE_BOUNDARY
1888,Muraul,Muzaffarpur,Bihar,26.015998,85.560547,MoPR_LGD_and_ISRO_Bhuvan,LGD_2026_Bhuvan_2024,1888,MATCHED_AUTHORITATIVE_BOUNDARY
1889,Mushahari,Muzaffarpur,Bihar,26.126782,85.390796,MoPR_LGD_and_ISRO_Bhuvan,LGD_2026_Bhuvan_2024,1889,MATCHED_AUTHORITATIVE_BOUNDARY
1890,Paroo,Muzaffarpur,Bihar,26.107523,85.019588,MoPR_LGD_and_ISRO_Bhuvan,LGD_2026_Bhuvan_2024,1890,MATCHED_AUTHORITATIVE_BOUNDARY
1891,Sahebganj,Muzaffarpur,Bihar,26.260761,84.954772,MoPR_LGD_and_ISRO_Bhuvan,LGD_2026_Bhuvan_2024,1891,MATCHED_AUTHORITATIVE_BOUNDARY
1892,Sakra,Muzaffarpur,Bihar,25.964219,85.521156,MoPR_LGD_and_ISRO_Bhuvan,LGD_2026_Bhuvan_2024,1892,MATCHED_AUTHORITATIVE_BOUNDARY
1893,Saraiya,Muzaffarpur,Bihar,26.053818,85.147806,MoPR_LGD_and_ISRO_Bhuvan,LGD_2026_Bhuvan_2024,1893,MATCHED_AUTHORITATIVE_BOUNDARY
1894,Asthawan,Nalanda,Bihar,25.202965,85.656245,MoPR_LGD_and_ISRO_Bhuvan,LGD_2026_Bhuvan_2024,1894,MATCHED_AUTHORITATIVE_BOUNDARY
1895,Ben,Nalanda,Bihar,25.147339,85.37264,MoPR_LGD_and_ISRO_Bhuvan,LGD_2026_Bhuvan_2024,1895,MATCHED_AUTHORITATIVE_BOUNDARY
1896,Biharsharif,Nalanda,Bihar,25.166125,85.548378,MoPR_LGD_and_ISRO_Bhuvan,LGD_2026_Bhuvan_2024,1896,MATCHED_AUTHORITATIVE_BOUNDARY
1897,Bind,Nalanda,Bihar,25.303662,85.681755,MoPR_LGD_and_ISRO_Bhuvan,LGD_2026_Bhuvan_2024,1897,MATCHED_AUTHORITATIVE_BOUNDARY
1898,Chandi,Nalanda,Bihar,25.341471,85.444446,MoPR_LGD_and_ISRO_Bhuvan,LGD_2026_Bhuvan_2024,1898,MATCHED_AUTHORITATIVE_BOUNDARY
1899,Ekangarsarai,Nalanda,Bihar,25.223262,85.228507,MoPR_LGD_and_ISRO_Bhuvan,LGD_2026_Bhuvan_2024,1899,MATCHED_AUTHORITATIVE_BOUNDARY
1900,Giriak,Nalanda,Bihar,25.056775,85.540653,MoPR_LGD_and_ISRO_Bhuvan,LGD_2026_Bhuvan_2024,1900,MATCHED_AUTHORITATIVE_BOUNDARY
1901,Harnaut,Nalanda,Bihar,25.383525,85.52527,MoPR_LGD_and_ISRO_Bhuvan,LGD_2026_Bhuvan_2024,1901,MATCHED_AUTHORITATIVE_BOUNDARY
1902,Hilsa,Nalanda,Bihar,25.305176,85.265493,MoPR_LGD_and_ISRO_Bhuvan,LGD_2026_Bhuvan_2024,1902,MATCHED_AUTHORITATIVE_BOUNDARY
1903,Islampur,Nalanda,Bihar,25.111836,85.249343,MoPR_LGD_and_ISRO_Bhuvan,LGD_2026_Bhuvan_2024,1903,MATCHED_AUTHORITATIVE_BOUNDARY
1904,Karai Parsurai,Nalanda,Bihar,25.37848,85.232692,MoPR_LGD_and_ISRO_Bhuvan,LGD_2026_Bhuvan_2024,1904,MATCHED_AUTHORITATIVE_BOUNDARY
1905,Katrisarai,Nalanda,Bihar,25.068693,85.607928,MoPR_LGD_and_ISRO_Bhuvan,LGD_2026_Bhuvan_2024,1905,MATCHED_AUTHORITATIVE_BOUNDARY
1906,Nagar Nausa,Nalanda,Bihar,25.37361,85.352209,MoPR_LGD_and_ISRO_Bhuvan,LGD_2026_Bhuvan_2024,1906,MATCHED_AUTHORITATIVE_BOUNDARY
1907,Noorsarai,Nalanda,Bihar,25.234851,85.454521,MoPR_LGD_and_ISRO_Bhuvan,LGD_2026_Bhuvan_2024,1907,MATCHED_AUTHORITATIVE_BOUNDARY
1908,Parbalpur,Nalanda,Bihar,25.220899,85.340533,MoPR_LGD_and_ISRO_Bhuvan,LGD_2026_Bhuvan_2024,1908,MATCHED_AUTHORITATIVE_BOUNDARY
1909,Rahui,Nalanda,Bihar,25.279228,85.56434,MoPR_LGD_and_ISRO_Bhuvan,LGD_2026_Bhuvan_2024,1909,MATCHED_AUTHORITATIVE_BOUNDARY
1910,Rajgir,Nalanda,Bihar,25.033663,85.381468,MoPR_LGD_and_ISRO_Bhuvan,LGD_2026_Bhuvan_2024,1910,MATCHED_AUTHORITATIVE_BOUNDARY
1911,Sarmera,Nalanda,Bihar,25.268291,85.812401,MoPR_LGD_and_ISRO_Bhuvan,LGD_2026_Bhuvan_2024,1911,MATCHED_AUTHORITATIVE_BOUNDARY
1912,Silao,Nalanda,Bihar,25.090386,85.464994,MoPR_LGD_and_ISRO_Bhuvan,LGD_2026_Bhuvan_2024,1912,MATCHED_AUTHORITATIVE_BOUNDARY
1913,Tharthari,Nalanda,Bihar,25.285546,85.375098,MoPR_LGD_and_ISRO_Bhuvan,LGD_2026_Bhuvan_2024,1913,MATCHED_AUTHORITATIVE_BOUNDARY
1914,Akbarpur,Nawada,Bihar,24.788047,85.543418,MoPR_LGD_and_ISRO_Bhuvan,LGD_2026_Bhuvan_2024,1914,MATCHED_AUTHORITATIVE_BOUNDARY
1915,Gobindpur,Nawada,Bihar,24.751815,85.652745,MoPR_LGD_and_ISRO_Bhuvan,LGD_2026_Bhuvan_2024,1915,MATCHED_AUTHORITATIVE_BOUNDARY
1916,Hisua,Nawada,Bihar,24.852388,85.394017,MoPR_LGD_and_ISRO_Bhuvan,LGD_2026_Bhuvan_2024,1916,MATCHED_AUTHORITATIVE_BOUNDARY
1917,Kashichak,Nawada,Bihar,25.065235,85.719914,MoPR_LGD_and_ISRO_Bhuvan,LGD_2026_Bhuvan_2024,1917,MATCHED_AUTHORITATIVE_BOUNDARY
1918,Kawakole,Nawada,Bihar,24.826913,85.900333,MoPR_LGD_and_ISRO_Bhuvan,LGD_2026_Bhuvan_2024,1918,MATCHED_AUTHORITATIVE_BOUNDARY
1919,Mescaur,Nawada,Bihar,24.76334,85.349226,MoPR_LGD_and_ISRO_Bhuvan,LGD_2026_Bhuvan_2024,1919,MATCHED_AUTHORITATIVE_BOUNDARY
1920,Nardiganj,Nawada,Bihar,24.939511,85.434256,MoPR_LGD_and_ISRO_Bhuvan,LGD_2026_Bhuvan_2024,1920,MATCHED_AUTHORITATIVE_BOUNDARY
1921,Narhat,Nawada,Bihar,24.791616,85.438604,MoPR_LGD_and_ISRO_Bhuvan,LGD_2026_Bhuvan_2024,1921,MATCHED_AUTHORITATIVE_BOUNDARY
1922,Nawada,Nawada,Bihar,24.924958,85.544113,MoPR_LGD_and_ISRO_Bhuvan,LGD_2026_Bhuvan_2024,1922,MATCHED_AUTHORITATIVE_BOUNDARY
1923,Pakri Barawan,Nawada,Bihar,24.94506,85.754024,MoPR_LGD_and_ISRO_Bhuvan,LGD_2026_Bhuvan_2024,1923,MATCHED_AUTHORITATIVE_BOUNDARY
1924,Rajauli,Nawada,Bihar,24.625397,85.535963,MoPR_LGD_and_ISRO_Bhuvan,LGD_2026_Bhuvan_2024,1924,MATCHED_AUTHORITATIVE_BOUNDARY
1925,Roh,Nawada,Bihar,24.855325,85.681679,MoPR_LGD_and_ISRO_Bhuvan,LGD_2026_Bhuvan_2024,1925,MATCHED_AUTHORITATIVE_BOUNDARY
1926,Sirdala,Nawada,Bihar,24.647077,85.38734,MoPR_LGD_and_ISRO_Bhuvan,LGD_2026_Bhuvan_2024,1926,MATCHED_AUTHORITATIVE_BOUNDARY
1927,Warisaliganj,Nawada,Bihar,24.999831,85.632982,MoPR_LGD_and_ISRO_Bhuvan,LGD_2026_Bhuvan_2024,1927,MATCHED_AUTHORITATIVE_BOUNDARY
1928,Bagaha-I,Pashchim Champaran,Bihar,27.068586,84.215502,MoPR_LGD_and_ISRO_Bhuvan,LGD_2026_Bhuvan_2024,1928,MATCHED_AUTHORITATIVE_BOUNDARY
1929,Bagaha-Ii,Pashchim Champaran,Bihar,27.292624,84.044905,MoPR_LGD_and_ISRO_Bhuvan,LGD_2026_Bhuvan_2024,1929,MATCHED_AUTHORITATIVE_BOUNDARY
1930,Bairia,Pashchim Champaran,Bihar,26.748722,84.411128,MoPR_LGD_and_ISRO_Bhuvan,LGD_2026_Bhuvan_2024,1930,MATCHED_AUTHORITATIVE_BOUNDARY
1931,Bettiah,Pashchim Champaran,Bihar,26.790364,84.553481,MoPR_LGD_and_ISRO_Bhuvan,LGD_2026_Bhuvan_2024,1931,MATCHED_AUTHORITATIVE_BOUNDARY
1932,Bhitaha,Pashchim Champaran,Bihar,26.910951,84.190871,MoPR_LGD_and_ISRO_Bhuvan,LGD_2026_Bhuvan_2024,1932,MATCHED_AUTHORITATIVE_BOUNDARY
1933,Chanpatia,Pashchim Champaran,Bihar,26.896814,84.513025,MoPR_LGD_and_ISRO_Bhuvan,LGD_2026_Bhuvan_2024,1933,MATCHED_AUTHORITATIVE_BOUNDARY
1934,Gaunaha,Pashchim Champaran,Bihar,27.277556,84.478288,MoPR_LGD_and_ISRO_Bhuvan,LGD_2026_Bhuvan_2024,1934,MATCHED_AUTHORITATIVE_BOUNDARY
1935,Jogapatti,Pashchim Champaran,Bihar,26.900352,84.356887,MoPR_LGD_and_ISRO_Bhuvan,LGD_2026_Bhuvan_2024,1935,MATCHED_AUTHORITATIVE_BOUNDARY
1936,Lauriya,Pashchim Champaran,Bihar,27.003349,84.425825,MoPR_LGD_and_ISRO_Bhuvan,LGD_2026_Bhuvan_2024,1936,MATCHED_AUTHORITATIVE_BOUNDARY
1937,Madhubani,Pashchim Champaran,Bihar,26.961619,84.12088,MoPR_LGD_and_ISRO_Bhuvan,LGD_2026_Bhuvan_2024,1937,MATCHED_AUTHORITATIVE_BOUNDARY
1938,Mainatand,Pashchim Champaran,Bihar,27.161265,84.626616,MoPR_LGD_and_ISRO_Bhuvan,LGD_2026_Bhuvan_2024,1938,MATCHED_AUTHORITATIVE_BOUNDARY
1939,Majhaulia,Pashchim Champaran,Bihar,26.793908,84.64584,MoPR_LGD_and_ISRO_Bhuvan,LGD_2026_Bhuvan_2024,1939,MATCHED_AUTHORITATIVE_BOUNDARY
1940,Narkatiaganj,Pashchim Champaran,Bihar,27.100987,84.480767,MoPR_LGD_and_ISRO_Bhuvan,LGD_2026_Bhuvan_2024,1940,MATCHED_AUTHORITATIVE_BOUNDARY
1941,Nautan,Pashchim Champaran,Bihar,26.686428,84.505415,MoPR_LGD_and_ISRO_Bhuvan,LGD_2026_Bhuvan_2024,1941,MATCHED_AUTHORITATIVE_BOUNDARY
1942,Piprasi,Pashchim Champaran,Bihar,27.074223,84.039384,MoPR_LGD_and_ISRO_Bhuvan,LGD_2026_Bhuvan_2024,1942,MATCHED_AUTHORITATIVE_BOUNDARY
1943,Ramnagar,Pashchim Champaran,Bihar,27.30945,84.247481,MoPR_LGD_and_ISRO_Bhuvan,LGD_2026_Bhuvan_2024,1943,MATCHED_AUTHORITATIVE_BOUNDARY
1944,Sikta,Pashchim Champaran,Bihar,26.973904,84.65664,MoPR_LGD_and_ISRO_Bhuvan,LGD_2026_Bhuvan_2024,1944,MATCHED_AUTHORITATIVE_BOUNDARY
1945,Thakrahan,Pashchim Champaran,Bihar,26.811856,84.291847,MoPR_LGD_and_ISRO_Bhuvan,LGD_2026_Bhuvan_2024,1945,MATCHED_AUTHORITATIVE_BOUNDARY
1946,Athamalgola,Patna,Bihar,25.449044,85.601472,MoPR_LGD_and_ISRO_Bhuvan,LGD_2026_Bhuvan_2024,1946,MATCHED_AUTHORITATIVE_BOUNDARY
1947,Bakhtiarpur,Patna,Bihar,25.457466,85.506474,MoPR_LGD_and_ISRO_Bhuvan,LGD_2026_Bhuvan_2024,1947,MATCHED_AUTHORITATIVE_BOUNDARY
1948,Barh,Patna,Bihar,25.443649,85.702986,MoPR_LGD_and_ISRO_Bhuvan,LGD_2026_Bhuvan_2024,1948,MATCHED_AUTHORITATIVE_BOUNDARY
1949,Belchchi,Patna,Bihar,25.368473,85.674846,MoPR_LGD_and_ISRO_Bhuvan,LGD_2026_Bhuvan_2024,1949,MATCHED_AUTHORITATIVE_BOUNDARY
1950,Bihta,Patna,Bihar,25.560826,84.86513,MoPR_LGD_and_ISRO_Bhuvan,LGD_2026_Bhuvan_2024,1950,MATCHED_AUTHORITATIVE_BOUNDARY
1951,Bikram,Patna,Bihar,25.449831,84.844593,MoPR_LGD_and_ISRO_Bhuvan,LGD_2026_Bhuvan_2024,1951,MATCHED_AUTHORITATIVE_BOUNDARY
1952,Daniyawan,Patna,Bihar,25.43081,85.28943,MoPR_LGD_and_ISRO_Bhuvan,LGD_2026_Bhuvan_2024,1952,MATCHED_AUTHORITATIVE_BOUNDARY
1953,Dhanarua,Patna,Bihar,25.364019,85.118622,MoPR_LGD_and_ISRO_Bhuvan,LGD_2026_Bhuvan_2024,1953,MATCHED_AUTHORITATIVE_BOUNDARY
1954,Dinapur,Patna,Bihar,25.654028,85.036707,MoPR_LGD_and_ISRO_Bhuvan,LGD_2026_Bhuvan_2024,1954,MATCHED_AUTHORITATIVE_BOUNDARY
1955,Dulhin Bazar,Patna,Bihar,25.372991,84.849974,MoPR_LGD_and_ISRO_Bhuvan,LGD_2026_Bhuvan_2024,1955,MATCHED_AUTHORITATIVE_BOUNDARY
1956,Fatuha,Patna,Bihar,25.478244,85.250788,MoPR_LGD_and_ISRO_Bhuvan,LGD_2026_Bhuvan_2024,1956,MATCHED_AUTHORITATIVE_BOUNDARY
1957,Ghoswari,Patna,Bihar,25.33628,85.871854,MoPR_LGD_and_ISRO_Bhuvan,LGD_2026_Bhuvan_2024,1957,MATCHED_AUTHORITATIVE_BOUNDARY
1958,Khusrupur,Patna,Bihar,25.462917,85.364295,MoPR_LGD_and_ISRO_Bhuvan,LGD_2026_Bhuvan_2024,1958,MATCHED_AUTHORITATIVE_BOUNDARY
1959,Maner,Patna,Bihar,25.659982,84.92042,MoPR_LGD_and_ISRO_Bhuvan,LGD_2026_Bhuvan_2024,1959,MATCHED_AUTHORITATIVE_BOUNDARY
1960,Masaurhi,Patna,Bihar,25.351751,84.994958,MoPR_LGD_and_ISRO_Bhuvan,LGD_2026_Bhuvan_2024,1960,MATCHED_AUTHORITATIVE_BOUNDARY
1961,Mokama,Patna,Bihar,25.392404,85.930506,MoPR_LGD_and_ISRO_Bhuvan,LGD_2026_Bhuvan_2024,1961,MATCHED_AUTHORITATIVE_BOUNDARY
1962,Naubatpur,Patna,Bihar,25.484982,84.95353,MoPR_LGD_and_ISRO_Bhuvan,LGD_2026_Bhuvan_2024,1962,MATCHED_AUTHORITATIVE_BOUNDARY
1963,Paliganj,Patna,Bihar,25.294563,84.804557,MoPR_LGD_and_ISRO_Bhuvan,LGD_2026_Bhuvan_2024,1963,MATCHED_AUTHORITATIVE_BOUNDARY
1964,Pandarak,Patna,Bihar,25.438894,85.785046,MoPR_LGD_and_ISRO_Bhuvan,LGD_2026_Bhuvan_2024,1964,MATCHED_AUTHORITATIVE_BOUNDARY
1965,Patna Sadar,Patna,Bihar,25.586254,85.172935,MoPR_LGD_and_ISRO_Bhuvan,LGD_2026_Bhuvan_2024,1965,MATCHED_AUTHORITATIVE_BOUNDARY
7568,Patna Sadar - Didarganj,Patna,Bihar,,,MoPR_LGD_and_ISRO_Bhuvan,LGD_2026_Bhuvan_2024,7568,PENDING_OFFICIAL_BOUNDARY_MATCH
7566,Patna Sadar - Patliputra,Patna,Bihar,,,MoPR_LGD_and_ISRO_Bhuvan,LGD_2026_Bhuvan_2024,7566,PENDING_OFFICIAL_BOUNDARY_MATCH
7567,Patna Sadar - Patna City,Patna,Bihar,,,MoPR_LGD_and_ISRO_Bhuvan,LGD_2026_Bhuvan_2024,7567,PENDING_OFFICIAL_BOUNDARY_MATCH
1966,Phulwari,Patna,Bihar,25.541506,85.061129,MoPR_LGD_and_ISRO_Bhuvan,LGD_2026_Bhuvan_2024,1966,MATCHED_AUTHORITATIVE_BOUNDARY
1967,Punpun,Patna,Bihar,25.463496,85.098644,MoPR_LGD_and_ISRO_Bhuvan,LGD_2026_Bhuvan_2024,1967,MATCHED_AUTHORITATIVE_BOUNDARY
1968,Sampatchak,Patna,Bihar,25.531368,85.162328,MoPR_LGD_and_ISRO_Bhuvan,LGD_2026_Bhuvan_2024,1968,MATCHED_AUTHORITATIVE_BOUNDARY
1969,Adapur,Purbi Champaran,Bihar,26.90386,84.921982,MoPR_LGD_and_ISRO_Bhuvan,LGD_2026_Bhuvan_2024,1969,MATCHED_AUTHORITATIVE_BOUNDARY
1970,Areraj,Purbi Champaran,Bihar,26.52668,84.598649,MoPR_LGD_and_ISRO_Bhuvan,LGD_2026_Bhuvan_2024,1970,MATCHED_AUTHORITATIVE_BOUNDARY
1971,Banjariya,Purbi Champaran,Bihar,26.731192,84.872464,MoPR_LGD_and_ISRO_Bhuvan,LGD_2026_Bhuvan_2024,1971,MATCHED_AUTHORITATIVE_BOUNDARY
1972,Bankatwa,Purbi Champaran,Bihar,26.802387,85.039238,MoPR_LGD_and_ISRO_Bhuvan,LGD_2026_Bhuvan_2024,1972,MATCHED_AUTHORITATIVE_BOUNDARY
1973,Chakia (Pipra),Purbi Champaran,Bihar,26.477338,84.994325,MoPR_LGD_and_ISRO_Bhuvan,LGD_2026_Bhuvan_2024,1973,MATCHED_AUTHORITATIVE_BOUNDARY
1974,Chawradano,Purbi Champaran,Bihar,26.823189,84.966016,MoPR_LGD_and_ISRO_Bhuvan,LGD_2026_Bhuvan_2024,1974,MATCHED_AUTHORITATIVE_BOUNDARY
1975,Chiraiya,Purbi Champaran,Bihar,26.684443,85.077044,MoPR_LGD_and_ISRO_Bhuvan,LGD_2026_Bhuvan_2024,1975,MATCHED_AUTHORITATIVE_BOUNDARY
1976,Dhaka,Purbi Champaran,Bihar,26.699673,85.201123,MoPR_LGD_and_ISRO_Bhuvan,LGD_2026_Bhuvan_2024,1976,MATCHED_AUTHORITATIVE_BOUNDARY
1977,Ghorasahan,Purbi Champaran,Bihar,26.805679,85.133155,MoPR_LGD_and_ISRO_Bhuvan,LGD_2026_Bhuvan_2024,1977,MATCHED_AUTHORITATIVE_BOUNDARY
1978,Harsidhi,Purbi Champaran,Bihar,26.614749,84.721994,MoPR_LGD_and_ISRO_Bhuvan,LGD_2026_Bhuvan_2024,1978,MATCHED_AUTHORITATIVE_BOUNDARY
1979,Kalyanpur,Purbi Champaran,Bihar,26.39553,84.948733,MoPR_LGD_and_ISRO_Bhuvan,LGD_2026_Bhuvan_2024,1979,MATCHED_AUTHORITATIVE_BOUNDARY
1980,Kesaria,Purbi Champaran,Bihar,26.357446,84.827538,MoPR_LGD_and_ISRO_Bhuvan,LGD_2026_Bhuvan_2024,1980,MATCHED_AUTHORITATIVE_BOUNDARY
1981,Kotwa,Purbi Champaran,Bihar,26.504486,84.833188,MoPR_LGD_and_ISRO_Bhuvan,LGD_2026_Bhuvan_2024,1981,MATCHED_AUTHORITATIVE_BOUNDARY
1982,Madhuban,Purbi Champaran,Bihar,26.446631,85.123643,MoPR_LGD_and_ISRO_Bhuvan,LGD_2026_Bhuvan_2024,1982,MATCHED_AUTHORITATIVE_BOUNDARY
1983,Mehsi,Purbi Champaran,Bihar,26.342871,85.158016,MoPR_LGD_and_ISRO_Bhuvan,LGD_2026_Bhuvan_2024,1983,MATCHED_AUTHORITATIVE_BOUNDARY
1984,Motihari,Purbi Champaran,Bihar,26.650707,84.967548,MoPR_LGD_and_ISRO_Bhuvan,LGD_2026_Bhuvan_2024,1984,MATCHED_AUTHORITATIVE_BOUNDARY
1985,Paharpur,Purbi Champaran,Bihar,26.628627,84.60586,MoPR_LGD_and_ISRO_Bhuvan,LGD_2026_Bhuvan_2024,1985,MATCHED_AUTHORITATIVE_BOUNDARY
1986,Pakridayal,Purbi Champaran,Bihar,26.549223,85.08679,MoPR_LGD_and_ISRO_Bhuvan,LGD_2026_Bhuvan_2024,1986,MATCHED_AUTHORITATIVE_BOUNDARY
1987,Patahi,Purbi Champaran,Bihar,26.585626,85.18841,MoPR_LGD_and_ISRO_Bhuvan,LGD_2026_Bhuvan_2024,1987,MATCHED_AUTHORITATIVE_BOUNDARY
1988,Phenhara,Purbi Champaran,Bihar,26.513366,85.178809,MoPR_LGD_and_ISRO_Bhuvan,LGD_2026_Bhuvan_2024,1988,MATCHED_AUTHORITATIVE_BOUNDARY
1989,Pipra Kothi,Purbi Champaran,Bihar,26.565002,84.918604,MoPR_LGD_and_ISRO_Bhuvan,LGD_2026_Bhuvan_2024,1989,MATCHED_AUTHORITATIVE_BOUNDARY
1990,Ramgarhwa,Purbi Champaran,Bihar,26.876497,84.784271,MoPR_LGD_and_ISRO_Bhuvan,LGD_2026_Bhuvan_2024,1990,MATCHED_AUTHORITATIVE_BOUNDARY
1991,Raxaul,Purbi Champaran,Bihar,26.960391,84.79038,MoPR_LGD_and_ISRO_Bhuvan,LGD_2026_Bhuvan_2024,1991,MATCHED_AUTHORITATIVE_BOUNDARY
1992,Sangrampur,Purbi Champaran,Bihar,26.467434,84.729817,MoPR_LGD_and_ISRO_Bhuvan,LGD_2026_Bhuvan_2024,1992,MATCHED_AUTHORITATIVE_BOUNDARY
1993,Sugauli,Purbi Champaran,Bihar,26.756696,84.773881,MoPR_LGD_and_ISRO_Bhuvan,LGD_2026_Bhuvan_2024,1993,MATCHED_AUTHORITATIVE_BOUNDARY
1994,Tetariya,Purbi Champaran,Bihar,26.389651,85.208241,MoPR_LGD_and_ISRO_Bhuvan,LGD_2026_Bhuvan_2024,1994,MATCHED_AUTHORITATIVE_BOUNDARY
1995,Turkaulia,Purbi Champaran,Bihar,26.624287,84.831773,MoPR_LGD_and_ISRO_Bhuvan,LGD_2026_Bhuvan_2024,1995,MATCHED_AUTHORITATIVE_BOUNDARY
1996,Amour,Purnia,Bihar,25.972631,87.689542,MoPR_LGD_and_ISRO_Bhuvan,LGD_2026_Bhuvan_2024,1996,MATCHED_AUTHORITATIVE_BOUNDARY
1997,Baisa,Purnia,Bihar,26.041874,87.778274,MoPR_LGD_and_ISRO_Bhuvan,LGD_2026_Bhuvan_2024,1997,MATCHED_AUTHORITATIVE_BOUNDARY
1998,Baisi,Purnia,Bihar,25.846114,87.758121,MoPR_LGD_and_ISRO_Bhuvan,LGD_2026_Bhuvan_2024,1998,MATCHED_AUTHORITATIVE_BOUNDARY
1999,Banmankhi,Purnia,Bihar,25.902622,87.162677,MoPR_LGD_and_ISRO_Bhuvan,LGD_2026_Bhuvan_2024,1999,MATCHED_AUTHORITATIVE_BOUNDARY
2000,Barhara,Purnia,Bihar,25.768782,87.089108,MoPR_LGD_and_ISRO_Bhuvan,LGD_2026_Bhuvan_2024,2000,MATCHED_AUTHORITATIVE_BOUNDARY
2001,Bhawanipur,Purnia,Bihar,25.620893,87.13026,MoPR_LGD_and_ISRO_Bhuvan,LGD_2026_Bhuvan_2024,2001,MATCHED_AUTHORITATIVE_BOUNDARY
2002,Dagraua,Purnia,Bihar,25.802377,87.647455,MoPR_LGD_and_ISRO_Bhuvan,LGD_2026_Bhuvan_2024,2002,MATCHED_AUTHORITATIVE_BOUNDARY
2003,Dhamdaha,Purnia,Bihar,25.744471,87.227639,MoPR_LGD_and_ISRO_Bhuvan,LGD_2026_Bhuvan_2024,2003,MATCHED_AUTHORITATIVE_BOUNDARY
2004,Jalalgarh,Purnia,Bihar,25.952308,87.520188,MoPR_LGD_and_ISRO_Bhuvan,LGD_2026_Bhuvan_2024,2004,MATCHED_AUTHORITATIVE_BOUNDARY
2005,Kasba,Purnia,Bihar,25.880392,87.535578,MoPR_LGD_and_ISRO_Bhuvan,LGD_2026_Bhuvan_2024,2005,MATCHED_AUTHORITATIVE_BOUNDARY
2006,Krityanand Nagar,Purnia,Bihar,25.797957,87.381386,MoPR_LGD_and_ISRO_Bhuvan,LGD_2026_Bhuvan_2024,2006,MATCHED_AUTHORITATIVE_BOUNDARY
2007,Purnia East,Purnia,Bihar,25.736435,87.529248,MoPR_LGD_and_ISRO_Bhuvan,LGD_2026_Bhuvan_2024,2007,MATCHED_AUTHORITATIVE_BOUNDARY
2008,Rupouli,Purnia,Bihar,25.52336,87.154943,MoPR_LGD_and_ISRO_Bhuvan,LGD_2026_Bhuvan_2024,2008,MATCHED_AUTHORITATIVE_BOUNDARY
2009,Srinagar,Purnia,Bihar,25.914875,87.397928,MoPR_LGD_and_ISRO_Bhuvan,LGD_2026_Bhuvan_2024,2009,MATCHED_AUTHORITATIVE_BOUNDARY
2010,Akorhigola,Rohtas,Bihar,25.000917,84.195023,MoPR_LGD_and_ISRO_Bhuvan,LGD_2026_Bhuvan_2024,2010,MATCHED_AUTHORITATIVE_BOUNDARY
2011,Bikramganj,Rohtas,Bihar,25.220289,84.248347,MoPR_LGD_and_ISRO_Bhuvan,LGD_2026_Bhuvan_2024,2011,MATCHED_AUTHORITATIVE_BOUNDARY
2012,Chenari,Rohtas,Bihar,24.879475,83.810212,MoPR_LGD_and_ISRO_Bhuvan,LGD_2026_Bhuvan_2024,2012,MATCHED_AUTHORITATIVE_BOUNDARY
2013,Dawath,Rohtas,Bihar,25.324259,84.231965,MoPR_LGD_and_ISRO_Bhuvan,LGD_2026_Bhuvan_2024,2013,MATCHED_AUTHORITATIVE_BOUNDARY
2014,Dehri,Rohtas,Bihar,24.921192,84.177249,MoPR_LGD_and_ISRO_Bhuvan,LGD_2026_Bhuvan_2024,2014,MATCHED_AUTHORITATIVE_BOUNDARY
2015,Dinara,Rohtas,Bihar,25.254296,84.073358,MoPR_LGD_and_ISRO_Bhuvan,LGD_2026_Bhuvan_2024,2015,MATCHED_AUTHORITATIVE_BOUNDARY
2016,Karakat,Rohtas,Bihar,25.146326,84.329943,MoPR_LGD_and_ISRO_Bhuvan,LGD_2026_Bhuvan_2024,2016,MATCHED_AUTHORITATIVE_BOUNDARY
2017,Kargahar,Rohtas,Bihar,25.105241,83.93196,MoPR_LGD_and_ISRO_Bhuvan,LGD_2026_Bhuvan_2024,2017,MATCHED_AUTHORITATIVE_BOUNDARY
2018,Kochas,Rohtas,Bihar,25.205699,83.905664,MoPR_LGD_and_ISRO_Bhuvan,LGD_2026_Bhuvan_2024,2018,MATCHED_AUTHORITATIVE_BOUNDARY
2019,Nasriganj,Rohtas,Bihar,25.071117,84.374566,MoPR_LGD_and_ISRO_Bhuvan,LGD_2026_Bhuvan_2024,2019,MATCHED_AUTHORITATIVE_BOUNDARY
2020,Nawhatta,Rohtas,Bihar,24.597408,83.779548,MoPR_LGD_and_ISRO_Bhuvan,LGD_2026_Bhuvan_2024,2020,MATCHED_AUTHORITATIVE_BOUNDARY
2021,Nokha,Rohtas,Bihar,25.079712,84.092248,MoPR_LGD_and_ISRO_Bhuvan,LGD_2026_Bhuvan_2024,2021,MATCHED_AUTHORITATIVE_BOUNDARY
2022,Rajpur,Rohtas,Bihar,25.077829,84.206755,MoPR_LGD_and_ISRO_Bhuvan,LGD_2026_Bhuvan_2024,2022,MATCHED_AUTHORITATIVE_BOUNDARY
2023,Rohtas,Rohtas,Bihar,24.682481,83.931098,MoPR_LGD_and_ISRO_Bhuvan,LGD_2026_Bhuvan_2024,2023,MATCHED_AUTHORITATIVE_BOUNDARY
2024,Sanjhouli,Rohtas,Bihar,25.153262,84.17745,MoPR_LGD_and_ISRO_Bhuvan,LGD_2026_Bhuvan_2024,2024,MATCHED_AUTHORITATIVE_BOUNDARY
2025,Sasaram,Rohtas,Bihar,24.919216,84.026552,MoPR_LGD_and_ISRO_Bhuvan,LGD_2026_Bhuvan_2024,2025,MATCHED_AUTHORITATIVE_BOUNDARY
2026,Sheosagar,Rohtas,Bihar,24.902358,83.904207,MoPR_LGD_and_ISRO_Bhuvan,LGD_2026_Bhuvan_2024,2026,MATCHED_AUTHORITATIVE_BOUNDARY
2027,Surajpura,Rohtas,Bihar,25.27705,84.235788,MoPR_LGD_and_ISRO_Bhuvan,LGD_2026_Bhuvan_2024,2027,MATCHED_AUTHORITATIVE_BOUNDARY
2028,Tilouthu,Rohtas,Bihar,24.807227,84.053335,MoPR_LGD_and_ISRO_Bhuvan,LGD_2026_Bhuvan_2024,2028,MATCHED_AUTHORITATIVE_BOUNDARY
2029,Banma Itahari,Saharsa,Bihar,25.676252,86.663984,MoPR_LGD_and_ISRO_Bhuvan,LGD_2026_Bhuvan_2024,2029,MATCHED_AUTHORITATIVE_BOUNDARY
2030,Kahara,Saharsa,Bihar,25.858446,86.565187,MoPR_LGD_and_ISRO_Bhuvan,LGD_2026_Bhuvan_2024,2030,MATCHED_AUTHORITATIVE_BOUNDARY
2031,Mahishi,Saharsa,Bihar,25.860307,86.424732,MoPR_LGD_and_ISRO_Bhuvan,LGD_2026_Bhuvan_2024,2031,MATCHED_AUTHORITATIVE_BOUNDARY
2032,Nauhatta,Saharsa,Bihar,25.993135,86.451379,MoPR_LGD_and_ISRO_Bhuvan,LGD_2026_Bhuvan_2024,2032,MATCHED_AUTHORITATIVE_BOUNDARY
2033,Patarghat,Saharsa,Bihar,25.813026,86.798218,MoPR_LGD_and_ISRO_Bhuvan,LGD_2026_Bhuvan_2024,2033,MATCHED_AUTHORITATIVE_BOUNDARY
2034,Salkhua,Saharsa,Bihar,25.667167,86.547752,MoPR_LGD_and_ISRO_Bhuvan,LGD_2026_Bhuvan_2024,2034,MATCHED_AUTHORITATIVE_BOUNDARY
2035,Sattar Kattaiya,Saharsa,Bihar,25.957868,86.574261,MoPR_LGD_and_ISRO_Bhuvan,LGD_2026_Bhuvan_2024,2035,MATCHED_AUTHORITATIVE_BOUNDARY
2036,Simri Bakhtiarpur,Saharsa,Bihar,25.754386,86.536051,MoPR_LGD_and_ISRO_Bhuvan,LGD_2026_Bhuvan_2024,2036,MATCHED_AUTHORITATIVE_BOUNDARY
2037,Sonbarsa,Saharsa,Bihar,25.711757,86.774418,MoPR_LGD_and_ISRO_Bhuvan,LGD_2026_Bhuvan_2024,2037,MATCHED_AUTHORITATIVE_BOUNDARY
2038,Sour Bazar,Saharsa,Bihar,25.834577,86.676787,MoPR_LGD_and_ISRO_Bhuvan,LGD_2026_Bhuvan_2024,2038,MATCHED_AUTHORITATIVE_BOUNDARY
2039,Bibhutipur,Samastipur,Bihar,25.700976,85.949688,MoPR_LGD_and_ISRO_Bhuvan,LGD_2026_Bhuvan_2024,2039,MATCHED_AUTHORITATIVE_BOUNDARY
2040,Bithan,Samastipur,Bihar,25.703798,86.301463,MoPR_LGD_and_ISRO_Bhuvan,LGD_2026_Bhuvan_2024,2040,MATCHED_AUTHORITATIVE_BOUNDARY
2041,Dalsinghsarai,Samastipur,Bihar,25.670642,85.826248,MoPR_LGD_and_ISRO_Bhuvan,LGD_2026_Bhuvan_2024,2041,MATCHED_AUTHORITATIVE_BOUNDARY
2042,Hasanpur,Samastipur,Bihar,25.733961,86.185579,MoPR_LGD_and_ISRO_Bhuvan,LGD_2026_Bhuvan_2024,2042,MATCHED_AUTHORITATIVE_BOUNDARY
2043,Kalyanpur,Samastipur,Bihar,25.98487,85.770059,MoPR_LGD_and_ISRO_Bhuvan,LGD_2026_Bhuvan_2024,2043,MATCHED_AUTHORITATIVE_BOUNDARY
2044,Khanpur,Samastipur,Bihar,25.852381,85.943246,MoPR_LGD_and_ISRO_Bhuvan,LGD_2026_Bhuvan_2024,2044,MATCHED_AUTHORITATIVE_BOUNDARY
2045,Mohanpur,Samastipur,Bihar,25.528888,85.601088,MoPR_LGD_and_ISRO_Bhuvan,LGD_2026_Bhuvan_2024,2045,MATCHED_AUTHORITATIVE_BOUNDARY
2046,Mohiuddinagar,Samastipur,Bihar,25.572329,85.693105,MoPR_LGD_and_ISRO_Bhuvan,LGD_2026_Bhuvan_2024,2046,MATCHED_AUTHORITATIVE_BOUNDARY
2047,Morwa,Samastipur,Bihar,25.74351,85.640231,MoPR_LGD_and_ISRO_Bhuvan,LGD_2026_Bhuvan_2024,2047,MATCHED_AUTHORITATIVE_BOUNDARY
2048,Patori,Samastipur,Bihar,25.626702,85.601051,MoPR_LGD_and_ISRO_Bhuvan,LGD_2026_Bhuvan_2024,2048,MATCHED_AUTHORITATIVE_BOUNDARY
2049,Pusa,Samastipur,Bihar,25.936071,85.670417,MoPR_LGD_and_ISRO_Bhuvan,LGD_2026_Bhuvan_2024,2049,MATCHED_AUTHORITATIVE_BOUNDARY
2050,Rosera,Samastipur,Bihar,25.78318,86.043862,MoPR_LGD_and_ISRO_Bhuvan,LGD_2026_Bhuvan_2024,2050,MATCHED_AUTHORITATIVE_BOUNDARY
2051,Samastipur,Samastipur,Bihar,25.867875,85.771789,MoPR_LGD_and_ISRO_Bhuvan,LGD_2026_Bhuvan_2024,2051,MATCHED_AUTHORITATIVE_BOUNDARY
2052,Sarairanjan,Samastipur,Bihar,25.743277,85.716324,MoPR_LGD_and_ISRO_Bhuvan,LGD_2026_Bhuvan_2024,2052,MATCHED_AUTHORITATIVE_BOUNDARY
2053,Shivaji Nagar,Samastipur,Bihar,25.881163,86.04013,MoPR_LGD_and_ISRO_Bhuvan,LGD_2026_Bhuvan_2024,2053,MATCHED_AUTHORITATIVE_BOUNDARY
2054,Singhia,Samastipur,Bihar,25.83964,86.176214,MoPR_LGD_and_ISRO_Bhuvan,LGD_2026_Bhuvan_2024,2054,MATCHED_AUTHORITATIVE_BOUNDARY
2055,Tajpur,Samastipur,Bihar,25.855029,85.658993,MoPR_LGD_and_ISRO_Bhuvan,LGD_2026_Bhuvan_2024,2055,MATCHED_AUTHORITATIVE_BOUNDARY
2056,Ujiarpur,Samastipur,Bihar,25.767829,85.832575,MoPR_LGD_and_ISRO_Bhuvan,LGD_2026_Bhuvan_2024,2056,MATCHED_AUTHORITATIVE_BOUNDARY
2057,Vidyapati Nagar,Samastipur,Bihar,25.619527,85.774439,MoPR_LGD_and_ISRO_Bhuvan,LGD_2026_Bhuvan_2024,2057,MATCHED_AUTHORITATIVE_BOUNDARY
2058,Warisnagar,Samastipur,Bihar,25.920936,85.873777,MoPR_LGD_and_ISRO_Bhuvan,LGD_2026_Bhuvan_2024,2058,MATCHED_AUTHORITATIVE_BOUNDARY
2059,Amnour,Saran,Bihar,25.924206,84.916116,MoPR_LGD_and_ISRO_Bhuvan,LGD_2026_Bhuvan_2024,2059,MATCHED_AUTHORITATIVE_BOUNDARY
2060,Baniapur,Saran,Bihar,26.00108,84.701512,MoPR_LGD_and_ISRO_Bhuvan,LGD_2026_Bhuvan_2024,2060,MATCHED_AUTHORITATIVE_BOUNDARY
2061,Chhapra,Saran,Bihar,25.764416,84.784285,MoPR_LGD_and_ISRO_Bhuvan,LGD_2026_Bhuvan_2024,2061,MATCHED_AUTHORITATIVE_BOUNDARY
2062,Dariapur,Saran,Bihar,25.823017,85.050106,MoPR_LGD_and_ISRO_Bhuvan,LGD_2026_Bhuvan_2024,2062,MATCHED_AUTHORITATIVE_BOUNDARY
2063,Dighwara,Saran,Bihar,25.744419,84.989198,MoPR_LGD_and_ISRO_Bhuvan,LGD_2026_Bhuvan_2024,2063,MATCHED_AUTHORITATIVE_BOUNDARY
2064,Ekma,Saran,Bihar,25.993896,84.528647,MoPR_LGD_and_ISRO_Bhuvan,LGD_2026_Bhuvan_2024,2064,MATCHED_AUTHORITATIVE_BOUNDARY
2065,Garkha,Saran,Bihar,25.806092,84.874817,MoPR_LGD_and_ISRO_Bhuvan,LGD_2026_Bhuvan_2024,2065,MATCHED_AUTHORITATIVE_BOUNDARY
2066,Isuapur,Saran,Bihar,26.032363,84.818345,MoPR_LGD_and_ISRO_Bhuvan,LGD_2026_Bhuvan_2024,2066,MATCHED_AUTHORITATIVE_BOUNDARY
2067,Jalalpur,Saran,Bihar,25.889462,84.670178,MoPR_LGD_and_ISRO_Bhuvan,LGD_2026_Bhuvan_2024,2067,MATCHED_AUTHORITATIVE_BOUNDARY
2068,Lahladpur,Saran,Bihar,26.042573,84.623672,MoPR_LGD_and_ISRO_Bhuvan,LGD_2026_Bhuvan_2024,2068,MATCHED_AUTHORITATIVE_BOUNDARY
2069,Maker,Saran,Bihar,25.961948,85.020562,MoPR_LGD_and_ISRO_Bhuvan,LGD_2026_Bhuvan_2024,2069,MATCHED_AUTHORITATIVE_BOUNDARY
2070,Manjhi,Saran,Bihar,25.905921,84.544125,MoPR_LGD_and_ISRO_Bhuvan,LGD_2026_Bhuvan_2024,2070,MATCHED_AUTHORITATIVE_BOUNDARY
2071,Marhaurah,Saran,Bihar,25.937004,84.822428,MoPR_LGD_and_ISRO_Bhuvan,LGD_2026_Bhuvan_2024,2071,MATCHED_AUTHORITATIVE_BOUNDARY
2072,Mashrakh,Saran,Bihar,26.119497,84.775277,MoPR_LGD_and_ISRO_Bhuvan,LGD_2026_Bhuvan_2024,2072,MATCHED_AUTHORITATIVE_BOUNDARY
2073,Nagra,Saran,Bihar,25.879448,84.763016,MoPR_LGD_and_ISRO_Bhuvan,LGD_2026_Bhuvan_2024,2073,MATCHED_AUTHORITATIVE_BOUNDARY
2074,Panapur,Saran,Bihar,26.146117,84.87166,MoPR_LGD_and_ISRO_Bhuvan,LGD_2026_Bhuvan_2024,2074,MATCHED_AUTHORITATIVE_BOUNDARY
2075,Parsa,Saran,Bihar,25.897219,85.021811,MoPR_LGD_and_ISRO_Bhuvan,LGD_2026_Bhuvan_2024,2075,MATCHED_AUTHORITATIVE_BOUNDARY
2076,Revelganj,Saran,Bihar,25.76947,84.66978,MoPR_LGD_and_ISRO_Bhuvan,LGD_2026_Bhuvan_2024,2076,MATCHED_AUTHORITATIVE_BOUNDARY
2077,Sonepur,Saran,Bihar,25.708956,85.132794,MoPR_LGD_and_ISRO_Bhuvan,LGD_2026_Bhuvan_2024,2077,MATCHED_AUTHORITATIVE_BOUNDARY
2078,Taraiya,Saran,Bihar,26.042052,84.897766,MoPR_LGD_and_ISRO_Bhuvan,LGD_2026_Bhuvan_2024,2078,MATCHED_AUTHORITATIVE_BOUNDARY
2079,Ariari,Sheikhpura,Bihar,25.053855,85.819936,MoPR_LGD_and_ISRO_Bhuvan,LGD_2026_Bhuvan_2024,2079,MATCHED_AUTHORITATIVE_BOUNDARY
2080,Barbigha,Sheikhpura,Bihar,25.211444,85.751233,MoPR_LGD_and_ISRO_Bhuvan,LGD_2026_Bhuvan_2024,2080,MATCHED_AUTHORITATIVE_BOUNDARY
2081,Chewara,Sheikhpura,Bihar,25.049399,85.920859,MoPR_LGD_and_ISRO_Bhuvan,LGD_2026_Bhuvan_2024,2081,MATCHED_AUTHORITATIVE_BOUNDARY
2082,Ghatkusumbha,Sheikhpura,Bihar,25.198536,85.926379,MoPR_LGD_and_ISRO_Bhuvan,LGD_2026_Bhuvan_2024,2082,MATCHED_AUTHORITATIVE_BOUNDARY
2084,Sheikhpura,Sheikhpura,Bihar,25.14721,85.85005,MoPR_LGD_and_ISRO_Bhuvan,LGD_2026_Bhuvan_2024,2084,MATCHED_AUTHORITATIVE_BOUNDARY
2083,Shekhopur Sarai,Sheikhpura,Bihar,25.129938,85.693398,MoPR_LGD_and_ISRO_Bhuvan,LGD_2026_Bhuvan_2024,2083,MATCHED_AUTHORITATIVE_BOUNDARY
2085,Dumari Katsari,Sheohar,Bihar,26.466372,85.233495,MoPR_LGD_and_ISRO_Bhuvan,LGD_2026_Bhuvan_2024,2085,MATCHED_AUTHORITATIVE_BOUNDARY
2086,Piprahi,Sheohar,Bihar,26.554616,85.325851,MoPR_LGD_and_ISRO_Bhuvan,LGD_2026_Bhuvan_2024,2086,MATCHED_AUTHORITATIVE_BOUNDARY
2087,Purnahiya,Sheohar,Bihar,26.618874,85.321443,MoPR_LGD_and_ISRO_Bhuvan,LGD_2026_Bhuvan_2024,2087,MATCHED_AUTHORITATIVE_BOUNDARY
2088,Sheohar,Sheohar,Bihar,26.516756,85.284404,MoPR_LGD_and_ISRO_Bhuvan,LGD_2026_Bhuvan_2024,2088,MATCHED_AUTHORITATIVE_BOUNDARY
2089,Tariyani,Sheohar,Bihar,26.409369,85.323582,MoPR_LGD_and_ISRO_Bhuvan,LGD_2026_Bhuvan_2024,2089,MATCHED_AUTHORITATIVE_BOUNDARY
2090,Bairgania,Sitamarhi,Bihar,26.705332,85.288829,MoPR_LGD_and_ISRO_Bhuvan,LGD_2026_Bhuvan_2024,2090,MATCHED_AUTHORITATIVE_BOUNDARY
2091,Bajpatti,Sitamarhi,Bihar,26.543226,85.635459,MoPR_LGD_and_ISRO_Bhuvan,LGD_2026_Bhuvan_2024,2091,MATCHED_AUTHORITATIVE_BOUNDARY
2092,Bathanaha,Sitamarhi,Bihar,26.680717,85.53135,MoPR_LGD_and_ISRO_Bhuvan,LGD_2026_Bhuvan_2024,2092,MATCHED_AUTHORITATIVE_BOUNDARY
2093,Belsand,Sitamarhi,Bihar,26.432654,85.403859,MoPR_LGD_and_ISRO_Bhuvan,LGD_2026_Bhuvan_2024,2093,MATCHED_AUTHORITATIVE_BOUNDARY
2094,Bokhra,Sitamarhi,Bihar,26.354061,85.664038,MoPR_LGD_and_ISRO_Bhuvan,LGD_2026_Bhuvan_2024,2094,MATCHED_AUTHORITATIVE_BOUNDARY
2095,Choraut,Sitamarhi,Bihar,26.534727,85.777357,MoPR_LGD_and_ISRO_Bhuvan,LGD_2026_Bhuvan_2024,2095,MATCHED_AUTHORITATIVE_BOUNDARY
2096,Dumra,Sitamarhi,Bihar,26.55389,85.511568,MoPR_LGD_and_ISRO_Bhuvan,LGD_2026_Bhuvan_2024,2096,MATCHED_AUTHORITATIVE_BOUNDARY
2097,Majorganj,Sitamarhi,Bihar,26.746893,85.410241,MoPR_LGD_and_ISRO_Bhuvan,LGD_2026_Bhuvan_2024,2097,MATCHED_AUTHORITATIVE_BOUNDARY
2098,Nanpur,Sitamarhi,Bihar,26.427512,85.636719,MoPR_LGD_and_ISRO_Bhuvan,LGD_2026_Bhuvan_2024,2098,MATCHED_AUTHORITATIVE_BOUNDARY
2099,Parihar,Sitamarhi,Bihar,26.742323,85.67356,MoPR_LGD_and_ISRO_Bhuvan,LGD_2026_Bhuvan_2024,2099,MATCHED_AUTHORITATIVE_BOUNDARY
2100,Parsauni,Sitamarhi,Bihar,26.50952,85.414799,MoPR_LGD_and_ISRO_Bhuvan,LGD_2026_Bhuvan_2024,2100,MATCHED_AUTHORITATIVE_BOUNDARY
2101,Pupri,Sitamarhi,Bihar,26.491111,85.714096,MoPR_LGD_and_ISRO_Bhuvan,LGD_2026_Bhuvan_2024,2101,MATCHED_AUTHORITATIVE_BOUNDARY
2102,Riga,Sitamarhi,Bihar,26.620303,85.428831,MoPR_LGD_and_ISRO_Bhuvan,LGD_2026_Bhuvan_2024,2102,MATCHED_AUTHORITATIVE_BOUNDARY
2103,Runnisaidpur,Sitamarhi,Bihar,26.397907,85.479552,MoPR_LGD_and_ISRO_Bhuvan,LGD_2026_Bhuvan_2024,2103,MATCHED_AUTHORITATIVE_BOUNDARY
2104,Sonbarsa,Sitamarhi,Bihar,26.791553,85.566032,MoPR_LGD_and_ISRO_Bhuvan,LGD_2026_Bhuvan_2024,2104,MATCHED_AUTHORITATIVE_BOUNDARY
2105,Suppi,Sitamarhi,Bihar,26.682596,85.363076,MoPR_LGD_and_ISRO_Bhuvan,LGD_2026_Bhuvan_2024,2105,MATCHED_AUTHORITATIVE_BOUNDARY
2106,Sursand,Sitamarhi,Bihar,26.615855,85.70462,MoPR_LGD_and_ISRO_Bhuvan,LGD_2026_Bhuvan_2024,2106,MATCHED_AUTHORITATIVE_BOUNDARY
2107,Andar,Siwan,Bihar,26.083156,84.231979,MoPR_LGD_and_ISRO_Bhuvan,LGD_2026_Bhuvan_2024,2107,MATCHED_AUTHORITATIVE_BOUNDARY
2108,Barharia,Siwan,Bihar,26.305119,84.458634,MoPR_LGD_and_ISRO_Bhuvan,LGD_2026_Bhuvan_2024,2108,MATCHED_AUTHORITATIVE_BOUNDARY
2109,Basantpur,Siwan,Bihar,26.188713,84.659531,MoPR_LGD_and_ISRO_Bhuvan,LGD_2026_Bhuvan_2024,2109,MATCHED_AUTHORITATIVE_BOUNDARY
2110,Bhagwanpur Hat,Siwan,Bihar,26.125976,84.654205,MoPR_LGD_and_ISRO_Bhuvan,LGD_2026_Bhuvan_2024,2110,MATCHED_AUTHORITATIVE_BOUNDARY
2111,Darauli,Siwan,Bihar,26.119807,84.14193,MoPR_LGD_and_ISRO_Bhuvan,LGD_2026_Bhuvan_2024,2111,MATCHED_AUTHORITATIVE_BOUNDARY
2112,Daraundha,Siwan,Bihar,26.084913,84.486753,MoPR_LGD_and_ISRO_Bhuvan,LGD_2026_Bhuvan_2024,2112,MATCHED_AUTHORITATIVE_BOUNDARY
2113,Goriakothi,Siwan,Bihar,26.238929,84.566457,MoPR_LGD_and_ISRO_Bhuvan,LGD_2026_Bhuvan_2024,2113,MATCHED_AUTHORITATIVE_BOUNDARY
2114,Guthani,Siwan,Bihar,26.1895,84.070191,MoPR_LGD_and_ISRO_Bhuvan,LGD_2026_Bhuvan_2024,2114,MATCHED_AUTHORITATIVE_BOUNDARY
2115,Hasan Pura,Siwan,Bihar,26.084732,84.380285,MoPR_LGD_and_ISRO_Bhuvan,LGD_2026_Bhuvan_2024,2115,MATCHED_AUTHORITATIVE_BOUNDARY
2116,Hussainganj,Siwan,Bihar,26.166564,84.341577,MoPR_LGD_and_ISRO_Bhuvan,LGD_2026_Bhuvan_2024,2116,MATCHED_AUTHORITATIVE_BOUNDARY
2117,Lakri Nabiganj,Siwan,Bihar,26.233813,84.683945,MoPR_LGD_and_ISRO_Bhuvan,LGD_2026_Bhuvan_2024,2117,MATCHED_AUTHORITATIVE_BOUNDARY
2118,Maharajganj,Siwan,Bihar,26.130617,84.526256,MoPR_LGD_and_ISRO_Bhuvan,LGD_2026_Bhuvan_2024,2118,MATCHED_AUTHORITATIVE_BOUNDARY
2119,Mairwa,Siwan,Bihar,26.23824,84.175943,MoPR_LGD_and_ISRO_Bhuvan,LGD_2026_Bhuvan_2024,2119,MATCHED_AUTHORITATIVE_BOUNDARY
2120,Nautan,Siwan,Bihar,26.311798,84.219338,MoPR_LGD_and_ISRO_Bhuvan,LGD_2026_Bhuvan_2024,2120,MATCHED_AUTHORITATIVE_BOUNDARY
2121,Pachrukhi,Siwan,Bihar,26.206927,84.421907,MoPR_LGD_and_ISRO_Bhuvan,LGD_2026_Bhuvan_2024,2121,MATCHED_AUTHORITATIVE_BOUNDARY
2122,Raghunathpur,Siwan,Bihar,26.014622,84.287877,MoPR_LGD_and_ISRO_Bhuvan,LGD_2026_Bhuvan_2024,2122,MATCHED_AUTHORITATIVE_BOUNDARY
2123,Siswan,Siwan,Bihar,25.981161,84.396732,MoPR_LGD_and_ISRO_Bhuvan,LGD_2026_Bhuvan_2024,2123,MATCHED_AUTHORITATIVE_BOUNDARY
2124,Siwan,Siwan,Bihar,26.262373,84.327219,MoPR_LGD_and_ISRO_Bhuvan,LGD_2026_Bhuvan_2024,2124,MATCHED_AUTHORITATIVE_BOUNDARY
2125,Ziradei,Siwan,Bihar,26.1898,84.246374,MoPR_LGD_and_ISRO_Bhuvan,LGD_2026_Bhuvan_2024,2125,MATCHED_AUTHORITATIVE_BOUNDARY
2126,Basantpur,Supaul,Bihar,26.4604,86.974043,MoPR_LGD_and_ISRO_Bhuvan,LGD_2026_Bhuvan_2024,2126,MATCHED_AUTHORITATIVE_BOUNDARY
2127,Chhatapur,Supaul,Bihar,26.250975,87.031405,MoPR_LGD_and_ISRO_Bhuvan,LGD_2026_Bhuvan_2024,2127,MATCHED_AUTHORITATIVE_BOUNDARY
2128,Kishanpur,Supaul,Bihar,26.223263,86.656678,MoPR_LGD_and_ISRO_Bhuvan,LGD_2026_Bhuvan_2024,2128,MATCHED_AUTHORITATIVE_BOUNDARY
2129,Marauna,Supaul,Bihar,26.220938,86.522346,MoPR_LGD_and_ISRO_Bhuvan,LGD_2026_Bhuvan_2024,2129,MATCHED_AUTHORITATIVE_BOUNDARY
2130,Nirmali,Supaul,Bihar,26.374627,86.708796,MoPR_LGD_and_ISRO_Bhuvan,LGD_2026_Bhuvan_2024,2130,MATCHED_AUTHORITATIVE_BOUNDARY
2131,Pipra,Supaul,Bihar,26.157819,86.749392,MoPR_LGD_and_ISRO_Bhuvan,LGD_2026_Bhuvan_2024,2131,MATCHED_AUTHORITATIVE_BOUNDARY
2132,Pratapganj,Supaul,Bihar,26.299518,86.941313,MoPR_LGD_and_ISRO_Bhuvan,LGD_2026_Bhuvan_2024,2132,MATCHED_AUTHORITATIVE_BOUNDARY
2133,Raghopur,Supaul,Bihar,26.320951,86.872937,MoPR_LGD_and_ISRO_Bhuvan,LGD_2026_Bhuvan_2024,2133,MATCHED_AUTHORITATIVE_BOUNDARY
2134,Saraigarh Bhaptiyahi,Supaul,Bihar,26.321124,86.757342,MoPR_LGD_and_ISRO_Bhuvan,LGD_2026_Bhuvan_2024,2134,MATCHED_AUTHORITATIVE_BOUNDARY
2135,Supaul,Supaul,Bihar,26.081956,86.583949,MoPR_LGD_and_ISRO_Bhuvan,LGD_2026_Bhuvan_2024,2135,MATCHED_AUTHORITATIVE_BOUNDARY
2136,Tribeniganj,Supaul,Bihar,26.139956,86.937518,MoPR_LGD_and_ISRO_Bhuvan,LGD_2026_Bhuvan_2024,2136,MATCHED_AUTHORITATIVE_BOUNDARY
2137,Bhagwanpur,Vaishali,Bihar,25.844654,85.287728,MoPR_LGD_and_ISRO_Bhuvan,LGD_2026_Bhuvan_2024,2137,MATCHED_AUTHORITATIVE_BOUNDARY
2138,Bidupur,Vaishali,Bihar,25.643127,85.345565,MoPR_LGD_and_ISRO_Bhuvan,LGD_2026_Bhuvan_2024,2138,MATCHED_AUTHORITATIVE_BOUNDARY
2139,Chehrakala,Vaishali,Bihar,25.895324,85.421523,MoPR_LGD_and_ISRO_Bhuvan,LGD_2026_Bhuvan_2024,2139,MATCHED_AUTHORITATIVE_BOUNDARY
2140,Desri,Vaishali,Bihar,25.638708,85.413475,MoPR_LGD_and_ISRO_Bhuvan,LGD_2026_Bhuvan_2024,2140,MATCHED_AUTHORITATIVE_BOUNDARY
2141,Garaul,Vaishali,Bihar,25.885226,85.338896,MoPR_LGD_and_ISRO_Bhuvan,LGD_2026_Bhuvan_2024,2141,MATCHED_AUTHORITATIVE_BOUNDARY
2142,Hajipur,Vaishali,Bihar,25.722916,85.243337,MoPR_LGD_and_ISRO_Bhuvan,LGD_2026_Bhuvan_2024,2142,MATCHED_AUTHORITATIVE_BOUNDARY
2143,Jandaha,Vaishali,Bihar,25.732542,85.505751,MoPR_LGD_and_ISRO_Bhuvan,LGD_2026_Bhuvan_2024,2143,MATCHED_AUTHORITATIVE_BOUNDARY
2144,Lalganj,Vaishali,Bihar,25.856656,85.195346,MoPR_LGD_and_ISRO_Bhuvan,LGD_2026_Bhuvan_2024,2144,MATCHED_AUTHORITATIVE_BOUNDARY
2145,Mahnar,Vaishali,Bihar,25.624093,85.52169,MoPR_LGD_and_ISRO_Bhuvan,LGD_2026_Bhuvan_2024,2145,MATCHED_AUTHORITATIVE_BOUNDARY
2146,Mahua,Vaishali,Bihar,25.80326,85.414313,MoPR_LGD_and_ISRO_Bhuvan,LGD_2026_Bhuvan_2024,2146,MATCHED_AUTHORITATIVE_BOUNDARY
2147,Patedhi Belsar,Vaishali,Bihar,25.972206,85.243964,MoPR_LGD_and_ISRO_Bhuvan,LGD_2026_Bhuvan_2024,2147,MATCHED_AUTHORITATIVE_BOUNDARY
2148,Patepur,Vaishali,Bihar,25.845433,85.548356,MoPR_LGD_and_ISRO_Bhuvan,LGD_2026_Bhuvan_2024,2148,MATCHED_AUTHORITATIVE_BOUNDARY
2149,Raghopur,Vaishali,Bihar,25.565749,85.355156,MoPR_LGD_and_ISRO_Bhuvan,LGD_2026_Bhuvan_2024,2149,MATCHED_AUTHORITATIVE_BOUNDARY
2150,Rajapakar,Vaishali,Bihar,25.738903,85.343187,MoPR_LGD_and_ISRO_Bhuvan,LGD_2026_Bhuvan_2024,2150,MATCHED_AUTHORITATIVE_BOUNDARY
2151,Sahdei Buzurg,Vaishali,Bihar,25.640614,85.46318,MoPR_LGD_and_ISRO_Bhuvan,LGD_2026_Bhuvan_2024,2151,MATCHED_AUTHORITATIVE_BOUNDARY
2152,Vaishali,Vaishali,Bihar,25.950726,85.14948,MoPR_LGD_and_ISRO_Bhuvan,LGD_2026_Bhuvan_2024,2152,MATCHED_AUTHORITATIVE_BOUNDARY
351,Chandigarh,Chandigarh,Chandigarh,30.72935,76.780565,MoPR_LGD_and_ISRO_Bhuvan,LGD_2026_Bhuvan_2024,351,MATCHED_AUTHORITATIVE_BOUNDARY
3629,Balod,Balod,Chhattisgarh,20.742842,81.25647,MoPR_LGD_and_ISRO_Bhuvan,LGD_2026_Bhuvan_2024,3629,MATCHED_AUTHORITATIVE_BOUNDARY
3633,Dondi,Balod,Chhattisgarh,20.556128,81.137069,MoPR_LGD_and_ISRO_Bhuvan,LGD_2026_Bhuvan_2024,3633,MATCHED_AUTHORITATIVE_BOUNDARY
3634,Dondilohara,Balod,Chhattisgarh,20.812002,81.023425,MoPR_LGD_and_ISRO_Bhuvan,LGD_2026_Bhuvan_2024,3634,MATCHED_AUTHORITATIVE_BOUNDARY
3636,Gunderdehi,Balod,Chhattisgarh,20.932442,81.282897,MoPR_LGD_and_ISRO_Bhuvan,LGD_2026_Bhuvan_2024,3636,MATCHED_AUTHORITATIVE_BOUNDARY
3637,Gurur,Balod,Chhattisgarh,20.687229,81.409072,MoPR_LGD_and_ISRO_Bhuvan,LGD_2026_Bhuvan_2024,3637,MATCHED_AUTHORITATIVE_BOUNDARY
3695,Baloda Bazar,Balodabazar-Bhatapara,Chhattisgarh,21.668848,82.236149,MoPR_LGD_and_ISRO_Bhuvan,LGD_2026_Bhuvan_2024,3695,MATCHED_AUTHORITATIVE_BOUNDARY
3696,Bhatapara,Balodabazar-Bhatapara,Chhattisgarh,21.770515,82.028209,MoPR_LGD_and_ISRO_Bhuvan,LGD_2026_Bhuvan_2024,3696,MATCHED_AUTHORITATIVE_BOUNDARY
3703,Kasdol,Balodabazar-Bhatapara,Chhattisgarh,21.484307,82.482342,MoPR_LGD_and_ISRO_Bhuvan,LGD_2026_Bhuvan_2024,3703,MATCHED_AUTHORITATIVE_BOUNDARY
3705,Palari,Balodabazar-Bhatapara,Chhattisgarh,21.507174,82.150968,MoPR_LGD_and_ISRO_Bhuvan,LGD_2026_Bhuvan_2024,3705,MATCHED_AUTHORITATIVE_BOUNDARY
3706,Simga,Balodabazar-Bhatapara,Chhattisgarh,21.646839,81.8632,MoPR_LGD_and_ISRO_Bhuvan,LGD_2026_Bhuvan_2024,3706,MATCHED_AUTHORITATIVE_BOUNDARY
3718,Balrampur,Balrampur-Ramanujganj,Chhattisgarh,23.582679,83.538908,MoPR_LGD_and_ISRO_Bhuvan,LGD_2026_Bhuvan_2024,3718,MATCHED_AUTHORITATIVE_BOUNDARY
3721,Kusmi,Balrampur-Ramanujganj,Chhattisgarh,23.400445,83.90326,MoPR_LGD_and_ISRO_Bhuvan,LGD_2026_Bhuvan_2024,3721,MATCHED_AUTHORITATIVE_BOUNDARY
3728,Rajpur,Balrampur-Ramanujganj,Chhattisgarh,23.351918,83.379491,MoPR_LGD_and_ISRO_Bhuvan,LGD_2026_Bhuvan_2024,3728,MATCHED_AUTHORITATIVE_BOUNDARY
3730,Ramchandrapur,Balrampur-Ramanujganj,Chhattisgarh,23.884023,83.463546,MoPR_LGD_and_ISRO_Bhuvan,LGD_2026_Bhuvan_2024,3730,MATCHED_AUTHORITATIVE_BOUNDARY
3731,Shankargarh,Balrampur-Ramanujganj,Chhattisgarh,23.318936,83.652092,MoPR_LGD_and_ISRO_Bhuvan,LGD_2026_Bhuvan_2024,3731,MATCHED_AUTHORITATIVE_BOUNDARY
3735,Wadrafnagar,Balrampur-Ramanujganj,Chhattisgarh,23.782081,83.134779,MoPR_LGD_and_ISRO_Bhuvan,LGD_2026_Bhuvan_2024,3735,MATCHED_AUTHORITATIVE_BOUNDARY
3591,Bakawand,Bastar,Chhattisgarh,19.337977,82.053594,MoPR_LGD_and_ISRO_Bhuvan,LGD_2026_Bhuvan_2024,3591,MATCHED_AUTHORITATIVE_BOUNDARY
3592,Bastanar,Bastar,Chhattisgarh,18.963081,81.5989,MoPR_LGD_and_ISRO_Bhuvan,LGD_2026_Bhuvan_2024,3592,MATCHED_AUTHORITATIVE_BOUNDARY
3593,Bastar,Bastar,Chhattisgarh,19.295005,81.837775,MoPR_LGD_and_ISRO_Bhuvan,LGD_2026_Bhuvan_2024,3593,MATCHED_AUTHORITATIVE_BOUNDARY
3594,Darbha,Bastar,Chhattisgarh,18.859971,81.885629,MoPR_LGD_and_ISRO_Bhuvan,LGD_2026_Bhuvan_2024,3594,MATCHED_AUTHORITATIVE_BOUNDARY
3595,Jagdalpur,Bastar,Chhattisgarh,18.984404,82.094248,MoPR_LGD_and_ISRO_Bhuvan,LGD_2026_Bhuvan_2024,3595,MATCHED_AUTHORITATIVE_BOUNDARY
3598,Lohandiguda,Bastar,Chhattisgarh,19.159091,81.600082,MoPR_LGD_and_ISRO_Bhuvan,LGD_2026_Bhuvan_2024,3598,MATCHED_AUTHORITATIVE_BOUNDARY
3603,Tokapal,Bastar,Chhattisgarh,19.066467,81.852877,MoPR_LGD_and_ISRO_Bhuvan,LGD_2026_Bhuvan_2024,3603,MATCHED_AUTHORITATIVE_BOUNDARY
3630,Bemetara,Bemetara,Chhattisgarh,21.780677,81.5668,MoPR_LGD_and_ISRO_Bhuvan,LGD_2026_Bhuvan_2024,3630,MATCHED_AUTHORITATIVE_BOUNDARY
3631,Berla,Bemetara,Chhattisgarh,21.526928,81.520981,MoPR_LGD_and_ISRO_Bhuvan,LGD_2026_Bhuvan_2024,3631,MATCHED_AUTHORITATIVE_BOUNDARY
3638,Nawagarh,Bemetara,Chhattisgarh,21.878465,81.717385,MoPR_LGD_and_ISRO_Bhuvan,LGD_2026_Bhuvan_2024,3638,MATCHED_AUTHORITATIVE_BOUNDARY
3640,Saja,Bemetara,Chhattisgarh,21.683276,81.317864,MoPR_LGD_and_ISRO_Bhuvan,LGD_2026_Bhuvan_2024,3640,MATCHED_AUTHORITATIVE_BOUNDARY
3614,Bhairamgarh,Bijapur,Chhattisgarh,19.106983,80.967604,MoPR_LGD_and_ISRO_Bhuvan,LGD_2026_Bhuvan_2024,3614,MATCHED_AUTHORITATIVE_BOUNDARY
3615,Bhopal Patnam,Bijapur,Chhattisgarh,18.951758,80.457425,MoPR_LGD_and_ISRO_Bhuvan,LGD_2026_Bhuvan_2024,3615,MATCHED_AUTHORITATIVE_BOUNDARY
3616,Bijapur,Bijapur,Chhattisgarh,18.814199,80.877144,MoPR_LGD_and_ISRO_Bhuvan,LGD_2026_Bhuvan_2024,3616,MATCHED_AUTHORITATIVE_BOUNDARY
3624,Usoor,Bijapur,Chhattisgarh,18.489393,80.835755,MoPR_LGD_and_ISRO_Bhuvan,LGD_2026_Bhuvan_2024,3624,MATCHED_AUTHORITATIVE_BOUNDARY
3604,Belha,Bilaspur,Chhattisgarh,22.06486,82.16711,MoPR_LGD_and_ISRO_Bhuvan,LGD_2026_Bhuvan_2024,3604,MATCHED_AUTHORITATIVE_BOUNDARY
3607,Kota,Bilaspur,Chhattisgarh,22.417294,82.026464,MoPR_LGD_and_ISRO_Bhuvan,LGD_2026_Bhuvan_2024,3607,MATCHED_AUTHORITATIVE_BOUNDARY
3610,Masturi,Bilaspur,Chhattisgarh,21.995273,82.309337,MoPR_LGD_and_ISRO_Bhuvan,LGD_2026_Bhuvan_2024,3610,MATCHED_AUTHORITATIVE_BOUNDARY
3613,Takhatpur,Bilaspur,Chhattisgarh,22.147987,81.970779,MoPR_LGD_and_ISRO_Bhuvan,LGD_2026_Bhuvan_2024,3613,MATCHED_AUTHORITATIVE_BOUNDARY
3618,Dantewada,Dakshin Bastar Dantewada,Chhattisgarh,18.810921,81.342474,MoPR_LGD_and_ISRO_Bhuvan,LGD_2026_Bhuvan_2024,3618,MATCHED_AUTHORITATIVE_BOUNDARY
3619,Geedam,Dakshin Bastar Dantewada,Chhattisgarh,19.041276,81.352422,MoPR_LGD_and_ISRO_Bhuvan,LGD_2026_Bhuvan_2024,3619,MATCHED_AUTHORITATIVE_BOUNDARY
3620,Katekalyan,Dakshin Bastar Dantewada,Chhattisgarh,18.706801,81.685533,MoPR_LGD_and_ISRO_Bhuvan,LGD_2026_Bhuvan_2024,3620,MATCHED_AUTHORITATIVE_BOUNDARY
3622,Kuwakonda,Dakshin Bastar Dantewada,Chhattisgarh,18.589009,81.333529,MoPR_LGD_and_ISRO_Bhuvan,LGD_2026_Bhuvan_2024,3622,MATCHED_AUTHORITATIVE_BOUNDARY
3625,Dhamtari,Dhamtari,Chhattisgarh,20.678022,81.57303,MoPR_LGD_and_ISRO_Bhuvan,LGD_2026_Bhuvan_2024,3625,MATCHED_AUTHORITATIVE_BOUNDARY
3626,Kurud,Dhamtari,Chhattisgarh,20.89389,81.683035,MoPR_LGD_and_ISRO_Bhuvan,LGD_2026_Bhuvan_2024,3626,MATCHED_AUTHORITATIVE_BOUNDARY
3627,Magarlod,Dhamtari,Chhattisgarh,20.70453,81.861528,MoPR_LGD_and_ISRO_Bhuvan,LGD_2026_Bhuvan_2024,3627,MATCHED_AUTHORITATIVE_BOUNDARY
3628,Nagari,Dhamtari,Chhattisgarh,20.363555,81.903955,MoPR_LGD_and_ISRO_Bhuvan,LGD_2026_Bhuvan_2024,3628,MATCHED_AUTHORITATIVE_BOUNDARY
3632,Dhamdha,Durg,Chhattisgarh,21.388895,81.347463,MoPR_LGD_and_ISRO_Bhuvan,LGD_2026_Bhuvan_2024,3632,MATCHED_AUTHORITATIVE_BOUNDARY
3635,Durg,Durg,Chhattisgarh,21.176974,81.297069,MoPR_LGD_and_ISRO_Bhuvan,LGD_2026_Bhuvan_2024,3635,MATCHED_AUTHORITATIVE_BOUNDARY
3639,Patan,Durg,Chhattisgarh,21.061505,81.496288,MoPR_LGD_and_ISRO_Bhuvan,LGD_2026_Bhuvan_2024,3639,MATCHED_AUTHORITATIVE_BOUNDARY
3698,Chhurra,Gariyaband,Chhattisgarh,20.807497,82.176626,MoPR_LGD_and_ISRO_Bhuvan,LGD_2026_Bhuvan_2024,3698,MATCHED_AUTHORITATIVE_BOUNDARY
3699,Deobhog,Gariyaband,Chhattisgarh,19.903715,82.63219,MoPR_LGD_and_ISRO_Bhuvan,LGD_2026_Bhuvan_2024,3699,MATCHED_AUTHORITATIVE_BOUNDARY
3701,Fingeshwar,Gariyaband,Chhattisgarh,20.945302,81.99698,MoPR_LGD_and_ISRO_Bhuvan,LGD_2026_Bhuvan_2024,3701,MATCHED_AUTHORITATIVE_BOUNDARY
3702,Gariyaband,Gariyaband,Chhattisgarh,20.538774,82.196391,MoPR_LGD_and_ISRO_Bhuvan,LGD_2026_Bhuvan_2024,3702,MATCHED_AUTHORITATIVE_BOUNDARY
3704,Mainpur,Gariyaband,Chhattisgarh,20.125573,82.297625,MoPR_LGD_and_ISRO_Bhuvan,LGD_2026_Bhuvan_2024,3704,MATCHED_AUTHORITATIVE_BOUNDARY
3605,Gaurella-1,Gaurela-Pendra-Marwahi,Chhattisgarh,22.755143,82.062596,MoPR_LGD_and_ISRO_Bhuvan,LGD_2026_Bhuvan_2024,3605,MATCHED_AUTHORITATIVE_BOUNDARY
3606,Gaurella-2,Gaurela-Pendra-Marwahi,Chhattisgarh,22.684245,81.935772,MoPR_LGD_and_ISRO_Bhuvan,LGD_2026_Bhuvan_2024,3606,MATCHED_AUTHORITATIVE_BOUNDARY
3609,Marwahi,Gaurela-Pendra-Marwahi,Chhattisgarh,22.950607,82.03537,MoPR_LGD_and_ISRO_Bhuvan,LGD_2026_Bhuvan_2024,3609,MATCHED_AUTHORITATIVE_BOUNDARY
3641,Akaltara,Janjgir-Champa,Chhattisgarh,22.023245,82.418645,MoPR_LGD_and_ISRO_Bhuvan,LGD_2026_Bhuvan_2024,3641,MATCHED_AUTHORITATIVE_BOUNDARY
3643,Baloda,Janjgir-Champa,Chhattisgarh,22.161014,82.551679,MoPR_LGD_and_ISRO_Bhuvan,LGD_2026_Bhuvan_2024,3643,MATCHED_AUTHORITATIVE_BOUNDARY
3642,Bamhindih,Janjgir-Champa,Chhattisgarh,21.941944,82.737644,MoPR_LGD_and_ISRO_Bhuvan,LGD_2026_Bhuvan_2024,3642,MATCHED_AUTHORITATIVE_BOUNDARY
3647,Nawagarh,Janjgir-Champa,Chhattisgarh,21.892915,82.617321,MoPR_LGD_and_ISRO_Bhuvan,LGD_2026_Bhuvan_2024,3647,MATCHED_AUTHORITATIVE_BOUNDARY
3648,Pamgarh,Janjgir-Champa,Chhattisgarh,21.838822,82.45038,MoPR_LGD_and_ISRO_Bhuvan,LGD_2026_Bhuvan_2024,3648,MATCHED_AUTHORITATIVE_BOUNDARY
3650,Bagicha,Jashpur,Chhattisgarh,23.012169,83.711534,MoPR_LGD_and_ISRO_Bhuvan,LGD_2026_Bhuvan_2024,3650,MATCHED_AUTHORITATIVE_BOUNDARY
3651,Duldula,Jashpur,Chhattisgarh,22.704671,84.103964,MoPR_LGD_and_ISRO_Bhuvan,LGD_2026_Bhuvan_2024,3651,MATCHED_AUTHORITATIVE_BOUNDARY
3652,Jashpur,Jashpur,Chhattisgarh,22.887064,84.226584,MoPR_LGD_and_ISRO_Bhuvan,LGD_2026_Bhuvan_2024,3652,MATCHED_AUTHORITATIVE_BOUNDARY
3653,Kansabel,Jashpur,Chhattisgarh,22.655123,83.792312,MoPR_LGD_and_ISRO_Bhuvan,LGD_2026_Bhuvan_2024,3653,MATCHED_AUTHORITATIVE_BOUNDARY
3654,Kunkuri,Jashpur,Chhattisgarh,22.78111,83.925155,MoPR_LGD_and_ISRO_Bhuvan,LGD_2026_Bhuvan_2024,3654,MATCHED_AUTHORITATIVE_BOUNDARY
3655,Manora,Jashpur,Chhattisgarh,23.01322,83.997496,MoPR_LGD_and_ISRO_Bhuvan,LGD_2026_Bhuvan_2024,3655,MATCHED_AUTHORITATIVE_BOUNDARY
3656,Patthalgaon,Jashpur,Chhattisgarh,22.546999,83.608224,MoPR_LGD_and_ISRO_Bhuvan,LGD_2026_Bhuvan_2024,3656,MATCHED_AUTHORITATIVE_BOUNDARY
3657,Pharsabahar,Jashpur,Chhattisgarh,22.448983,83.890565,MoPR_LGD_and_ISRO_Bhuvan,LGD_2026_Bhuvan_2024,3657,MATCHED_AUTHORITATIVE_BOUNDARY
3665,Bodla,Kabeerdham,Chhattisgarh,22.098417,81.096662,MoPR_LGD_and_ISRO_Bhuvan,LGD_2026_Bhuvan_2024,3665,MATCHED_AUTHORITATIVE_BOUNDARY
3666,Kawardha,Kabeerdham,Chhattisgarh,21.987175,81.328238,MoPR_LGD_and_ISRO_Bhuvan,LGD_2026_Bhuvan_2024,3666,MATCHED_AUTHORITATIVE_BOUNDARY
3667,Pandariya,Kabeerdham,Chhattisgarh,22.284437,81.406477,MoPR_LGD_and_ISRO_Bhuvan,LGD_2026_Bhuvan_2024,3667,MATCHED_AUTHORITATIVE_BOUNDARY
3668,S.Lohara,Kabeerdham,Chhattisgarh,21.815821,81.17902,MoPR_LGD_and_ISRO_Bhuvan,LGD_2026_Bhuvan_2024,3668,MATCHED_AUTHORITATIVE_BOUNDARY
3709,Chhuikhadan,Khairagarh-Chhuikhadan-Gandai,Chhattisgarh,21.632108,80.936227,MoPR_LGD_and_ISRO_Bhuvan,LGD_2026_Bhuvan_2024,3709,MATCHED_AUTHORITATIVE_BOUNDARY
3713,Khairagarh,Khairagarh-Chhuikhadan-Gandai,Chhattisgarh,21.39584,80.944808,MoPR_LGD_and_ISRO_Bhuvan,LGD_2026_Bhuvan_2024,3713,MATCHED_AUTHORITATIVE_BOUNDARY
3590,Baderajpur,Kondagaon,Chhattisgarh,20.015268,81.771708,MoPR_LGD_and_ISRO_Bhuvan,LGD_2026_Bhuvan_2024,3590,MATCHED_AUTHORITATIVE_BOUNDARY
3596,Keshkal,Kondagaon,Chhattisgarh,20.038848,81.523813,MoPR_LGD_and_ISRO_Bhuvan,LGD_2026_Bhuvan_2024,3596,MATCHED_AUTHORITATIVE_BOUNDARY
3597,Kondagaon,Kondagaon,Chhattisgarh,19.506784,81.661479,MoPR_LGD_and_ISRO_Bhuvan,LGD_2026_Bhuvan_2024,3597,MATCHED_AUTHORITATIVE_BOUNDARY
3599,Makdi,Kondagaon,Chhattisgarh,19.750456,81.886791,MoPR_LGD_and_ISRO_Bhuvan,LGD_2026_Bhuvan_2024,3599,MATCHED_AUTHORITATIVE_BOUNDARY
3602,Pharasgaon,Kondagaon,Chhattisgarh,19.809879,81.530977,MoPR_LGD_and_ISRO_Bhuvan,LGD_2026_Bhuvan_2024,3602,MATCHED_AUTHORITATIVE_BOUNDARY
3669,Kartala,Korba,Chhattisgarh,22.204283,82.844452,MoPR_LGD_and_ISRO_Bhuvan,LGD_2026_Bhuvan_2024,3669,MATCHED_AUTHORITATIVE_BOUNDARY
3670,Katghora,Korba,Chhattisgarh,22.3899,82.602994,MoPR_LGD_and_ISRO_Bhuvan,LGD_2026_Bhuvan_2024,3670,MATCHED_AUTHORITATIVE_BOUNDARY
3671,Korba,Korba,Chhattisgarh,22.492696,82.871298,MoPR_LGD_and_ISRO_Bhuvan,LGD_2026_Bhuvan_2024,3671,MATCHED_AUTHORITATIVE_BOUNDARY
3672,Pali,Korba,Chhattisgarh,22.447759,82.341335,MoPR_LGD_and_ISRO_Bhuvan,LGD_2026_Bhuvan_2024,3672,MATCHED_AUTHORITATIVE_BOUNDARY
3673,Podi Uparoda,Korba,Chhattisgarh,22.760271,82.454867,MoPR_LGD_and_ISRO_Bhuvan,LGD_2026_Bhuvan_2024,3673,MATCHED_AUTHORITATIVE_BOUNDARY
7144,Baikunthpur,Korea,Chhattisgarh,23.268199,82.577697,MoPR_LGD_and_ISRO_Bhuvan,LGD_2026_Bhuvan_2024,7144,MATCHED_AUTHORITATIVE_BOUNDARY
3676,Khadgawana,Korea,Chhattisgarh,23.069079,82.387367,MoPR_LGD_and_ISRO_Bhuvan,LGD_2026_Bhuvan_2024,3676,MATCHED_AUTHORITATIVE_BOUNDARY
3678,Sonhat,Korea,Chhattisgarh,23.560841,82.455579,MoPR_LGD_and_ISRO_Bhuvan,LGD_2026_Bhuvan_2024,3678,MATCHED_AUTHORITATIVE_BOUNDARY
3679,Bagbahara,Mahasamund,Chhattisgarh,21.008126,82.38119,MoPR_LGD_and_ISRO_Bhuvan,LGD_2026_Bhuvan_2024,3679,MATCHED_AUTHORITATIVE_BOUNDARY
3680,Basna,Mahasamund,Chhattisgarh,21.342761,82.863898,MoPR_LGD_and_ISRO_Bhuvan,LGD_2026_Bhuvan_2024,3680,MATCHED_AUTHORITATIVE_BOUNDARY
3681,Mahasamund,Mahasamund,Chhattisgarh,21.199148,82.201781,MoPR_LGD_and_ISRO_Bhuvan,LGD_2026_Bhuvan_2024,3681,MATCHED_AUTHORITATIVE_BOUNDARY
3682,Pithora,Mahasamund,Chhattisgarh,21.255909,82.627087,MoPR_LGD_and_ISRO_Bhuvan,LGD_2026_Bhuvan_2024,3682,MATCHED_AUTHORITATIVE_BOUNDARY
3683,Saraipali,Mahasamund,Chhattisgarh,21.28289,83.083461,MoPR_LGD_and_ISRO_Bhuvan,LGD_2026_Bhuvan_2024,3683,MATCHED_AUTHORITATIVE_BOUNDARY
3675,Bharatpur,Manendragarh-Chirmiri-Bharatpur(M C B),Chhattisgarh,23.686383,81.95329,MoPR_LGD_and_ISRO_Bhuvan,LGD_2026_Bhuvan_2024,3675,MATCHED_AUTHORITATIVE_BOUNDARY
3677,Manendragarh,Manendragarh-Chirmiri-Bharatpur(M C B),Chhattisgarh,23.354139,82.212844,MoPR_LGD_and_ISRO_Bhuvan,LGD_2026_Bhuvan_2024,3677,MATCHED_AUTHORITATIVE_BOUNDARY
3708,A.Chowki (Td),Mohla-Manpur-Ambagarh Chouki,Chhattisgarh,20.764175,80.689886,MoPR_LGD_and_ISRO_Bhuvan,LGD_2026_Bhuvan_2024,3708,MATCHED_AUTHORITATIVE_BOUNDARY
3714,Manpur (Td),Mohla-Manpur-Ambagarh Chouki,Chhattisgarh,20.337131,80.691796,MoPR_LGD_and_ISRO_Bhuvan,LGD_2026_Bhuvan_2024,3714,MATCHED_AUTHORITATIVE_BOUNDARY
3715,Mohala (Td),Mohla-Manpur-Ambagarh Chouki,Chhattisgarh,20.585733,80.753097,MoPR_LGD_and_ISRO_Bhuvan,LGD_2026_Bhuvan_2024,3715,MATCHED_AUTHORITATIVE_BOUNDARY
3608,Lormi,Mungeli,Chhattisgarh,22.386341,81.69985,MoPR_LGD_and_ISRO_Bhuvan,LGD_2026_Bhuvan_2024,3608,MATCHED_AUTHORITATIVE_BOUNDARY
3611,Mungeli,Mungeli,Chhattisgarh,22.075777,81.680535,MoPR_LGD_and_ISRO_Bhuvan,LGD_2026_Bhuvan_2024,3611,MATCHED_AUTHORITATIVE_BOUNDARY
3612,Pathariya,Mungeli,Chhattisgarh,21.964815,81.88887,MoPR_LGD_and_ISRO_Bhuvan,LGD_2026_Bhuvan_2024,3612,MATCHED_AUTHORITATIVE_BOUNDARY
3600,Narayanpur,Narayanpur,Chhattisgarh,19.568464,81.32298,MoPR_LGD_and_ISRO_Bhuvan,LGD_2026_Bhuvan_2024,3600,MATCHED_AUTHORITATIVE_BOUNDARY
3601,Orchha(Abhujmad),Narayanpur,Chhattisgarh,19.570965,80.979767,MoPR_LGD_and_ISRO_Bhuvan,LGD_2026_Bhuvan_2024,3601,MATCHED_AUTHORITATIVE_BOUNDARY
3685,Dharamjaigarh,Raigarh,Chhattisgarh,22.465553,83.230472,MoPR_LGD_and_ISRO_Bhuvan,LGD_2026_Bhuvan_2024,3685,MATCHED_AUTHORITATIVE_BOUNDARY
3686,Gharghoda,Raigarh,Chhattisgarh,22.218103,83.33701,MoPR_LGD_and_ISRO_Bhuvan,LGD_2026_Bhuvan_2024,3686,MATCHED_AUTHORITATIVE_BOUNDARY
3687,Kharsia,Raigarh,Chhattisgarh,22.040382,83.110404,MoPR_LGD_and_ISRO_Bhuvan,LGD_2026_Bhuvan_2024,3687,MATCHED_AUTHORITATIVE_BOUNDARY
3688,Lailunga,Raigarh,Chhattisgarh,22.34988,83.582787,MoPR_LGD_and_ISRO_Bhuvan,LGD_2026_Bhuvan_2024,3688,MATCHED_AUTHORITATIVE_BOUNDARY
3689,Pussore,Raigarh,Chhattisgarh,21.777378,83.366046,MoPR_LGD_and_ISRO_Bhuvan,LGD_2026_Bhuvan_2024,3689,MATCHED_AUTHORITATIVE_BOUNDARY
3690,Raigarh,Raigarh,Chhattisgarh,21.923183,83.404608,MoPR_LGD_and_ISRO_Bhuvan,LGD_2026_Bhuvan_2024,3690,MATCHED_AUTHORITATIVE_BOUNDARY
3692,Tamnar,Raigarh,Chhattisgarh,22.105787,83.463003,MoPR_LGD_and_ISRO_Bhuvan,LGD_2026_Bhuvan_2024,3692,MATCHED_AUTHORITATIVE_BOUNDARY
3693,Abhanpur,Raipur,Chhattisgarh,21.064365,81.770159,MoPR_LGD_and_ISRO_Bhuvan,LGD_2026_Bhuvan_2024,3693,MATCHED_AUTHORITATIVE_BOUNDARY
3694,Arang,Raipur,Chhattisgarh,21.260065,81.939344,MoPR_LGD_and_ISRO_Bhuvan,LGD_2026_Bhuvan_2024,3694,MATCHED_AUTHORITATIVE_BOUNDARY
3700,Dharsiwa,Raipur,Chhattisgarh,21.312082,81.6765,MoPR_LGD_and_ISRO_Bhuvan,LGD_2026_Bhuvan_2024,3700,MATCHED_AUTHORITATIVE_BOUNDARY
3707,Tilda,Raipur,Chhattisgarh,21.472988,81.841817,MoPR_LGD_and_ISRO_Bhuvan,LGD_2026_Bhuvan_2024,3707,MATCHED_AUTHORITATIVE_BOUNDARY
3710,Chhuriya,Rajnandgaon,Chhattisgarh,20.94266,80.693271,MoPR_LGD_and_ISRO_Bhuvan,LGD_2026_Bhuvan_2024,3710,MATCHED_AUTHORITATIVE_BOUNDARY
3711,Dongargaon,Rajnandgaon,Chhattisgarh,21.027921,80.875394,MoPR_LGD_and_ISRO_Bhuvan,LGD_2026_Bhuvan_2024,3711,MATCHED_AUTHORITATIVE_BOUNDARY
3712,Dongarghar,Rajnandgaon,Chhattisgarh,21.190155,80.727538,MoPR_LGD_and_ISRO_Bhuvan,LGD_2026_Bhuvan_2024,3712,MATCHED_AUTHORITATIVE_BOUNDARY
3716,Rajnandgaon,Rajnandgaon,Chhattisgarh,21.180957,81.081728,MoPR_LGD_and_ISRO_Bhuvan,LGD_2026_Bhuvan_2024,3716,MATCHED_AUTHORITATIVE_BOUNDARY
3644,Dabhara,Sakti,Chhattisgarh,21.801342,83.141188,MoPR_LGD_and_ISRO_Bhuvan,LGD_2026_Bhuvan_2024,3644,MATCHED_AUTHORITATIVE_BOUNDARY
3645,Jaijaipur,Sakti,Chhattisgarh,21.840254,82.864424,MoPR_LGD_and_ISRO_Bhuvan,LGD_2026_Bhuvan_2024,3645,MATCHED_AUTHORITATIVE_BOUNDARY
3646,Malkharoda,Sakti,Chhattisgarh,21.874167,82.999062,MoPR_LGD_and_ISRO_Bhuvan,LGD_2026_Bhuvan_2024,3646,MATCHED_AUTHORITATIVE_BOUNDARY
3649,Sakti,Sakti,Chhattisgarh,22.058804,82.885634,MoPR_LGD_and_ISRO_Bhuvan,LGD_2026_Bhuvan_2024,3649,MATCHED_AUTHORITATIVE_BOUNDARY
3684,Baramkela,Sarangarh-Bilaigarh,Chhattisgarh,21.536301,83.302212,MoPR_LGD_and_ISRO_Bhuvan,LGD_2026_Bhuvan_2024,3684,MATCHED_AUTHORITATIVE_BOUNDARY
3697,Bilaigarh,Sarangarh-Bilaigarh,Chhattisgarh,21.618665,82.79528,MoPR_LGD_and_ISRO_Bhuvan,LGD_2026_Bhuvan_2024,3697,MATCHED_AUTHORITATIVE_BOUNDARY
3691,Sarangarh,Sarangarh-Bilaigarh,Chhattisgarh,21.57383,83.088388,MoPR_LGD_and_ISRO_Bhuvan,LGD_2026_Bhuvan_2024,3691,MATCHED_AUTHORITATIVE_BOUNDARY
3617,Chhindgarh,Sukma,Chhattisgarh,18.624072,81.758118,MoPR_LGD_and_ISRO_Bhuvan,LGD_2026_Bhuvan_2024,3617,MATCHED_AUTHORITATIVE_BOUNDARY
3621,Konta,Sukma,Chhattisgarh,18.152073,81.225338,MoPR_LGD_and_ISRO_Bhuvan,LGD_2026_Bhuvan_2024,3621,MATCHED_AUTHORITATIVE_BOUNDARY
3623,Sukma,Sukma,Chhattisgarh,18.438835,81.571921,MoPR_LGD_and_ISRO_Bhuvan,LGD_2026_Bhuvan_2024,3623,MATCHED_AUTHORITATIVE_BOUNDARY
3720,Bhaiyathan,Surajpur,Chhattisgarh,23.357783,82.894192,MoPR_LGD_and_ISRO_Bhuvan,LGD_2026_Bhuvan_2024,3720,MATCHED_AUTHORITATIVE_BOUNDARY
3725,Odagi,Surajpur,Chhattisgarh,23.617726,82.771343,MoPR_LGD_and_ISRO_Bhuvan,LGD_2026_Bhuvan_2024,3725,MATCHED_AUTHORITATIVE_BOUNDARY
3726,Pratappur,Surajpur,Chhattisgarh,23.546214,83.102799,MoPR_LGD_and_ISRO_Bhuvan,LGD_2026_Bhuvan_2024,3726,MATCHED_AUTHORITATIVE_BOUNDARY
3727,Premnagar,Surajpur,Chhattisgarh,22.950002,82.709837,MoPR_LGD_and_ISRO_Bhuvan,LGD_2026_Bhuvan_2024,3727,MATCHED_AUTHORITATIVE_BOUNDARY
3729,Ramanujnagar,Surajpur,Chhattisgarh,23.14384,82.727699,MoPR_LGD_and_ISRO_Bhuvan,LGD_2026_Bhuvan_2024,3729,MATCHED_AUTHORITATIVE_BOUNDARY
3733,Surajpur,Surajpur,Chhattisgarh,23.201816,82.995594,MoPR_LGD_and_ISRO_Bhuvan,LGD_2026_Bhuvan_2024,3733,MATCHED_AUTHORITATIVE_BOUNDARY
3717,Ambikapur,Surguja,Chhattisgarh,23.057311,83.206378,MoPR_LGD_and_ISRO_Bhuvan,LGD_2026_Bhuvan_2024,3717,MATCHED_AUTHORITATIVE_BOUNDARY
3719,Batauli,Surguja,Chhattisgarh,22.949783,83.449724,MoPR_LGD_and_ISRO_Bhuvan,LGD_2026_Bhuvan_2024,3719,MATCHED_AUTHORITATIVE_BOUNDARY
3722,Lakhanpur,Surguja,Chhattisgarh,22.939428,83.060308,MoPR_LGD_and_ISRO_Bhuvan,LGD_2026_Bhuvan_2024,3722,MATCHED_AUTHORITATIVE_BOUNDARY
3723,Lundra,Surguja,Chhattisgarh,23.137618,83.40887,MoPR_LGD_and_ISRO_Bhuvan,LGD_2026_Bhuvan_2024,3723,MATCHED_AUTHORITATIVE_BOUNDARY
3724,Mainpat,Surguja,Chhattisgarh,22.816097,83.331214,MoPR_LGD_and_ISRO_Bhuvan,LGD_2026_Bhuvan_2024,3724,MATCHED_AUTHORITATIVE_BOUNDARY
3732,Sitapur,Surguja,Chhattisgarh,22.758771,83.557983,MoPR_LGD_and_ISRO_Bhuvan,LGD_2026_Bhuvan_2024,3732,MATCHED_AUTHORITATIVE_BOUNDARY
3734,Udaipur,Surguja,Chhattisgarh,22.828728,82.927225,MoPR_LGD_and_ISRO_Bhuvan,LGD_2026_Bhuvan_2024,3734,MATCHED_AUTHORITATIVE_BOUNDARY
3658,Antagarh,Uttar Bastar Kanker,Chhattisgarh,19.960385,81.190106,MoPR_LGD_and_ISRO_Bhuvan,LGD_2026_Bhuvan_2024,3658,MATCHED_AUTHORITATIVE_BOUNDARY
3659,Bhanupratappur,Uttar Bastar Kanker,Chhattisgarh,20.277354,81.147609,MoPR_LGD_and_ISRO_Bhuvan,LGD_2026_Bhuvan_2024,3659,MATCHED_AUTHORITATIVE_BOUNDARY
3660,Charama,Uttar Bastar Kanker,Chhattisgarh,20.445366,81.379616,MoPR_LGD_and_ISRO_Bhuvan,LGD_2026_Bhuvan_2024,3660,MATCHED_AUTHORITATIVE_BOUNDARY
3661,Durgukondal,Uttar Bastar Kanker,Chhattisgarh,20.254716,80.886067,MoPR_LGD_and_ISRO_Bhuvan,LGD_2026_Bhuvan_2024,3661,MATCHED_AUTHORITATIVE_BOUNDARY
3662,Kanker,Uttar Bastar Kanker,Chhattisgarh,20.256165,81.422297,MoPR_LGD_and_ISRO_Bhuvan,LGD_2026_Bhuvan_2024,3662,MATCHED_AUTHORITATIVE_BOUNDARY
3663,Koilebeda,Uttar Bastar Kanker,Chhattisgarh,19.965595,80.739576,MoPR_LGD_and_ISRO_Bhuvan,LGD_2026_Bhuvan_2024,3663,MATCHED_AUTHORITATIVE_BOUNDARY
3664,Narharpur,Uttar Bastar Kanker,Chhattisgarh,20.328563,81.655488,MoPR_LGD_and_ISRO_Bhuvan,LGD_2026_Bhuvan_2024,3664,MATCHED_AUTHORITATIVE_BOUNDARY
5935,Canacona,Kushavati,Goa,15.000809,74.109004,MoPR_LGD_and_ISRO_Bhuvan,LGD_2026_Bhuvan_2024,5935,MATCHED_AUTHORITATIVE_BOUNDARY
6841,Dharbandora,Kushavati,Goa,15.375899,74.203564,MoPR_LGD_and_ISRO_Bhuvan,LGD_2026_Bhuvan_2024,6841,MATCHED_AUTHORITATIVE_BOUNDARY
5937,Quepem,Kushavati,Goa,15.140124,74.074916,MoPR_LGD_and_ISRO_Bhuvan,LGD_2026_Bhuvan_2024,5937,MATCHED_AUTHORITATIVE_BOUNDARY
5939,Sanguem,Kushavati,Goa,15.179553,74.208482,MoPR_LGD_and_ISRO_Bhuvan,LGD_2026_Bhuvan_2024,5939,MATCHED_AUTHORITATIVE_BOUNDARY
5929,Bardez,North Goa,Goa,15.584459,73.820357,MoPR_LGD_and_ISRO_Bhuvan,LGD_2026_Bhuvan_2024,5929,MATCHED_AUTHORITATIVE_BOUNDARY
5930,Bicholim,North Goa,Goa,15.563411,73.980404,MoPR_LGD_and_ISRO_Bhuvan,LGD_2026_Bhuvan_2024,5930,MATCHED_AUTHORITATIVE_BOUNDARY
5931,Pernem,North Goa,Goa,15.702397,73.81237,MoPR_LGD_and_ISRO_Bhuvan,LGD_2026_Bhuvan_2024,5931,MATCHED_AUTHORITATIVE_BOUNDARY
5933,Satari,North Goa,Goa,15.557657,74.146067,MoPR_LGD_and_ISRO_Bhuvan,LGD_2026_Bhuvan_2024,5933,MATCHED_AUTHORITATIVE_BOUNDARY
5934,Tiswadi,North Goa,Goa,15.478841,73.881791,MoPR_LGD_and_ISRO_Bhuvan,LGD_2026_Bhuvan_2024,5934,MATCHED_AUTHORITATIVE_BOUNDARY
5936,Mormugao,South Goa,Goa,15.388803,73.869259,MoPR_LGD_and_ISRO_Bhuvan,LGD_2026_Bhuvan_2024,5936,MATCHED_AUTHORITATIVE_BOUNDARY
5932,Ponda,South Goa,Goa,15.39907,74.016501,MoPR_LGD_and_ISRO_Bhuvan,LGD_2026_Bhuvan_2024,5932,MATCHED_AUTHORITATIVE_BOUNDARY
5938,Salcete,South Goa,Goa,15.259505,73.979762,MoPR_LGD_and_ISRO_Bhuvan,LGD_2026_Bhuvan_2024,5938,MATCHED_AUTHORITATIVE_BOUNDARY
4049,Ahmadabad City,Ahmedabad,Gujarat,23.038926,72.557633,MoPR_LGD_and_ISRO_Bhuvan,LGD_2026_Bhuvan_2024,4049,MATCHED_AUTHORITATIVE_BOUNDARY
4051,Bavla,Ahmedabad,Gujarat,22.735148,72.224248,MoPR_LGD_and_ISRO_Bhuvan,LGD_2026_Bhuvan_2024,4051,MATCHED_AUTHORITATIVE_BOUNDARY
4052,Daskroi,Ahmedabad,Gujarat,22.94826,72.65556,MoPR_LGD_and_ISRO_Bhuvan,LGD_2026_Bhuvan_2024,4052,MATCHED_AUTHORITATIVE_BOUNDARY
4053,Detroj Rampura,Ahmedabad,Gujarat,23.341779,72.161951,MoPR_LGD_and_ISRO_Bhuvan,LGD_2026_Bhuvan_2024,4053,MATCHED_AUTHORITATIVE_BOUNDARY
4054,Dhandhuka,Ahmedabad,Gujarat,22.375351,72.010727,MoPR_LGD_and_ISRO_Bhuvan,LGD_2026_Bhuvan_2024,4054,MATCHED_AUTHORITATIVE_BOUNDARY
7155,Dholera,Ahmedabad,Gujarat,22.21022,72.217347,MoPR_LGD_and_ISRO_Bhuvan,LGD_2026_Bhuvan_2024,7155,MATCHED_AUTHORITATIVE_BOUNDARY
4055,Dholka,Ahmedabad,Gujarat,22.612424,72.368876,MoPR_LGD_and_ISRO_Bhuvan,LGD_2026_Bhuvan_2024,4055,MATCHED_AUTHORITATIVE_BOUNDARY
4056,Mandal,Ahmedabad,Gujarat,23.347203,71.995324,MoPR_LGD_and_ISRO_Bhuvan,LGD_2026_Bhuvan_2024,4056,MATCHED_AUTHORITATIVE_BOUNDARY
4058,Sanand,Ahmedabad,Gujarat,22.958873,72.293306,MoPR_LGD_and_ISRO_Bhuvan,LGD_2026_Bhuvan_2024,4058,MATCHED_AUTHORITATIVE_BOUNDARY
4059,Viramgam,Ahmedabad,Gujarat,23.055471,72.064084,MoPR_LGD_and_ISRO_Bhuvan,LGD_2026_Bhuvan_2024,4059,MATCHED_AUTHORITATIVE_BOUNDARY
4060,Amreli,Amreli,Gujarat,21.592563,71.171902,MoPR_LGD_and_ISRO_Bhuvan,LGD_2026_Bhuvan_2024,4060,MATCHED_AUTHORITATIVE_BOUNDARY
4061,Babra,Amreli,Gujarat,21.880722,71.252557,MoPR_LGD_and_ISRO_Bhuvan,LGD_2026_Bhuvan_2024,4061,MATCHED_AUTHORITATIVE_BOUNDARY
4062,Bagasara,Amreli,Gujarat,21.492797,70.942837,MoPR_LGD_and_ISRO_Bhuvan,LGD_2026_Bhuvan_2024,4062,MATCHED_AUTHORITATIVE_BOUNDARY
4063,Dhari,Amreli,Gujarat,21.296387,71.050892,MoPR_LGD_and_ISRO_Bhuvan,LGD_2026_Bhuvan_2024,4063,MATCHED_AUTHORITATIVE_BOUNDARY
4064,Jafrabad,Amreli,Gujarat,20.905479,71.315468,MoPR_LGD_and_ISRO_Bhuvan,LGD_2026_Bhuvan_2024,4064,MATCHED_AUTHORITATIVE_BOUNDARY
4065,Khambha,Amreli,Gujarat,21.100115,71.219136,MoPR_LGD_and_ISRO_Bhuvan,LGD_2026_Bhuvan_2024,4065,MATCHED_AUTHORITATIVE_BOUNDARY
4066,Kunkavav -Vadia,Amreli,Gujarat,21.687708,70.955397,MoPR_LGD_and_ISRO_Bhuvan,LGD_2026_Bhuvan_2024,4066,MATCHED_AUTHORITATIVE_BOUNDARY
4067,Lathi,Amreli,Gujarat,21.71487,71.432409,MoPR_LGD_and_ISRO_Bhuvan,LGD_2026_Bhuvan_2024,4067,MATCHED_AUTHORITATIVE_BOUNDARY
4068,Lilia,Amreli,Gujarat,21.544934,71.423344,MoPR_LGD_and_ISRO_Bhuvan,LGD_2026_Bhuvan_2024,4068,MATCHED_AUTHORITATIVE_BOUNDARY
4069,Rajula,Amreli,Gujarat,21.043985,71.495016,MoPR_LGD_and_ISRO_Bhuvan,LGD_2026_Bhuvan_2024,4069,MATCHED_AUTHORITATIVE_BOUNDARY
4070,Saverkundla,Amreli,Gujarat,21.299178,71.387623,MoPR_LGD_and_ISRO_Bhuvan,LGD_2026_Bhuvan_2024,4070,MATCHED_AUTHORITATIVE_BOUNDARY
4071,Anand,Anand,Gujarat,22.550466,73.008314,MoPR_LGD_and_ISRO_Bhuvan,LGD_2026_Bhuvan_2024,4071,MATCHED_AUTHORITATIVE_BOUNDARY
4072,Anklav,Anand,Gujarat,22.36089,73.010387,MoPR_LGD_and_ISRO_Bhuvan,LGD_2026_Bhuvan_2024,4072,MATCHED_AUTHORITATIVE_BOUNDARY
4073,Borsad,Anand,Gujarat,22.366121,72.874807,MoPR_LGD_and_ISRO_Bhuvan,LGD_2026_Bhuvan_2024,4073,MATCHED_AUTHORITATIVE_BOUNDARY
4074,Khambhat,Anand,Gujarat,22.307376,72.538225,MoPR_LGD_and_ISRO_Bhuvan,LGD_2026_Bhuvan_2024,4074,MATCHED_AUTHORITATIVE_BOUNDARY
4075,Petlad,Anand,Gujarat,22.49292,72.794005,MoPR_LGD_and_ISRO_Bhuvan,LGD_2026_Bhuvan_2024,4075,MATCHED_AUTHORITATIVE_BOUNDARY
4076,Sojitra,Anand,Gujarat,22.555203,72.721796,MoPR_LGD_and_ISRO_Bhuvan,LGD_2026_Bhuvan_2024,4076,MATCHED_AUTHORITATIVE_BOUNDARY
4077,Tarapur,Anand,Gujarat,22.492629,72.544712,MoPR_LGD_and_ISRO_Bhuvan,LGD_2026_Bhuvan_2024,4077,MATCHED_AUTHORITATIVE_BOUNDARY
4078,Umreth,Anand,Gujarat,22.656166,73.102334,MoPR_LGD_and_ISRO_Bhuvan,LGD_2026_Bhuvan_2024,4078,MATCHED_AUTHORITATIVE_BOUNDARY
4219,Bayad,Arvalli,Gujarat,23.196736,73.208329,MoPR_LGD_and_ISRO_Bhuvan,LGD_2026_Bhuvan_2024,4219,MATCHED_AUTHORITATIVE_BOUNDARY
4220,Bhiloda,Arvalli,Gujarat,23.739303,73.316141,MoPR_LGD_and_ISRO_Bhuvan,LGD_2026_Bhuvan_2024,4220,MATCHED_AUTHORITATIVE_BOUNDARY
4221,Dhansura,Arvalli,Gujarat,23.342639,73.197571,MoPR_LGD_and_ISRO_Bhuvan,LGD_2026_Bhuvan_2024,4221,MATCHED_AUTHORITATIVE_BOUNDARY
4225,Malpur,Arvalli,Gujarat,23.358838,73.448043,MoPR_LGD_and_ISRO_Bhuvan,LGD_2026_Bhuvan_2024,4225,MATCHED_AUTHORITATIVE_BOUNDARY
4226,Meghraj,Arvalli,Gujarat,23.534709,73.538598,MoPR_LGD_and_ISRO_Bhuvan,LGD_2026_Bhuvan_2024,4226,MATCHED_AUTHORITATIVE_BOUNDARY
4227,Modasa,Arvalli,Gujarat,23.50361,73.305932,MoPR_LGD_and_ISRO_Bhuvan,LGD_2026_Bhuvan_2024,4227,MATCHED_AUTHORITATIVE_BOUNDARY
7621,Sathamba,Arvalli,Gujarat,,,MoPR_LGD_and_ISRO_Bhuvan,LGD_2026_Bhuvan_2024,7621,PENDING_OFFICIAL_BOUNDARY_MATCH
7619,Shamlaji,Arvalli,Gujarat,,,MoPR_LGD_and_ISRO_Bhuvan,LGD_2026_Bhuvan_2024,7619,PENDING_OFFICIAL_BOUNDARY_MATCH
4079,Amirgadh,Banas Kantha,Gujarat,24.351406,72.591864,MoPR_LGD_and_ISRO_Bhuvan,LGD_2026_Bhuvan_2024,4079,MATCHED_AUTHORITATIVE_BOUNDARY
4081,Danta,Banas Kantha,Gujarat,24.208094,72.843549,MoPR_LGD_and_ISRO_Bhuvan,LGD_2026_Bhuvan_2024,4081,MATCHED_AUTHORITATIVE_BOUNDARY
4082,Dantivada,Banas Kantha,Gujarat,24.410984,72.343494,MoPR_LGD_and_ISRO_Bhuvan,LGD_2026_Bhuvan_2024,4082,MATCHED_AUTHORITATIVE_BOUNDARY
4083,Deesa,Banas Kantha,Gujarat,24.282452,72.120966,MoPR_LGD_and_ISRO_Bhuvan,LGD_2026_Bhuvan_2024,4083,MATCHED_AUTHORITATIVE_BOUNDARY
4085,Dhanera,Banas Kantha,Gujarat,24.569099,72.075051,MoPR_LGD_and_ISRO_Bhuvan,LGD_2026_Bhuvan_2024,4085,MATCHED_AUTHORITATIVE_BOUNDARY
7615,Hadad,Banas Kantha,Gujarat,,,MoPR_LGD_and_ISRO_Bhuvan,LGD_2026_Bhuvan_2024,7615,PENDING_OFFICIAL_BOUNDARY_MATCH
4086,Kankrej,Banas Kantha,Gujarat,23.996038,71.857162,MoPR_LGD_and_ISRO_Bhuvan,LGD_2026_Bhuvan_2024,4086,MATCHED_AUTHORITATIVE_BOUNDARY
7605,Ogad,Banas Kantha,Gujarat,,,MoPR_LGD_and_ISRO_Bhuvan,LGD_2026_Bhuvan_2024,7605,PENDING_OFFICIAL_BOUNDARY_MATCH
4087,Palanpur,Banas Kantha,Gujarat,24.189025,72.40985,MoPR_LGD_and_ISRO_Bhuvan,LGD_2026_Bhuvan_2024,4087,MATCHED_AUTHORITATIVE_BOUNDARY
4089,Vadgam,Banas Kantha,Gujarat,24.051652,72.517658,MoPR_LGD_and_ISRO_Bhuvan,LGD_2026_Bhuvan_2024,4089,MATCHED_AUTHORITATIVE_BOUNDARY
4091,Amod,Bharuch,Gujarat,21.956078,72.899859,MoPR_LGD_and_ISRO_Bhuvan,LGD_2026_Bhuvan_2024,4091,MATCHED_AUTHORITATIVE_BOUNDARY
4092,Anklesvar,Bharuch,Gujarat,21.599699,72.980859,MoPR_LGD_and_ISRO_Bhuvan,LGD_2026_Bhuvan_2024,4092,MATCHED_AUTHORITATIVE_BOUNDARY
4093,Bharuch,Bharuch,Gujarat,21.778614,72.980311,MoPR_LGD_and_ISRO_Bhuvan,LGD_2026_Bhuvan_2024,4093,MATCHED_AUTHORITATIVE_BOUNDARY
4094,Hansot,Bharuch,Gujarat,21.51312,72.792312,MoPR_LGD_and_ISRO_Bhuvan,LGD_2026_Bhuvan_2024,4094,MATCHED_AUTHORITATIVE_BOUNDARY
4095,Jambusar,Bharuch,Gujarat,22.080333,72.705031,MoPR_LGD_and_ISRO_Bhuvan,LGD_2026_Bhuvan_2024,4095,MATCHED_AUTHORITATIVE_BOUNDARY
4096,Jhagadia,Bharuch,Gujarat,21.742665,73.223751,MoPR_LGD_and_ISRO_Bhuvan,LGD_2026_Bhuvan_2024,4096,MATCHED_AUTHORITATIVE_BOUNDARY
7157,Netrang,Bharuch,Gujarat,21.633394,73.390041,MoPR_LGD_and_ISRO_Bhuvan,LGD_2026_Bhuvan_2024,7157,MATCHED_AUTHORITATIVE_BOUNDARY
4097,Vagra,Bharuch,Gujarat,21.760059,72.717212,MoPR_LGD_and_ISRO_Bhuvan,LGD_2026_Bhuvan_2024,4097,MATCHED_AUTHORITATIVE_BOUNDARY
4098,Valia,Bharuch,Gujarat,21.557681,73.208998,MoPR_LGD_and_ISRO_Bhuvan,LGD_2026_Bhuvan_2024,4098,MATCHED_AUTHORITATIVE_BOUNDARY
4099,Bhavnagar,Bhavnagar,Gujarat,21.836028,72.11571,MoPR_LGD_and_ISRO_Bhuvan,LGD_2026_Bhuvan_2024,4099,MATCHED_AUTHORITATIVE_BOUNDARY
4102,Gariadhar,Bhavnagar,Gujarat,21.546743,71.61318,MoPR_LGD_and_ISRO_Bhuvan,LGD_2026_Bhuvan_2024,4102,MATCHED_AUTHORITATIVE_BOUNDARY
4103,Ghogha,Bhavnagar,Gujarat,21.579786,72.188175,MoPR_LGD_and_ISRO_Bhuvan,LGD_2026_Bhuvan_2024,4103,MATCHED_AUTHORITATIVE_BOUNDARY
7117,Jesar,Bhavnagar,Gujarat,21.334569,71.647441,MoPR_LGD_and_ISRO_Bhuvan,LGD_2026_Bhuvan_2024,7117,MATCHED_AUTHORITATIVE_BOUNDARY
4104,Mahuva,Bhavnagar,Gujarat,21.184029,71.767025,MoPR_LGD_and_ISRO_Bhuvan,LGD_2026_Bhuvan_2024,4104,MATCHED_AUTHORITATIVE_BOUNDARY
4105,Palitana,Bhavnagar,Gujarat,21.523487,71.808572,MoPR_LGD_and_ISRO_Bhuvan,LGD_2026_Bhuvan_2024,4105,MATCHED_AUTHORITATIVE_BOUNDARY
4106,Sihor,Bhavnagar,Gujarat,21.671793,71.898623,MoPR_LGD_and_ISRO_Bhuvan,LGD_2026_Bhuvan_2024,4106,MATCHED_AUTHORITATIVE_BOUNDARY
4107,Talaja,Bhavnagar,Gujarat,21.352255,72.030004,MoPR_LGD_and_ISRO_Bhuvan,LGD_2026_Bhuvan_2024,4107,MATCHED_AUTHORITATIVE_BOUNDARY
4108,Umrala,Bhavnagar,Gujarat,21.821536,71.737062,MoPR_LGD_and_ISRO_Bhuvan,LGD_2026_Bhuvan_2024,4108,MATCHED_AUTHORITATIVE_BOUNDARY
4109,Vallabhipur,Bhavnagar,Gujarat,21.958224,71.889894,MoPR_LGD_and_ISRO_Bhuvan,LGD_2026_Bhuvan_2024,4109,MATCHED_AUTHORITATIVE_BOUNDARY
4050,Barvala,Botad,Gujarat,22.177909,71.912879,MoPR_LGD_and_ISRO_Bhuvan,LGD_2026_Bhuvan_2024,4050,MATCHED_AUTHORITATIVE_BOUNDARY
4100,Botad,Botad,Gujarat,22.170301,71.639816,MoPR_LGD_and_ISRO_Bhuvan,LGD_2026_Bhuvan_2024,4100,MATCHED_AUTHORITATIVE_BOUNDARY
4101,Gadhada,Botad,Gujarat,21.940326,71.575024,MoPR_LGD_and_ISRO_Bhuvan,LGD_2026_Bhuvan_2024,4101,MATCHED_AUTHORITATIVE_BOUNDARY
4057,Ranpur,Botad,Gujarat,22.290569,71.745102,MoPR_LGD_and_ISRO_Bhuvan,LGD_2026_Bhuvan_2024,4057,MATCHED_AUTHORITATIVE_BOUNDARY
7156,Bodeli,Chhotaudepur,Gujarat,22.250692,73.727817,MoPR_LGD_and_ISRO_Bhuvan,LGD_2026_Bhuvan_2024,7156,MATCHED_AUTHORITATIVE_BOUNDARY
4257,Chhota Udepur,Chhotaudepur,Gujarat,22.395919,74.027602,MoPR_LGD_and_ISRO_Bhuvan,LGD_2026_Bhuvan_2024,4257,MATCHED_AUTHORITATIVE_BOUNDARY
4259,Jetpur Pavi,Chhotaudepur,Gujarat,22.348492,73.855645,MoPR_LGD_and_ISRO_Bhuvan,LGD_2026_Bhuvan_2024,4259,MATCHED_AUTHORITATIVE_BOUNDARY
7617,Kadval,Chhotaudepur,Gujarat,,,MoPR_LGD_and_ISRO_Bhuvan,LGD_2026_Bhuvan_2024,7617,PENDING_OFFICIAL_BOUNDARY_MATCH
4261,Kawant,Chhotaudepur,Gujarat,22.087573,74.034967,MoPR_LGD_and_ISRO_Bhuvan,LGD_2026_Bhuvan_2024,4261,MATCHED_AUTHORITATIVE_BOUNDARY
4262,Naswadi,Chhotaudepur,Gujarat,22.002696,73.848269,MoPR_LGD_and_ISRO_Bhuvan,LGD_2026_Bhuvan_2024,4262,MATCHED_AUTHORITATIVE_BOUNDARY
4264,Sankheda,Chhotaudepur,Gujarat,22.15288,73.601665,MoPR_LGD_and_ISRO_Bhuvan,LGD_2026_Bhuvan_2024,4264,MATCHED_AUTHORITATIVE_BOUNDARY
4111,Dahod,Dahod,Gujarat,22.841127,74.305711,MoPR_LGD_and_ISRO_Bhuvan,LGD_2026_Bhuvan_2024,4111,MATCHED_AUTHORITATIVE_BOUNDARY
4112,Devgad Bariya,Dahod,Gujarat,22.671895,73.90809,MoPR_LGD_and_ISRO_Bhuvan,LGD_2026_Bhuvan_2024,4112,MATCHED_AUTHORITATIVE_BOUNDARY
4113,Dhanpur,Dahod,Gujarat,22.644021,74.110748,MoPR_LGD_and_ISRO_Bhuvan,LGD_2026_Bhuvan_2024,4113,MATCHED_AUTHORITATIVE_BOUNDARY
4114,Fatepura,Dahod,Gujarat,23.203207,74.04865,MoPR_LGD_and_ISRO_Bhuvan,LGD_2026_Bhuvan_2024,4114,MATCHED_AUTHORITATIVE_BOUNDARY
4115,Garbada,Dahod,Gujarat,22.70636,74.273594,MoPR_LGD_and_ISRO_Bhuvan,LGD_2026_Bhuvan_2024,4115,MATCHED_AUTHORITATIVE_BOUNDARY
7616,Govind Guru Limdi,Dahod,Gujarat,,,MoPR_LGD_and_ISRO_Bhuvan,LGD_2026_Bhuvan_2024,7616,PENDING_OFFICIAL_BOUNDARY_MATCH
4116,Jhalod,Dahod,Gujarat,23.033097,74.194823,MoPR_LGD_and_ISRO_Bhuvan,LGD_2026_Bhuvan_2024,4116,MATCHED_AUTHORITATIVE_BOUNDARY
4117,Limkheda,Dahod,Gujarat,22.831769,74.044623,MoPR_LGD_and_ISRO_Bhuvan,LGD_2026_Bhuvan_2024,4117,MATCHED_AUTHORITATIVE_BOUNDARY
7132,Sanjeli,Dahod,Gujarat,23.054862,73.995441,MoPR_LGD_and_ISRO_Bhuvan,LGD_2026_Bhuvan_2024,7132,MATCHED_AUTHORITATIVE_BOUNDARY
7124,Singvad,Dahod,Gujarat,22.950708,73.968543,MoPR_LGD_and_ISRO_Bhuvan,LGD_2026_Bhuvan_2024,7124,MATCHED_AUTHORITATIVE_BOUNDARY
7613,Sukhsar,Dahod,Gujarat,,,MoPR_LGD_and_ISRO_Bhuvan,LGD_2026_Bhuvan_2024,7613,PENDING_OFFICIAL_BOUNDARY_MATCH
4110,Ahwa,Dangs,Gujarat,20.735753,73.731166,MoPR_LGD_and_ISRO_Bhuvan,LGD_2026_Bhuvan_2024,4110,MATCHED_AUTHORITATIVE_BOUNDARY
7109,Subir,Dangs,Gujarat,20.894725,73.804246,MoPR_LGD_and_ISRO_Bhuvan,LGD_2026_Bhuvan_2024,7109,MATCHED_AUTHORITATIVE_BOUNDARY
7108,Waghai,Dangs,Gujarat,20.789057,73.538322,MoPR_LGD_and_ISRO_Bhuvan,LGD_2026_Bhuvan_2024,7108,MATCHED_AUTHORITATIVE_BOUNDARY
4122,Bhanvad,Devbhumi Dwarka,Gujarat,21.936443,69.775081,MoPR_LGD_and_ISRO_Bhuvan,LGD_2026_Bhuvan_2024,4122,MATCHED_AUTHORITATIVE_BOUNDARY
4128,Kalyanpur,Devbhumi Dwarka,Gujarat,22.063416,69.356958,MoPR_LGD_and_ISRO_Bhuvan,LGD_2026_Bhuvan_2024,4128,MATCHED_AUTHORITATIVE_BOUNDARY
4129,Khambhalia,Devbhumi Dwarka,Gujarat,22.214837,69.611418,MoPR_LGD_and_ISRO_Bhuvan,LGD_2026_Bhuvan_2024,4129,MATCHED_AUTHORITATIVE_BOUNDARY
4131,Okhamandal,Devbhumi Dwarka,Gujarat,22.270136,69.070531,MoPR_LGD_and_ISRO_Bhuvan,LGD_2026_Bhuvan_2024,4131,MATCHED_AUTHORITATIVE_BOUNDARY
4118,Dehgam,Gandhinagar,Gujarat,23.167153,72.875989,MoPR_LGD_and_ISRO_Bhuvan,LGD_2026_Bhuvan_2024,4118,MATCHED_AUTHORITATIVE_BOUNDARY
4119,Gandhinagar,Gandhinagar,Gujarat,23.22954,72.672592,MoPR_LGD_and_ISRO_Bhuvan,LGD_2026_Bhuvan_2024,4119,MATCHED_AUTHORITATIVE_BOUNDARY
4120,Kalol,Gandhinagar,Gujarat,23.244146,72.500456,MoPR_LGD_and_ISRO_Bhuvan,LGD_2026_Bhuvan_2024,4120,MATCHED_AUTHORITATIVE_BOUNDARY
4121,Mansa,Gandhinagar,Gujarat,23.457231,72.679884,MoPR_LGD_and_ISRO_Bhuvan,LGD_2026_Bhuvan_2024,4121,MATCHED_AUTHORITATIVE_BOUNDARY
7158,Girgadhda,Gir Somnath,Gujarat,20.928692,70.980865,MoPR_LGD_and_ISRO_Bhuvan,LGD_2026_Bhuvan_2024,7158,MATCHED_AUTHORITATIVE_BOUNDARY
4135,Kodinar,Gir Somnath,Gujarat,20.83215,70.764009,MoPR_LGD_and_ISRO_Bhuvan,LGD_2026_Bhuvan_2024,4135,MATCHED_AUTHORITATIVE_BOUNDARY
4140,Patan Veraval,Gir Somnath,Gujarat,20.960474,70.416203,MoPR_LGD_and_ISRO_Bhuvan,LGD_2026_Bhuvan_2024,4140,MATCHED_AUTHORITATIVE_BOUNDARY
4141,Sutrapada,Gir Somnath,Gujarat,20.866243,70.578644,MoPR_LGD_and_ISRO_Bhuvan,LGD_2026_Bhuvan_2024,4141,MATCHED_AUTHORITATIVE_BOUNDARY
4142,Talala,Gir Somnath,Gujarat,21.044126,70.589452,MoPR_LGD_and_ISRO_Bhuvan,LGD_2026_Bhuvan_2024,4142,MATCHED_AUTHORITATIVE_BOUNDARY
4143,Una,Gir Somnath,Gujarat,20.814428,71.039087,MoPR_LGD_and_ISRO_Bhuvan,LGD_2026_Bhuvan_2024,4143,MATCHED_AUTHORITATIVE_BOUNDARY
4123,Dhrol,Jamnagar,Gujarat,22.541071,70.458205,MoPR_LGD_and_ISRO_Bhuvan,LGD_2026_Bhuvan_2024,4123,MATCHED_AUTHORITATIVE_BOUNDARY
4124,Jamjodhpur,Jamnagar,Gujarat,21.94696,70.045738,MoPR_LGD_and_ISRO_Bhuvan,LGD_2026_Bhuvan_2024,4124,MATCHED_AUTHORITATIVE_BOUNDARY
4125,Jamnagar,Jamnagar,Gujarat,22.416788,70.153198,MoPR_LGD_and_ISRO_Bhuvan,LGD_2026_Bhuvan_2024,4125,MATCHED_AUTHORITATIVE_BOUNDARY
4126,Jodiya,Jamnagar,Gujarat,22.700905,70.410491,MoPR_LGD_and_ISRO_Bhuvan,LGD_2026_Bhuvan_2024,4126,MATCHED_AUTHORITATIVE_BOUNDARY
4127,Kalavad,Jamnagar,Gujarat,22.178307,70.372563,MoPR_LGD_and_ISRO_Bhuvan,LGD_2026_Bhuvan_2024,4127,MATCHED_AUTHORITATIVE_BOUNDARY
4130,Lalpur,Jamnagar,Gujarat,22.224366,69.936763,MoPR_LGD_and_ISRO_Bhuvan,LGD_2026_Bhuvan_2024,4130,MATCHED_AUTHORITATIVE_BOUNDARY
4132,Bhesan,Junagadh,Gujarat,21.569712,70.725524,MoPR_LGD_and_ISRO_Bhuvan,LGD_2026_Bhuvan_2024,4132,MATCHED_AUTHORITATIVE_BOUNDARY
4133,Junagadh,Junagadh,Gujarat,21.514739,70.508447,MoPR_LGD_and_ISRO_Bhuvan,LGD_2026_Bhuvan_2024,4133,MATCHED_AUTHORITATIVE_BOUNDARY
4134,Keshod,Junagadh,Gujarat,21.305008,70.228942,MoPR_LGD_and_ISRO_Bhuvan,LGD_2026_Bhuvan_2024,4134,MATCHED_AUTHORITATIVE_BOUNDARY
4136,Malia,Junagadh,Gujarat,21.116076,70.333911,MoPR_LGD_and_ISRO_Bhuvan,LGD_2026_Bhuvan_2024,4136,MATCHED_AUTHORITATIVE_BOUNDARY
4137,Manavadar,Junagadh,Gujarat,21.522314,70.123238,MoPR_LGD_and_ISRO_Bhuvan,LGD_2026_Bhuvan_2024,4137,MATCHED_AUTHORITATIVE_BOUNDARY
4138,Mangrol,Junagadh,Gujarat,21.237514,70.083406,MoPR_LGD_and_ISRO_Bhuvan,LGD_2026_Bhuvan_2024,4138,MATCHED_AUTHORITATIVE_BOUNDARY
4139,Mendarda,Junagadh,Gujarat,21.151364,70.734604,MoPR_LGD_and_ISRO_Bhuvan,LGD_2026_Bhuvan_2024,4139,MATCHED_AUTHORITATIVE_BOUNDARY
4144,Vanthali,Junagadh,Gujarat,21.46598,70.328536,MoPR_LGD_and_ISRO_Bhuvan,LGD_2026_Bhuvan_2024,4144,MATCHED_AUTHORITATIVE_BOUNDARY
4145,Visavadar,Junagadh,Gujarat,21.339877,70.748902,MoPR_LGD_and_ISRO_Bhuvan,LGD_2026_Bhuvan_2024,4145,MATCHED_AUTHORITATIVE_BOUNDARY
4146,Abdasa,Kachchh,Gujarat,23.237995,68.916248,MoPR_LGD_and_ISRO_Bhuvan,LGD_2026_Bhuvan_2024,4146,MATCHED_AUTHORITATIVE_BOUNDARY
4147,Anjar,Kachchh,Gujarat,23.149734,70.021559,MoPR_LGD_and_ISRO_Bhuvan,LGD_2026_Bhuvan_2024,4147,MATCHED_AUTHORITATIVE_BOUNDARY
4148,Bhachau,Kachchh,Gujarat,23.438604,70.413492,MoPR_LGD_and_ISRO_Bhuvan,LGD_2026_Bhuvan_2024,4148,MATCHED_AUTHORITATIVE_BOUNDARY
4149,Bhuj,Kachchh,Gujarat,23.495169,69.683072,MoPR_LGD_and_ISRO_Bhuvan,LGD_2026_Bhuvan_2024,4149,MATCHED_AUTHORITATIVE_BOUNDARY
4150,Gandhidham,Kachchh,Gujarat,23.040654,70.151405,MoPR_LGD_and_ISRO_Bhuvan,LGD_2026_Bhuvan_2024,4150,MATCHED_AUTHORITATIVE_BOUNDARY
4151,Lakhpat,Kachchh,Gujarat,23.630015,68.798125,MoPR_LGD_and_ISRO_Bhuvan,LGD_2026_Bhuvan_2024,4151,MATCHED_AUTHORITATIVE_BOUNDARY
4152,Mandvi,Kachchh,Gujarat,22.973395,69.316786,MoPR_LGD_and_ISRO_Bhuvan,LGD_2026_Bhuvan_2024,4152,MATCHED_AUTHORITATIVE_BOUNDARY
4153,Mundra,Kachchh,Gujarat,22.922148,69.708092,MoPR_LGD_and_ISRO_Bhuvan,LGD_2026_Bhuvan_2024,4153,MATCHED_AUTHORITATIVE_BOUNDARY
4154,Nakhatrana,Kachchh,Gujarat,23.418019,69.258802,MoPR_LGD_and_ISRO_Bhuvan,LGD_2026_Bhuvan_2024,4154,MATCHED_AUTHORITATIVE_BOUNDARY
4155,Rapar,Kachchh,Gujarat,23.609476,70.753742,MoPR_LGD_and_ISRO_Bhuvan,LGD_2026_Bhuvan_2024,4155,MATCHED_AUTHORITATIVE_BOUNDARY
7618,Fagvel,Kheda,Gujarat,,,MoPR_LGD_and_ISRO_Bhuvan,LGD_2026_Bhuvan_2024,7618,PENDING_OFFICIAL_BOUNDARY_MATCH
7128,Galteshwar,Kheda,Gujarat,22.863652,73.312915,MoPR_LGD_and_ISRO_Bhuvan,LGD_2026_Bhuvan_2024,7128,MATCHED_AUTHORITATIVE_BOUNDARY
4157,Kapadvanj,Kheda,Gujarat,23.049892,73.104824,MoPR_LGD_and_ISRO_Bhuvan,LGD_2026_Bhuvan_2024,4157,MATCHED_AUTHORITATIVE_BOUNDARY
4158,Kathlal,Kheda,Gujarat,22.944251,73.005346,MoPR_LGD_and_ISRO_Bhuvan,LGD_2026_Bhuvan_2024,4158,MATCHED_AUTHORITATIVE_BOUNDARY
4159,Kheda,Kheda,Gujarat,22.776445,72.618399,MoPR_LGD_and_ISRO_Bhuvan,LGD_2026_Bhuvan_2024,4159,MATCHED_AUTHORITATIVE_BOUNDARY
4160,Mahudha,Kheda,Gujarat,22.812366,72.990349,MoPR_LGD_and_ISRO_Bhuvan,LGD_2026_Bhuvan_2024,4160,MATCHED_AUTHORITATIVE_BOUNDARY
4161,Matar,Kheda,Gujarat,22.628303,72.631877,MoPR_LGD_and_ISRO_Bhuvan,LGD_2026_Bhuvan_2024,4161,MATCHED_AUTHORITATIVE_BOUNDARY
4162,Mehmedabad,Kheda,Gujarat,22.853628,72.803759,MoPR_LGD_and_ISRO_Bhuvan,LGD_2026_Bhuvan_2024,4162,MATCHED_AUTHORITATIVE_BOUNDARY
4163,Nadiad,Kheda,Gujarat,22.695362,72.898349,MoPR_LGD_and_ISRO_Bhuvan,LGD_2026_Bhuvan_2024,4163,MATCHED_AUTHORITATIVE_BOUNDARY
4164,Thasra,Kheda,Gujarat,22.789215,73.173972,MoPR_LGD_and_ISRO_Bhuvan,LGD_2026_Bhuvan_2024,4164,MATCHED_AUTHORITATIVE_BOUNDARY
7131,Vaso,Kheda,Gujarat,22.65461,72.763177,MoPR_LGD_and_ISRO_Bhuvan,LGD_2026_Bhuvan_2024,7131,MATCHED_AUTHORITATIVE_BOUNDARY
4166,Bechraji,Mahesana,Gujarat,23.546425,72.106773,MoPR_LGD_and_ISRO_Bhuvan,LGD_2026_Bhuvan_2024,4166,MATCHED_AUTHORITATIVE_BOUNDARY
7118,Jotana,Mahesana,Gujarat,23.450965,72.275756,MoPR_LGD_and_ISRO_Bhuvan,LGD_2026_Bhuvan_2024,7118,MATCHED_AUTHORITATIVE_BOUNDARY
4167,Kadi,Mahesana,Gujarat,23.247154,72.324151,MoPR_LGD_and_ISRO_Bhuvan,LGD_2026_Bhuvan_2024,4167,MATCHED_AUTHORITATIVE_BOUNDARY
4168,Kheralu,Mahesana,Gujarat,23.910595,72.624397,MoPR_LGD_and_ISRO_Bhuvan,LGD_2026_Bhuvan_2024,4168,MATCHED_AUTHORITATIVE_BOUNDARY
4169,Mahesana,Mahesana,Gujarat,23.54386,72.397836,MoPR_LGD_and_ISRO_Bhuvan,LGD_2026_Bhuvan_2024,4169,MATCHED_AUTHORITATIVE_BOUNDARY
4170,Satlasna,Mahesana,Gujarat,24.009648,72.752031,MoPR_LGD_and_ISRO_Bhuvan,LGD_2026_Bhuvan_2024,4170,MATCHED_AUTHORITATIVE_BOUNDARY
4171,Unjha,Mahesana,Gujarat,23.811301,72.400659,MoPR_LGD_and_ISRO_Bhuvan,LGD_2026_Bhuvan_2024,4171,MATCHED_AUTHORITATIVE_BOUNDARY
4172,Vadnagar,Mahesana,Gujarat,23.805754,72.677159,MoPR_LGD_and_ISRO_Bhuvan,LGD_2026_Bhuvan_2024,4172,MATCHED_AUTHORITATIVE_BOUNDARY
4173,Vijapur,Mahesana,Gujarat,23.619924,72.710815,MoPR_LGD_and_ISRO_Bhuvan,LGD_2026_Bhuvan_2024,4173,MATCHED_AUTHORITATIVE_BOUNDARY
4174,Visnagar,Mahesana,Gujarat,23.68569,72.517271,MoPR_LGD_and_ISRO_Bhuvan,LGD_2026_Bhuvan_2024,4174,MATCHED_AUTHORITATIVE_BOUNDARY
4156,Balasinor,Mahisagar,Gujarat,23.016329,73.347005,MoPR_LGD_and_ISRO_Bhuvan,LGD_2026_Bhuvan_2024,4156,MATCHED_AUTHORITATIVE_BOUNDARY
7604,Godhar,Mahisagar,Gujarat,,,MoPR_LGD_and_ISRO_Bhuvan,LGD_2026_Bhuvan_2024,7604,PENDING_OFFICIAL_BOUNDARY_MATCH
4188,Kadana,Mahisagar,Gujarat,23.315694,73.790979,MoPR_LGD_and_ISRO_Bhuvan,LGD_2026_Bhuvan_2024,4188,MATCHED_AUTHORITATIVE_BOUNDARY
4190,Khanpur,Mahisagar,Gujarat,23.318705,73.631368,MoPR_LGD_and_ISRO_Bhuvan,LGD_2026_Bhuvan_2024,4190,MATCHED_AUTHORITATIVE_BOUNDARY
7612,Kothmba,Mahisagar,Gujarat,,,MoPR_LGD_and_ISRO_Bhuvan,LGD_2026_Bhuvan_2024,7612,PENDING_OFFICIAL_BOUNDARY_MATCH
4191,Lunawada,Mahisagar,Gujarat,23.107719,73.57512,MoPR_LGD_and_ISRO_Bhuvan,LGD_2026_Bhuvan_2024,4191,MATCHED_AUTHORITATIVE_BOUNDARY
4193,Santrampur,Mahisagar,Gujarat,23.184215,73.873186,MoPR_LGD_and_ISRO_Bhuvan,LGD_2026_Bhuvan_2024,4193,MATCHED_AUTHORITATIVE_BOUNDARY
4165,Virpur,Mahisagar,Gujarat,23.21133,73.460393,MoPR_LGD_and_ISRO_Bhuvan,LGD_2026_Bhuvan_2024,4165,MATCHED_AUTHORITATIVE_BOUNDARY
4251,Halvad,Morbi,Gujarat,22.993099,71.138721,MoPR_LGD_and_ISRO_Bhuvan,LGD_2026_Bhuvan_2024,4251,MATCHED_AUTHORITATIVE_BOUNDARY
4212,Maliya,Morbi,Gujarat,23.047516,70.759335,MoPR_LGD_and_ISRO_Bhuvan,LGD_2026_Bhuvan_2024,4212,MATCHED_AUTHORITATIVE_BOUNDARY
4213,Morvi,Morbi,Gujarat,22.865366,70.783212,MoPR_LGD_and_ISRO_Bhuvan,LGD_2026_Bhuvan_2024,4213,MATCHED_AUTHORITATIVE_BOUNDARY
4216,Tankara,Morbi,Gujarat,22.624628,70.716617,MoPR_LGD_and_ISRO_Bhuvan,LGD_2026_Bhuvan_2024,4216,MATCHED_AUTHORITATIVE_BOUNDARY
4218,Wankaner,Morbi,Gujarat,22.59156,70.978881,MoPR_LGD_and_ISRO_Bhuvan,LGD_2026_Bhuvan_2024,4218,MATCHED_AUTHORITATIVE_BOUNDARY
7611,Chikda,Narmada,Gujarat,,,MoPR_LGD_and_ISRO_Bhuvan,LGD_2026_Bhuvan_2024,7611,PENDING_OFFICIAL_BOUNDARY_MATCH
4175,Dediyapada,Narmada,Gujarat,21.640721,73.645921,MoPR_LGD_and_ISRO_Bhuvan,LGD_2026_Bhuvan_2024,4175,MATCHED_AUTHORITATIVE_BOUNDARY
7129,Garudeshwar,Narmada,Gujarat,21.872468,73.743963,MoPR_LGD_and_ISRO_Bhuvan,LGD_2026_Bhuvan_2024,7129,MATCHED_AUTHORITATIVE_BOUNDARY
4176,Nandod,Narmada,Gujarat,21.843981,73.477653,MoPR_LGD_and_ISRO_Bhuvan,LGD_2026_Bhuvan_2024,4176,MATCHED_AUTHORITATIVE_BOUNDARY
4177,Sagbara,Narmada,Gujarat,21.496969,73.801443,MoPR_LGD_and_ISRO_Bhuvan,LGD_2026_Bhuvan_2024,4177,MATCHED_AUTHORITATIVE_BOUNDARY
4178,Tilakwada,Narmada,Gujarat,21.994714,73.606799,MoPR_LGD_and_ISRO_Bhuvan,LGD_2026_Bhuvan_2024,4178,MATCHED_AUTHORITATIVE_BOUNDARY
4179,Chikhali,Navsari,Gujarat,20.759564,73.141802,MoPR_LGD_and_ISRO_Bhuvan,LGD_2026_Bhuvan_2024,4179,MATCHED_AUTHORITATIVE_BOUNDARY
4180,Gandevi,Navsari,Gujarat,20.803911,72.97064,MoPR_LGD_and_ISRO_Bhuvan,LGD_2026_Bhuvan_2024,4180,MATCHED_AUTHORITATIVE_BOUNDARY
4181,Jalalpore,Navsari,Gujarat,20.954351,72.858632,MoPR_LGD_and_ISRO_Bhuvan,LGD_2026_Bhuvan_2024,4181,MATCHED_AUTHORITATIVE_BOUNDARY
7116,Khergam,Navsari,Gujarat,20.636518,73.137759,MoPR_LGD_and_ISRO_Bhuvan,LGD_2026_Bhuvan_2024,7116,MATCHED_AUTHORITATIVE_BOUNDARY
4182,Navsari,Navsari,Gujarat,20.943931,73.007366,MoPR_LGD_and_ISRO_Bhuvan,LGD_2026_Bhuvan_2024,4182,MATCHED_AUTHORITATIVE_BOUNDARY
4183,Vansda,Navsari,Gujarat,20.729483,73.336589,MoPR_LGD_and_ISRO_Bhuvan,LGD_2026_Bhuvan_2024,4183,MATCHED_AUTHORITATIVE_BOUNDARY
4184,Ghoghamba,Panch Mahals,Gujarat,22.601411,73.712393,MoPR_LGD_and_ISRO_Bhuvan,LGD_2026_Bhuvan_2024,4184,MATCHED_AUTHORITATIVE_BOUNDARY
4185,Godhra,Panch Mahals,Gujarat,22.793218,73.589116,MoPR_LGD_and_ISRO_Bhuvan,LGD_2026_Bhuvan_2024,4185,MATCHED_AUTHORITATIVE_BOUNDARY
4186,Halol,Panch Mahals,Gujarat,22.456251,73.536349,MoPR_LGD_and_ISRO_Bhuvan,LGD_2026_Bhuvan_2024,4186,MATCHED_AUTHORITATIVE_BOUNDARY
4187,Jambughoda,Panch Mahals,Gujarat,22.373421,73.69895,MoPR_LGD_and_ISRO_Bhuvan,LGD_2026_Bhuvan_2024,4187,MATCHED_AUTHORITATIVE_BOUNDARY
4189,Kalol,Panch Mahals,Gujarat,22.644641,73.515505,MoPR_LGD_and_ISRO_Bhuvan,LGD_2026_Bhuvan_2024,4189,MATCHED_AUTHORITATIVE_BOUNDARY
4192,Morvahadaf,Panch Mahals,Gujarat,22.963268,73.834782,MoPR_LGD_and_ISRO_Bhuvan,LGD_2026_Bhuvan_2024,4192,MATCHED_AUTHORITATIVE_BOUNDARY
4194,Shehera,Panch Mahals,Gujarat,22.944817,73.618873,MoPR_LGD_and_ISRO_Bhuvan,LGD_2026_Bhuvan_2024,4194,MATCHED_AUTHORITATIVE_BOUNDARY
4195,Chanasma,Patan,Gujarat,23.67763,72.135765,MoPR_LGD_and_ISRO_Bhuvan,LGD_2026_Bhuvan_2024,4195,MATCHED_AUTHORITATIVE_BOUNDARY
4196,Harij,Patan,Gujarat,23.75454,71.916753,MoPR_LGD_and_ISRO_Bhuvan,LGD_2026_Bhuvan_2024,4196,MATCHED_AUTHORITATIVE_BOUNDARY
4197,Patan,Patan,Gujarat,23.814039,72.154766,MoPR_LGD_and_ISRO_Bhuvan,LGD_2026_Bhuvan_2024,4197,MATCHED_AUTHORITATIVE_BOUNDARY
4198,Radhanpur,Patan,Gujarat,23.831734,71.579486,MoPR_LGD_and_ISRO_Bhuvan,LGD_2026_Bhuvan_2024,4198,MATCHED_AUTHORITATIVE_BOUNDARY
4199,Sami,Patan,Gujarat,23.668258,71.653485,MoPR_LGD_and_ISRO_Bhuvan,LGD_2026_Bhuvan_2024,4199,MATCHED_AUTHORITATIVE_BOUNDARY
7120,Sankheshwar,Patan,Gujarat,23.532011,71.770282,MoPR_LGD_and_ISRO_Bhuvan,LGD_2026_Bhuvan_2024,7120,MATCHED_AUTHORITATIVE_BOUNDARY
4200,Santalpur,Patan,Gujarat,23.799376,71.292652,MoPR_LGD_and_ISRO_Bhuvan,LGD_2026_Bhuvan_2024,4200,MATCHED_AUTHORITATIVE_BOUNDARY
7121,Saraswati,Patan,Gujarat,23.978609,72.107071,MoPR_LGD_and_ISRO_Bhuvan,LGD_2026_Bhuvan_2024,7121,MATCHED_AUTHORITATIVE_BOUNDARY
4201,Sidhpur,Patan,Gujarat,23.954631,72.325226,MoPR_LGD_and_ISRO_Bhuvan,LGD_2026_Bhuvan_2024,4201,MATCHED_AUTHORITATIVE_BOUNDARY
4202,Kutiyana,Porbandar,Gujarat,21.619473,69.973434,MoPR_LGD_and_ISRO_Bhuvan,LGD_2026_Bhuvan_2024,4202,MATCHED_AUTHORITATIVE_BOUNDARY
4203,Porbandar,Porbandar,Gujarat,21.603494,69.676166,MoPR_LGD_and_ISRO_Bhuvan,LGD_2026_Bhuvan_2024,4203,MATCHED_AUTHORITATIVE_BOUNDARY
4204,Ranavav,Porbandar,Gujarat,21.675354,69.785832,MoPR_LGD_and_ISRO_Bhuvan,LGD_2026_Bhuvan_2024,4204,MATCHED_AUTHORITATIVE_BOUNDARY
4205,Dhoraji,Rajkot,Gujarat,21.701214,70.382752,MoPR_LGD_and_ISRO_Bhuvan,LGD_2026_Bhuvan_2024,4205,MATCHED_AUTHORITATIVE_BOUNDARY
4206,Gondal,Rajkot,Gujarat,21.923395,70.809714,MoPR_LGD_and_ISRO_Bhuvan,LGD_2026_Bhuvan_2024,4206,MATCHED_AUTHORITATIVE_BOUNDARY
4207,Jamkandorna,Rajkot,Gujarat,21.927604,70.445167,MoPR_LGD_and_ISRO_Bhuvan,LGD_2026_Bhuvan_2024,4207,MATCHED_AUTHORITATIVE_BOUNDARY
4208,Jasdan,Rajkot,Gujarat,22.048563,71.130757,MoPR_LGD_and_ISRO_Bhuvan,LGD_2026_Bhuvan_2024,4208,MATCHED_AUTHORITATIVE_BOUNDARY
4209,Jetpur,Rajkot,Gujarat,21.759028,70.643825,MoPR_LGD_and_ISRO_Bhuvan,LGD_2026_Bhuvan_2024,4209,MATCHED_AUTHORITATIVE_BOUNDARY
4210,Kotda Sangani,Rajkot,Gujarat,22.051405,70.840427,MoPR_LGD_and_ISRO_Bhuvan,LGD_2026_Bhuvan_2024,4210,MATCHED_AUTHORITATIVE_BOUNDARY
4211,Lodhika,Rajkot,Gujarat,22.19808,70.658282,MoPR_LGD_and_ISRO_Bhuvan,LGD_2026_Bhuvan_2024,4211,MATCHED_AUTHORITATIVE_BOUNDARY
4214,Paddhari,Rajkot,Gujarat,22.404153,70.593418,MoPR_LGD_and_ISRO_Bhuvan,LGD_2026_Bhuvan_2024,4214,MATCHED_AUTHORITATIVE_BOUNDARY
4215,Rajkot,Rajkot,Gujarat,22.287637,70.888749,MoPR_LGD_and_ISRO_Bhuvan,LGD_2026_Bhuvan_2024,4215,MATCHED_AUTHORITATIVE_BOUNDARY
4217,Upleta,Rajkot,Gujarat,21.803601,70.219369,MoPR_LGD_and_ISRO_Bhuvan,LGD_2026_Bhuvan_2024,4217,MATCHED_AUTHORITATIVE_BOUNDARY
7133,Vinchhiya,Rajkot,Gujarat,22.13719,71.375694,MoPR_LGD_and_ISRO_Bhuvan,LGD_2026_Bhuvan_2024,7133,MATCHED_AUTHORITATIVE_BOUNDARY
4222,Himatnagar,Sabar Kantha,Gujarat,23.618964,73.024576,MoPR_LGD_and_ISRO_Bhuvan,LGD_2026_Bhuvan_2024,4222,MATCHED_AUTHORITATIVE_BOUNDARY
4223,Idar,Sabar Kantha,Gujarat,23.809654,72.986736,MoPR_LGD_and_ISRO_Bhuvan,LGD_2026_Bhuvan_2024,4223,MATCHED_AUTHORITATIVE_BOUNDARY
4224,Khedbrahma,Sabar Kantha,Gujarat,24.089562,73.04974,MoPR_LGD_and_ISRO_Bhuvan,LGD_2026_Bhuvan_2024,4224,MATCHED_AUTHORITATIVE_BOUNDARY
7134,Poshina,Sabar Kantha,Gujarat,24.357142,73.059764,MoPR_LGD_and_ISRO_Bhuvan,LGD_2026_Bhuvan_2024,7134,MATCHED_AUTHORITATIVE_BOUNDARY
4228,Prantij,Sabar Kantha,Gujarat,23.444831,72.891648,MoPR_LGD_and_ISRO_Bhuvan,LGD_2026_Bhuvan_2024,4228,MATCHED_AUTHORITATIVE_BOUNDARY
4229,Talod,Sabar Kantha,Gujarat,23.368683,73.015943,MoPR_LGD_and_ISRO_Bhuvan,LGD_2026_Bhuvan_2024,4229,MATCHED_AUTHORITATIVE_BOUNDARY
4230,Vadali,Sabar Kantha,Gujarat,23.949653,72.993185,MoPR_LGD_and_ISRO_Bhuvan,LGD_2026_Bhuvan_2024,4230,MATCHED_AUTHORITATIVE_BOUNDARY
4231,Vijaynagar,Sabar Kantha,Gujarat,23.968635,73.28533,MoPR_LGD_and_ISRO_Bhuvan,LGD_2026_Bhuvan_2024,4231,MATCHED_AUTHORITATIVE_BOUNDARY
7620,Ambika,Surat,Gujarat,,,MoPR_LGD_and_ISRO_Bhuvan,LGD_2026_Bhuvan_2024,7620,PENDING_OFFICIAL_BOUNDARY_MATCH
7610,Areth,Surat,Gujarat,,,MoPR_LGD_and_ISRO_Bhuvan,LGD_2026_Bhuvan_2024,7610,PENDING_OFFICIAL_BOUNDARY_MATCH
4232,Bardoli,Surat,Gujarat,21.135531,73.160846,MoPR_LGD_and_ISRO_Bhuvan,LGD_2026_Bhuvan_2024,4232,MATCHED_AUTHORITATIVE_BOUNDARY
4233,Chorasi,Surat,Gujarat,21.170553,72.702082,MoPR_LGD_and_ISRO_Bhuvan,LGD_2026_Bhuvan_2024,4233,MATCHED_AUTHORITATIVE_BOUNDARY
4234,Kamrej,Surat,Gujarat,21.258788,73.005103,MoPR_LGD_and_ISRO_Bhuvan,LGD_2026_Bhuvan_2024,4234,MATCHED_AUTHORITATIVE_BOUNDARY
4235,Mahuva,Surat,Gujarat,20.946564,73.190153,MoPR_LGD_and_ISRO_Bhuvan,LGD_2026_Bhuvan_2024,4235,MATCHED_AUTHORITATIVE_BOUNDARY
4236,Mandvi,Surat,Gujarat,21.323315,73.261797,MoPR_LGD_and_ISRO_Bhuvan,LGD_2026_Bhuvan_2024,4236,MATCHED_AUTHORITATIVE_BOUNDARY
4237,Mangrol,Surat,Gujarat,21.443644,73.115944,MoPR_LGD_and_ISRO_Bhuvan,LGD_2026_Bhuvan_2024,4237,MATCHED_AUTHORITATIVE_BOUNDARY
4239,Olpad,Surat,Gujarat,21.346351,72.754545,MoPR_LGD_and_ISRO_Bhuvan,LGD_2026_Bhuvan_2024,4239,MATCHED_AUTHORITATIVE_BOUNDARY
4240,Palsana,Surat,Gujarat,21.114665,73.003677,MoPR_LGD_and_ISRO_Bhuvan,LGD_2026_Bhuvan_2024,4240,MATCHED_AUTHORITATIVE_BOUNDARY
4242,Suratcity,Surat,Gujarat,21.166389,72.807748,MoPR_LGD_and_ISRO_Bhuvan,LGD_2026_Bhuvan_2024,4242,MATCHED_AUTHORITATIVE_BOUNDARY
4244,Umarpada,Surat,Gujarat,21.443167,73.514389,MoPR_LGD_and_ISRO_Bhuvan,LGD_2026_Bhuvan_2024,4244,MATCHED_AUTHORITATIVE_BOUNDARY
4247,Chotila,Surendranagar,Gujarat,22.340264,71.179442,MoPR_LGD_and_ISRO_Bhuvan,LGD_2026_Bhuvan_2024,4247,MATCHED_AUTHORITATIVE_BOUNDARY
4248,Chuda,Surendranagar,Gujarat,22.451984,71.737541,MoPR_LGD_and_ISRO_Bhuvan,LGD_2026_Bhuvan_2024,4248,MATCHED_AUTHORITATIVE_BOUNDARY
4249,Dasada,Surendranagar,Gujarat,23.248407,71.782577,MoPR_LGD_and_ISRO_Bhuvan,LGD_2026_Bhuvan_2024,4249,MATCHED_AUTHORITATIVE_BOUNDARY
4250,Dhrangadhra,Surendranagar,Gujarat,22.977947,71.471788,MoPR_LGD_and_ISRO_Bhuvan,LGD_2026_Bhuvan_2024,4250,MATCHED_AUTHORITATIVE_BOUNDARY
4252,Lakhtar,Surendranagar,Gujarat,22.883765,71.839784,MoPR_LGD_and_ISRO_Bhuvan,LGD_2026_Bhuvan_2024,4252,MATCHED_AUTHORITATIVE_BOUNDARY
4253,Limbdi,Surendranagar,Gujarat,22.625308,71.945801,MoPR_LGD_and_ISRO_Bhuvan,LGD_2026_Bhuvan_2024,4253,MATCHED_AUTHORITATIVE_BOUNDARY
4254,Muli,Surendranagar,Gujarat,22.706073,71.355239,MoPR_LGD_and_ISRO_Bhuvan,LGD_2026_Bhuvan_2024,4254,MATCHED_AUTHORITATIVE_BOUNDARY
4255,Sayla,Surendranagar,Gujarat,22.431937,71.420511,MoPR_LGD_and_ISRO_Bhuvan,LGD_2026_Bhuvan_2024,4255,MATCHED_AUTHORITATIVE_BOUNDARY
7136,Thangadh,Surendranagar,Gujarat,22.596426,71.183014,MoPR_LGD_and_ISRO_Bhuvan,LGD_2026_Bhuvan_2024,7136,MATCHED_AUTHORITATIVE_BOUNDARY
4256,Wadhwan,Surendranagar,Gujarat,22.696287,71.637486,MoPR_LGD_and_ISRO_Bhuvan,LGD_2026_Bhuvan_2024,4256,MATCHED_AUTHORITATIVE_BOUNDARY
7127,Dolvan,Tapi,Gujarat,20.913012,73.405477,MoPR_LGD_and_ISRO_Bhuvan,LGD_2026_Bhuvan_2024,7127,MATCHED_AUTHORITATIVE_BOUNDARY
7130,Kukarmunda,Tapi,Gujarat,21.528235,74.130048,MoPR_LGD_and_ISRO_Bhuvan,LGD_2026_Bhuvan_2024,7130,MATCHED_AUTHORITATIVE_BOUNDARY
4238,Nizar,Tapi,Gujarat,21.471065,74.096856,MoPR_LGD_and_ISRO_Bhuvan,LGD_2026_Bhuvan_2024,4238,MATCHED_AUTHORITATIVE_BOUNDARY
4241,Songadh,Tapi,Gujarat,21.169818,73.501083,MoPR_LGD_and_ISRO_Bhuvan,LGD_2026_Bhuvan_2024,4241,MATCHED_AUTHORITATIVE_BOUNDARY
4243,Uchchhal,Tapi,Gujarat,21.280651,73.786185,MoPR_LGD_and_ISRO_Bhuvan,LGD_2026_Bhuvan_2024,4243,MATCHED_AUTHORITATIVE_BOUNDARY
7622,Ukai,Tapi,Gujarat,,,MoPR_LGD_and_ISRO_Bhuvan,LGD_2026_Bhuvan_2024,7622,PENDING_OFFICIAL_BOUNDARY_MATCH
4245,Valod,Tapi,Gujarat,21.057776,73.273241,MoPR_LGD_and_ISRO_Bhuvan,LGD_2026_Bhuvan_2024,4245,MATCHED_AUTHORITATIVE_BOUNDARY
4246,Vyara,Tapi,Gujarat,21.092805,73.39782,MoPR_LGD_and_ISRO_Bhuvan,LGD_2026_Bhuvan_2024,4246,MATCHED_AUTHORITATIVE_BOUNDARY
4258,Dabhoi,Vadodara,Gujarat,22.119743,73.382631,MoPR_LGD_and_ISRO_Bhuvan,LGD_2026_Bhuvan_2024,4258,MATCHED_AUTHORITATIVE_BOUNDARY
7126,Desar,Vadodara,Gujarat,22.717742,73.333532,MoPR_LGD_and_ISRO_Bhuvan,LGD_2026_Bhuvan_2024,7126,MATCHED_AUTHORITATIVE_BOUNDARY
4260,Karjan,Vadodara,Gujarat,21.988613,73.127532,MoPR_LGD_and_ISRO_Bhuvan,LGD_2026_Bhuvan_2024,4260,MATCHED_AUTHORITATIVE_BOUNDARY
4263,Padra,Vadodara,Gujarat,22.187148,72.993255,MoPR_LGD_and_ISRO_Bhuvan,LGD_2026_Bhuvan_2024,4263,MATCHED_AUTHORITATIVE_BOUNDARY
4265,Savli,Vadodara,Gujarat,22.532016,73.2604,MoPR_LGD_and_ISRO_Bhuvan,LGD_2026_Bhuvan_2024,4265,MATCHED_AUTHORITATIVE_BOUNDARY
4266,Shinor,Vadodara,Gujarat,21.976104,73.335597,MoPR_LGD_and_ISRO_Bhuvan,LGD_2026_Bhuvan_2024,4266,MATCHED_AUTHORITATIVE_BOUNDARY
4267,Vadodara(City And Rural),Vadodara,Gujarat,22.284701,73.177345,MoPR_LGD_and_ISRO_Bhuvan,LGD_2026_Bhuvan_2024,4267,MATCHED_AUTHORITATIVE_BOUNDARY
4268,Waghodia,Vadodara,Gujarat,22.344423,73.391695,MoPR_LGD_and_ISRO_Bhuvan,LGD_2026_Bhuvan_2024,4268,MATCHED_AUTHORITATIVE_BOUNDARY
4269,Dharampur,Valsad,Gujarat,20.509951,73.302212,MoPR_LGD_and_ISRO_Bhuvan,LGD_2026_Bhuvan_2024,4269,MATCHED_AUTHORITATIVE_BOUNDARY
4270,Kaprada,Valsad,Gujarat,20.297956,73.226773,MoPR_LGD_and_ISRO_Bhuvan,LGD_2026_Bhuvan_2024,4270,MATCHED_AUTHORITATIVE_BOUNDARY
7614,Nana Pondha,Valsad,Gujarat,,,MoPR_LGD_and_ISRO_Bhuvan,LGD_2026_Bhuvan_2024,7614,PENDING_OFFICIAL_BOUNDARY_MATCH
4271,Pardi,Valsad,Gujarat,20.46236,72.987301,MoPR_LGD_and_ISRO_Bhuvan,LGD_2026_Bhuvan_2024,4271,MATCHED_AUTHORITATIVE_BOUNDARY
4272,Umbergaon,Valsad,Gujarat,20.261706,72.837734,MoPR_LGD_and_ISRO_Bhuvan,LGD_2026_Bhuvan_2024,4272,MATCHED_AUTHORITATIVE_BOUNDARY
4273,Valsad,Valsad,Gujarat,20.612317,72.990099,MoPR_LGD_and_ISRO_Bhuvan,LGD_2026_Bhuvan_2024,4273,MATCHED_AUTHORITATIVE_BOUNDARY
7123,Vapi,Valsad,Gujarat,20.359962,72.95506,MoPR_LGD_and_ISRO_Bhuvan,LGD_2026_Bhuvan_2024,7123,MATCHED_AUTHORITATIVE_BOUNDARY
4080,Bhabhar,Vav-Tharad,Gujarat,24.082625,71.589282,MoPR_LGD_and_ISRO_Bhuvan,LGD_2026_Bhuvan_2024,4080,MATCHED_AUTHORITATIVE_BOUNDARY
4084,Deodar,Vav-Tharad,Gujarat,24.174105,71.773866,MoPR_LGD_and_ISRO_Bhuvan,LGD_2026_Bhuvan_2024,4084,MATCHED_AUTHORITATIVE_BOUNDARY
7603,Dharnidhar,Vav-Tharad,Gujarat,,,MoPR_LGD_and_ISRO_Bhuvan,LGD_2026_Bhuvan_2024,7603,PENDING_OFFICIAL_BOUNDARY_MATCH
7119,Lakhani,Vav-Tharad,Gujarat,24.335175,71.892209,MoPR_LGD_and_ISRO_Bhuvan,LGD_2026_Bhuvan_2024,7119,MATCHED_AUTHORITATIVE_BOUNDARY
7602,Rah,Vav-Tharad,Gujarat,,,MoPR_LGD_and_ISRO_Bhuvan,LGD_2026_Bhuvan_2024,7602,PENDING_OFFICIAL_BOUNDARY_MATCH
7135,Suigam,Vav-Tharad,Gujarat,24.134674,71.382396,MoPR_LGD_and_ISRO_Bhuvan,LGD_2026_Bhuvan_2024,7135,MATCHED_AUTHORITATIVE_BOUNDARY
4088,Tharad,Vav-Tharad,Gujarat,24.501734,71.698477,MoPR_LGD_and_ISRO_Bhuvan,LGD_2026_Bhuvan_2024,4088,MATCHED_AUTHORITATIVE_BOUNDARY
4090,Vav,Vav-Tharad,Gujarat,24.42799,71.457247,MoPR_LGD_and_ISRO_Bhuvan,LGD_2026_Bhuvan_2024,4090,MATCHED_AUTHORITATIVE_BOUNDARY
447,Ambala-I,Ambala,Haryana,30.25028,76.724063,MoPR_LGD_and_ISRO_Bhuvan,LGD_2026_Bhuvan_2024,447,MATCHED_AUTHORITATIVE_BOUNDARY
448,Ambala-Ii,Ambala,Haryana,30.371403,76.834218,MoPR_LGD_and_ISRO_Bhuvan,LGD_2026_Bhuvan_2024,448,MATCHED_AUTHORITATIVE_BOUNDARY
449,Barara,Ambala,Haryana,30.233079,77.05372,MoPR_LGD_and_ISRO_Bhuvan,LGD_2026_Bhuvan_2024,449,MATCHED_AUTHORITATIVE_BOUNDARY
450,Naraingarh,Ambala,Haryana,30.442572,77.121235,MoPR_LGD_and_ISRO_Bhuvan,LGD_2026_Bhuvan_2024,450,MATCHED_AUTHORITATIVE_BOUNDARY
451,Saha,Ambala,Haryana,30.293647,76.978814,MoPR_LGD_and_ISRO_Bhuvan,LGD_2026_Bhuvan_2024,451,MATCHED_AUTHORITATIVE_BOUNDARY
452,Shahzadpur,Ambala,Haryana,30.440941,76.999968,MoPR_LGD_and_ISRO_Bhuvan,LGD_2026_Bhuvan_2024,452,MATCHED_AUTHORITATIVE_BOUNDARY
454,Bawani Khera,Bhiwani,Haryana,28.96406,76.049602,MoPR_LGD_and_ISRO_Bhuvan,LGD_2026_Bhuvan_2024,454,MATCHED_AUTHORITATIVE_BOUNDARY
455,Behal,Bhiwani,Haryana,28.668996,75.653793,MoPR_LGD_and_ISRO_Bhuvan,LGD_2026_Bhuvan_2024,455,MATCHED_AUTHORITATIVE_BOUNDARY
456,Bhiwani,Bhiwani,Haryana,28.802938,76.166455,MoPR_LGD_and_ISRO_Bhuvan,LGD_2026_Bhuvan_2024,456,MATCHED_AUTHORITATIVE_BOUNDARY
459,Kairu,Bhiwani,Haryana,28.686851,75.925952,MoPR_LGD_and_ISRO_Bhuvan,LGD_2026_Bhuvan_2024,459,MATCHED_AUTHORITATIVE_BOUNDARY
460,Loharu,Bhiwani,Haryana,28.535298,75.784364,MoPR_LGD_and_ISRO_Bhuvan,LGD_2026_Bhuvan_2024,460,MATCHED_AUTHORITATIVE_BOUNDARY
461,Siwani,Bhiwani,Haryana,28.860262,75.603812,MoPR_LGD_and_ISRO_Bhuvan,LGD_2026_Bhuvan_2024,461,MATCHED_AUTHORITATIVE_BOUNDARY
462,Tosham,Bhiwani,Haryana,28.821938,75.844756,MoPR_LGD_and_ISRO_Bhuvan,LGD_2026_Bhuvan_2024,462,MATCHED_AUTHORITATIVE_BOUNDARY
453,Badhra,Charkhi Dadri,Haryana,28.54135,75.960492,MoPR_LGD_and_ISRO_Bhuvan,LGD_2026_Bhuvan_2024,453,MATCHED_AUTHORITATIVE_BOUNDARY
7106,Baund,Charkhi Dadri,Haryana,28.715864,76.323952,MoPR_LGD_and_ISRO_Bhuvan,LGD_2026_Bhuvan_2024,7106,MATCHED_AUTHORITATIVE_BOUNDARY
7092,Charkhi Dadri,Charkhi Dadri,Haryana,28.60238,76.253052,MoPR_LGD_and_ISRO_Bhuvan,LGD_2026_Bhuvan_2024,7092,MATCHED_AUTHORITATIVE_BOUNDARY
7107,Jhojhu,Charkhi Dadri,Haryana,28.491284,76.134392,MoPR_LGD_and_ISRO_Bhuvan,LGD_2026_Bhuvan_2024,7107,MATCHED_AUTHORITATIVE_BOUNDARY
463,Ballabgarh,Faridabad,Haryana,28.274085,77.364976,MoPR_LGD_and_ISRO_Bhuvan,LGD_2026_Bhuvan_2024,463,MATCHED_AUTHORITATIVE_BOUNDARY
464,Faridabad,Faridabad,Haryana,28.399953,77.296957,MoPR_LGD_and_ISRO_Bhuvan,LGD_2026_Bhuvan_2024,464,MATCHED_AUTHORITATIVE_BOUNDARY
7093,Tigaon,Faridabad,Haryana,28.345867,77.433621,MoPR_LGD_and_ISRO_Bhuvan,LGD_2026_Bhuvan_2024,7093,MATCHED_AUTHORITATIVE_BOUNDARY
469,Bhattu Kalan,Fatehabad,Haryana,29.377775,75.331374,MoPR_LGD_and_ISRO_Bhuvan,LGD_2026_Bhuvan_2024,469,MATCHED_AUTHORITATIVE_BOUNDARY
470,Bhuna,Fatehabad,Haryana,29.530239,75.721709,MoPR_LGD_and_ISRO_Bhuvan,LGD_2026_Bhuvan_2024,470,MATCHED_AUTHORITATIVE_BOUNDARY
471,Fatehabad,Fatehabad,Haryana,29.492901,75.49023,MoPR_LGD_and_ISRO_Bhuvan,LGD_2026_Bhuvan_2024,471,MATCHED_AUTHORITATIVE_BOUNDARY
472,Jakhal,Fatehabad,Haryana,29.76259,75.77837,MoPR_LGD_and_ISRO_Bhuvan,LGD_2026_Bhuvan_2024,472,MATCHED_AUTHORITATIVE_BOUNDARY
7094,Nagpur,Fatehabad,Haryana,29.647431,75.406592,MoPR_LGD_and_ISRO_Bhuvan,LGD_2026_Bhuvan_2024,7094,MATCHED_AUTHORITATIVE_BOUNDARY
473,Ratia,Fatehabad,Haryana,29.692467,75.576938,MoPR_LGD_and_ISRO_Bhuvan,LGD_2026_Bhuvan_2024,473,MATCHED_AUTHORITATIVE_BOUNDARY
474,Tohana,Fatehabad,Haryana,29.665976,75.832231,MoPR_LGD_and_ISRO_Bhuvan,LGD_2026_Bhuvan_2024,474,MATCHED_AUTHORITATIVE_BOUNDARY
475,Farrukh Nagar,Gurugram,Haryana,28.418603,76.814946,MoPR_LGD_and_ISRO_Bhuvan,LGD_2026_Bhuvan_2024,475,MATCHED_AUTHORITATIVE_BOUNDARY
477,Gurgaon,Gurugram,Haryana,28.435146,77.001954,MoPR_LGD_and_ISRO_Bhuvan,LGD_2026_Bhuvan_2024,477,MATCHED_AUTHORITATIVE_BOUNDARY
480,Pataudi,Gurugram,Haryana,28.303139,76.781844,MoPR_LGD_and_ISRO_Bhuvan,LGD_2026_Bhuvan_2024,480,MATCHED_AUTHORITATIVE_BOUNDARY
482,Sohna,Gurugram,Haryana,28.307775,77.098412,MoPR_LGD_and_ISRO_Bhuvan,LGD_2026_Bhuvan_2024,482,MATCHED_AUTHORITATIVE_BOUNDARY
487,Hansi-I,Hansi,Haryana,29.137291,75.955758,MoPR_LGD_and_ISRO_Bhuvan,LGD_2026_Bhuvan_2024,487,MATCHED_AUTHORITATIVE_BOUNDARY
488,Hansi-Ii,Hansi,Haryana,29.111744,76.217261,MoPR_LGD_and_ISRO_Bhuvan,LGD_2026_Bhuvan_2024,488,MATCHED_AUTHORITATIVE_BOUNDARY
491,Narnaund,Hansi,Haryana,29.256287,76.123029,MoPR_LGD_and_ISRO_Bhuvan,LGD_2026_Bhuvan_2024,491,MATCHED_AUTHORITATIVE_BOUNDARY
484,Adampur,Hisar,Haryana,29.258065,75.462526,MoPR_LGD_and_ISRO_Bhuvan,LGD_2026_Bhuvan_2024,484,MATCHED_AUTHORITATIVE_BOUNDARY
485,Agroha,Hisar,Haryana,29.341674,75.65684,MoPR_LGD_and_ISRO_Bhuvan,LGD_2026_Bhuvan_2024,485,MATCHED_AUTHORITATIVE_BOUNDARY
486,Barwala,Hisar,Haryana,29.35774,75.918321,MoPR_LGD_and_ISRO_Bhuvan,LGD_2026_Bhuvan_2024,486,MATCHED_AUTHORITATIVE_BOUNDARY
489,Hisar-I,Hisar,Haryana,29.062458,75.776202,MoPR_LGD_and_ISRO_Bhuvan,LGD_2026_Bhuvan_2024,489,MATCHED_AUTHORITATIVE_BOUNDARY
490,Hisar-Ii,Hisar,Haryana,29.128239,75.600351,MoPR_LGD_and_ISRO_Bhuvan,LGD_2026_Bhuvan_2024,490,MATCHED_AUTHORITATIVE_BOUNDARY
492,Uklana,Hisar,Haryana,29.48374,75.86466,MoPR_LGD_and_ISRO_Bhuvan,LGD_2026_Bhuvan_2024,492,MATCHED_AUTHORITATIVE_BOUNDARY
7095,Badli,Jhajjar,Haryana,28.563306,76.806196,MoPR_LGD_and_ISRO_Bhuvan,LGD_2026_Bhuvan_2024,7095,MATCHED_AUTHORITATIVE_BOUNDARY
493,Bahadurgarh,Jhajjar,Haryana,28.714812,76.836766,MoPR_LGD_and_ISRO_Bhuvan,LGD_2026_Bhuvan_2024,493,MATCHED_AUTHORITATIVE_BOUNDARY
494,Beri,Jhajjar,Haryana,28.705815,76.554932,MoPR_LGD_and_ISRO_Bhuvan,LGD_2026_Bhuvan_2024,494,MATCHED_AUTHORITATIVE_BOUNDARY
495,Jhajjar,Jhajjar,Haryana,28.597173,76.669337,MoPR_LGD_and_ISRO_Bhuvan,LGD_2026_Bhuvan_2024,495,MATCHED_AUTHORITATIVE_BOUNDARY
7357,Machhrauli,Jhajjar,Haryana,28.447772,76.654988,MoPR_LGD_and_ISRO_Bhuvan,LGD_2026_Bhuvan_2024,7357,MATCHED_AUTHORITATIVE_BOUNDARY
496,Matannail,Jhajjar,Haryana,28.531894,76.43298,MoPR_LGD_and_ISRO_Bhuvan,LGD_2026_Bhuvan_2024,496,MATCHED_AUTHORITATIVE_BOUNDARY
497,Salhawas,Jhajjar,Haryana,28.474462,76.528569,MoPR_LGD_and_ISRO_Bhuvan,LGD_2026_Bhuvan_2024,497,MATCHED_AUTHORITATIVE_BOUNDARY
498,Alewa,Jind,Haryana,29.482722,76.396026,MoPR_LGD_and_ISRO_Bhuvan,LGD_2026_Bhuvan_2024,498,MATCHED_AUTHORITATIVE_BOUNDARY
499,Jind,Jind,Haryana,29.316389,76.333346,MoPR_LGD_and_ISRO_Bhuvan,LGD_2026_Bhuvan_2024,499,MATCHED_AUTHORITATIVE_BOUNDARY
500,Julana,Jind,Haryana,29.162531,76.39296,MoPR_LGD_and_ISRO_Bhuvan,LGD_2026_Bhuvan_2024,500,MATCHED_AUTHORITATIVE_BOUNDARY
501,Narwana,Jind,Haryana,29.593655,76.062993,MoPR_LGD_and_ISRO_Bhuvan,LGD_2026_Bhuvan_2024,501,MATCHED_AUTHORITATIVE_BOUNDARY
502,Pillukhera,Jind,Haryana,29.334279,76.512197,MoPR_LGD_and_ISRO_Bhuvan,LGD_2026_Bhuvan_2024,502,MATCHED_AUTHORITATIVE_BOUNDARY
503,Safidon,Jind,Haryana,29.401622,76.634978,MoPR_LGD_and_ISRO_Bhuvan,LGD_2026_Bhuvan_2024,503,MATCHED_AUTHORITATIVE_BOUNDARY
504,Uchana,Jind,Haryana,29.488323,76.182085,MoPR_LGD_and_ISRO_Bhuvan,LGD_2026_Bhuvan_2024,504,MATCHED_AUTHORITATIVE_BOUNDARY
7096,Ujhana,Jind,Haryana,29.726131,76.093876,MoPR_LGD_and_ISRO_Bhuvan,LGD_2026_Bhuvan_2024,7096,MATCHED_AUTHORITATIVE_BOUNDARY
7097,Dhand,Kaithal,Haryana,29.859478,76.608825,MoPR_LGD_and_ISRO_Bhuvan,LGD_2026_Bhuvan_2024,7097,MATCHED_AUTHORITATIVE_BOUNDARY
505,Guhla,Kaithal,Haryana,30.06315,76.343362,MoPR_LGD_and_ISRO_Bhuvan,LGD_2026_Bhuvan_2024,505,MATCHED_AUTHORITATIVE_BOUNDARY
506,Kaithal,Kaithal,Haryana,29.801406,76.391783,MoPR_LGD_and_ISRO_Bhuvan,LGD_2026_Bhuvan_2024,506,MATCHED_AUTHORITATIVE_BOUNDARY
507,Kalayat,Kaithal,Haryana,29.668535,76.280851,MoPR_LGD_and_ISRO_Bhuvan,LGD_2026_Bhuvan_2024,507,MATCHED_AUTHORITATIVE_BOUNDARY
508,Pundri,Kaithal,Haryana,29.727401,76.601308,MoPR_LGD_and_ISRO_Bhuvan,LGD_2026_Bhuvan_2024,508,MATCHED_AUTHORITATIVE_BOUNDARY
509,Rajound,Kaithal,Haryana,29.609688,76.462079,MoPR_LGD_and_ISRO_Bhuvan,LGD_2026_Bhuvan_2024,509,MATCHED_AUTHORITATIVE_BOUNDARY
510,Siwan,Kaithal,Haryana,29.930013,76.312825,MoPR_LGD_and_ISRO_Bhuvan,LGD_2026_Bhuvan_2024,510,MATCHED_AUTHORITATIVE_BOUNDARY
511,Assandh,Karnal,Haryana,29.544032,76.616152,MoPR_LGD_and_ISRO_Bhuvan,LGD_2026_Bhuvan_2024,511,MATCHED_AUTHORITATIVE_BOUNDARY
7495,Chirao,Karnal,Haryana,,,MoPR_LGD_and_ISRO_Bhuvan,LGD_2026_Bhuvan_2024,7495,PENDING_OFFICIAL_BOUNDARY_MATCH
512,Gharaunda (Part),Karnal,Haryana,29.539106,77.017863,MoPR_LGD_and_ISRO_Bhuvan,LGD_2026_Bhuvan_2024,512,MATCHED_AUTHORITATIVE_BOUNDARY
513,Indri,Karnal,Haryana,29.895918,77.084201,MoPR_LGD_and_ISRO_Bhuvan,LGD_2026_Bhuvan_2024,513,MATCHED_AUTHORITATIVE_BOUNDARY
514,Karnal,Karnal,Haryana,29.694445,77.010647,MoPR_LGD_and_ISRO_Bhuvan,LGD_2026_Bhuvan_2024,514,MATCHED_AUTHORITATIVE_BOUNDARY
7099,Kunjpura,Karnal,Haryana,29.770277,77.099392,MoPR_LGD_and_ISRO_Bhuvan,LGD_2026_Bhuvan_2024,7099,MATCHED_AUTHORITATIVE_BOUNDARY
7098,Munak,Karnal,Haryana,29.558577,76.823365,MoPR_LGD_and_ISRO_Bhuvan,LGD_2026_Bhuvan_2024,7098,MATCHED_AUTHORITATIVE_BOUNDARY
515,Nilokheri,Karnal,Haryana,29.828679,76.85858,MoPR_LGD_and_ISRO_Bhuvan,LGD_2026_Bhuvan_2024,515,MATCHED_AUTHORITATIVE_BOUNDARY
516,Nissing,Karnal,Haryana,29.690258,76.798754,MoPR_LGD_and_ISRO_Bhuvan,LGD_2026_Bhuvan_2024,516,MATCHED_AUTHORITATIVE_BOUNDARY
517,Babain,Kurukshetra,Haryana,30.089689,76.986219,MoPR_LGD_and_ISRO_Bhuvan,LGD_2026_Bhuvan_2024,517,MATCHED_AUTHORITATIVE_BOUNDARY
6733,Ismailabad,Kurukshetra,Haryana,30.145854,76.705485,MoPR_LGD_and_ISRO_Bhuvan,LGD_2026_Bhuvan_2024,6733,MATCHED_AUTHORITATIVE_BOUNDARY
518,Ladwa,Kurukshetra,Haryana,30.010713,77.033938,MoPR_LGD_and_ISRO_Bhuvan,LGD_2026_Bhuvan_2024,518,MATCHED_AUTHORITATIVE_BOUNDARY
519,Pehowa,Kurukshetra,Haryana,30.007045,76.581352,MoPR_LGD_and_ISRO_Bhuvan,LGD_2026_Bhuvan_2024,519,MATCHED_AUTHORITATIVE_BOUNDARY
7100,Pipli,Kurukshetra,Haryana,30.021502,76.88716,MoPR_LGD_and_ISRO_Bhuvan,LGD_2026_Bhuvan_2024,7100,MATCHED_AUTHORITATIVE_BOUNDARY
520,Shahbad,Kurukshetra,Haryana,30.16236,76.857849,MoPR_LGD_and_ISRO_Bhuvan,LGD_2026_Bhuvan_2024,520,MATCHED_AUTHORITATIVE_BOUNDARY
521,Thanesar,Kurukshetra,Haryana,29.978749,76.781703,MoPR_LGD_and_ISRO_Bhuvan,LGD_2026_Bhuvan_2024,521,MATCHED_AUTHORITATIVE_BOUNDARY
522,Ateli Nangal,Mahendragarh,Haryana,28.09476,76.275449,MoPR_LGD_and_ISRO_Bhuvan,LGD_2026_Bhuvan_2024,522,MATCHED_AUTHORITATIVE_BOUNDARY
523,Kanina,Mahendragarh,Haryana,28.30645,76.262961,MoPR_LGD_and_ISRO_Bhuvan,LGD_2026_Bhuvan_2024,523,MATCHED_AUTHORITATIVE_BOUNDARY
524,Mahendragarh,Mahendragarh,Haryana,28.307672,76.110523,MoPR_LGD_and_ISRO_Bhuvan,LGD_2026_Bhuvan_2024,524,MATCHED_AUTHORITATIVE_BOUNDARY
525,Nangal Chaudhry,Mahendragarh,Haryana,27.910692,76.112961,MoPR_LGD_and_ISRO_Bhuvan,LGD_2026_Bhuvan_2024,525,MATCHED_AUTHORITATIVE_BOUNDARY
526,Narnaul,Mahendragarh,Haryana,28.071733,76.060449,MoPR_LGD_and_ISRO_Bhuvan,LGD_2026_Bhuvan_2024,526,MATCHED_AUTHORITATIVE_BOUNDARY
6776,Nizampur,Mahendragarh,Haryana,27.961438,75.993001,MoPR_LGD_and_ISRO_Bhuvan,LGD_2026_Bhuvan_2024,6776,MATCHED_AUTHORITATIVE_BOUNDARY
6777,Satnali,Mahendragarh,Haryana,28.36689,75.989633,MoPR_LGD_and_ISRO_Bhuvan,LGD_2026_Bhuvan_2024,6777,MATCHED_AUTHORITATIVE_BOUNDARY
6731,Sihma,Mahendragarh,Haryana,28.136959,76.15702,MoPR_LGD_and_ISRO_Bhuvan,LGD_2026_Bhuvan_2024,6731,MATCHED_AUTHORITATIVE_BOUNDARY
476,Ferozepur Jhirka,Nuh,Haryana,27.774188,76.977088,MoPR_LGD_and_ISRO_Bhuvan,LGD_2026_Bhuvan_2024,476,MATCHED_AUTHORITATIVE_BOUNDARY
7101,Indri,Nuh,Haryana,28.152034,77.105495,MoPR_LGD_and_ISRO_Bhuvan,LGD_2026_Bhuvan_2024,7101,MATCHED_AUTHORITATIVE_BOUNDARY
478,Nagina,Nuh,Haryana,27.940008,77.004073,MoPR_LGD_and_ISRO_Bhuvan,LGD_2026_Bhuvan_2024,478,MATCHED_AUTHORITATIVE_BOUNDARY
479,Nuh,Nuh,Haryana,28.064698,77.031023,MoPR_LGD_and_ISRO_Bhuvan,LGD_2026_Bhuvan_2024,479,MATCHED_AUTHORITATIVE_BOUNDARY
7102,Pingwan,Nuh,Haryana,27.887727,77.103372,MoPR_LGD_and_ISRO_Bhuvan,LGD_2026_Bhuvan_2024,7102,MATCHED_AUTHORITATIVE_BOUNDARY
481,Punahana,Nuh,Haryana,27.856591,77.219541,MoPR_LGD_and_ISRO_Bhuvan,LGD_2026_Bhuvan_2024,481,MATCHED_AUTHORITATIVE_BOUNDARY
483,Taoru,Nuh,Haryana,28.238325,76.957048,MoPR_LGD_and_ISRO_Bhuvan,LGD_2026_Bhuvan_2024,483,MATCHED_AUTHORITATIVE_BOUNDARY
7103,Badoli,Palwal,Haryana,28.134385,77.465399,MoPR_LGD_and_ISRO_Bhuvan,LGD_2026_Bhuvan_2024,7103,MATCHED_AUTHORITATIVE_BOUNDARY
465,Hassanpur,Palwal,Haryana,27.989935,77.457369,MoPR_LGD_and_ISRO_Bhuvan,LGD_2026_Bhuvan_2024,465,MATCHED_AUTHORITATIVE_BOUNDARY
466,Hathin,Palwal,Haryana,28.031319,77.217003,MoPR_LGD_and_ISRO_Bhuvan,LGD_2026_Bhuvan_2024,466,MATCHED_AUTHORITATIVE_BOUNDARY
467,Hodal,Palwal,Haryana,27.960233,77.364566,MoPR_LGD_and_ISRO_Bhuvan,LGD_2026_Bhuvan_2024,467,MATCHED_AUTHORITATIVE_BOUNDARY
468,Palwal,Palwal,Haryana,28.144256,77.294994,MoPR_LGD_and_ISRO_Bhuvan,LGD_2026_Bhuvan_2024,468,MATCHED_AUTHORITATIVE_BOUNDARY
6734,Prithla,Palwal,Haryana,28.211033,77.316579,MoPR_LGD_and_ISRO_Bhuvan,LGD_2026_Bhuvan_2024,6734,MATCHED_AUTHORITATIVE_BOUNDARY
527,Barwala,Panchkula,Haryana,30.625021,76.961593,MoPR_LGD_and_ISRO_Bhuvan,LGD_2026_Bhuvan_2024,527,MATCHED_AUTHORITATIVE_BOUNDARY
528,Morni,Panchkula,Haryana,30.674411,77.071197,MoPR_LGD_and_ISRO_Bhuvan,LGD_2026_Bhuvan_2024,528,MATCHED_AUTHORITATIVE_BOUNDARY
529,Pinjore,Panchkula,Haryana,30.792087,76.897252,MoPR_LGD_and_ISRO_Bhuvan,LGD_2026_Bhuvan_2024,529,MATCHED_AUTHORITATIVE_BOUNDARY
530,Raipur Rani,Panchkula,Haryana,30.553988,77.033848,MoPR_LGD_and_ISRO_Bhuvan,LGD_2026_Bhuvan_2024,530,MATCHED_AUTHORITATIVE_BOUNDARY
531,Bapoli,Panipat,Haryana,29.312839,77.078341,MoPR_LGD_and_ISRO_Bhuvan,LGD_2026_Bhuvan_2024,531,MATCHED_AUTHORITATIVE_BOUNDARY
532,Israna,Panipat,Haryana,29.281671,76.827424,MoPR_LGD_and_ISRO_Bhuvan,LGD_2026_Bhuvan_2024,532,MATCHED_AUTHORITATIVE_BOUNDARY
533,Madlauda,Panipat,Haryana,29.39757,76.806719,MoPR_LGD_and_ISRO_Bhuvan,LGD_2026_Bhuvan_2024,533,MATCHED_AUTHORITATIVE_BOUNDARY
534,Panipat,Panipat,Haryana,29.407506,76.974559,MoPR_LGD_and_ISRO_Bhuvan,LGD_2026_Bhuvan_2024,534,MATCHED_AUTHORITATIVE_BOUNDARY
535,Samalkha,Panipat,Haryana,29.233979,77.035529,MoPR_LGD_and_ISRO_Bhuvan,LGD_2026_Bhuvan_2024,535,MATCHED_AUTHORITATIVE_BOUNDARY
7023,Sanauli Khurd,Panipat,Haryana,29.400275,77.097595,MoPR_LGD_and_ISRO_Bhuvan,LGD_2026_Bhuvan_2024,7023,MATCHED_AUTHORITATIVE_BOUNDARY
536,Bawal,Rewari,Haryana,28.065475,76.56775,MoPR_LGD_and_ISRO_Bhuvan,LGD_2026_Bhuvan_2024,536,MATCHED_AUTHORITATIVE_BOUNDARY
7104,Dahina,Rewari,Haryana,28.279438,76.422371,MoPR_LGD_and_ISRO_Bhuvan,LGD_2026_Bhuvan_2024,7104,MATCHED_AUTHORITATIVE_BOUNDARY
7358,Dharuhera,Rewari,Haryana,28.179122,76.731675,MoPR_LGD_and_ISRO_Bhuvan,LGD_2026_Bhuvan_2024,7358,MATCHED_AUTHORITATIVE_BOUNDARY
537,Jatusana,Rewari,Haryana,28.329228,76.570789,MoPR_LGD_and_ISRO_Bhuvan,LGD_2026_Bhuvan_2024,537,MATCHED_AUTHORITATIVE_BOUNDARY
538,Khol At Rewari,Rewari,Haryana,28.185808,76.4379,MoPR_LGD_and_ISRO_Bhuvan,LGD_2026_Bhuvan_2024,538,MATCHED_AUTHORITATIVE_BOUNDARY
539,Nahar,Rewari,Haryana,28.39761,76.445134,MoPR_LGD_and_ISRO_Bhuvan,LGD_2026_Bhuvan_2024,539,MATCHED_AUTHORITATIVE_BOUNDARY
540,Rewari,Rewari,Haryana,28.212705,76.618426,MoPR_LGD_and_ISRO_Bhuvan,LGD_2026_Bhuvan_2024,540,MATCHED_AUTHORITATIVE_BOUNDARY
541,Kalanaur,Rohtak,Haryana,28.822405,76.458099,MoPR_LGD_and_ISRO_Bhuvan,LGD_2026_Bhuvan_2024,541,MATCHED_AUTHORITATIVE_BOUNDARY
542,Lakhan Majra,Rohtak,Haryana,29.044556,76.473014,MoPR_LGD_and_ISRO_Bhuvan,LGD_2026_Bhuvan_2024,542,MATCHED_AUTHORITATIVE_BOUNDARY
543,Maham,Rohtak,Haryana,28.970393,76.352058,MoPR_LGD_and_ISRO_Bhuvan,LGD_2026_Bhuvan_2024,543,MATCHED_AUTHORITATIVE_BOUNDARY
544,Rohtak,Rohtak,Haryana,28.930027,76.632107,MoPR_LGD_and_ISRO_Bhuvan,LGD_2026_Bhuvan_2024,544,MATCHED_AUTHORITATIVE_BOUNDARY
545,Sampla,Rohtak,Haryana,28.825309,76.744643,MoPR_LGD_and_ISRO_Bhuvan,LGD_2026_Bhuvan_2024,545,MATCHED_AUTHORITATIVE_BOUNDARY
546,Baragudha,Sirsa,Haryana,29.709425,75.069534,MoPR_LGD_and_ISRO_Bhuvan,LGD_2026_Bhuvan_2024,546,MATCHED_AUTHORITATIVE_BOUNDARY
547,Dabwali,Sirsa,Haryana,29.828318,74.689245,MoPR_LGD_and_ISRO_Bhuvan,LGD_2026_Bhuvan_2024,547,MATCHED_AUTHORITATIVE_BOUNDARY
548,Ellenabad,Sirsa,Haryana,29.4413,74.704233,MoPR_LGD_and_ISRO_Bhuvan,LGD_2026_Bhuvan_2024,548,MATCHED_AUTHORITATIVE_BOUNDARY
549,Nathusari Chopta,Sirsa,Haryana,29.371334,75.115197,MoPR_LGD_and_ISRO_Bhuvan,LGD_2026_Bhuvan_2024,549,MATCHED_AUTHORITATIVE_BOUNDARY
550,Odhan,Sirsa,Haryana,29.815192,74.927585,MoPR_LGD_and_ISRO_Bhuvan,LGD_2026_Bhuvan_2024,550,MATCHED_AUTHORITATIVE_BOUNDARY
551,Rania,Sirsa,Haryana,29.591596,74.768901,MoPR_LGD_and_ISRO_Bhuvan,LGD_2026_Bhuvan_2024,551,MATCHED_AUTHORITATIVE_BOUNDARY
552,Sirsa,Sirsa,Haryana,29.535753,75.069919,MoPR_LGD_and_ISRO_Bhuvan,LGD_2026_Bhuvan_2024,552,MATCHED_AUTHORITATIVE_BOUNDARY
553,Ganaur,Sonipat,Haryana,29.13867,76.982513,MoPR_LGD_and_ISRO_Bhuvan,LGD_2026_Bhuvan_2024,553,MATCHED_AUTHORITATIVE_BOUNDARY
554,Gohana,Sonipat,Haryana,29.086807,76.759398,MoPR_LGD_and_ISRO_Bhuvan,LGD_2026_Bhuvan_2024,554,MATCHED_AUTHORITATIVE_BOUNDARY
555,Kathura,Sonipat,Haryana,29.125976,76.57116,MoPR_LGD_and_ISRO_Bhuvan,LGD_2026_Bhuvan_2024,555,MATCHED_AUTHORITATIVE_BOUNDARY
556,Kharkhoda,Sonipat,Haryana,28.8996,76.897973,MoPR_LGD_and_ISRO_Bhuvan,LGD_2026_Bhuvan_2024,556,MATCHED_AUTHORITATIVE_BOUNDARY
557,Mundlana,Sonipat,Haryana,29.212387,76.677948,MoPR_LGD_and_ISRO_Bhuvan,LGD_2026_Bhuvan_2024,557,MATCHED_AUTHORITATIVE_BOUNDARY
6778,Murthal,Sonipat,Haryana,29.097409,77.09908,MoPR_LGD_and_ISRO_Bhuvan,LGD_2026_Bhuvan_2024,6778,MATCHED_AUTHORITATIVE_BOUNDARY
558,Rai,Sonipat,Haryana,28.919014,77.112648,MoPR_LGD_and_ISRO_Bhuvan,LGD_2026_Bhuvan_2024,558,MATCHED_AUTHORITATIVE_BOUNDARY
559,Sonipat,Sonipat,Haryana,29.024704,76.981659,MoPR_LGD_and_ISRO_Bhuvan,LGD_2026_Bhuvan_2024,559,MATCHED_AUTHORITATIVE_BOUNDARY
560,Bilaspur,Yamunanagar,Haryana,30.340871,77.305167,MoPR_LGD_and_ISRO_Bhuvan,LGD_2026_Bhuvan_2024,560,MATCHED_AUTHORITATIVE_BOUNDARY
561,Chhachhrauli,Yamunanagar,Haryana,30.277975,77.384206,MoPR_LGD_and_ISRO_Bhuvan,LGD_2026_Bhuvan_2024,561,MATCHED_AUTHORITATIVE_BOUNDARY
562,Jagadhri,Yamunanagar,Haryana,30.124541,77.286998,MoPR_LGD_and_ISRO_Bhuvan,LGD_2026_Bhuvan_2024,562,MATCHED_AUTHORITATIVE_BOUNDARY
7105,Partap Nagar,Yamunanagar,Haryana,30.299958,77.488401,MoPR_LGD_and_ISRO_Bhuvan,LGD_2026_Bhuvan_2024,7105,MATCHED_AUTHORITATIVE_BOUNDARY
564,Radaur,Yamunanagar,Haryana,30.040261,77.164787,MoPR_LGD_and_ISRO_Bhuvan,LGD_2026_Bhuvan_2024,564,MATCHED_AUTHORITATIVE_BOUNDARY
565,Sadaura (Part),Yamunanagar,Haryana,30.415857,77.229291,MoPR_LGD_and_ISRO_Bhuvan,LGD_2026_Bhuvan_2024,565,MATCHED_AUTHORITATIVE_BOUNDARY
563,Saraswati Nagar,Yamunanagar,Haryana,30.208944,77.165228,MoPR_LGD_and_ISRO_Bhuvan,LGD_2026_Bhuvan_2024,563,MATCHED_AUTHORITATIVE_BOUNDARY
135,Bilaspur Sadar,Bilaspur,Himachal Pradesh,31.318286,76.816398,MoPR_LGD_and_ISRO_Bhuvan,LGD_2026_Bhuvan_2024,135,MATCHED_AUTHORITATIVE_BOUNDARY
137,Ghumarwin,Bilaspur,Himachal Pradesh,31.485516,76.700648,MoPR_LGD_and_ISRO_Bhuvan,LGD_2026_Bhuvan_2024,137,MATCHED_AUTHORITATIVE_BOUNDARY
136,Jhandutta,Bilaspur,Himachal Pradesh,31.365363,76.617245,MoPR_LGD_and_ISRO_Bhuvan,LGD_2026_Bhuvan_2024,136,MATCHED_AUTHORITATIVE_BOUNDARY
7089,Shree Naina Devi,Bilaspur,Himachal Pradesh,31.310833,76.550892,MoPR_LGD_and_ISRO_Bhuvan,LGD_2026_Bhuvan_2024,7089,MATCHED_AUTHORITATIVE_BOUNDARY
139,Bharmour,Chamba,Himachal Pradesh,32.415188,76.593294,MoPR_LGD_and_ISRO_Bhuvan,LGD_2026_Bhuvan_2024,139,MATCHED_AUTHORITATIVE_BOUNDARY
138,Bhatiyat,Chamba,Himachal Pradesh,32.425514,76.029854,MoPR_LGD_and_ISRO_Bhuvan,LGD_2026_Bhuvan_2024,138,MATCHED_AUTHORITATIVE_BOUNDARY
140,Chamba,Chamba,Himachal Pradesh,32.615464,76.14139,MoPR_LGD_and_ISRO_Bhuvan,LGD_2026_Bhuvan_2024,140,MATCHED_AUTHORITATIVE_BOUNDARY
141,Mehla,Chamba,Himachal Pradesh,32.493314,76.269416,MoPR_LGD_and_ISRO_Bhuvan,LGD_2026_Bhuvan_2024,141,MATCHED_AUTHORITATIVE_BOUNDARY
142,Pangi,Chamba,Himachal Pradesh,33.014738,76.529192,MoPR_LGD_and_ISRO_Bhuvan,LGD_2026_Bhuvan_2024,142,MATCHED_AUTHORITATIVE_BOUNDARY
143,Salooni,Chamba,Himachal Pradesh,32.761621,75.963164,MoPR_LGD_and_ISRO_Bhuvan,LGD_2026_Bhuvan_2024,143,MATCHED_AUTHORITATIVE_BOUNDARY
144,Tissa,Chamba,Himachal Pradesh,32.824276,76.223448,MoPR_LGD_and_ISRO_Bhuvan,LGD_2026_Bhuvan_2024,144,MATCHED_AUTHORITATIVE_BOUNDARY
145,Bamsan,Hamirpur,Himachal Pradesh,31.858444,76.580268,MoPR_LGD_and_ISRO_Bhuvan,LGD_2026_Bhuvan_2024,145,MATCHED_AUTHORITATIVE_BOUNDARY
146,Bhoranj,Hamirpur,Himachal Pradesh,31.63086,76.645836,MoPR_LGD_and_ISRO_Bhuvan,LGD_2026_Bhuvan_2024,146,MATCHED_AUTHORITATIVE_BOUNDARY
147,Bijhari,Hamirpur,Himachal Pradesh,31.530424,76.529743,MoPR_LGD_and_ISRO_Bhuvan,LGD_2026_Bhuvan_2024,147,MATCHED_AUTHORITATIVE_BOUNDARY
148,Hamirpur,Hamirpur,Himachal Pradesh,31.712905,76.560924,MoPR_LGD_and_ISRO_Bhuvan,LGD_2026_Bhuvan_2024,148,MATCHED_AUTHORITATIVE_BOUNDARY
149,Nadaun,Hamirpur,Himachal Pradesh,31.699865,76.404921,MoPR_LGD_and_ISRO_Bhuvan,LGD_2026_Bhuvan_2024,149,MATCHED_AUTHORITATIVE_BOUNDARY
150,Sujanpur Tira,Hamirpur,Himachal Pradesh,31.785301,76.522095,MoPR_LGD_and_ISRO_Bhuvan,LGD_2026_Bhuvan_2024,150,MATCHED_AUTHORITATIVE_BOUNDARY
7496,Badoh,Kangra,Himachal Pradesh,,,MoPR_LGD_and_ISRO_Bhuvan,LGD_2026_Bhuvan_2024,7496,PENDING_OFFICIAL_BOUNDARY_MATCH
151,Baijnath,Kangra,Himachal Pradesh,32.21309,76.842805,MoPR_LGD_and_ISRO_Bhuvan,LGD_2026_Bhuvan_2024,151,MATCHED_AUTHORITATIVE_BOUNDARY
152,Bhawarna,Kangra,Himachal Pradesh,32.01285,76.426637,MoPR_LGD_and_ISRO_Bhuvan,LGD_2026_Bhuvan_2024,152,MATCHED_AUTHORITATIVE_BOUNDARY
153,Dehra,Kangra,Himachal Pradesh,31.899034,76.288203,MoPR_LGD_and_ISRO_Bhuvan,LGD_2026_Bhuvan_2024,153,MATCHED_AUTHORITATIVE_BOUNDARY
6504,Dharamshala,Kangra,Himachal Pradesh,32.224647,76.367002,MoPR_LGD_and_ISRO_Bhuvan,LGD_2026_Bhuvan_2024,6504,MATCHED_AUTHORITATIVE_BOUNDARY
154,Fatehpur,Kangra,Himachal Pradesh,32.051949,75.887944,MoPR_LGD_and_ISRO_Bhuvan,LGD_2026_Bhuvan_2024,154,MATCHED_AUTHORITATIVE_BOUNDARY
155,Indora,Kangra,Himachal Pradesh,32.157623,75.745595,MoPR_LGD_and_ISRO_Bhuvan,LGD_2026_Bhuvan_2024,155,MATCHED_AUTHORITATIVE_BOUNDARY
156,Kangra,Kangra,Himachal Pradesh,32.062795,76.249978,MoPR_LGD_and_ISRO_Bhuvan,LGD_2026_Bhuvan_2024,156,MATCHED_AUTHORITATIVE_BOUNDARY
157,Lambagaon,Kangra,Himachal Pradesh,31.918842,76.539363,MoPR_LGD_and_ISRO_Bhuvan,LGD_2026_Bhuvan_2024,157,MATCHED_AUTHORITATIVE_BOUNDARY
158,Nagrota Bagwan,Kangra,Himachal Pradesh,32.10411,76.376795,MoPR_LGD_and_ISRO_Bhuvan,LGD_2026_Bhuvan_2024,158,MATCHED_AUTHORITATIVE_BOUNDARY
159,Nagrota Surian,Kangra,Himachal Pradesh,32.109662,76.046018,MoPR_LGD_and_ISRO_Bhuvan,LGD_2026_Bhuvan_2024,159,MATCHED_AUTHORITATIVE_BOUNDARY
160,Nurpur,Kangra,Himachal Pradesh,32.287234,75.906055,MoPR_LGD_and_ISRO_Bhuvan,LGD_2026_Bhuvan_2024,160,MATCHED_AUTHORITATIVE_BOUNDARY
7559,Palampur,Kangra,Himachal Pradesh,,,MoPR_LGD_and_ISRO_Bhuvan,LGD_2026_Bhuvan_2024,7559,PENDING_OFFICIAL_BOUNDARY_MATCH
161,Panchrukhi,Kangra,Himachal Pradesh,32.133301,76.535897,MoPR_LGD_and_ISRO_Bhuvan,LGD_2026_Bhuvan_2024,161,MATCHED_AUTHORITATIVE_BOUNDARY
162,Pragpur,Kangra,Himachal Pradesh,31.849833,76.127348,MoPR_LGD_and_ISRO_Bhuvan,LGD_2026_Bhuvan_2024,162,MATCHED_AUTHORITATIVE_BOUNDARY
163,Rait,Kangra,Himachal Pradesh,32.244004,76.234438,MoPR_LGD_and_ISRO_Bhuvan,LGD_2026_Bhuvan_2024,163,MATCHED_AUTHORITATIVE_BOUNDARY
164,Sulah,Kangra,Himachal Pradesh,32.032063,76.485902,MoPR_LGD_and_ISRO_Bhuvan,LGD_2026_Bhuvan_2024,164,MATCHED_AUTHORITATIVE_BOUNDARY
7561,Surani,Kangra,Himachal Pradesh,,,MoPR_LGD_and_ISRO_Bhuvan,LGD_2026_Bhuvan_2024,7561,PENDING_OFFICIAL_BOUNDARY_MATCH
165,Kalpa,Kinnaur,Himachal Pradesh,31.361534,78.491982,MoPR_LGD_and_ISRO_Bhuvan,LGD_2026_Bhuvan_2024,165,MATCHED_AUTHORITATIVE_BOUNDARY
166,Nichar,Kinnaur,Himachal Pradesh,31.603441,77.979671,MoPR_LGD_and_ISRO_Bhuvan,LGD_2026_Bhuvan_2024,166,MATCHED_AUTHORITATIVE_BOUNDARY
167,Pooh,Kinnaur,Himachal Pradesh,31.713198,78.512047,MoPR_LGD_and_ISRO_Bhuvan,LGD_2026_Bhuvan_2024,167,MATCHED_AUTHORITATIVE_BOUNDARY
168,Anni,Kullu,Himachal Pradesh,31.462572,77.421239,MoPR_LGD_and_ISRO_Bhuvan,LGD_2026_Bhuvan_2024,168,MATCHED_AUTHORITATIVE_BOUNDARY
169,Banjar,Kullu,Himachal Pradesh,31.723268,77.480797,MoPR_LGD_and_ISRO_Bhuvan,LGD_2026_Bhuvan_2024,169,MATCHED_AUTHORITATIVE_BOUNDARY
7507,Bhunter,Kullu,Himachal Pradesh,,,MoPR_LGD_and_ISRO_Bhuvan,LGD_2026_Bhuvan_2024,7507,PENDING_OFFICIAL_BOUNDARY_MATCH
170,Kullu,Kullu,Himachal Pradesh,31.981504,77.474585,MoPR_LGD_and_ISRO_Bhuvan,LGD_2026_Bhuvan_2024,170,MATCHED_AUTHORITATIVE_BOUNDARY
171,Naggar,Kullu,Himachal Pradesh,32.163657,77.144615,MoPR_LGD_and_ISRO_Bhuvan,LGD_2026_Bhuvan_2024,171,MATCHED_AUTHORITATIVE_BOUNDARY
172,Nirmand,Kullu,Himachal Pradesh,31.501171,77.582259,MoPR_LGD_and_ISRO_Bhuvan,LGD_2026_Bhuvan_2024,172,MATCHED_AUTHORITATIVE_BOUNDARY
173,Lahaul,Lahaul And Spiti,Himachal Pradesh,32.64521,77.145514,MoPR_LGD_and_ISRO_Bhuvan,LGD_2026_Bhuvan_2024,173,MATCHED_AUTHORITATIVE_BOUNDARY
174,Spiti,Lahaul And Spiti,Himachal Pradesh,32.326426,78.05502,MoPR_LGD_and_ISRO_Bhuvan,LGD_2026_Bhuvan_2024,174,MATCHED_AUTHORITATIVE_BOUNDARY
175,Balh,Mandi,Himachal Pradesh,31.687046,76.863742,MoPR_LGD_and_ISRO_Bhuvan,LGD_2026_Bhuvan_2024,175,MATCHED_AUTHORITATIVE_BOUNDARY
7349,Balichowki,Mandi,Himachal Pradesh,31.641913,77.226354,MoPR_LGD_and_ISRO_Bhuvan,LGD_2026_Bhuvan_2024,7349,MATCHED_AUTHORITATIVE_BOUNDARY
177,Chauntra,Mandi,Himachal Pradesh,31.943588,76.770908,MoPR_LGD_and_ISRO_Bhuvan,LGD_2026_Bhuvan_2024,177,MATCHED_AUTHORITATIVE_BOUNDARY
7494,Churag,Mandi,Himachal Pradesh,,,MoPR_LGD_and_ISRO_Bhuvan,LGD_2026_Bhuvan_2024,7494,PENDING_OFFICIAL_BOUNDARY_MATCH
7490,Dhanotu,Mandi,Himachal Pradesh,,,MoPR_LGD_and_ISRO_Bhuvan,LGD_2026_Bhuvan_2024,7490,PENDING_OFFICIAL_BOUNDARY_MATCH
178,Dharmpur,Mandi,Himachal Pradesh,31.79858,76.715478,MoPR_LGD_and_ISRO_Bhuvan,LGD_2026_Bhuvan_2024,178,MATCHED_AUTHORITATIVE_BOUNDARY
179,Drang,Mandi,Himachal Pradesh,31.920665,76.928558,MoPR_LGD_and_ISRO_Bhuvan,LGD_2026_Bhuvan_2024,179,MATCHED_AUTHORITATIVE_BOUNDARY
176,Gohar,Mandi,Himachal Pradesh,31.559168,77.06499,MoPR_LGD_and_ISRO_Bhuvan,LGD_2026_Bhuvan_2024,176,MATCHED_AUTHORITATIVE_BOUNDARY
180,Gopalpur,Mandi,Himachal Pradesh,31.640934,76.767774,MoPR_LGD_and_ISRO_Bhuvan,LGD_2026_Bhuvan_2024,180,MATCHED_AUTHORITATIVE_BOUNDARY
181,Karsog,Mandi,Himachal Pradesh,31.35039,77.208053,MoPR_LGD_and_ISRO_Bhuvan,LGD_2026_Bhuvan_2024,181,MATCHED_AUTHORITATIVE_BOUNDARY
182,Mandi Sadar,Mandi,Himachal Pradesh,31.709031,77.031586,MoPR_LGD_and_ISRO_Bhuvan,LGD_2026_Bhuvan_2024,182,MATCHED_AUTHORITATIVE_BOUNDARY
7491,Nihri,Mandi,Himachal Pradesh,,,MoPR_LGD_and_ISRO_Bhuvan,LGD_2026_Bhuvan_2024,7491,PENDING_OFFICIAL_BOUNDARY_MATCH
183,Seraj,Mandi,Himachal Pradesh,31.530719,77.209442,MoPR_LGD_and_ISRO_Bhuvan,LGD_2026_Bhuvan_2024,183,MATCHED_AUTHORITATIVE_BOUNDARY
184,Sundarnagar,Mandi,Himachal Pradesh,31.430022,76.953314,MoPR_LGD_and_ISRO_Bhuvan,LGD_2026_Bhuvan_2024,184,MATCHED_AUTHORITATIVE_BOUNDARY
185,Basantpur,Shimla,Himachal Pradesh,31.102318,77.165162,MoPR_LGD_and_ISRO_Bhuvan,LGD_2026_Bhuvan_2024,185,MATCHED_AUTHORITATIVE_BOUNDARY
186,Chhohara,Shimla,Himachal Pradesh,31.280494,78.009566,MoPR_LGD_and_ISRO_Bhuvan,LGD_2026_Bhuvan_2024,186,MATCHED_AUTHORITATIVE_BOUNDARY
187,Chopal,Shimla,Himachal Pradesh,30.94491,77.624067,MoPR_LGD_and_ISRO_Bhuvan,LGD_2026_Bhuvan_2024,187,MATCHED_AUTHORITATIVE_BOUNDARY
188,Jubbal,Shimla,Himachal Pradesh,31.088517,77.761624,MoPR_LGD_and_ISRO_Bhuvan,LGD_2026_Bhuvan_2024,188,MATCHED_AUTHORITATIVE_BOUNDARY
7492,Kotkhai,Shimla,Himachal Pradesh,31.147686,77.537978,MoPR_LGD_and_ISRO_Bhuvan,LGD_2026_Bhuvan_2024,7492,MATCHED_AUTHORITATIVE_BOUNDARY
7348,Kupvi,Shimla,Himachal Pradesh,30.834857,77.583507,MoPR_LGD_and_ISRO_Bhuvan,LGD_2026_Bhuvan_2024,7348,MATCHED_AUTHORITATIVE_BOUNDARY
189,Mashobra,Shimla,Himachal Pradesh,31.130927,77.179677,MoPR_LGD_and_ISRO_Bhuvan,LGD_2026_Bhuvan_2024,189,MATCHED_AUTHORITATIVE_BOUNDARY
6538,Nankhari,Shimla,Himachal Pradesh,31.302611,77.582459,MoPR_LGD_and_ISRO_Bhuvan,LGD_2026_Bhuvan_2024,6538,MATCHED_AUTHORITATIVE_BOUNDARY
190,Narkanda,Shimla,Himachal Pradesh,31.292704,77.43484,MoPR_LGD_and_ISRO_Bhuvan,LGD_2026_Bhuvan_2024,190,MATCHED_AUTHORITATIVE_BOUNDARY
191,Rampur,Shimla,Himachal Pradesh,31.484345,77.752784,MoPR_LGD_and_ISRO_Bhuvan,LGD_2026_Bhuvan_2024,191,MATCHED_AUTHORITATIVE_BOUNDARY
192,Rohru,Shimla,Himachal Pradesh,31.217628,77.691159,MoPR_LGD_and_ISRO_Bhuvan,LGD_2026_Bhuvan_2024,192,MATCHED_AUTHORITATIVE_BOUNDARY
193,Theog,Shimla,Himachal Pradesh,31.10894,77.389552,MoPR_LGD_and_ISRO_Bhuvan,LGD_2026_Bhuvan_2024,193,MATCHED_AUTHORITATIVE_BOUNDARY
7481,Totu,Shimla,Himachal Pradesh,,,MoPR_LGD_and_ISRO_Bhuvan,LGD_2026_Bhuvan_2024,7481,PENDING_OFFICIAL_BOUNDARY_MATCH
7623,Dadahu,Sirmaur,Himachal Pradesh,,,MoPR_LGD_and_ISRO_Bhuvan,LGD_2026_Bhuvan_2024,7623,PENDING_OFFICIAL_BOUNDARY_MATCH
194,Nahan,Sirmaur,Himachal Pradesh,30.577173,77.298787,MoPR_LGD_and_ISRO_Bhuvan,LGD_2026_Bhuvan_2024,194,MATCHED_AUTHORITATIVE_BOUNDARY
195,Pachhad,Sirmaur,Himachal Pradesh,30.76009,77.195978,MoPR_LGD_and_ISRO_Bhuvan,LGD_2026_Bhuvan_2024,195,MATCHED_AUTHORITATIVE_BOUNDARY
196,Paonta Sahib,Sirmaur,Himachal Pradesh,30.52581,77.597136,MoPR_LGD_and_ISRO_Bhuvan,LGD_2026_Bhuvan_2024,196,MATCHED_AUTHORITATIVE_BOUNDARY
197,Rajgarh,Sirmaur,Himachal Pradesh,30.889912,77.340315,MoPR_LGD_and_ISRO_Bhuvan,LGD_2026_Bhuvan_2024,197,MATCHED_AUTHORITATIVE_BOUNDARY
198,Sangrah,Sirmaur,Himachal Pradesh,30.722046,77.468326,MoPR_LGD_and_ISRO_Bhuvan,LGD_2026_Bhuvan_2024,198,MATCHED_AUTHORITATIVE_BOUNDARY
199,Shillai,Sirmaur,Himachal Pradesh,30.710408,77.659658,MoPR_LGD_and_ISRO_Bhuvan,LGD_2026_Bhuvan_2024,199,MATCHED_AUTHORITATIVE_BOUNDARY
7493,Tilordhar,Sirmaur,Himachal Pradesh,,,MoPR_LGD_and_ISRO_Bhuvan,LGD_2026_Bhuvan_2024,7493,PENDING_OFFICIAL_BOUNDARY_MATCH
200,Dharampur,Solan,Himachal Pradesh,30.92527,76.964952,MoPR_LGD_and_ISRO_Bhuvan,LGD_2026_Bhuvan_2024,200,MATCHED_AUTHORITATIVE_BOUNDARY
201,Kandaghat,Solan,Himachal Pradesh,30.995191,77.113943,MoPR_LGD_and_ISRO_Bhuvan,LGD_2026_Bhuvan_2024,201,MATCHED_AUTHORITATIVE_BOUNDARY
202,Kunihar,Solan,Himachal Pradesh,31.200687,76.938861,MoPR_LGD_and_ISRO_Bhuvan,LGD_2026_Bhuvan_2024,202,MATCHED_AUTHORITATIVE_BOUNDARY
203,Nalagarh,Solan,Himachal Pradesh,31.068624,76.761825,MoPR_LGD_and_ISRO_Bhuvan,LGD_2026_Bhuvan_2024,203,MATCHED_AUTHORITATIVE_BOUNDARY
7560,Patta,Solan,Himachal Pradesh,,,MoPR_LGD_and_ISRO_Bhuvan,LGD_2026_Bhuvan_2024,7560,PENDING_OFFICIAL_BOUNDARY_MATCH
204,Solan,Solan,Himachal Pradesh,30.916623,77.074137,MoPR_LGD_and_ISRO_Bhuvan,LGD_2026_Bhuvan_2024,204,MATCHED_AUTHORITATIVE_BOUNDARY
205,Amb,Una,Himachal Pradesh,31.714233,76.137081,MoPR_LGD_and_ISRO_Bhuvan,LGD_2026_Bhuvan_2024,205,MATCHED_AUTHORITATIVE_BOUNDARY
206,Bangana,Una,Himachal Pradesh,31.570384,76.336583,MoPR_LGD_and_ISRO_Bhuvan,LGD_2026_Bhuvan_2024,206,MATCHED_AUTHORITATIVE_BOUNDARY
207,Gagret,Una,Himachal Pradesh,31.700772,76.042896,MoPR_LGD_and_ISRO_Bhuvan,LGD_2026_Bhuvan_2024,207,MATCHED_AUTHORITATIVE_BOUNDARY
208,Haroli,Una,Himachal Pradesh,31.423062,76.200837,MoPR_LGD_and_ISRO_Bhuvan,LGD_2026_Bhuvan_2024,208,MATCHED_AUTHORITATIVE_BOUNDARY
209,Una,Una,Himachal Pradesh,31.471174,76.286036,MoPR_LGD_and_ISRO_Bhuvan,LGD_2026_Bhuvan_2024,209,MATCHED_AUTHORITATIVE_BOUNDARY
1,Achabal,Anantnag,Jammu And Kashmir,33.718344,75.143464,MoPR_LGD_and_ISRO_Bhuvan,LGD_2026_Bhuvan_2024,1,MATCHED_AUTHORITATIVE_BOUNDARY
6861,Anantnag,Anantnag,Jammu And Kashmir,33.748799,75.171846,MoPR_LGD_and_ISRO_Bhuvan,LGD_2026_Bhuvan_2024,6861,MATCHED_AUTHORITATIVE_BOUNDARY
7020,Bijibehara,Anantnag,Jammu And Kashmir,33.816214,75.159852,MoPR_LGD_and_ISRO_Bhuvan,LGD_2026_Bhuvan_2024,7020,MATCHED_AUTHORITATIVE_BOUNDARY
2,Breng,Anantnag,Jammu And Kashmir,33.568187,75.39764,MoPR_LGD_and_ISRO_Bhuvan,LGD_2026_Bhuvan_2024,2,MATCHED_AUTHORITATIVE_BOUNDARY
7021,Chathergul,Anantnag,Jammu And Kashmir,33.747603,75.328827,MoPR_LGD_and_ISRO_Bhuvan,LGD_2026_Bhuvan_2024,7021,MATCHED_AUTHORITATIVE_BOUNDARY
3,Dachnipora,Anantnag,Jammu And Kashmir,,,MoPR_LGD_and_ISRO_Bhuvan,LGD_2026_Bhuvan_2024,3,PENDING_OFFICIAL_BOUNDARY_MATCH
7022,Hiller Shahabad,Anantnag,Jammu And Kashmir,33.554721,75.192907,MoPR_LGD_and_ISRO_Bhuvan,LGD_2026_Bhuvan_2024,7022,MATCHED_AUTHORITATIVE_BOUNDARY
6,Khoveripora,Anantnag,Jammu And Kashmir,34.06219,75.336793,MoPR_LGD_and_ISRO_Bhuvan,LGD_2026_Bhuvan_2024,6,MATCHED_AUTHORITATIVE_BOUNDARY
7035,Larnoo,Anantnag,Jammu And Kashmir,33.622854,75.37939,MoPR_LGD_and_ISRO_Bhuvan,LGD_2026_Bhuvan_2024,7035,MATCHED_AUTHORITATIVE_BOUNDARY
7034,Pahalgam,Anantnag,Jammu And Kashmir,34.060445,75.358999,MoPR_LGD_and_ISRO_Bhuvan,LGD_2026_Bhuvan_2024,7034,MATCHED_AUTHORITATIVE_BOUNDARY
6712,Qazigund (Partly),Anantnag,Jammu And Kashmir,33.512407,75.239148,MoPR_LGD_and_ISRO_Bhuvan,LGD_2026_Bhuvan_2024,6712,MATCHED_AUTHORITATIVE_BOUNDARY
7036,Sagam,Anantnag,Jammu And Kashmir,33.604996,75.247958,MoPR_LGD_and_ISRO_Bhuvan,LGD_2026_Bhuvan_2024,7036,MATCHED_AUTHORITATIVE_BOUNDARY
11,Shahabad,Anantnag,Jammu And Kashmir,33.63743,75.184709,MoPR_LGD_and_ISRO_Bhuvan,LGD_2026_Bhuvan_2024,11,MATCHED_AUTHORITATIVE_BOUNDARY
12,Shangus,Anantnag,Jammu And Kashmir,33.700175,75.279775,MoPR_LGD_and_ISRO_Bhuvan,LGD_2026_Bhuvan_2024,12,MATCHED_AUTHORITATIVE_BOUNDARY
7033,Verinag,Anantnag,Jammu And Kashmir,33.502831,75.288598,MoPR_LGD_and_ISRO_Bhuvan,LGD_2026_Bhuvan_2024,7033,MATCHED_AUTHORITATIVE_BOUNDARY
7032,Vessu,Anantnag,Jammu And Kashmir,33.669239,75.136231,MoPR_LGD_and_ISRO_Bhuvan,LGD_2026_Bhuvan_2024,7032,MATCHED_AUTHORITATIVE_BOUNDARY
6908,Aloosa,Bandipora,Jammu And Kashmir,34.450654,74.54025,MoPR_LGD_and_ISRO_Bhuvan,LGD_2026_Bhuvan_2024,6908,MATCHED_AUTHORITATIVE_BOUNDARY
6910,Arin,Bandipora,Jammu And Kashmir,34.427681,74.72012,MoPR_LGD_and_ISRO_Bhuvan,LGD_2026_Bhuvan_2024,6910,MATCHED_AUTHORITATIVE_BOUNDARY
6914,Baktoor,Bandipora,Jammu And Kashmir,,,MoPR_LGD_and_ISRO_Bhuvan,LGD_2026_Bhuvan_2024,6914,PENDING_OFFICIAL_BOUNDARY_MATCH
21,Bandipora,Bandipora,Jammu And Kashmir,34.493024,74.827976,MoPR_LGD_and_ISRO_Bhuvan,LGD_2026_Bhuvan_2024,21,MATCHED_AUTHORITATIVE_BOUNDARY
6909,Bonkoot,Bandipora,Jammu And Kashmir,34.493626,74.723149,MoPR_LGD_and_ISRO_Bhuvan,LGD_2026_Bhuvan_2024,6909,MATCHED_AUTHORITATIVE_BOUNDARY
6912,Ganstan,Bandipora,Jammu And Kashmir,34.626763,74.939039,MoPR_LGD_and_ISRO_Bhuvan,LGD_2026_Bhuvan_2024,6912,MATCHED_AUTHORITATIVE_BOUNDARY
24,Gurez,Bandipora,Jammu And Kashmir,34.598768,74.868753,MoPR_LGD_and_ISRO_Bhuvan,LGD_2026_Bhuvan_2024,24,MATCHED_AUTHORITATIVE_BOUNDARY
25,Hajin,Bandipora,Jammu And Kashmir,34.348636,74.615161,MoPR_LGD_and_ISRO_Bhuvan,LGD_2026_Bhuvan_2024,25,MATCHED_AUTHORITATIVE_BOUNDARY
6911,Naidkhay,Bandipora,Jammu And Kashmir,34.271764,74.573563,MoPR_LGD_and_ISRO_Bhuvan,LGD_2026_Bhuvan_2024,6911,MATCHED_AUTHORITATIVE_BOUNDARY
6913,Nowgam,Bandipora,Jammu And Kashmir,34.206862,74.606722,MoPR_LGD_and_ISRO_Bhuvan,LGD_2026_Bhuvan_2024,6913,MATCHED_AUTHORITATIVE_BOUNDARY
32,Sumbal,Bandipora,Jammu And Kashmir,34.211446,74.647343,MoPR_LGD_and_ISRO_Bhuvan,LGD_2026_Bhuvan_2024,32,MATCHED_AUTHORITATIVE_BOUNDARY
6545,Tulail,Bandipora,Jammu And Kashmir,34.504398,75.145336,MoPR_LGD_and_ISRO_Bhuvan,LGD_2026_Bhuvan_2024,6545,MATCHED_AUTHORITATIVE_BOUNDARY
22,Baramulla,Baramulla,Jammu And Kashmir,34.214862,74.3856,MoPR_LGD_and_ISRO_Bhuvan,LGD_2026_Bhuvan_2024,22,MATCHED_AUTHORITATIVE_BOUNDARY
7006,Bijhama,Baramulla,Jammu And Kashmir,34.172949,74.096381,MoPR_LGD_and_ISRO_Bhuvan,LGD_2026_Bhuvan_2024,7006,MATCHED_AUTHORITATIVE_BOUNDARY
23,Boniyar,Baramulla,Jammu And Kashmir,34.145834,74.202104,MoPR_LGD_and_ISRO_Bhuvan,LGD_2026_Bhuvan_2024,23,MATCHED_AUTHORITATIVE_BOUNDARY
7007,Chandil Wangam,Baramulla,Jammu And Kashmir,,,MoPR_LGD_and_ISRO_Bhuvan,LGD_2026_Bhuvan_2024,7007,PENDING_OFFICIAL_BOUNDARY_MATCH
7008,Hardaboora,Baramulla,Jammu And Kashmir,34.107936,74.606852,MoPR_LGD_and_ISRO_Bhuvan,LGD_2026_Bhuvan_2024,7008,MATCHED_AUTHORITATIVE_BOUNDARY
7009,Kandi Rafiabad,Baramulla,Jammu And Kashmir,34.078573,74.446862,MoPR_LGD_and_ISRO_Bhuvan,LGD_2026_Bhuvan_2024,7009,MATCHED_AUTHORITATIVE_BOUNDARY
7010,Khaipora,Baramulla,Jammu And Kashmir,34.11236,74.448881,MoPR_LGD_and_ISRO_Bhuvan,LGD_2026_Bhuvan_2024,7010,MATCHED_AUTHORITATIVE_BOUNDARY
26,Kunzer,Baramulla,Jammu And Kashmir,34.077105,74.49664,MoPR_LGD_and_ISRO_Bhuvan,LGD_2026_Bhuvan_2024,26,MATCHED_AUTHORITATIVE_BOUNDARY
7011,Lalpora,Baramulla,Jammu And Kashmir,34.12054,74.565763,MoPR_LGD_and_ISRO_Bhuvan,LGD_2026_Bhuvan_2024,7011,MATCHED_AUTHORITATIVE_BOUNDARY
7012,Nadihal,Baramulla,Jammu And Kashmir,34.264477,74.375904,MoPR_LGD_and_ISRO_Bhuvan,LGD_2026_Bhuvan_2024,7012,MATCHED_AUTHORITATIVE_BOUNDARY
7013,Narwah,Baramulla,Jammu And Kashmir,34.162737,74.335127,MoPR_LGD_and_ISRO_Bhuvan,LGD_2026_Bhuvan_2024,7013,MATCHED_AUTHORITATIVE_BOUNDARY
7014,Noorkah,Baramulla,Jammu And Kashmir,34.10781,74.242554,MoPR_LGD_and_ISRO_Bhuvan,LGD_2026_Bhuvan_2024,7014,MATCHED_AUTHORITATIVE_BOUNDARY
7015,Paranpeela,Baramulla,Jammu And Kashmir,34.087521,74.013424,MoPR_LGD_and_ISRO_Bhuvan,LGD_2026_Bhuvan_2024,7015,MATCHED_AUTHORITATIVE_BOUNDARY
27,Pattan,Baramulla,Jammu And Kashmir,34.162812,74.532911,MoPR_LGD_and_ISRO_Bhuvan,LGD_2026_Bhuvan_2024,27,MATCHED_AUTHORITATIVE_BOUNDARY
28,Rafiabad,Baramulla,Jammu And Kashmir,34.291021,74.265264,MoPR_LGD_and_ISRO_Bhuvan,LGD_2026_Bhuvan_2024,28,MATCHED_AUTHORITATIVE_BOUNDARY
29,Rohama,Baramulla,Jammu And Kashmir,34.259149,74.295937,MoPR_LGD_and_ISRO_Bhuvan,LGD_2026_Bhuvan_2024,29,MATCHED_AUTHORITATIVE_BOUNDARY
7016,Sangrama,Baramulla,Jammu And Kashmir,34.246939,74.494154,MoPR_LGD_and_ISRO_Bhuvan,LGD_2026_Bhuvan_2024,7016,MATCHED_AUTHORITATIVE_BOUNDARY
7017,Sherabad Khore,Baramulla,Jammu And Kashmir,34.141637,74.641414,MoPR_LGD_and_ISRO_Bhuvan,LGD_2026_Bhuvan_2024,7017,MATCHED_AUTHORITATIVE_BOUNDARY
30,Singhpora,Baramulla,Jammu And Kashmir,34.16313,74.620875,MoPR_LGD_and_ISRO_Bhuvan,LGD_2026_Bhuvan_2024,30,MATCHED_AUTHORITATIVE_BOUNDARY
31,Sopore,Baramulla,Jammu And Kashmir,34.287485,74.481266,MoPR_LGD_and_ISRO_Bhuvan,LGD_2026_Bhuvan_2024,31,MATCHED_AUTHORITATIVE_BOUNDARY
33,Tangmarag,Baramulla,Jammu And Kashmir,34.008697,74.390859,MoPR_LGD_and_ISRO_Bhuvan,LGD_2026_Bhuvan_2024,33,MATCHED_AUTHORITATIVE_BOUNDARY
7018,Tujjar Sharief,Baramulla,Jammu And Kashmir,34.400009,74.401572,MoPR_LGD_and_ISRO_Bhuvan,LGD_2026_Bhuvan_2024,7018,MATCHED_AUTHORITATIVE_BOUNDARY
34,Uri,Baramulla,Jammu And Kashmir,34.050672,74.085067,MoPR_LGD_and_ISRO_Bhuvan,LGD_2026_Bhuvan_2024,34,MATCHED_AUTHORITATIVE_BOUNDARY
35,Wagoora,Baramulla,Jammu And Kashmir,34.126802,74.305862,MoPR_LGD_and_ISRO_Bhuvan,LGD_2026_Bhuvan_2024,35,MATCHED_AUTHORITATIVE_BOUNDARY
7019,Wailoo,Baramulla,Jammu And Kashmir,34.159343,74.498214,MoPR_LGD_and_ISRO_Bhuvan,LGD_2026_Bhuvan_2024,7019,MATCHED_AUTHORITATIVE_BOUNDARY
36,Zaingeer,Baramulla,Jammu And Kashmir,34.361443,74.475085,MoPR_LGD_and_ISRO_Bhuvan,LGD_2026_Bhuvan_2024,36,MATCHED_AUTHORITATIVE_BOUNDARY
14,Badgam,Budgam,Jammu And Kashmir,34.026308,74.752976,MoPR_LGD_and_ISRO_Bhuvan,LGD_2026_Bhuvan_2024,14,MATCHED_AUTHORITATIVE_BOUNDARY
15,Beerwah,Budgam,Jammu And Kashmir,34.008905,74.617314,MoPR_LGD_and_ISRO_Bhuvan,LGD_2026_Bhuvan_2024,15,MATCHED_AUTHORITATIVE_BOUNDARY
13,B.K.Pora,Budgam,Jammu And Kashmir,34.00627,74.854181,MoPR_LGD_and_ISRO_Bhuvan,LGD_2026_Bhuvan_2024,13,MATCHED_AUTHORITATIVE_BOUNDARY
16,Chadoora,Budgam,Jammu And Kashmir,33.950441,74.814507,MoPR_LGD_and_ISRO_Bhuvan,LGD_2026_Bhuvan_2024,16,MATCHED_AUTHORITATIVE_BOUNDARY
6919,Charisharief,Budgam,Jammu And Kashmir,33.86676,74.770666,MoPR_LGD_and_ISRO_Bhuvan,LGD_2026_Bhuvan_2024,6919,MATCHED_AUTHORITATIVE_BOUNDARY
17,Khag,Budgam,Jammu And Kashmir,33.939178,74.48589,MoPR_LGD_and_ISRO_Bhuvan,LGD_2026_Bhuvan_2024,17,MATCHED_AUTHORITATIVE_BOUNDARY
18,Khan-Sahib,Budgam,Jammu And Kashmir,33.865546,74.583556,MoPR_LGD_and_ISRO_Bhuvan,LGD_2026_Bhuvan_2024,18,MATCHED_AUTHORITATIVE_BOUNDARY
19,Nagam,Budgam,Jammu And Kashmir,33.803161,74.642604,MoPR_LGD_and_ISRO_Bhuvan,LGD_2026_Bhuvan_2024,19,MATCHED_AUTHORITATIVE_BOUNDARY
20,Narbal,Budgam,Jammu And Kashmir,34.106832,74.648024,MoPR_LGD_and_ISRO_Bhuvan,LGD_2026_Bhuvan_2024,20,MATCHED_AUTHORITATIVE_BOUNDARY
6918,Pakherpora,Budgam,Jammu And Kashmir,33.837066,74.781621,MoPR_LGD_and_ISRO_Bhuvan,LGD_2026_Bhuvan_2024,6918,MATCHED_AUTHORITATIVE_BOUNDARY
6915,Parnewa,Budgam,Jammu And Kashmir,33.97888,74.736505,MoPR_LGD_and_ISRO_Bhuvan,LGD_2026_Bhuvan_2024,6915,MATCHED_AUTHORITATIVE_BOUNDARY
6922,Rathsun,Budgam,Jammu And Kashmir,34.042471,74.59433,MoPR_LGD_and_ISRO_Bhuvan,LGD_2026_Bhuvan_2024,6922,MATCHED_AUTHORITATIVE_BOUNDARY
6923,S K Pora,Budgam,Jammu And Kashmir,34.072414,74.626956,MoPR_LGD_and_ISRO_Bhuvan,LGD_2026_Bhuvan_2024,6923,MATCHED_AUTHORITATIVE_BOUNDARY
6921,Soibugh,Budgam,Jammu And Kashmir,34.077102,74.702573,MoPR_LGD_and_ISRO_Bhuvan,LGD_2026_Bhuvan_2024,6921,MATCHED_AUTHORITATIVE_BOUNDARY
6916,Sukhnag Hard Panzoo,Budgam,Jammu And Kashmir,33.921614,74.545944,MoPR_LGD_and_ISRO_Bhuvan,LGD_2026_Bhuvan_2024,6916,MATCHED_AUTHORITATIVE_BOUNDARY
6920,Surasyar,Budgam,Jammu And Kashmir,33.903784,74.718181,MoPR_LGD_and_ISRO_Bhuvan,LGD_2026_Bhuvan_2024,6920,MATCHED_AUTHORITATIVE_BOUNDARY
6917,Waterhail,Budgam,Jammu And Kashmir,34.005365,74.688959,MoPR_LGD_and_ISRO_Bhuvan,LGD_2026_Bhuvan_2024,6917,MATCHED_AUTHORITATIVE_BOUNDARY
37,Assar,Doda,Jammu And Kashmir,33.105356,75.412697,MoPR_LGD_and_ISRO_Bhuvan,LGD_2026_Bhuvan_2024,37,MATCHED_AUTHORITATIVE_BOUNDARY
39,Bhaderwah,Doda,Jammu And Kashmir,32.979838,75.695673,MoPR_LGD_and_ISRO_Bhuvan,LGD_2026_Bhuvan_2024,39,MATCHED_AUTHORITATIVE_BOUNDARY
40,Bhagwah,Doda,Jammu And Kashmir,33.290163,75.488659,MoPR_LGD_and_ISRO_Bhuvan,LGD_2026_Bhuvan_2024,40,MATCHED_AUTHORITATIVE_BOUNDARY
41,Bhalessa(Gandoh),Doda,Jammu And Kashmir,33.022909,76.001242,MoPR_LGD_and_ISRO_Bhuvan,LGD_2026_Bhuvan_2024,41,MATCHED_AUTHORITATIVE_BOUNDARY
6987,Bhalla,Doda,Jammu And Kashmir,33.052307,75.610258,MoPR_LGD_and_ISRO_Bhuvan,LGD_2026_Bhuvan_2024,6987,MATCHED_AUTHORITATIVE_BOUNDARY
6989,Changa,Doda,Jammu And Kashmir,32.984188,75.943976,MoPR_LGD_and_ISRO_Bhuvan,LGD_2026_Bhuvan_2024,6989,MATCHED_AUTHORITATIVE_BOUNDARY
6991,Chilli Pingal,Doda,Jammu And Kashmir,33.064378,75.930538,MoPR_LGD_and_ISRO_Bhuvan,LGD_2026_Bhuvan_2024,6991,MATCHED_AUTHORITATIVE_BOUNDARY
6985,Chiralla,Doda,Jammu And Kashmir,32.989198,75.89263,MoPR_LGD_and_ISRO_Bhuvan,LGD_2026_Bhuvan_2024,6985,MATCHED_AUTHORITATIVE_BOUNDARY
6988,Dali Udhyanpur,Doda,Jammu And Kashmir,33.236169,75.606342,MoPR_LGD_and_ISRO_Bhuvan,LGD_2026_Bhuvan_2024,6988,MATCHED_AUTHORITATIVE_BOUNDARY
43,Doda,Doda,Jammu And Kashmir,33.144734,75.586487,MoPR_LGD_and_ISRO_Bhuvan,LGD_2026_Bhuvan_2024,43,MATCHED_AUTHORITATIVE_BOUNDARY
45,Gundana,Doda,Jammu And Kashmir,33.187402,75.711615,MoPR_LGD_and_ISRO_Bhuvan,LGD_2026_Bhuvan_2024,45,MATCHED_AUTHORITATIVE_BOUNDARY
6990,Jakyas,Doda,Jammu And Kashmir,33.065332,75.954741,MoPR_LGD_and_ISRO_Bhuvan,LGD_2026_Bhuvan_2024,6990,MATCHED_AUTHORITATIVE_BOUNDARY
6986,Kahara,Doda,Jammu And Kashmir,33.099391,75.836012,MoPR_LGD_and_ISRO_Bhuvan,LGD_2026_Bhuvan_2024,6986,MATCHED_AUTHORITATIVE_BOUNDARY
6983,Kastigarh,Doda,Jammu And Kashmir,33.204302,75.423043,MoPR_LGD_and_ISRO_Bhuvan,LGD_2026_Bhuvan_2024,6983,MATCHED_AUTHORITATIVE_BOUNDARY
6984,Khellani,Doda,Jammu And Kashmir,33.096996,75.502091,MoPR_LGD_and_ISRO_Bhuvan,LGD_2026_Bhuvan_2024,6984,MATCHED_AUTHORITATIVE_BOUNDARY
48,Marmat,Doda,Jammu And Kashmir,33.029615,75.48296,MoPR_LGD_and_ISRO_Bhuvan,LGD_2026_Bhuvan_2024,48,MATCHED_AUTHORITATIVE_BOUNDARY
54,Thathri,Doda,Jammu And Kashmir,33.10795,75.754747,MoPR_LGD_and_ISRO_Bhuvan,LGD_2026_Bhuvan_2024,54,MATCHED_AUTHORITATIVE_BOUNDARY
119,Ganderbal,Ganderbal,Jammu And Kashmir,34.213618,74.823942,MoPR_LGD_and_ISRO_Bhuvan,LGD_2026_Bhuvan_2024,119,MATCHED_AUTHORITATIVE_BOUNDARY
6887,Gund,Ganderbal,Jammu And Kashmir,34.252504,75.111147,MoPR_LGD_and_ISRO_Bhuvan,LGD_2026_Bhuvan_2024,6887,MATCHED_AUTHORITATIVE_BOUNDARY
120,Kangan,Ganderbal,Jammu And Kashmir,34.266959,75.08311,MoPR_LGD_and_ISRO_Bhuvan,LGD_2026_Bhuvan_2024,120,MATCHED_AUTHORITATIVE_BOUNDARY
121,Lar,Ganderbal,Jammu And Kashmir,34.271501,74.772378,MoPR_LGD_and_ISRO_Bhuvan,LGD_2026_Bhuvan_2024,121,MATCHED_AUTHORITATIVE_BOUNDARY
6886,Safapora,Ganderbal,Jammu And Kashmir,34.279612,74.665657,MoPR_LGD_and_ISRO_Bhuvan,LGD_2026_Bhuvan_2024,6886,MATCHED_AUTHORITATIVE_BOUNDARY
6885,Sherpathri,Ganderbal,Jammu And Kashmir,34.177366,74.743684,MoPR_LGD_and_ISRO_Bhuvan,LGD_2026_Bhuvan_2024,6885,MATCHED_AUTHORITATIVE_BOUNDARY
6546,Wakoora,Ganderbal,Jammu And Kashmir,34.233699,74.706854,MoPR_LGD_and_ISRO_Bhuvan,LGD_2026_Bhuvan_2024,6546,MATCHED_AUTHORITATIVE_BOUNDARY
56,Akhnoor,Jammu,Jammu And Kashmir,32.964146,74.654981,MoPR_LGD_and_ISRO_Bhuvan,LGD_2026_Bhuvan_2024,56,MATCHED_AUTHORITATIVE_BOUNDARY
6862,Arnia,Jammu,Jammu And Kashmir,32.504229,74.812314,MoPR_LGD_and_ISRO_Bhuvan,LGD_2026_Bhuvan_2024,6862,MATCHED_AUTHORITATIVE_BOUNDARY
57,Bhalwal,Jammu,Jammu And Kashmir,32.822961,74.807617,MoPR_LGD_and_ISRO_Bhuvan,LGD_2026_Bhuvan_2024,57,MATCHED_AUTHORITATIVE_BOUNDARY
6863,Bhalwal Brahmana,Jammu,Jammu And Kashmir,32.867749,74.605641,MoPR_LGD_and_ISRO_Bhuvan,LGD_2026_Bhuvan_2024,6863,MATCHED_AUTHORITATIVE_BOUNDARY
58,Bishnah,Jammu,Jammu And Kashmir,32.580031,74.874773,MoPR_LGD_and_ISRO_Bhuvan,LGD_2026_Bhuvan_2024,58,MATCHED_AUTHORITATIVE_BOUNDARY
6865,Chowki Choura,Jammu,Jammu And Kashmir,,,MoPR_LGD_and_ISRO_Bhuvan,LGD_2026_Bhuvan_2024,6865,PENDING_OFFICIAL_BOUNDARY_MATCH
59,Dansal,Jammu,Jammu And Kashmir,32.867743,74.998922,MoPR_LGD_and_ISRO_Bhuvan,LGD_2026_Bhuvan_2024,59,MATCHED_AUTHORITATIVE_BOUNDARY
6979,Kharah Balli,Jammu,Jammu And Kashmir,32.894029,74.5307,MoPR_LGD_and_ISRO_Bhuvan,LGD_2026_Bhuvan_2024,6979,MATCHED_AUTHORITATIVE_BOUNDARY
60,Khour,Jammu,Jammu And Kashmir,32.898578,74.474956,MoPR_LGD_and_ISRO_Bhuvan,LGD_2026_Bhuvan_2024,60,MATCHED_AUTHORITATIVE_BOUNDARY
6864,Maira Mandrian,Jammu,Jammu And Kashmir,,,MoPR_LGD_and_ISRO_Bhuvan,LGD_2026_Bhuvan_2024,6864,PENDING_OFFICIAL_BOUNDARY_MATCH
6868,Mandal Phallain,Jammu,Jammu And Kashmir,32.687794,74.746813,MoPR_LGD_and_ISRO_Bhuvan,LGD_2026_Bhuvan_2024,6868,MATCHED_AUTHORITATIVE_BOUNDARY
61,Marh,Jammu,Jammu And Kashmir,32.759658,74.725177,MoPR_LGD_and_ISRO_Bhuvan,LGD_2026_Bhuvan_2024,61,MATCHED_AUTHORITATIVE_BOUNDARY
6981,Mathwar,Jammu,Jammu And Kashmir,32.926175,74.810165,MoPR_LGD_and_ISRO_Bhuvan,LGD_2026_Bhuvan_2024,6981,MATCHED_AUTHORITATIVE_BOUNDARY
7037,Miran Sahib,Jammu,Jammu And Kashmir,32.603409,74.793368,MoPR_LGD_and_ISRO_Bhuvan,LGD_2026_Bhuvan_2024,7037,MATCHED_AUTHORITATIVE_BOUNDARY
6867,Nagrota,Jammu,Jammu And Kashmir,32.803948,74.960382,MoPR_LGD_and_ISRO_Bhuvan,LGD_2026_Bhuvan_2024,6867,MATCHED_AUTHORITATIVE_BOUNDARY
6980,Pragwal,Jammu,Jammu And Kashmir,32.784342,74.593771,MoPR_LGD_and_ISRO_Bhuvan,LGD_2026_Bhuvan_2024,6980,MATCHED_AUTHORITATIVE_BOUNDARY
63,R.S.Pura,Jammu,Jammu And Kashmir,32.603859,74.74408,MoPR_LGD_and_ISRO_Bhuvan,LGD_2026_Bhuvan_2024,63,MATCHED_AUTHORITATIVE_BOUNDARY
6866,Samwan,Jammu,Jammu And Kashmir,32.873773,74.445906,MoPR_LGD_and_ISRO_Bhuvan,LGD_2026_Bhuvan_2024,6866,MATCHED_AUTHORITATIVE_BOUNDARY
65,Satwari,Jammu,Jammu And Kashmir,32.677254,74.831613,MoPR_LGD_and_ISRO_Bhuvan,LGD_2026_Bhuvan_2024,65,MATCHED_AUTHORITATIVE_BOUNDARY
6982,Suchetgarh,Jammu,Jammu And Kashmir,32.556952,74.708402,MoPR_LGD_and_ISRO_Bhuvan,LGD_2026_Bhuvan_2024,6982,MATCHED_AUTHORITATIVE_BOUNDARY
6969,Baggan,Kathua,Jammu And Kashmir,32.663369,75.681228,MoPR_LGD_and_ISRO_Bhuvan,LGD_2026_Bhuvan_2024,6969,MATCHED_AUTHORITATIVE_BOUNDARY
74,Bani,Kathua,Jammu And Kashmir,32.798722,75.798002,MoPR_LGD_and_ISRO_Bhuvan,LGD_2026_Bhuvan_2024,74,MATCHED_AUTHORITATIVE_BOUNDARY
75,Barnoti,Kathua,Jammu And Kashmir,32.48452,75.433771,MoPR_LGD_and_ISRO_Bhuvan,LGD_2026_Bhuvan_2024,75,MATCHED_AUTHORITATIVE_BOUNDARY
76,Basohli,Kathua,Jammu And Kashmir,32.553126,75.767949,MoPR_LGD_and_ISRO_Bhuvan,LGD_2026_Bhuvan_2024,76,MATCHED_AUTHORITATIVE_BOUNDARY
6970,Bhoond,Kathua,Jammu And Kashmir,32.624328,75.854548,MoPR_LGD_and_ISRO_Bhuvan,LGD_2026_Bhuvan_2024,6970,MATCHED_AUTHORITATIVE_BOUNDARY
77,Billawar,Kathua,Jammu And Kashmir,32.59989,75.570868,MoPR_LGD_and_ISRO_Bhuvan,LGD_2026_Bhuvan_2024,77,MATCHED_AUTHORITATIVE_BOUNDARY
6972,Dhar Mahanpur,Kathua,Jammu And Kashmir,32.653887,75.743046,MoPR_LGD_and_ISRO_Bhuvan,LGD_2026_Bhuvan_2024,6972,MATCHED_AUTHORITATIVE_BOUNDARY
6977,Dinga Amb,Kathua,Jammu And Kashmir,32.556946,75.344814,MoPR_LGD_and_ISRO_Bhuvan,LGD_2026_Bhuvan_2024,6977,MATCHED_AUTHORITATIVE_BOUNDARY
6968,Duggain,Kathua,Jammu And Kashmir,32.705129,75.540554,MoPR_LGD_and_ISRO_Bhuvan,LGD_2026_Bhuvan_2024,6968,MATCHED_AUTHORITATIVE_BOUNDARY
78,Duggan,Kathua,Jammu And Kashmir,32.709291,75.783345,MoPR_LGD_and_ISRO_Bhuvan,LGD_2026_Bhuvan_2024,78,MATCHED_AUTHORITATIVE_BOUNDARY
80,Hiranagar,Kathua,Jammu And Kashmir,32.488447,75.275618,MoPR_LGD_and_ISRO_Bhuvan,LGD_2026_Bhuvan_2024,80,MATCHED_AUTHORITATIVE_BOUNDARY
81,Kathua,Kathua,Jammu And Kashmir,32.397191,75.527782,MoPR_LGD_and_ISRO_Bhuvan,LGD_2026_Bhuvan_2024,81,MATCHED_AUTHORITATIVE_BOUNDARY
6975,Keerian Gangyal,Kathua,Jammu And Kashmir,32.431873,75.648303,MoPR_LGD_and_ISRO_Bhuvan,LGD_2026_Bhuvan_2024,6975,MATCHED_AUTHORITATIVE_BOUNDARY
82,Lohai-Malhar,Kathua,Jammu And Kashmir,32.733742,75.639673,MoPR_LGD_and_ISRO_Bhuvan,LGD_2026_Bhuvan_2024,82,MATCHED_AUTHORITATIVE_BOUNDARY
6971,Mahanpur,Kathua,Jammu And Kashmir,32.531258,75.638454,MoPR_LGD_and_ISRO_Bhuvan,LGD_2026_Bhuvan_2024,6971,MATCHED_AUTHORITATIVE_BOUNDARY
6973,Mandli,Kathua,Jammu And Kashmir,32.629186,75.503533,MoPR_LGD_and_ISRO_Bhuvan,LGD_2026_Bhuvan_2024,6973,MATCHED_AUTHORITATIVE_BOUNDARY
6978,Marheen,Kathua,Jammu And Kashmir,32.399446,75.315348,MoPR_LGD_and_ISRO_Bhuvan,LGD_2026_Bhuvan_2024,6978,MATCHED_AUTHORITATIVE_BOUNDARY
6976,Nagri,Kathua,Jammu And Kashmir,32.351836,75.436324,MoPR_LGD_and_ISRO_Bhuvan,LGD_2026_Bhuvan_2024,6976,MATCHED_AUTHORITATIVE_BOUNDARY
6974,Nagrota Gujroo,Kathua,Jammu And Kashmir,32.625809,75.40371,MoPR_LGD_and_ISRO_Bhuvan,LGD_2026_Bhuvan_2024,6974,MATCHED_AUTHORITATIVE_BOUNDARY
6904,Bunjwah,Kishtwar,Jammu And Kashmir,33.144498,76.02076,MoPR_LGD_and_ISRO_Bhuvan,LGD_2026_Bhuvan_2024,6904,MATCHED_AUTHORITATIVE_BOUNDARY
42,Dachhan,Kishtwar,Jammu And Kashmir,33.517477,75.983326,MoPR_LGD_and_ISRO_Bhuvan,LGD_2026_Bhuvan_2024,42,MATCHED_AUTHORITATIVE_BOUNDARY
44,Drabshalla,Kishtwar,Jammu And Kashmir,33.207095,75.883563,MoPR_LGD_and_ISRO_Bhuvan,LGD_2026_Bhuvan_2024,44,MATCHED_AUTHORITATIVE_BOUNDARY
46,Inderwal,Kishtwar,Jammu And Kashmir,33.547408,75.592547,MoPR_LGD_and_ISRO_Bhuvan,LGD_2026_Bhuvan_2024,46,MATCHED_AUTHORITATIVE_BOUNDARY
47,Kishtwar,Kishtwar,Jammu And Kashmir,33.288391,75.86937,MoPR_LGD_and_ISRO_Bhuvan,LGD_2026_Bhuvan_2024,47,MATCHED_AUTHORITATIVE_BOUNDARY
49,Marwah,Kishtwar,Jammu And Kashmir,33.672603,75.980312,MoPR_LGD_and_ISRO_Bhuvan,LGD_2026_Bhuvan_2024,49,MATCHED_AUTHORITATIVE_BOUNDARY
6905,Mughalmaidan,Kishtwar,Jammu And Kashmir,33.42065,75.663792,MoPR_LGD_and_ISRO_Bhuvan,LGD_2026_Bhuvan_2024,6905,MATCHED_AUTHORITATIVE_BOUNDARY
50,Nagseni,Kishtwar,Jammu And Kashmir,33.37672,75.937815,MoPR_LGD_and_ISRO_Bhuvan,LGD_2026_Bhuvan_2024,50,MATCHED_AUTHORITATIVE_BOUNDARY
51,Padder,Kishtwar,Jammu And Kashmir,33.327215,76.370181,MoPR_LGD_and_ISRO_Bhuvan,LGD_2026_Bhuvan_2024,51,MATCHED_AUTHORITATIVE_BOUNDARY
6901,Palmar,Kishtwar,Jammu And Kashmir,33.406556,75.773682,MoPR_LGD_and_ISRO_Bhuvan,LGD_2026_Bhuvan_2024,6901,MATCHED_AUTHORITATIVE_BOUNDARY
6903,Thakraie,Kishtwar,Jammu And Kashmir,33.311424,75.655794,MoPR_LGD_and_ISRO_Bhuvan,LGD_2026_Bhuvan_2024,6903,MATCHED_AUTHORITATIVE_BOUNDARY
6902,Trigam,Kishtwar,Jammu And Kashmir,33.263256,75.807209,MoPR_LGD_and_ISRO_Bhuvan,LGD_2026_Bhuvan_2024,6902,MATCHED_AUTHORITATIVE_BOUNDARY
55,Warwan,Kishtwar,Jammu And Kashmir,33.90101,75.716961,MoPR_LGD_and_ISRO_Bhuvan,LGD_2026_Bhuvan_2024,55,MATCHED_AUTHORITATIVE_BOUNDARY
6893,Behibag,Kulgam,Jammu And Kashmir,33.713602,74.980638,MoPR_LGD_and_ISRO_Bhuvan,LGD_2026_Bhuvan_2024,6893,MATCHED_AUTHORITATIVE_BOUNDARY
4,Devsar,Kulgam,Jammu And Kashmir,33.642742,75.097159,MoPR_LGD_and_ISRO_Bhuvan,LGD_2026_Bhuvan_2024,4,MATCHED_AUTHORITATIVE_BOUNDARY
5,D.H. Pora,Kulgam,Jammu And Kashmir,33.579729,74.744746,MoPR_LGD_and_ISRO_Bhuvan,LGD_2026_Bhuvan_2024,5,MATCHED_AUTHORITATIVE_BOUNDARY
6894,D K Marg,Kulgam,Jammu And Kashmir,33.551799,75.019972,MoPR_LGD_and_ISRO_Bhuvan,LGD_2026_Bhuvan_2024,6894,MATCHED_AUTHORITATIVE_BOUNDARY
6891,Frisal,Kulgam,Jammu And Kashmir,33.750684,75.051647,MoPR_LGD_and_ISRO_Bhuvan,LGD_2026_Bhuvan_2024,6891,MATCHED_AUTHORITATIVE_BOUNDARY
7,Kulgam,Kulgam,Jammu And Kashmir,33.654485,74.994071,MoPR_LGD_and_ISRO_Bhuvan,LGD_2026_Bhuvan_2024,7,MATCHED_AUTHORITATIVE_BOUNDARY
6889,Kund,Kulgam,Jammu And Kashmir,33.577424,75.14955,MoPR_LGD_and_ISRO_Bhuvan,LGD_2026_Bhuvan_2024,6889,MATCHED_AUTHORITATIVE_BOUNDARY
6890,Manzgam,Kulgam,Jammu And Kashmir,33.590515,74.869793,MoPR_LGD_and_ISRO_Bhuvan,LGD_2026_Bhuvan_2024,6890,MATCHED_AUTHORITATIVE_BOUNDARY
8,Pahloo,Kulgam,Jammu And Kashmir,33.587855,75.079821,MoPR_LGD_and_ISRO_Bhuvan,LGD_2026_Bhuvan_2024,8,MATCHED_AUTHORITATIVE_BOUNDARY
6892,Pombay,Kulgam,Jammu And Kashmir,33.638379,74.928543,MoPR_LGD_and_ISRO_Bhuvan,LGD_2026_Bhuvan_2024,6892,MATCHED_AUTHORITATIVE_BOUNDARY
9,Qaimoh,Kulgam,Jammu And Kashmir,33.749632,75.073793,MoPR_LGD_and_ISRO_Bhuvan,LGD_2026_Bhuvan_2024,9,MATCHED_AUTHORITATIVE_BOUNDARY
6996,Drugmulla,Kupwara,Jammu And Kashmir,34.527879,74.333607,MoPR_LGD_and_ISRO_Bhuvan,LGD_2026_Bhuvan_2024,6996,MATCHED_AUTHORITATIVE_BOUNDARY
7002,Handwara,Kupwara,Jammu And Kashmir,,,MoPR_LGD_and_ISRO_Bhuvan,LGD_2026_Bhuvan_2024,7002,PENDING_OFFICIAL_BOUNDARY_MATCH
6998,Hayhama,Kupwara,Jammu And Kashmir,,,MoPR_LGD_and_ISRO_Bhuvan,LGD_2026_Bhuvan_2024,6998,PENDING_OFFICIAL_BOUNDARY_MATCH
83,Kalarooch,Kupwara,Jammu And Kashmir,34.695379,74.424094,MoPR_LGD_and_ISRO_Bhuvan,LGD_2026_Bhuvan_2024,83,MATCHED_AUTHORITATIVE_BOUNDARY
6992,Keran,Kupwara,Jammu And Kashmir,34.795088,74.035993,MoPR_LGD_and_ISRO_Bhuvan,LGD_2026_Bhuvan_2024,6992,MATCHED_AUTHORITATIVE_BOUNDARY
84,Kralpora,Kupwara,Jammu And Kashmir,34.567569,74.004185,MoPR_LGD_and_ISRO_Bhuvan,LGD_2026_Bhuvan_2024,84,MATCHED_AUTHORITATIVE_BOUNDARY
85,Kupwara,Kupwara,Jammu And Kashmir,34.513226,74.291501,MoPR_LGD_and_ISRO_Bhuvan,LGD_2026_Bhuvan_2024,85,MATCHED_AUTHORITATIVE_BOUNDARY
86,Langate,Kupwara,Jammu And Kashmir,34.330941,74.196426,MoPR_LGD_and_ISRO_Bhuvan,LGD_2026_Bhuvan_2024,86,MATCHED_AUTHORITATIVE_BOUNDARY
6999,Machil,Kupwara,Jammu And Kashmir,,,MoPR_LGD_and_ISRO_Bhuvan,LGD_2026_Bhuvan_2024,6999,PENDING_OFFICIAL_BOUNDARY_MATCH
7001,Magam,Kupwara,Jammu And Kashmir,,,MoPR_LGD_and_ISRO_Bhuvan,LGD_2026_Bhuvan_2024,7001,PENDING_OFFICIAL_BOUNDARY_MATCH
7003,Mawar Kalamabad,Kupwara,Jammu And Kashmir,,,MoPR_LGD_and_ISRO_Bhuvan,LGD_2026_Bhuvan_2024,7003,PENDING_OFFICIAL_BOUNDARY_MATCH
6993,Meliyal,Kupwara,Jammu And Kashmir,,,MoPR_LGD_and_ISRO_Bhuvan,LGD_2026_Bhuvan_2024,6993,PENDING_OFFICIAL_BOUNDARY_MATCH
6997,Nutnoosa,Kupwara,Jammu And Kashmir,,,MoPR_LGD_and_ISRO_Bhuvan,LGD_2026_Bhuvan_2024,6997,PENDING_OFFICIAL_BOUNDARY_MATCH
6995,Qadirabad,Kupwara,Jammu And Kashmir,,,MoPR_LGD_and_ISRO_Bhuvan,LGD_2026_Bhuvan_2024,6995,PENDING_OFFICIAL_BOUNDARY_MATCH
7004,Qaziabad Supernagama,Kupwara,Jammu And Kashmir,,,MoPR_LGD_and_ISRO_Bhuvan,LGD_2026_Bhuvan_2024,7004,PENDING_OFFICIAL_BOUNDARY_MATCH
87,Rajwar,Kupwara,Jammu And Kashmir,34.401179,74.16107,MoPR_LGD_and_ISRO_Bhuvan,LGD_2026_Bhuvan_2024,87,MATCHED_AUTHORITATIVE_BOUNDARY
88,Ramhal,Kupwara,Jammu And Kashmir,34.466586,74.07997,MoPR_LGD_and_ISRO_Bhuvan,LGD_2026_Bhuvan_2024,88,MATCHED_AUTHORITATIVE_BOUNDARY
6994,Reddi Chowkibal,Kupwara,Jammu And Kashmir,,,MoPR_LGD_and_ISRO_Bhuvan,LGD_2026_Bhuvan_2024,6994,PENDING_OFFICIAL_BOUNDARY_MATCH
89,Sogam,Kupwara,Jammu And Kashmir,34.483677,74.441479,MoPR_LGD_and_ISRO_Bhuvan,LGD_2026_Bhuvan_2024,89,MATCHED_AUTHORITATIVE_BOUNDARY
90,Tangdar,Kupwara,Jammu And Kashmir,34.355206,73.925881,MoPR_LGD_and_ISRO_Bhuvan,LGD_2026_Bhuvan_2024,90,MATCHED_AUTHORITATIVE_BOUNDARY
7000,Tarathpora,Kupwara,Jammu And Kashmir,,,MoPR_LGD_and_ISRO_Bhuvan,LGD_2026_Bhuvan_2024,7000,PENDING_OFFICIAL_BOUNDARY_MATCH
91,Teetwal,Kupwara,Jammu And Kashmir,34.374364,73.800413,MoPR_LGD_and_ISRO_Bhuvan,LGD_2026_Bhuvan_2024,91,MATCHED_AUTHORITATIVE_BOUNDARY
92,Trehgam,Kupwara,Jammu And Kashmir,34.644961,74.176296,MoPR_LGD_and_ISRO_Bhuvan,LGD_2026_Bhuvan_2024,92,MATCHED_AUTHORITATIVE_BOUNDARY
93,Wavoora,Kupwara,Jammu And Kashmir,34.566536,74.424304,MoPR_LGD_and_ISRO_Bhuvan,LGD_2026_Bhuvan_2024,93,MATCHED_AUTHORITATIVE_BOUNDARY
100,Balakote,Poonch,Jammu And Kashmir,33.498809,74.148736,MoPR_LGD_and_ISRO_Bhuvan,LGD_2026_Bhuvan_2024,100,MATCHED_AUTHORITATIVE_BOUNDARY
101,Bufliaz,Poonch,Jammu And Kashmir,33.59444,74.435017,MoPR_LGD_and_ISRO_Bhuvan,LGD_2026_Bhuvan_2024,101,MATCHED_AUTHORITATIVE_BOUNDARY
6967,Lassana,Poonch,Jammu And Kashmir,,,MoPR_LGD_and_ISRO_Bhuvan,LGD_2026_Bhuvan_2024,6967,PENDING_OFFICIAL_BOUNDARY_MATCH
6965,Loran,Poonch,Jammu And Kashmir,,,MoPR_LGD_and_ISRO_Bhuvan,LGD_2026_Bhuvan_2024,6965,PENDING_OFFICIAL_BOUNDARY_MATCH
102,Mandi,Poonch,Jammu And Kashmir,33.855057,74.315224,MoPR_LGD_and_ISRO_Bhuvan,LGD_2026_Bhuvan_2024,102,MATCHED_AUTHORITATIVE_BOUNDARY
6966,Mankote,Poonch,Jammu And Kashmir,33.646317,74.06664,MoPR_LGD_and_ISRO_Bhuvan,LGD_2026_Bhuvan_2024,6966,MATCHED_AUTHORITATIVE_BOUNDARY
103,Mendhar,Poonch,Jammu And Kashmir,33.628829,74.171796,MoPR_LGD_and_ISRO_Bhuvan,LGD_2026_Bhuvan_2024,103,MATCHED_AUTHORITATIVE_BOUNDARY
6963,Nangali Sahib Sain Baba,Poonch,Jammu And Kashmir,,,MoPR_LGD_and_ISRO_Bhuvan,LGD_2026_Bhuvan_2024,6963,PENDING_OFFICIAL_BOUNDARY_MATCH
104,Poonch,Poonch,Jammu And Kashmir,33.784922,74.114627,MoPR_LGD_and_ISRO_Bhuvan,LGD_2026_Bhuvan_2024,104,MATCHED_AUTHORITATIVE_BOUNDARY
6964,Sathra,Poonch,Jammu And Kashmir,,,MoPR_LGD_and_ISRO_Bhuvan,LGD_2026_Bhuvan_2024,6964,PENDING_OFFICIAL_BOUNDARY_MATCH
105,Surankote,Poonch,Jammu And Kashmir,33.6966,74.33762,MoPR_LGD_and_ISRO_Bhuvan,LGD_2026_Bhuvan_2024,105,MATCHED_AUTHORITATIVE_BOUNDARY
6898,Aripal,Pulwama,Jammu And Kashmir,33.916748,75.011294,MoPR_LGD_and_ISRO_Bhuvan,LGD_2026_Bhuvan_2024,6898,MATCHED_AUTHORITATIVE_BOUNDARY
6895,Awantipora,Pulwama,Jammu And Kashmir,33.872549,74.988656,MoPR_LGD_and_ISRO_Bhuvan,LGD_2026_Bhuvan_2024,6895,MATCHED_AUTHORITATIVE_BOUNDARY
6899,Dadsara,Pulwama,Jammu And Kashmir,33.895494,75.060165,MoPR_LGD_and_ISRO_Bhuvan,LGD_2026_Bhuvan_2024,6899,MATCHED_AUTHORITATIVE_BOUNDARY
7088,Ichegoza,Pulwama,Jammu And Kashmir,33.806707,74.780555,MoPR_LGD_and_ISRO_Bhuvan,LGD_2026_Bhuvan_2024,7088,MATCHED_AUTHORITATIVE_BOUNDARY
106,Kakapora,Pulwama,Jammu And Kashmir,33.942729,74.928982,MoPR_LGD_and_ISRO_Bhuvan,LGD_2026_Bhuvan_2024,106,MATCHED_AUTHORITATIVE_BOUNDARY
6897,Litter,Pulwama,Jammu And Kashmir,33.820935,74.992323,MoPR_LGD_and_ISRO_Bhuvan,LGD_2026_Bhuvan_2024,6897,MATCHED_AUTHORITATIVE_BOUNDARY
6896,Newa,Pulwama,Jammu And Kashmir,33.902926,74.887156,MoPR_LGD_and_ISRO_Bhuvan,LGD_2026_Bhuvan_2024,6896,MATCHED_AUTHORITATIVE_BOUNDARY
108,Pampore,Pulwama,Jammu And Kashmir,34.016592,75.007131,MoPR_LGD_and_ISRO_Bhuvan,LGD_2026_Bhuvan_2024,108,MATCHED_AUTHORITATIVE_BOUNDARY
109,Pulwama,Pulwama,Jammu And Kashmir,33.860096,74.90826,MoPR_LGD_and_ISRO_Bhuvan,LGD_2026_Bhuvan_2024,109,MATCHED_AUTHORITATIVE_BOUNDARY
6900,Shadimarg,Pulwama,Jammu And Kashmir,,,MoPR_LGD_and_ISRO_Bhuvan,LGD_2026_Bhuvan_2024,6900,PENDING_OFFICIAL_BOUNDARY_MATCH
111,Tral,Pulwama,Jammu And Kashmir,33.986807,75.148587,MoPR_LGD_and_ISRO_Bhuvan,LGD_2026_Bhuvan_2024,111,MATCHED_AUTHORITATIVE_BOUNDARY
112,Budhal,Rajouri,Jammu And Kashmir,33.401696,74.525497,MoPR_LGD_and_ISRO_Bhuvan,LGD_2026_Bhuvan_2024,112,MATCHED_AUTHORITATIVE_BOUNDARY
6953,Budhal New,Rajouri,Jammu And Kashmir,33.385115,74.627193,MoPR_LGD_and_ISRO_Bhuvan,LGD_2026_Bhuvan_2024,6953,MATCHED_AUTHORITATIVE_BOUNDARY
113,Darhal,Rajouri,Jammu And Kashmir,33.475595,74.435944,MoPR_LGD_and_ISRO_Bhuvan,LGD_2026_Bhuvan_2024,113,MATCHED_AUTHORITATIVE_BOUNDARY
6959,Dhangri,Rajouri,Jammu And Kashmir,33.294759,74.396386,MoPR_LGD_and_ISRO_Bhuvan,LGD_2026_Bhuvan_2024,6959,MATCHED_AUTHORITATIVE_BOUNDARY
6701,Doongi,Rajouri,Jammu And Kashmir,33.283395,74.255219,MoPR_LGD_and_ISRO_Bhuvan,LGD_2026_Bhuvan_2024,6701,MATCHED_AUTHORITATIVE_BOUNDARY
114,Kalakote,Rajouri,Jammu And Kashmir,33.193398,74.426067,MoPR_LGD_and_ISRO_Bhuvan,LGD_2026_Bhuvan_2024,114,MATCHED_AUTHORITATIVE_BOUNDARY
6954,Khawas,Rajouri,Jammu And Kashmir,33.271543,74.621963,MoPR_LGD_and_ISRO_Bhuvan,LGD_2026_Bhuvan_2024,6954,MATCHED_AUTHORITATIVE_BOUNDARY
6961,Lamberi,Rajouri,Jammu And Kashmir,33.10802,74.36409,MoPR_LGD_and_ISRO_Bhuvan,LGD_2026_Bhuvan_2024,6961,MATCHED_AUTHORITATIVE_BOUNDARY
115,Manjakote,Rajouri,Jammu And Kashmir,33.455897,74.244258,MoPR_LGD_and_ISRO_Bhuvan,LGD_2026_Bhuvan_2024,115,MATCHED_AUTHORITATIVE_BOUNDARY
6957,Moughla,Rajouri,Jammu And Kashmir,33.19998,74.530841,MoPR_LGD_and_ISRO_Bhuvan,LGD_2026_Bhuvan_2024,6957,MATCHED_AUTHORITATIVE_BOUNDARY
116,Nowshera,Rajouri,Jammu And Kashmir,33.19404,74.181534,MoPR_LGD_and_ISRO_Bhuvan,LGD_2026_Bhuvan_2024,116,MATCHED_AUTHORITATIVE_BOUNDARY
6955,Panjgrian,Rajouri,Jammu And Kashmir,33.406031,74.263781,MoPR_LGD_and_ISRO_Bhuvan,LGD_2026_Bhuvan_2024,6955,MATCHED_AUTHORITATIVE_BOUNDARY
6962,Planger,Rajouri,Jammu And Kashmir,33.463275,74.3487,MoPR_LGD_and_ISRO_Bhuvan,LGD_2026_Bhuvan_2024,6962,MATCHED_AUTHORITATIVE_BOUNDARY
6956,Qila Darhal,Rajouri,Jammu And Kashmir,33.215406,74.233874,MoPR_LGD_and_ISRO_Bhuvan,LGD_2026_Bhuvan_2024,6956,MATCHED_AUTHORITATIVE_BOUNDARY
117,Rajouri,Rajouri,Jammu And Kashmir,33.356202,74.353841,MoPR_LGD_and_ISRO_Bhuvan,LGD_2026_Bhuvan_2024,117,MATCHED_AUTHORITATIVE_BOUNDARY
6958,Seri,Rajouri,Jammu And Kashmir,33.052231,74.332729,MoPR_LGD_and_ISRO_Bhuvan,LGD_2026_Bhuvan_2024,6958,MATCHED_AUTHORITATIVE_BOUNDARY
6960,Siot,Rajouri,Jammu And Kashmir,33.084422,74.429449,MoPR_LGD_and_ISRO_Bhuvan,LGD_2026_Bhuvan_2024,6960,MATCHED_AUTHORITATIVE_BOUNDARY
118,Sunderbani,Rajouri,Jammu And Kashmir,33.05274,74.474855,MoPR_LGD_and_ISRO_Bhuvan,LGD_2026_Bhuvan_2024,118,MATCHED_AUTHORITATIVE_BOUNDARY
6539,Thana Mandi,Rajouri,Jammu And Kashmir,33.542878,74.370848,MoPR_LGD_and_ISRO_Bhuvan,LGD_2026_Bhuvan_2024,6539,MATCHED_AUTHORITATIVE_BOUNDARY
38,Banihal,Ramban,Jammu And Kashmir,33.428757,75.194004,MoPR_LGD_and_ISRO_Bhuvan,LGD_2026_Bhuvan_2024,38,MATCHED_AUTHORITATIVE_BOUNDARY
6946,Batote,Ramban,Jammu And Kashmir,33.121327,75.341606,MoPR_LGD_and_ISRO_Bhuvan,LGD_2026_Bhuvan_2024,6946,MATCHED_AUTHORITATIVE_BOUNDARY
6951,Gandhri,Ramban,Jammu And Kashmir,33.186338,75.171067,MoPR_LGD_and_ISRO_Bhuvan,LGD_2026_Bhuvan_2024,6951,MATCHED_AUTHORITATIVE_BOUNDARY
127,Gool,Ramban,Jammu And Kashmir,33.279482,75.047872,MoPR_LGD_and_ISRO_Bhuvan,LGD_2026_Bhuvan_2024,127,MATCHED_AUTHORITATIVE_BOUNDARY
6950,Gundi Dharam,Ramban,Jammu And Kashmir,33.339051,75.040657,MoPR_LGD_and_ISRO_Bhuvan,LGD_2026_Bhuvan_2024,6950,MATCHED_AUTHORITATIVE_BOUNDARY
6952,Khari,Ramban,Jammu And Kashmir,33.402912,75.221217,MoPR_LGD_and_ISRO_Bhuvan,LGD_2026_Bhuvan_2024,6952,MATCHED_AUTHORITATIVE_BOUNDARY
6947,Rajgarh,Ramban,Jammu And Kashmir,33.212077,75.33095,MoPR_LGD_and_ISRO_Bhuvan,LGD_2026_Bhuvan_2024,6947,MATCHED_AUTHORITATIVE_BOUNDARY
52,Ramban,Ramban,Jammu And Kashmir,33.237042,75.258661,MoPR_LGD_and_ISRO_Bhuvan,LGD_2026_Bhuvan_2024,52,MATCHED_AUTHORITATIVE_BOUNDARY
53,Ramsoo,Ramban,Jammu And Kashmir,33.399002,75.044755,MoPR_LGD_and_ISRO_Bhuvan,LGD_2026_Bhuvan_2024,53,MATCHED_AUTHORITATIVE_BOUNDARY
6949,Sangaldan,Ramban,Jammu And Kashmir,33.24764,75.118412,MoPR_LGD_and_ISRO_Bhuvan,LGD_2026_Bhuvan_2024,6949,MATCHED_AUTHORITATIVE_BOUNDARY
6948,Ukhral,Ramban,Jammu And Kashmir,33.347943,75.31498,MoPR_LGD_and_ISRO_Bhuvan,LGD_2026_Bhuvan_2024,6948,MATCHED_AUTHORITATIVE_BOUNDARY
123,Arnas,Reasi,Jammu And Kashmir,33.197459,74.928315,MoPR_LGD_and_ISRO_Bhuvan,LGD_2026_Bhuvan_2024,123,MATCHED_AUTHORITATIVE_BOUNDARY
6938,Bamagh,Reasi,Jammu And Kashmir,33.120793,74.94702,MoPR_LGD_and_ISRO_Bhuvan,LGD_2026_Bhuvan_2024,6938,MATCHED_AUTHORITATIVE_BOUNDARY
6945,Chassana,Reasi,Jammu And Kashmir,33.389029,74.72385,MoPR_LGD_and_ISRO_Bhuvan,LGD_2026_Bhuvan_2024,6945,MATCHED_AUTHORITATIVE_BOUNDARY
6944,Gulab Garh,Reasi,Jammu And Kashmir,33.432379,74.941902,MoPR_LGD_and_ISRO_Bhuvan,LGD_2026_Bhuvan_2024,6944,MATCHED_AUTHORITATIVE_BOUNDARY
6942,Jig Bagli,Reasi,Jammu And Kashmir,,,MoPR_LGD_and_ISRO_Bhuvan,LGD_2026_Bhuvan_2024,6942,PENDING_OFFICIAL_BOUNDARY_MATCH
6939,Katra,Reasi,Jammu And Kashmir,33.034183,74.926036,MoPR_LGD_and_ISRO_Bhuvan,LGD_2026_Bhuvan_2024,6939,MATCHED_AUTHORITATIVE_BOUNDARY
128,Mahore,Reasi,Jammu And Kashmir,33.355739,74.872948,MoPR_LGD_and_ISRO_Bhuvan,LGD_2026_Bhuvan_2024,128,MATCHED_AUTHORITATIVE_BOUNDARY
6940,Panthal,Reasi,Jammu And Kashmir,,,MoPR_LGD_and_ISRO_Bhuvan,LGD_2026_Bhuvan_2024,6940,PENDING_OFFICIAL_BOUNDARY_MATCH
131,Pouni,Reasi,Jammu And Kashmir,33.108636,74.675858,MoPR_LGD_and_ISRO_Bhuvan,LGD_2026_Bhuvan_2024,131,MATCHED_AUTHORITATIVE_BOUNDARY
133,Reasi,Reasi,Jammu And Kashmir,32.997532,74.965404,MoPR_LGD_and_ISRO_Bhuvan,LGD_2026_Bhuvan_2024,133,MATCHED_AUTHORITATIVE_BOUNDARY
6943,Thakrakote,Reasi,Jammu And Kashmir,33.181084,74.737553,MoPR_LGD_and_ISRO_Bhuvan,LGD_2026_Bhuvan_2024,6943,MATCHED_AUTHORITATIVE_BOUNDARY
6941,Thuroo,Reasi,Jammu And Kashmir,33.244113,74.815252,MoPR_LGD_and_ISRO_Bhuvan,LGD_2026_Bhuvan_2024,6941,MATCHED_AUTHORITATIVE_BOUNDARY
7051,Bari Brahmana,Samba,Jammu And Kashmir,32.682666,75.022048,MoPR_LGD_and_ISRO_Bhuvan,LGD_2026_Bhuvan_2024,7051,MATCHED_AUTHORITATIVE_BOUNDARY
79,Ghagwal,Samba,Jammu And Kashmir,32.52344,75.202653,MoPR_LGD_and_ISRO_Bhuvan,LGD_2026_Bhuvan_2024,79,MATCHED_AUTHORITATIVE_BOUNDARY
6934,Nud,Samba,Jammu And Kashmir,,,MoPR_LGD_and_ISRO_Bhuvan,LGD_2026_Bhuvan_2024,6934,PENDING_OFFICIAL_BOUNDARY_MATCH
62,Purmandal,Samba,Jammu And Kashmir,32.636679,75.032257,MoPR_LGD_and_ISRO_Bhuvan,LGD_2026_Bhuvan_2024,62,MATCHED_AUTHORITATIVE_BOUNDARY
6936,Rajpura,Samba,Jammu And Kashmir,32.452666,75.160156,MoPR_LGD_and_ISRO_Bhuvan,LGD_2026_Bhuvan_2024,6936,MATCHED_AUTHORITATIVE_BOUNDARY
6937,Ramgarh,Samba,Jammu And Kashmir,32.949569,74.665384,MoPR_LGD_and_ISRO_Bhuvan,LGD_2026_Bhuvan_2024,6937,MATCHED_AUTHORITATIVE_BOUNDARY
64,Samba,Samba,Jammu And Kashmir,,,MoPR_LGD_and_ISRO_Bhuvan,LGD_2026_Bhuvan_2024,64,PENDING_OFFICIAL_BOUNDARY_MATCH
6935,Sumb,Samba,Jammu And Kashmir,33.033246,74.710578,MoPR_LGD_and_ISRO_Bhuvan,LGD_2026_Bhuvan_2024,6935,MATCHED_AUTHORITATIVE_BOUNDARY
66,Vijaypur,Samba,Jammu And Kashmir,32.55212,74.958741,MoPR_LGD_and_ISRO_Bhuvan,LGD_2026_Bhuvan_2024,66,MATCHED_AUTHORITATIVE_BOUNDARY
6882,Chitragam,Shopian,Jammu And Kashmir,33.778672,74.962804,MoPR_LGD_and_ISRO_Bhuvan,LGD_2026_Bhuvan_2024,6882,MATCHED_AUTHORITATIVE_BOUNDARY
6884,Harman,Shopian,Jammu And Kashmir,33.69865,74.928006,MoPR_LGD_and_ISRO_Bhuvan,LGD_2026_Bhuvan_2024,6884,MATCHED_AUTHORITATIVE_BOUNDARY
6880,Imamsahib,Shopian,Jammu And Kashmir,33.743633,74.901682,MoPR_LGD_and_ISRO_Bhuvan,LGD_2026_Bhuvan_2024,6880,MATCHED_AUTHORITATIVE_BOUNDARY
6878,Kanji Ullar,Shopian,Jammu And Kashmir,33.654146,74.86451,MoPR_LGD_and_ISRO_Bhuvan,LGD_2026_Bhuvan_2024,6878,MATCHED_AUTHORITATIVE_BOUNDARY
6881,Kaprin,Shopian,Jammu And Kashmir,33.673145,74.892318,MoPR_LGD_and_ISRO_Bhuvan,LGD_2026_Bhuvan_2024,6881,MATCHED_AUTHORITATIVE_BOUNDARY
6877,Keller,Shopian,Jammu And Kashmir,33.77196,74.819028,MoPR_LGD_and_ISRO_Bhuvan,LGD_2026_Bhuvan_2024,6877,MATCHED_AUTHORITATIVE_BOUNDARY
6879,Ramnagri,Shopian,Jammu And Kashmir,33.664047,74.817727,MoPR_LGD_and_ISRO_Bhuvan,LGD_2026_Bhuvan_2024,6879,MATCHED_AUTHORITATIVE_BOUNDARY
110,Shopian,Shopian,Jammu And Kashmir,33.751791,74.681087,MoPR_LGD_and_ISRO_Bhuvan,LGD_2026_Bhuvan_2024,110,MATCHED_AUTHORITATIVE_BOUNDARY
6883,Zainpora,Shopian,Jammu And Kashmir,33.702039,74.855544,MoPR_LGD_and_ISRO_Bhuvan,LGD_2026_Bhuvan_2024,6883,MATCHED_AUTHORITATIVE_BOUNDARY
6875,Harwan Rural Area Dara,Srinagar,Jammu And Kashmir,34.19074,74.913498,MoPR_LGD_and_ISRO_Bhuvan,LGD_2026_Bhuvan_2024,6875,MATCHED_AUTHORITATIVE_BOUNDARY
6876,Khanmoh,Srinagar,Jammu And Kashmir,34.054816,74.946887,MoPR_LGD_and_ISRO_Bhuvan,LGD_2026_Bhuvan_2024,6876,MATCHED_AUTHORITATIVE_BOUNDARY
7087,Qamarwari,Srinagar,Jammu And Kashmir,,,MoPR_LGD_and_ISRO_Bhuvan,LGD_2026_Bhuvan_2024,7087,PENDING_OFFICIAL_BOUNDARY_MATCH
122,Srinagar,Srinagar,Jammu And Kashmir,34.121177,74.819983,MoPR_LGD_and_ISRO_Bhuvan,LGD_2026_Bhuvan_2024,122,MATCHED_AUTHORITATIVE_BOUNDARY
6930,Chanunta Dalsar,Udhampur,Jammu And Kashmir,,,MoPR_LGD_and_ISRO_Bhuvan,LGD_2026_Bhuvan_2024,6930,PENDING_OFFICIAL_BOUNDARY_MATCH
124,Chenani,Udhampur,Jammu And Kashmir,32.968252,75.200021,MoPR_LGD_and_ISRO_Bhuvan,LGD_2026_Bhuvan_2024,124,MATCHED_AUTHORITATIVE_BOUNDARY
125,Dudu,Udhampur,Jammu And Kashmir,32.86086,75.53979,MoPR_LGD_and_ISRO_Bhuvan,LGD_2026_Bhuvan_2024,125,MATCHED_AUTHORITATIVE_BOUNDARY
126,Ghordi,Udhampur,Jammu And Kashmir,32.894471,75.285765,MoPR_LGD_and_ISRO_Bhuvan,LGD_2026_Bhuvan_2024,126,MATCHED_AUTHORITATIVE_BOUNDARY
6924,Jaganoo,Udhampur,Jammu And Kashmir,,,MoPR_LGD_and_ISRO_Bhuvan,LGD_2026_Bhuvan_2024,6924,PENDING_OFFICIAL_BOUNDARY_MATCH
6925,Khoon,Udhampur,Jammu And Kashmir,32.699299,75.451228,MoPR_LGD_and_ISRO_Bhuvan,LGD_2026_Bhuvan_2024,6925,MATCHED_AUTHORITATIVE_BOUNDARY
6926,Kulwanta,Udhampur,Jammu And Kashmir,,,MoPR_LGD_and_ISRO_Bhuvan,LGD_2026_Bhuvan_2024,6926,PENDING_OFFICIAL_BOUNDARY_MATCH
6927,Latti,Udhampur,Jammu And Kashmir,,,MoPR_LGD_and_ISRO_Bhuvan,LGD_2026_Bhuvan_2024,6927,PENDING_OFFICIAL_BOUNDARY_MATCH
129,Majalta,Udhampur,Jammu And Kashmir,32.601048,75.151708,MoPR_LGD_and_ISRO_Bhuvan,LGD_2026_Bhuvan_2024,129,MATCHED_AUTHORITATIVE_BOUNDARY
6928,Moungri,Udhampur,Jammu And Kashmir,,,MoPR_LGD_and_ISRO_Bhuvan,LGD_2026_Bhuvan_2024,6928,PENDING_OFFICIAL_BOUNDARY_MATCH
6929,Narsoo,Udhampur,Jammu And Kashmir,,,MoPR_LGD_and_ISRO_Bhuvan,LGD_2026_Bhuvan_2024,6929,PENDING_OFFICIAL_BOUNDARY_MATCH
130,Panchari,Udhampur,Jammu And Kashmir,33.085576,75.10066,MoPR_LGD_and_ISRO_Bhuvan,LGD_2026_Bhuvan_2024,130,MATCHED_AUTHORITATIVE_BOUNDARY
6931,Parli Dhar,Udhampur,Jammu And Kashmir,,,MoPR_LGD_and_ISRO_Bhuvan,LGD_2026_Bhuvan_2024,6931,PENDING_OFFICIAL_BOUNDARY_MATCH
132,Ramnagar,Udhampur,Jammu And Kashmir,32.751448,75.301944,MoPR_LGD_and_ISRO_Bhuvan,LGD_2026_Bhuvan_2024,132,MATCHED_AUTHORITATIVE_BOUNDARY
6932,Sewna,Udhampur,Jammu And Kashmir,,,MoPR_LGD_and_ISRO_Bhuvan,LGD_2026_Bhuvan_2024,6932,PENDING_OFFICIAL_BOUNDARY_MATCH
6933,Tikri,Udhampur,Jammu And Kashmir,,,MoPR_LGD_and_ISRO_Bhuvan,LGD_2026_Bhuvan_2024,6933,PENDING_OFFICIAL_BOUNDARY_MATCH
134,Udhampur,Udhampur,Jammu And Kashmir,32.931668,75.084574,MoPR_LGD_and_ISRO_Bhuvan,LGD_2026_Bhuvan_2024,134,MATCHED_AUTHORITATIVE_BOUNDARY
3064,Bermo,Bokaro,Jharkhand,23.789994,85.936709,MoPR_LGD_and_ISRO_Bhuvan,LGD_2026_Bhuvan_2024,3064,MATCHED_AUTHORITATIVE_BOUNDARY
3065,Chandankiyari,Bokaro,Jharkhand,23.567286,86.3371,MoPR_LGD_and_ISRO_Bhuvan,LGD_2026_Bhuvan_2024,3065,MATCHED_AUTHORITATIVE_BOUNDARY
6626,Chandrapura,Bokaro,Jharkhand,23.774789,86.122019,MoPR_LGD_and_ISRO_Bhuvan,LGD_2026_Bhuvan_2024,6626,MATCHED_AUTHORITATIVE_BOUNDARY
3066,Chas,Bokaro,Jharkhand,23.617667,86.178851,MoPR_LGD_and_ISRO_Bhuvan,LGD_2026_Bhuvan_2024,3066,MATCHED_AUTHORITATIVE_BOUNDARY
3067,Gomia,Bokaro,Jharkhand,23.793902,85.716594,MoPR_LGD_and_ISRO_Bhuvan,LGD_2026_Bhuvan_2024,3067,MATCHED_AUTHORITATIVE_BOUNDARY
3068,Jaridih,Bokaro,Jharkhand,23.597579,86.000956,MoPR_LGD_and_ISRO_Bhuvan,LGD_2026_Bhuvan_2024,3068,MATCHED_AUTHORITATIVE_BOUNDARY
3069,Kasmar,Bokaro,Jharkhand,23.569897,85.91094,MoPR_LGD_and_ISRO_Bhuvan,LGD_2026_Bhuvan_2024,3069,MATCHED_AUTHORITATIVE_BOUNDARY
3070,Nawadih,Bokaro,Jharkhand,23.860408,85.989776,MoPR_LGD_and_ISRO_Bhuvan,LGD_2026_Bhuvan_2024,3070,MATCHED_AUTHORITATIVE_BOUNDARY
3071,Peterwar,Bokaro,Jharkhand,23.686087,85.882937,MoPR_LGD_and_ISRO_Bhuvan,LGD_2026_Bhuvan_2024,3071,MATCHED_AUTHORITATIVE_BOUNDARY
3072,Chatra,Chatra,Jharkhand,24.205116,84.887315,MoPR_LGD_and_ISRO_Bhuvan,LGD_2026_Bhuvan_2024,3072,MATCHED_AUTHORITATIVE_BOUNDARY
3073,Giddhor,Chatra,Jharkhand,24.182291,85.074119,MoPR_LGD_and_ISRO_Bhuvan,LGD_2026_Bhuvan_2024,3073,MATCHED_AUTHORITATIVE_BOUNDARY
3075,Itkhori,Chatra,Jharkhand,24.278825,85.157969,MoPR_LGD_and_ISRO_Bhuvan,LGD_2026_Bhuvan_2024,3075,MATCHED_AUTHORITATIVE_BOUNDARY
6690,Kanhachatti,Chatra,Jharkhand,24.323517,85.032092,MoPR_LGD_and_ISRO_Bhuvan,LGD_2026_Bhuvan_2024,6690,MATCHED_AUTHORITATIVE_BOUNDARY
3076,Kunda,Chatra,Jharkhand,24.185328,84.650389,MoPR_LGD_and_ISRO_Bhuvan,LGD_2026_Bhuvan_2024,3076,MATCHED_AUTHORITATIVE_BOUNDARY
3077,Lawalong,Chatra,Jharkhand,24.07649,84.716921,MoPR_LGD_and_ISRO_Bhuvan,LGD_2026_Bhuvan_2024,3077,MATCHED_AUTHORITATIVE_BOUNDARY
6691,Mayurhand,Chatra,Jharkhand,24.277361,85.273359,MoPR_LGD_and_ISRO_Bhuvan,LGD_2026_Bhuvan_2024,6691,MATCHED_AUTHORITATIVE_BOUNDARY
3078,Pathalgada,Chatra,Jharkhand,24.095555,85.09981,MoPR_LGD_and_ISRO_Bhuvan,LGD_2026_Bhuvan_2024,3078,MATCHED_AUTHORITATIVE_BOUNDARY
3079,Pratappur,Chatra,Jharkhand,24.302391,84.598566,MoPR_LGD_and_ISRO_Bhuvan,LGD_2026_Bhuvan_2024,3079,MATCHED_AUTHORITATIVE_BOUNDARY
3074,Shaligram Ram Narayanpur Alias Hunterganj,Chatra,Jharkhand,24.382704,84.805687,MoPR_LGD_and_ISRO_Bhuvan,LGD_2026_Bhuvan_2024,3074,MATCHED_AUTHORITATIVE_BOUNDARY
3080,Simaria,Chatra,Jharkhand,24.028691,85.009406,MoPR_LGD_and_ISRO_Bhuvan,LGD_2026_Bhuvan_2024,3080,MATCHED_AUTHORITATIVE_BOUNDARY
3081,Tandwa,Chatra,Jharkhand,23.832412,85.005319,MoPR_LGD_and_ISRO_Bhuvan,LGD_2026_Bhuvan_2024,3081,MATCHED_AUTHORITATIVE_BOUNDARY
3082,Deoghar,Deoghar,Jharkhand,24.480601,86.630913,MoPR_LGD_and_ISRO_Bhuvan,LGD_2026_Bhuvan_2024,3082,MATCHED_AUTHORITATIVE_BOUNDARY
3083,Devipur,Deoghar,Jharkhand,24.387242,86.589868,MoPR_LGD_and_ISRO_Bhuvan,LGD_2026_Bhuvan_2024,3083,MATCHED_AUTHORITATIVE_BOUNDARY
3084,Karown,Deoghar,Jharkhand,24.174333,86.716689,MoPR_LGD_and_ISRO_Bhuvan,LGD_2026_Bhuvan_2024,3084,MATCHED_AUTHORITATIVE_BOUNDARY
3085,Madhupur,Deoghar,Jharkhand,24.289223,86.59102,MoPR_LGD_and_ISRO_Bhuvan,LGD_2026_Bhuvan_2024,3085,MATCHED_AUTHORITATIVE_BOUNDARY
6624,Margomunda,Deoghar,Jharkhand,24.187584,86.591107,MoPR_LGD_and_ISRO_Bhuvan,LGD_2026_Bhuvan_2024,6624,MATCHED_AUTHORITATIVE_BOUNDARY
3086,Mohanpur,Deoghar,Jharkhand,24.506126,86.804932,MoPR_LGD_and_ISRO_Bhuvan,LGD_2026_Bhuvan_2024,3086,MATCHED_AUTHORITATIVE_BOUNDARY
3087,Palojori,Deoghar,Jharkhand,24.187246,86.947121,MoPR_LGD_and_ISRO_Bhuvan,LGD_2026_Bhuvan_2024,3087,MATCHED_AUTHORITATIVE_BOUNDARY
3088,Sarath,Deoghar,Jharkhand,24.193308,86.822815,MoPR_LGD_and_ISRO_Bhuvan,LGD_2026_Bhuvan_2024,3088,MATCHED_AUTHORITATIVE_BOUNDARY
3089,Sarwan,Deoghar,Jharkhand,24.356409,86.790579,MoPR_LGD_and_ISRO_Bhuvan,LGD_2026_Bhuvan_2024,3089,MATCHED_AUTHORITATIVE_BOUNDARY
6623,Sonaraithari,Deoghar,Jharkhand,24.355942,86.903938,MoPR_LGD_and_ISRO_Bhuvan,LGD_2026_Bhuvan_2024,6623,MATCHED_AUTHORITATIVE_BOUNDARY
3090,Baghmara,Dhanbad,Jharkhand,23.79841,86.278125,MoPR_LGD_and_ISRO_Bhuvan,LGD_2026_Bhuvan_2024,3090,MATCHED_AUTHORITATIVE_BOUNDARY
3091,Baliapur,Dhanbad,Jharkhand,23.716554,86.517036,MoPR_LGD_and_ISRO_Bhuvan,LGD_2026_Bhuvan_2024,3091,MATCHED_AUTHORITATIVE_BOUNDARY
3092,Dhanbad,Dhanbad,Jharkhand,23.777789,86.397893,MoPR_LGD_and_ISRO_Bhuvan,LGD_2026_Bhuvan_2024,3092,MATCHED_AUTHORITATIVE_BOUNDARY
7112,Egarkund,Dhanbad,Jharkhand,23.763776,86.786206,MoPR_LGD_and_ISRO_Bhuvan,LGD_2026_Bhuvan_2024,7112,MATCHED_AUTHORITATIVE_BOUNDARY
3093,Govindpur,Dhanbad,Jharkhand,23.852436,86.504142,MoPR_LGD_and_ISRO_Bhuvan,LGD_2026_Bhuvan_2024,3093,MATCHED_AUTHORITATIVE_BOUNDARY
7111,Kaliasol,Dhanbad,Jharkhand,23.695687,86.438866,MoPR_LGD_and_ISRO_Bhuvan,LGD_2026_Bhuvan_2024,7111,MATCHED_AUTHORITATIVE_BOUNDARY
3095,Nirsa,Dhanbad,Jharkhand,23.779147,86.691616,MoPR_LGD_and_ISRO_Bhuvan,LGD_2026_Bhuvan_2024,3095,MATCHED_AUTHORITATIVE_BOUNDARY
6642,Purvi Tundi,Dhanbad,Jharkhand,23.923951,86.579997,MoPR_LGD_and_ISRO_Bhuvan,LGD_2026_Bhuvan_2024,6642,MATCHED_AUTHORITATIVE_BOUNDARY
3096,Topchanchi,Dhanbad,Jharkhand,23.882672,86.212175,MoPR_LGD_and_ISRO_Bhuvan,LGD_2026_Bhuvan_2024,3096,MATCHED_AUTHORITATIVE_BOUNDARY
3097,Tundi,Dhanbad,Jharkhand,23.970075,86.420567,MoPR_LGD_and_ISRO_Bhuvan,LGD_2026_Bhuvan_2024,3097,MATCHED_AUTHORITATIVE_BOUNDARY
3098,Dumka,Dumka,Jharkhand,24.255887,87.309552,MoPR_LGD_and_ISRO_Bhuvan,LGD_2026_Bhuvan_2024,3098,MATCHED_AUTHORITATIVE_BOUNDARY
3099,Gopikander,Dumka,Jharkhand,24.442127,87.511202,MoPR_LGD_and_ISRO_Bhuvan,LGD_2026_Bhuvan_2024,3099,MATCHED_AUTHORITATIVE_BOUNDARY
3100,Jama,Dumka,Jharkhand,24.304857,87.16325,MoPR_LGD_and_ISRO_Bhuvan,LGD_2026_Bhuvan_2024,3100,MATCHED_AUTHORITATIVE_BOUNDARY
3101,Jarmundi,Dumka,Jharkhand,24.414479,87.02585,MoPR_LGD_and_ISRO_Bhuvan,LGD_2026_Bhuvan_2024,3101,MATCHED_AUTHORITATIVE_BOUNDARY
3102,Kathikund,Dumka,Jharkhand,24.363126,87.448569,MoPR_LGD_and_ISRO_Bhuvan,LGD_2026_Bhuvan_2024,3102,MATCHED_AUTHORITATIVE_BOUNDARY
3103,Masaliya,Dumka,Jharkhand,24.137186,87.134745,MoPR_LGD_and_ISRO_Bhuvan,LGD_2026_Bhuvan_2024,3103,MATCHED_AUTHORITATIVE_BOUNDARY
3104,Ramgarh,Dumka,Jharkhand,24.508156,87.235691,MoPR_LGD_and_ISRO_Bhuvan,LGD_2026_Bhuvan_2024,3104,MATCHED_AUTHORITATIVE_BOUNDARY
3105,Ranishwar,Dumka,Jharkhand,24.082528,87.394846,MoPR_LGD_and_ISRO_Bhuvan,LGD_2026_Bhuvan_2024,3105,MATCHED_AUTHORITATIVE_BOUNDARY
3106,Saraiyahat,Dumka,Jharkhand,24.559167,87.016453,MoPR_LGD_and_ISRO_Bhuvan,LGD_2026_Bhuvan_2024,3106,MATCHED_AUTHORITATIVE_BOUNDARY
3107,Sikaripara,Dumka,Jharkhand,24.202533,87.50962,MoPR_LGD_and_ISRO_Bhuvan,LGD_2026_Bhuvan_2024,3107,MATCHED_AUTHORITATIVE_BOUNDARY
3108,Bahragora,East Singhbum,Jharkhand,22.306054,86.746546,MoPR_LGD_and_ISRO_Bhuvan,LGD_2026_Bhuvan_2024,3108,MATCHED_AUTHORITATIVE_BOUNDARY
6632,Boram,East Singhbum,Jharkhand,22.928431,86.277464,MoPR_LGD_and_ISRO_Bhuvan,LGD_2026_Bhuvan_2024,6632,MATCHED_AUTHORITATIVE_BOUNDARY
3109,Chakulia,East Singhbum,Jharkhand,22.471824,86.69691,MoPR_LGD_and_ISRO_Bhuvan,LGD_2026_Bhuvan_2024,3109,MATCHED_AUTHORITATIVE_BOUNDARY
3110,Dhalbhumgarh,East Singhbum,Jharkhand,22.532381,86.56247,MoPR_LGD_and_ISRO_Bhuvan,LGD_2026_Bhuvan_2024,3110,MATCHED_AUTHORITATIVE_BOUNDARY
3111,Dumaria,East Singhbum,Jharkhand,22.416417,86.393279,MoPR_LGD_and_ISRO_Bhuvan,LGD_2026_Bhuvan_2024,3111,MATCHED_AUTHORITATIVE_BOUNDARY
3112,Ghatshila,East Singhbum,Jharkhand,22.659833,86.498265,MoPR_LGD_and_ISRO_Bhuvan,LGD_2026_Bhuvan_2024,3112,MATCHED_AUTHORITATIVE_BOUNDARY
3113,Golmuri Cum Jugsalai,East Singhbum,Jharkhand,22.770048,86.275435,MoPR_LGD_and_ISRO_Bhuvan,LGD_2026_Bhuvan_2024,3113,MATCHED_AUTHORITATIVE_BOUNDARY
6633,Gurabanda,East Singhbum,Jharkhand,22.368693,86.563275,MoPR_LGD_and_ISRO_Bhuvan,LGD_2026_Bhuvan_2024,6633,MATCHED_AUTHORITATIVE_BOUNDARY
3114,Musabani,East Singhbum,Jharkhand,22.547439,86.416417,MoPR_LGD_and_ISRO_Bhuvan,LGD_2026_Bhuvan_2024,3114,MATCHED_AUTHORITATIVE_BOUNDARY
3115,Patamda,East Singhbum,Jharkhand,22.903095,86.404743,MoPR_LGD_and_ISRO_Bhuvan,LGD_2026_Bhuvan_2024,3115,MATCHED_AUTHORITATIVE_BOUNDARY
3116,Potka,East Singhbum,Jharkhand,22.588269,86.23737,MoPR_LGD_and_ISRO_Bhuvan,LGD_2026_Bhuvan_2024,3116,MATCHED_AUTHORITATIVE_BOUNDARY
6630,Bardiha,Garhwa,Jharkhand,24.351802,83.71807,MoPR_LGD_and_ISRO_Bhuvan,LGD_2026_Bhuvan_2024,6630,MATCHED_AUTHORITATIVE_BOUNDARY
7366,Bargad,Garhwa,Jharkhand,,,MoPR_LGD_and_ISRO_Bhuvan,LGD_2026_Bhuvan_2024,7366,PENDING_OFFICIAL_BOUNDARY_MATCH
3117,Bhandaria,Garhwa,Jharkhand,23.711807,83.884107,MoPR_LGD_and_ISRO_Bhuvan,LGD_2026_Bhuvan_2024,3117,MATCHED_AUTHORITATIVE_BOUNDARY
3118,Bhawnathpur,Garhwa,Jharkhand,24.407593,83.609587,MoPR_LGD_and_ISRO_Bhuvan,LGD_2026_Bhuvan_2024,3118,MATCHED_AUTHORITATIVE_BOUNDARY
6629,Bishunpura,Garhwa,Jharkhand,24.302808,83.624235,MoPR_LGD_and_ISRO_Bhuvan,LGD_2026_Bhuvan_2024,6629,MATCHED_AUTHORITATIVE_BOUNDARY
3119,Chinia,Garhwa,Jharkhand,24.003024,83.617175,MoPR_LGD_and_ISRO_Bhuvan,LGD_2026_Bhuvan_2024,3119,MATCHED_AUTHORITATIVE_BOUNDARY
6628,Danda,Garhwa,Jharkhand,24.123968,83.952526,MoPR_LGD_and_ISRO_Bhuvan,LGD_2026_Bhuvan_2024,6628,MATCHED_AUTHORITATIVE_BOUNDARY
3120,Dandai,Garhwa,Jharkhand,24.108513,83.614113,MoPR_LGD_and_ISRO_Bhuvan,LGD_2026_Bhuvan_2024,3120,MATCHED_AUTHORITATIVE_BOUNDARY
3121,Dhurki,Garhwa,Jharkhand,24.116934,83.462638,MoPR_LGD_and_ISRO_Bhuvan,LGD_2026_Bhuvan_2024,3121,MATCHED_AUTHORITATIVE_BOUNDARY
3122,Garhwa,Garhwa,Jharkhand,24.141469,83.838571,MoPR_LGD_and_ISRO_Bhuvan,LGD_2026_Bhuvan_2024,3122,MATCHED_AUTHORITATIVE_BOUNDARY
3123,Kandi,Garhwa,Jharkhand,24.452775,83.793337,MoPR_LGD_and_ISRO_Bhuvan,LGD_2026_Bhuvan_2024,3123,MATCHED_AUTHORITATIVE_BOUNDARY
6627,Ketar,Garhwa,Jharkhand,24.481869,83.574362,MoPR_LGD_and_ISRO_Bhuvan,LGD_2026_Bhuvan_2024,6627,MATCHED_AUTHORITATIVE_BOUNDARY
3124,Kharaundhi,Garhwa,Jharkhand,24.45083,83.446691,MoPR_LGD_and_ISRO_Bhuvan,LGD_2026_Bhuvan_2024,3124,MATCHED_AUTHORITATIVE_BOUNDARY
3125,Manjhiaon,Garhwa,Jharkhand,22.057513,85.859156,MoPR_LGD_and_ISRO_Bhuvan,LGD_2026_Bhuvan_2024,3125,MATCHED_AUTHORITATIVE_BOUNDARY
3126,Meral,Garhwa,Jharkhand,24.174395,83.724596,MoPR_LGD_and_ISRO_Bhuvan,LGD_2026_Bhuvan_2024,3126,MATCHED_AUTHORITATIVE_BOUNDARY
3127,Nagar Untari,Garhwa,Jharkhand,24.293865,83.482115,MoPR_LGD_and_ISRO_Bhuvan,LGD_2026_Bhuvan_2024,3127,MATCHED_AUTHORITATIVE_BOUNDARY
3128,Ramkanda,Garhwa,Jharkhand,23.871353,83.852052,MoPR_LGD_and_ISRO_Bhuvan,LGD_2026_Bhuvan_2024,3128,MATCHED_AUTHORITATIVE_BOUNDARY
3129,Ramna,Garhwa,Jharkhand,24.213414,83.578457,MoPR_LGD_and_ISRO_Bhuvan,LGD_2026_Bhuvan_2024,3129,MATCHED_AUTHORITATIVE_BOUNDARY
3130,Ranka,Garhwa,Jharkhand,23.926477,83.728276,MoPR_LGD_and_ISRO_Bhuvan,LGD_2026_Bhuvan_2024,3130,MATCHED_AUTHORITATIVE_BOUNDARY
6631,Sagma,Garhwa,Jharkhand,24.206293,83.432933,MoPR_LGD_and_ISRO_Bhuvan,LGD_2026_Bhuvan_2024,6631,MATCHED_AUTHORITATIVE_BOUNDARY
3131,Bagodar,Giridih,Jharkhand,24.087516,85.855524,MoPR_LGD_and_ISRO_Bhuvan,LGD_2026_Bhuvan_2024,3131,MATCHED_AUTHORITATIVE_BOUNDARY
3132,Bengabad,Giridih,Jharkhand,24.313628,86.366622,MoPR_LGD_and_ISRO_Bhuvan,LGD_2026_Bhuvan_2024,3132,MATCHED_AUTHORITATIVE_BOUNDARY
3133,Birni,Giridih,Jharkhand,24.249344,85.996396,MoPR_LGD_and_ISRO_Bhuvan,LGD_2026_Bhuvan_2024,3133,MATCHED_AUTHORITATIVE_BOUNDARY
3134,Deori,Giridih,Jharkhand,24.509144,86.167169,MoPR_LGD_and_ISRO_Bhuvan,LGD_2026_Bhuvan_2024,3134,MATCHED_AUTHORITATIVE_BOUNDARY
3135,Dhanwar,Giridih,Jharkhand,24.406737,85.933064,MoPR_LGD_and_ISRO_Bhuvan,LGD_2026_Bhuvan_2024,3135,MATCHED_AUTHORITATIVE_BOUNDARY
3136,Dumri,Giridih,Jharkhand,24.027099,86.054763,MoPR_LGD_and_ISRO_Bhuvan,LGD_2026_Bhuvan_2024,3136,MATCHED_AUTHORITATIVE_BOUNDARY
3137,Gandey,Giridih,Jharkhand,24.136906,86.45332,MoPR_LGD_and_ISRO_Bhuvan,LGD_2026_Bhuvan_2024,3137,MATCHED_AUTHORITATIVE_BOUNDARY
3138,Gawan,Giridih,Jharkhand,24.634261,85.876882,MoPR_LGD_and_ISRO_Bhuvan,LGD_2026_Bhuvan_2024,3138,MATCHED_AUTHORITATIVE_BOUNDARY
3139,Giridih,Giridih,Jharkhand,24.171303,86.250445,MoPR_LGD_and_ISRO_Bhuvan,LGD_2026_Bhuvan_2024,3139,MATCHED_AUTHORITATIVE_BOUNDARY
3140,Jamua,Giridih,Jharkhand,24.362857,86.153546,MoPR_LGD_and_ISRO_Bhuvan,LGD_2026_Bhuvan_2024,3140,MATCHED_AUTHORITATIVE_BOUNDARY
3141,Pirtand,Giridih,Jharkhand,24.015946,86.214201,MoPR_LGD_and_ISRO_Bhuvan,LGD_2026_Bhuvan_2024,3141,MATCHED_AUTHORITATIVE_BOUNDARY
6643,Suriya,Giridih,Jharkhand,24.163652,85.904439,MoPR_LGD_and_ISRO_Bhuvan,LGD_2026_Bhuvan_2024,6643,MATCHED_AUTHORITATIVE_BOUNDARY
3142,Tisri,Giridih,Jharkhand,24.634357,86.029948,MoPR_LGD_and_ISRO_Bhuvan,LGD_2026_Bhuvan_2024,3142,MATCHED_AUTHORITATIVE_BOUNDARY
6641,Basantray,Godda,Jharkhand,24.987316,87.190115,MoPR_LGD_and_ISRO_Bhuvan,LGD_2026_Bhuvan_2024,6641,MATCHED_AUTHORITATIVE_BOUNDARY
3143,Boarijor,Godda,Jharkhand,24.995713,87.410983,MoPR_LGD_and_ISRO_Bhuvan,LGD_2026_Bhuvan_2024,3143,MATCHED_AUTHORITATIVE_BOUNDARY
3144,Godda,Godda,Jharkhand,24.786128,87.258238,MoPR_LGD_and_ISRO_Bhuvan,LGD_2026_Bhuvan_2024,3144,MATCHED_AUTHORITATIVE_BOUNDARY
3145,Mahagama,Godda,Jharkhand,25.036742,87.272464,MoPR_LGD_and_ISRO_Bhuvan,LGD_2026_Bhuvan_2024,3145,MATCHED_AUTHORITATIVE_BOUNDARY
3146,Meharma,Godda,Jharkhand,25.15724,87.358846,MoPR_LGD_and_ISRO_Bhuvan,LGD_2026_Bhuvan_2024,3146,MATCHED_AUTHORITATIVE_BOUNDARY
3147,Pathargama,Godda,Jharkhand,24.922083,87.253003,MoPR_LGD_and_ISRO_Bhuvan,LGD_2026_Bhuvan_2024,3147,MATCHED_AUTHORITATIVE_BOUNDARY
3148,Poraiyahat,Godda,Jharkhand,24.684674,87.192498,MoPR_LGD_and_ISRO_Bhuvan,LGD_2026_Bhuvan_2024,3148,MATCHED_AUTHORITATIVE_BOUNDARY
3149,Sundarpahari,Godda,Jharkhand,24.722484,87.404761,MoPR_LGD_and_ISRO_Bhuvan,LGD_2026_Bhuvan_2024,3149,MATCHED_AUTHORITATIVE_BOUNDARY
3150,Thakurgangti,Godda,Jharkhand,25.147806,87.451284,MoPR_LGD_and_ISRO_Bhuvan,LGD_2026_Bhuvan_2024,3150,MATCHED_AUTHORITATIVE_BOUNDARY
6625,Albert Ekka,Gumla,Jharkhand,23.040115,84.215784,MoPR_LGD_and_ISRO_Bhuvan,LGD_2026_Bhuvan_2024,6625,MATCHED_AUTHORITATIVE_BOUNDARY
3151,Basia,Gumla,Jharkhand,22.895599,84.803964,MoPR_LGD_and_ISRO_Bhuvan,LGD_2026_Bhuvan_2024,3151,MATCHED_AUTHORITATIVE_BOUNDARY
3152,Bharno,Gumla,Jharkhand,23.187273,84.857343,MoPR_LGD_and_ISRO_Bhuvan,LGD_2026_Bhuvan_2024,3152,MATCHED_AUTHORITATIVE_BOUNDARY
3153,Bishunpur,Gumla,Jharkhand,23.430113,84.359195,MoPR_LGD_and_ISRO_Bhuvan,LGD_2026_Bhuvan_2024,3153,MATCHED_AUTHORITATIVE_BOUNDARY
3154,Chainpur,Gumla,Jharkhand,23.97981,83.995366,MoPR_LGD_and_ISRO_Bhuvan,LGD_2026_Bhuvan_2024,3154,MATCHED_AUTHORITATIVE_BOUNDARY
3155,Dumri,Gumla,Jharkhand,23.220772,84.127822,MoPR_LGD_and_ISRO_Bhuvan,LGD_2026_Bhuvan_2024,3155,MATCHED_AUTHORITATIVE_BOUNDARY
3156,Ghaghra,Gumla,Jharkhand,23.255632,84.503209,MoPR_LGD_and_ISRO_Bhuvan,LGD_2026_Bhuvan_2024,3156,MATCHED_AUTHORITATIVE_BOUNDARY
3157,Gumla,Gumla,Jharkhand,23.07493,84.577254,MoPR_LGD_and_ISRO_Bhuvan,LGD_2026_Bhuvan_2024,3157,MATCHED_AUTHORITATIVE_BOUNDARY
3158,Kamdara,Gumla,Jharkhand,22.897429,84.920395,MoPR_LGD_and_ISRO_Bhuvan,LGD_2026_Bhuvan_2024,3158,MATCHED_AUTHORITATIVE_BOUNDARY
3159,Palkot,Gumla,Jharkhand,22.855783,84.622382,MoPR_LGD_and_ISRO_Bhuvan,LGD_2026_Bhuvan_2024,3159,MATCHED_AUTHORITATIVE_BOUNDARY
3160,Raidih,Gumla,Jharkhand,22.927437,84.413644,MoPR_LGD_and_ISRO_Bhuvan,LGD_2026_Bhuvan_2024,3160,MATCHED_AUTHORITATIVE_BOUNDARY
3161,Sisai,Gumla,Jharkhand,23.195856,84.727805,MoPR_LGD_and_ISRO_Bhuvan,LGD_2026_Bhuvan_2024,3161,MATCHED_AUTHORITATIVE_BOUNDARY
3162,Barhi,Hazaribagh,Jharkhand,24.273995,85.480176,MoPR_LGD_and_ISRO_Bhuvan,LGD_2026_Bhuvan_2024,3162,MATCHED_AUTHORITATIVE_BOUNDARY
3163,Barkagaon,Hazaribagh,Jharkhand,23.812155,85.260284,MoPR_LGD_and_ISRO_Bhuvan,LGD_2026_Bhuvan_2024,3163,MATCHED_AUTHORITATIVE_BOUNDARY
3164,Barkatha,Hazaribagh,Jharkhand,24.197925,85.629378,MoPR_LGD_and_ISRO_Bhuvan,LGD_2026_Bhuvan_2024,3164,MATCHED_AUTHORITATIVE_BOUNDARY
3165,Bishnugarh,Hazaribagh,Jharkhand,23.986379,85.790263,MoPR_LGD_and_ISRO_Bhuvan,LGD_2026_Bhuvan_2024,3165,MATCHED_AUTHORITATIVE_BOUNDARY
6711,Chalkusha,Hazaribagh,Jharkhand,24.253116,85.759613,MoPR_LGD_and_ISRO_Bhuvan,LGD_2026_Bhuvan_2024,6711,MATCHED_AUTHORITATIVE_BOUNDARY
3166,Chouparan,Hazaribagh,Jharkhand,24.405383,85.27788,MoPR_LGD_and_ISRO_Bhuvan,LGD_2026_Bhuvan_2024,3166,MATCHED_AUTHORITATIVE_BOUNDARY
3167,Churchu,Hazaribagh,Jharkhand,23.874335,85.484331,MoPR_LGD_and_ISRO_Bhuvan,LGD_2026_Bhuvan_2024,3167,MATCHED_AUTHORITATIVE_BOUNDARY
6709,Dadi,Hazaribagh,Jharkhand,23.731338,85.397564,MoPR_LGD_and_ISRO_Bhuvan,LGD_2026_Bhuvan_2024,6709,MATCHED_AUTHORITATIVE_BOUNDARY
6707,Daru,Hazaribagh,Jharkhand,24.01079,85.543003,MoPR_LGD_and_ISRO_Bhuvan,LGD_2026_Bhuvan_2024,6707,MATCHED_AUTHORITATIVE_BOUNDARY
3169,Ichak,Hazaribagh,Jharkhand,24.111723,85.431077,MoPR_LGD_and_ISRO_Bhuvan,LGD_2026_Bhuvan_2024,3169,MATCHED_AUTHORITATIVE_BOUNDARY
6708,Katkamdag,Hazaribagh,Jharkhand,23.953646,85.294853,MoPR_LGD_and_ISRO_Bhuvan,LGD_2026_Bhuvan_2024,6708,MATCHED_AUTHORITATIVE_BOUNDARY
3170,Katkamsandi,Hazaribagh,Jharkhand,24.125735,85.248732,MoPR_LGD_and_ISRO_Bhuvan,LGD_2026_Bhuvan_2024,3170,MATCHED_AUTHORITATIVE_BOUNDARY
3171,Keredari,Hazaribagh,Jharkhand,23.84632,85.113483,MoPR_LGD_and_ISRO_Bhuvan,LGD_2026_Bhuvan_2024,3171,MATCHED_AUTHORITATIVE_BOUNDARY
3173,Padma,Hazaribagh,Jharkhand,24.197819,85.365915,MoPR_LGD_and_ISRO_Bhuvan,LGD_2026_Bhuvan_2024,3173,MATCHED_AUTHORITATIVE_BOUNDARY
3176,Sadar,Hazaribagh,Jharkhand,23.968438,85.418543,MoPR_LGD_and_ISRO_Bhuvan,LGD_2026_Bhuvan_2024,3176,MATCHED_AUTHORITATIVE_BOUNDARY
6710,Tatijhariya,Hazaribagh,Jharkhand,24.05141,85.61969,MoPR_LGD_and_ISRO_Bhuvan,LGD_2026_Bhuvan_2024,6710,MATCHED_AUTHORITATIVE_BOUNDARY
6653,Fatehpur,Jamtara,Jharkhand,24.047788,86.996571,MoPR_LGD_and_ISRO_Bhuvan,LGD_2026_Bhuvan_2024,6653,MATCHED_AUTHORITATIVE_BOUNDARY
3177,Jamtara,Jamtara,Jharkhand,23.927167,86.792662,MoPR_LGD_and_ISRO_Bhuvan,LGD_2026_Bhuvan_2024,3177,MATCHED_AUTHORITATIVE_BOUNDARY
6654,Karmatanr Vidyasagar,Jamtara,Jharkhand,24.070265,86.725046,MoPR_LGD_and_ISRO_Bhuvan,LGD_2026_Bhuvan_2024,6654,MATCHED_AUTHORITATIVE_BOUNDARY
3178,Kundhit,Jamtara,Jharkhand,23.943991,87.195493,MoPR_LGD_and_ISRO_Bhuvan,LGD_2026_Bhuvan_2024,3178,MATCHED_AUTHORITATIVE_BOUNDARY
3179,Nala,Jamtara,Jharkhand,23.915071,87.024802,MoPR_LGD_and_ISRO_Bhuvan,LGD_2026_Bhuvan_2024,3179,MATCHED_AUTHORITATIVE_BOUNDARY
3180,Narayanpur,Jamtara,Jharkhand,24.03175,86.61174,MoPR_LGD_and_ISRO_Bhuvan,LGD_2026_Bhuvan_2024,3180,MATCHED_AUTHORITATIVE_BOUNDARY
3218,Arki,Khunti,Jharkhand,22.954692,85.507976,MoPR_LGD_and_ISRO_Bhuvan,LGD_2026_Bhuvan_2024,3218,MATCHED_AUTHORITATIVE_BOUNDARY
3224,Karra,Khunti,Jharkhand,23.125411,85.113387,MoPR_LGD_and_ISRO_Bhuvan,LGD_2026_Bhuvan_2024,3224,MATCHED_AUTHORITATIVE_BOUNDARY
3225,Khunti,Khunti,Jharkhand,23.105401,85.360965,MoPR_LGD_and_ISRO_Bhuvan,LGD_2026_Bhuvan_2024,3225,MATCHED_AUTHORITATIVE_BOUNDARY
3228,Murhu,Khunti,Jharkhand,22.967643,85.310379,MoPR_LGD_and_ISRO_Bhuvan,LGD_2026_Bhuvan_2024,3228,MATCHED_AUTHORITATIVE_BOUNDARY
3231,Rania,Khunti,Jharkhand,22.759919,85.077532,MoPR_LGD_and_ISRO_Bhuvan,LGD_2026_Bhuvan_2024,3231,MATCHED_AUTHORITATIVE_BOUNDARY
3236,Torpa,Khunti,Jharkhand,22.933064,85.118899,MoPR_LGD_and_ISRO_Bhuvan,LGD_2026_Bhuvan_2024,3236,MATCHED_AUTHORITATIVE_BOUNDARY
3181,Chandwara,Koderma,Jharkhand,24.345683,85.242,MoPR_LGD_and_ISRO_Bhuvan,LGD_2026_Bhuvan_2024,3181,MATCHED_AUTHORITATIVE_BOUNDARY
6651,Domchanch,Koderma,Jharkhand,24.511518,85.73362,MoPR_LGD_and_ISRO_Bhuvan,LGD_2026_Bhuvan_2024,6651,MATCHED_AUTHORITATIVE_BOUNDARY
3182,Jainagar,Koderma,Jharkhand,24.353268,85.666446,MoPR_LGD_and_ISRO_Bhuvan,LGD_2026_Bhuvan_2024,3182,MATCHED_AUTHORITATIVE_BOUNDARY
3183,Koderma,Koderma,Jharkhand,24.485191,85.576349,MoPR_LGD_and_ISRO_Bhuvan,LGD_2026_Bhuvan_2024,3183,MATCHED_AUTHORITATIVE_BOUNDARY
3184,Markacho,Koderma,Jharkhand,24.394764,85.817198,MoPR_LGD_and_ISRO_Bhuvan,LGD_2026_Bhuvan_2024,3184,MATCHED_AUTHORITATIVE_BOUNDARY
3185,Satgawan,Koderma,Jharkhand,24.721098,85.770404,MoPR_LGD_and_ISRO_Bhuvan,LGD_2026_Bhuvan_2024,3185,MATCHED_AUTHORITATIVE_BOUNDARY
3186,Balumath,Latehar,Jharkhand,23.799928,84.805158,MoPR_LGD_and_ISRO_Bhuvan,LGD_2026_Bhuvan_2024,3186,MATCHED_AUTHORITATIVE_BOUNDARY
6634,Bariyatu,Latehar,Jharkhand,23.925945,84.805573,MoPR_LGD_and_ISRO_Bhuvan,LGD_2026_Bhuvan_2024,6634,MATCHED_AUTHORITATIVE_BOUNDARY
3187,Barwadih,Latehar,Jharkhand,23.778217,84.166163,MoPR_LGD_and_ISRO_Bhuvan,LGD_2026_Bhuvan_2024,3187,MATCHED_AUTHORITATIVE_BOUNDARY
3188,Chandwa,Latehar,Jharkhand,23.669435,84.781789,MoPR_LGD_and_ISRO_Bhuvan,LGD_2026_Bhuvan_2024,3188,MATCHED_AUTHORITATIVE_BOUNDARY
3189,Garu,Latehar,Jharkhand,23.611411,84.226161,MoPR_LGD_and_ISRO_Bhuvan,LGD_2026_Bhuvan_2024,3189,MATCHED_AUTHORITATIVE_BOUNDARY
6635,Herhanj,Latehar,Jharkhand,23.912818,84.633033,MoPR_LGD_and_ISRO_Bhuvan,LGD_2026_Bhuvan_2024,6635,MATCHED_AUTHORITATIVE_BOUNDARY
3190,Latehar,Latehar,Jharkhand,23.744393,84.510047,MoPR_LGD_and_ISRO_Bhuvan,LGD_2026_Bhuvan_2024,3190,MATCHED_AUTHORITATIVE_BOUNDARY
3191,Mahuadanr,Latehar,Jharkhand,23.453062,84.123845,MoPR_LGD_and_ISRO_Bhuvan,LGD_2026_Bhuvan_2024,3191,MATCHED_AUTHORITATIVE_BOUNDARY
3192,Manika,Latehar,Jharkhand,23.845453,84.386145,MoPR_LGD_and_ISRO_Bhuvan,LGD_2026_Bhuvan_2024,3192,MATCHED_AUTHORITATIVE_BOUNDARY
7365,Saryu,Latehar,Jharkhand,,,MoPR_LGD_and_ISRO_Bhuvan,LGD_2026_Bhuvan_2024,7365,PENDING_OFFICIAL_BOUNDARY_MATCH
3193,Bhandra,Lohardaga,Jharkhand,23.35089,84.816804,MoPR_LGD_and_ISRO_Bhuvan,LGD_2026_Bhuvan_2024,3193,MATCHED_AUTHORITATIVE_BOUNDARY
6698,Kairo,Lohardaga,Jharkhand,23.438069,84.86173,MoPR_LGD_and_ISRO_Bhuvan,LGD_2026_Bhuvan_2024,6698,MATCHED_AUTHORITATIVE_BOUNDARY
3194,Kisko,Lohardaga,Jharkhand,23.533698,84.625553,MoPR_LGD_and_ISRO_Bhuvan,LGD_2026_Bhuvan_2024,3194,MATCHED_AUTHORITATIVE_BOUNDARY
3195,Kuru,Lohardaga,Jharkhand,23.537556,84.797303,MoPR_LGD_and_ISRO_Bhuvan,LGD_2026_Bhuvan_2024,3195,MATCHED_AUTHORITATIVE_BOUNDARY
3196,Lohardaga,Lohardaga,Jharkhand,23.458858,84.72816,MoPR_LGD_and_ISRO_Bhuvan,LGD_2026_Bhuvan_2024,3196,MATCHED_AUTHORITATIVE_BOUNDARY
6699,Peshrar,Lohardaga,Jharkhand,23.528123,84.509995,MoPR_LGD_and_ISRO_Bhuvan,LGD_2026_Bhuvan_2024,6699,MATCHED_AUTHORITATIVE_BOUNDARY
3197,Senha,Lohardaga,Jharkhand,23.370681,84.63994,MoPR_LGD_and_ISRO_Bhuvan,LGD_2026_Bhuvan_2024,3197,MATCHED_AUTHORITATIVE_BOUNDARY
3198,Amrapara,Pakur,Jharkhand,24.576727,87.537421,MoPR_LGD_and_ISRO_Bhuvan,LGD_2026_Bhuvan_2024,3198,MATCHED_AUTHORITATIVE_BOUNDARY
3199,Hiranpur,Pakur,Jharkhand,24.66648,87.737911,MoPR_LGD_and_ISRO_Bhuvan,LGD_2026_Bhuvan_2024,3199,MATCHED_AUTHORITATIVE_BOUNDARY
3200,Littipara,Pakur,Jharkhand,24.714059,87.57671,MoPR_LGD_and_ISRO_Bhuvan,LGD_2026_Bhuvan_2024,3200,MATCHED_AUTHORITATIVE_BOUNDARY
3201,Maheshpur,Pakur,Jharkhand,24.479227,87.708674,MoPR_LGD_and_ISRO_Bhuvan,LGD_2026_Bhuvan_2024,3201,MATCHED_AUTHORITATIVE_BOUNDARY
3202,Pakur,Pakur,Jharkhand,24.645029,87.84373,MoPR_LGD_and_ISRO_Bhuvan,LGD_2026_Bhuvan_2024,3202,MATCHED_AUTHORITATIVE_BOUNDARY
3203,Pakuria,Pakur,Jharkhand,24.34006,87.651462,MoPR_LGD_and_ISRO_Bhuvan,LGD_2026_Bhuvan_2024,3203,MATCHED_AUTHORITATIVE_BOUNDARY
3204,Bishrampur,Palamu,Jharkhand,24.233634,83.947704,MoPR_LGD_and_ISRO_Bhuvan,LGD_2026_Bhuvan_2024,3204,MATCHED_AUTHORITATIVE_BOUNDARY
3205,Chainpur,Palamu,Jharkhand,23.160542,84.308677,MoPR_LGD_and_ISRO_Bhuvan,LGD_2026_Bhuvan_2024,3205,MATCHED_AUTHORITATIVE_BOUNDARY
3206,Chhatarpur,Palamu,Jharkhand,24.343293,84.164613,MoPR_LGD_and_ISRO_Bhuvan,LGD_2026_Bhuvan_2024,3206,MATCHED_AUTHORITATIVE_BOUNDARY
3208,Haidernagar,Palamu,Jharkhand,24.47456,83.942682,MoPR_LGD_and_ISRO_Bhuvan,LGD_2026_Bhuvan_2024,3208,MATCHED_AUTHORITATIVE_BOUNDARY
3209,Hariharganj,Palamu,Jharkhand,24.496628,84.265211,MoPR_LGD_and_ISRO_Bhuvan,LGD_2026_Bhuvan_2024,3209,MATCHED_AUTHORITATIVE_BOUNDARY
3210,Hussainabad,Palamu,Jharkhand,24.500937,84.019906,MoPR_LGD_and_ISRO_Bhuvan,LGD_2026_Bhuvan_2024,3210,MATCHED_AUTHORITATIVE_BOUNDARY
3211,Lesliganj,Palamu,Jharkhand,24.037736,84.233727,MoPR_LGD_and_ISRO_Bhuvan,LGD_2026_Bhuvan_2024,3211,MATCHED_AUTHORITATIVE_BOUNDARY
3212,Manatu,Palamu,Jharkhand,24.208697,84.432397,MoPR_LGD_and_ISRO_Bhuvan,LGD_2026_Bhuvan_2024,3212,MATCHED_AUTHORITATIVE_BOUNDARY
3207,Medininagar,Palamu,Jharkhand,24.012872,84.133615,MoPR_LGD_and_ISRO_Bhuvan,LGD_2026_Bhuvan_2024,3207,MATCHED_AUTHORITATIVE_BOUNDARY
6644,Mohamadganj,Palamu,Jharkhand,24.443226,83.887206,MoPR_LGD_and_ISRO_Bhuvan,LGD_2026_Bhuvan_2024,6644,MATCHED_AUTHORITATIVE_BOUNDARY
6648,Nawa Bazar,Palamu,Jharkhand,24.234609,84.053298,MoPR_LGD_and_ISRO_Bhuvan,LGD_2026_Bhuvan_2024,6648,MATCHED_AUTHORITATIVE_BOUNDARY
6646,Nawdiha Bazar,Palamu,Jharkhand,24.33918,84.328597,MoPR_LGD_and_ISRO_Bhuvan,LGD_2026_Bhuvan_2024,6646,MATCHED_AUTHORITATIVE_BOUNDARY
6649,Padwa,Palamu,Jharkhand,24.169643,84.099117,MoPR_LGD_and_ISRO_Bhuvan,LGD_2026_Bhuvan_2024,6649,MATCHED_AUTHORITATIVE_BOUNDARY
3213,Pandu,Palamu,Jharkhand,24.332809,83.969037,MoPR_LGD_and_ISRO_Bhuvan,LGD_2026_Bhuvan_2024,3213,MATCHED_AUTHORITATIVE_BOUNDARY
3214,Panki,Palamu,Jharkhand,24.01222,84.448581,MoPR_LGD_and_ISRO_Bhuvan,LGD_2026_Bhuvan_2024,3214,MATCHED_AUTHORITATIVE_BOUNDARY
3215,Patan,Palamu,Jharkhand,24.171844,84.225416,MoPR_LGD_and_ISRO_Bhuvan,LGD_2026_Bhuvan_2024,3215,MATCHED_AUTHORITATIVE_BOUNDARY
6645,Pipra,Palamu,Jharkhand,24.472151,84.176701,MoPR_LGD_and_ISRO_Bhuvan,LGD_2026_Bhuvan_2024,6645,MATCHED_AUTHORITATIVE_BOUNDARY
7367,Ramgarh,Palamu,Jharkhand,23.946897,83.950613,MoPR_LGD_and_ISRO_Bhuvan,LGD_2026_Bhuvan_2024,7367,MATCHED_AUTHORITATIVE_BOUNDARY
3216,Satbarwa,Palamu,Jharkhand,23.928803,84.277016,MoPR_LGD_and_ISRO_Bhuvan,LGD_2026_Bhuvan_2024,3216,MATCHED_AUTHORITATIVE_BOUNDARY
6650,Tarhasi,Palamu,Jharkhand,24.1113,84.324595,MoPR_LGD_and_ISRO_Bhuvan,LGD_2026_Bhuvan_2024,6650,MATCHED_AUTHORITATIVE_BOUNDARY
6647,Untari Road,Palamu,Jharkhand,24.334496,83.858341,MoPR_LGD_and_ISRO_Bhuvan,LGD_2026_Bhuvan_2024,6647,MATCHED_AUTHORITATIVE_BOUNDARY
6716,Chitarpur,Ramgarh,Jharkhand,23.593498,85.66708,MoPR_LGD_and_ISRO_Bhuvan,LGD_2026_Bhuvan_2024,6716,MATCHED_AUTHORITATIVE_BOUNDARY
6717,Dulmi,Ramgarh,Jharkhand,23.532379,85.62042,MoPR_LGD_and_ISRO_Bhuvan,LGD_2026_Bhuvan_2024,6717,MATCHED_AUTHORITATIVE_BOUNDARY
3168,Gola,Ramgarh,Jharkhand,23.532831,85.765736,MoPR_LGD_and_ISRO_Bhuvan,LGD_2026_Bhuvan_2024,3168,MATCHED_AUTHORITATIVE_BOUNDARY
3172,Mandu,Ramgarh,Jharkhand,23.76361,85.544999,MoPR_LGD_and_ISRO_Bhuvan,LGD_2026_Bhuvan_2024,3172,MATCHED_AUTHORITATIVE_BOUNDARY
3174,Patratu,Ramgarh,Jharkhand,23.621131,85.349013,MoPR_LGD_and_ISRO_Bhuvan,LGD_2026_Bhuvan_2024,3174,MATCHED_AUTHORITATIVE_BOUNDARY
3175,Ramgarh,Ramgarh,Jharkhand,23.610623,85.533158,MoPR_LGD_and_ISRO_Bhuvan,LGD_2026_Bhuvan_2024,3175,MATCHED_AUTHORITATIVE_BOUNDARY
3217,Angara,Ranchi,Jharkhand,23.395958,85.589015,MoPR_LGD_and_ISRO_Bhuvan,LGD_2026_Bhuvan_2024,3217,MATCHED_AUTHORITATIVE_BOUNDARY
3219,Bero,Ranchi,Jharkhand,23.30701,84.979614,MoPR_LGD_and_ISRO_Bhuvan,LGD_2026_Bhuvan_2024,3219,MATCHED_AUTHORITATIVE_BOUNDARY
3220,Bundu,Ranchi,Jharkhand,23.175772,85.5672,MoPR_LGD_and_ISRO_Bhuvan,LGD_2026_Bhuvan_2024,3220,MATCHED_AUTHORITATIVE_BOUNDARY
3221,Burmu,Ranchi,Jharkhand,23.591331,85.145259,MoPR_LGD_and_ISRO_Bhuvan,LGD_2026_Bhuvan_2024,3221,MATCHED_AUTHORITATIVE_BOUNDARY
3222,Chanho,Ranchi,Jharkhand,23.513267,84.994518,MoPR_LGD_and_ISRO_Bhuvan,LGD_2026_Bhuvan_2024,3222,MATCHED_AUTHORITATIVE_BOUNDARY
6637,Itki,Ranchi,Jharkhand,23.308125,85.109825,MoPR_LGD_and_ISRO_Bhuvan,LGD_2026_Bhuvan_2024,6637,MATCHED_AUTHORITATIVE_BOUNDARY
3223,Kanke,Ranchi,Jharkhand,23.448978,85.318953,MoPR_LGD_and_ISRO_Bhuvan,LGD_2026_Bhuvan_2024,3223,MATCHED_AUTHORITATIVE_BOUNDARY
6639,Khelari,Ranchi,Jharkhand,23.653975,84.995575,MoPR_LGD_and_ISRO_Bhuvan,LGD_2026_Bhuvan_2024,6639,MATCHED_AUTHORITATIVE_BOUNDARY
3226,Lapung,Ranchi,Jharkhand,23.132813,84.973191,MoPR_LGD_and_ISRO_Bhuvan,LGD_2026_Bhuvan_2024,3226,MATCHED_AUTHORITATIVE_BOUNDARY
3227,Mandar,Ranchi,Jharkhand,23.426672,85.073268,MoPR_LGD_and_ISRO_Bhuvan,LGD_2026_Bhuvan_2024,3227,MATCHED_AUTHORITATIVE_BOUNDARY
6636,Nagri,Ranchi,Jharkhand,23.316192,85.211056,MoPR_LGD_and_ISRO_Bhuvan,LGD_2026_Bhuvan_2024,6636,MATCHED_AUTHORITATIVE_BOUNDARY
3229,Namkum,Ranchi,Jharkhand,23.270178,85.399146,MoPR_LGD_and_ISRO_Bhuvan,LGD_2026_Bhuvan_2024,3229,MATCHED_AUTHORITATIVE_BOUNDARY
3230,Ormanjhi,Ranchi,Jharkhand,23.506767,85.464577,MoPR_LGD_and_ISRO_Bhuvan,LGD_2026_Bhuvan_2024,3230,MATCHED_AUTHORITATIVE_BOUNDARY
6638,Rahe,Ranchi,Jharkhand,23.27811,85.653109,MoPR_LGD_and_ISRO_Bhuvan,LGD_2026_Bhuvan_2024,6638,MATCHED_AUTHORITATIVE_BOUNDARY
3232,Ratu,Ranchi,Jharkhand,23.413595,85.204988,MoPR_LGD_and_ISRO_Bhuvan,LGD_2026_Bhuvan_2024,3232,MATCHED_AUTHORITATIVE_BOUNDARY
3233,Silli,Ranchi,Jharkhand,23.366674,85.79254,MoPR_LGD_and_ISRO_Bhuvan,LGD_2026_Bhuvan_2024,3233,MATCHED_AUTHORITATIVE_BOUNDARY
3234,Sonahatu,Ranchi,Jharkhand,23.1899,85.775202,MoPR_LGD_and_ISRO_Bhuvan,LGD_2026_Bhuvan_2024,3234,MATCHED_AUTHORITATIVE_BOUNDARY
3235,Tamar,Ranchi,Jharkhand,23.01729,85.722245,MoPR_LGD_and_ISRO_Bhuvan,LGD_2026_Bhuvan_2024,3235,MATCHED_AUTHORITATIVE_BOUNDARY
3237,Barhait,Sahebganj,Jharkhand,24.88747,87.574861,MoPR_LGD_and_ISRO_Bhuvan,LGD_2026_Bhuvan_2024,3237,MATCHED_AUTHORITATIVE_BOUNDARY
3238,Barharwa,Sahebganj,Jharkhand,24.810531,87.815184,MoPR_LGD_and_ISRO_Bhuvan,LGD_2026_Bhuvan_2024,3238,MATCHED_AUTHORITATIVE_BOUNDARY
3239,Borio,Sahebganj,Jharkhand,25.082048,87.610103,MoPR_LGD_and_ISRO_Bhuvan,LGD_2026_Bhuvan_2024,3239,MATCHED_AUTHORITATIVE_BOUNDARY
3240,Mandro,Sahebganj,Jharkhand,25.178555,87.540558,MoPR_LGD_and_ISRO_Bhuvan,LGD_2026_Bhuvan_2024,3240,MATCHED_AUTHORITATIVE_BOUNDARY
3241,Pathna,Sahebganj,Jharkhand,24.832531,87.714966,MoPR_LGD_and_ISRO_Bhuvan,LGD_2026_Bhuvan_2024,3241,MATCHED_AUTHORITATIVE_BOUNDARY
3242,Rajmahal,Sahebganj,Jharkhand,25.025481,87.832422,MoPR_LGD_and_ISRO_Bhuvan,LGD_2026_Bhuvan_2024,3242,MATCHED_AUTHORITATIVE_BOUNDARY
3243,Sahibganj,Sahebganj,Jharkhand,25.279773,87.61252,MoPR_LGD_and_ISRO_Bhuvan,LGD_2026_Bhuvan_2024,3243,MATCHED_AUTHORITATIVE_BOUNDARY
3244,Taljhari,Sahebganj,Jharkhand,25.046619,87.717225,MoPR_LGD_and_ISRO_Bhuvan,LGD_2026_Bhuvan_2024,3244,MATCHED_AUTHORITATIVE_BOUNDARY
3245,Udhwa,Sahebganj,Jharkhand,24.928984,87.834313,MoPR_LGD_and_ISRO_Bhuvan,LGD_2026_Bhuvan_2024,3245,MATCHED_AUTHORITATIVE_BOUNDARY
3246,Chandil,Saraikela Kharsawan,Jharkhand,22.923172,86.01553,MoPR_LGD_and_ISRO_Bhuvan,LGD_2026_Bhuvan_2024,3246,MATCHED_AUTHORITATIVE_BOUNDARY
3247,Gamharia,Saraikela Kharsawan,Jharkhand,22.787381,86.063715,MoPR_LGD_and_ISRO_Bhuvan,LGD_2026_Bhuvan_2024,3247,MATCHED_AUTHORITATIVE_BOUNDARY
3248,Ichagarh,Saraikela Kharsawan,Jharkhand,23.051851,85.8985,MoPR_LGD_and_ISRO_Bhuvan,LGD_2026_Bhuvan_2024,3248,MATCHED_AUTHORITATIVE_BOUNDARY
3249,Kharsawan,Saraikela Kharsawan,Jharkhand,22.782632,85.824204,MoPR_LGD_and_ISRO_Bhuvan,LGD_2026_Bhuvan_2024,3249,MATCHED_AUTHORITATIVE_BOUNDARY
3250,Kuchai,Saraikela Kharsawan,Jharkhand,22.854397,85.701876,MoPR_LGD_and_ISRO_Bhuvan,LGD_2026_Bhuvan_2024,3250,MATCHED_AUTHORITATIVE_BOUNDARY
6652,Kukru,Saraikela Kharsawan,Jharkhand,23.106613,85.995705,MoPR_LGD_and_ISRO_Bhuvan,LGD_2026_Bhuvan_2024,6652,MATCHED_AUTHORITATIVE_BOUNDARY
3251,Nimdih,Saraikela Kharsawan,Jharkhand,22.997896,86.12482,MoPR_LGD_and_ISRO_Bhuvan,LGD_2026_Bhuvan_2024,3251,MATCHED_AUTHORITATIVE_BOUNDARY
3252,Rajnagar,Saraikela Kharsawan,Jharkhand,22.615458,86.022932,MoPR_LGD_and_ISRO_Bhuvan,LGD_2026_Bhuvan_2024,3252,MATCHED_AUTHORITATIVE_BOUNDARY
3253,Seraikella,Saraikela Kharsawan,Jharkhand,22.747734,85.929712,MoPR_LGD_and_ISRO_Bhuvan,LGD_2026_Bhuvan_2024,3253,MATCHED_AUTHORITATIVE_BOUNDARY
3254,Bano,Simdega,Jharkhand,22.636969,84.974645,MoPR_LGD_and_ISRO_Bhuvan,LGD_2026_Bhuvan_2024,3254,MATCHED_AUTHORITATIVE_BOUNDARY
6613,Bansjore,Simdega,Jharkhand,22.464722,84.717549,MoPR_LGD_and_ISRO_Bhuvan,LGD_2026_Bhuvan_2024,6613,MATCHED_AUTHORITATIVE_BOUNDARY
3255,Bolba,Simdega,Jharkhand,22.411653,84.299795,MoPR_LGD_and_ISRO_Bhuvan,LGD_2026_Bhuvan_2024,3255,MATCHED_AUTHORITATIVE_BOUNDARY
3256,Jaldega,Simdega,Jharkhand,22.525498,84.814363,MoPR_LGD_and_ISRO_Bhuvan,LGD_2026_Bhuvan_2024,3256,MATCHED_AUTHORITATIVE_BOUNDARY
6612,Kersai,Simdega,Jharkhand,22.551491,84.224162,MoPR_LGD_and_ISRO_Bhuvan,LGD_2026_Bhuvan_2024,6612,MATCHED_AUTHORITATIVE_BOUNDARY
3257,Kolebira,Simdega,Jharkhand,22.678385,84.74031,MoPR_LGD_and_ISRO_Bhuvan,LGD_2026_Bhuvan_2024,3257,MATCHED_AUTHORITATIVE_BOUNDARY
3258,Kurdeg,Simdega,Jharkhand,22.567866,84.122378,MoPR_LGD_and_ISRO_Bhuvan,LGD_2026_Bhuvan_2024,3258,MATCHED_AUTHORITATIVE_BOUNDARY
6611,Pakartanr,Simdega,Jharkhand,22.732245,84.436123,MoPR_LGD_and_ISRO_Bhuvan,LGD_2026_Bhuvan_2024,6611,MATCHED_AUTHORITATIVE_BOUNDARY
3259,Simdega,Simdega,Jharkhand,22.668522,84.550194,MoPR_LGD_and_ISRO_Bhuvan,LGD_2026_Bhuvan_2024,3259,MATCHED_AUTHORITATIVE_BOUNDARY
3260,Thethaitanger,Simdega,Jharkhand,22.507736,84.468873,MoPR_LGD_and_ISRO_Bhuvan,LGD_2026_Bhuvan_2024,3260,MATCHED_AUTHORITATIVE_BOUNDARY
6609,Anandpur,West Singhbhum,Jharkhand,22.504803,85.144122,MoPR_LGD_and_ISRO_Bhuvan,LGD_2026_Bhuvan_2024,6609,MATCHED_AUTHORITATIVE_BOUNDARY
3261,Bandgaon,West Singhbhum,Jharkhand,22.764504,85.38307,MoPR_LGD_and_ISRO_Bhuvan,LGD_2026_Bhuvan_2024,3261,MATCHED_AUTHORITATIVE_BOUNDARY
3262,Chaibasa,West Singhbhum,Jharkhand,22.545719,85.817913,MoPR_LGD_and_ISRO_Bhuvan,LGD_2026_Bhuvan_2024,3262,MATCHED_AUTHORITATIVE_BOUNDARY
3263,Chakradharpur,West Singhbhum,Jharkhand,22.716674,85.621748,MoPR_LGD_and_ISRO_Bhuvan,LGD_2026_Bhuvan_2024,3263,MATCHED_AUTHORITATIVE_BOUNDARY
3264,Goelkera,West Singhbhum,Jharkhand,22.485281,85.361461,MoPR_LGD_and_ISRO_Bhuvan,LGD_2026_Bhuvan_2024,3264,MATCHED_AUTHORITATIVE_BOUNDARY
6610,Gudri,West Singhbhum,Jharkhand,22.67151,85.245132,MoPR_LGD_and_ISRO_Bhuvan,LGD_2026_Bhuvan_2024,6610,MATCHED_AUTHORITATIVE_BOUNDARY
6608,Hatgamharia,West Singhbhum,Jharkhand,22.245469,85.747225,MoPR_LGD_and_ISRO_Bhuvan,LGD_2026_Bhuvan_2024,6608,MATCHED_AUTHORITATIVE_BOUNDARY
3265,Jagannathpur,West Singhbhum,Jharkhand,22.15898,85.656182,MoPR_LGD_and_ISRO_Bhuvan,LGD_2026_Bhuvan_2024,3265,MATCHED_AUTHORITATIVE_BOUNDARY
3266,Jhinkpani,West Singhbhum,Jharkhand,22.4409,85.797558,MoPR_LGD_and_ISRO_Bhuvan,LGD_2026_Bhuvan_2024,3266,MATCHED_AUTHORITATIVE_BOUNDARY
3267,Khuntpani,West Singhbhum,Jharkhand,22.597538,85.718803,MoPR_LGD_and_ISRO_Bhuvan,LGD_2026_Bhuvan_2024,3267,MATCHED_AUTHORITATIVE_BOUNDARY
3268,Kumardungi,West Singhbhum,Jharkhand,22.178283,85.920137,MoPR_LGD_and_ISRO_Bhuvan,LGD_2026_Bhuvan_2024,3268,MATCHED_AUTHORITATIVE_BOUNDARY
3269,Manjhari,West Singhbhum,Jharkhand,22.320631,85.891327,MoPR_LGD_and_ISRO_Bhuvan,LGD_2026_Bhuvan_2024,3269,MATCHED_AUTHORITATIVE_BOUNDARY
3270,Manjhgaon,West Singhbhum,Jharkhand,24.302331,83.767016,MoPR_LGD_and_ISRO_Bhuvan,LGD_2026_Bhuvan_2024,3270,MATCHED_AUTHORITATIVE_BOUNDARY
3271,Manoharpur,West Singhbhum,Jharkhand,22.259074,85.200807,MoPR_LGD_and_ISRO_Bhuvan,LGD_2026_Bhuvan_2024,3271,MATCHED_AUTHORITATIVE_BOUNDARY
3272,Noamundi,West Singhbhum,Jharkhand,22.19963,85.44416,MoPR_LGD_and_ISRO_Bhuvan,LGD_2026_Bhuvan_2024,3272,MATCHED_AUTHORITATIVE_BOUNDARY
3273,Sonua,West Singhbhum,Jharkhand,22.60212,85.462281,MoPR_LGD_and_ISRO_Bhuvan,LGD_2026_Bhuvan_2024,3273,MATCHED_AUTHORITATIVE_BOUNDARY
3274,Tantnagar,West Singhbhum,Jharkhand,22.42458,85.927922,MoPR_LGD_and_ISRO_Bhuvan,LGD_2026_Bhuvan_2024,3274,MATCHED_AUTHORITATIVE_BOUNDARY
3275,Tonto,West Singhbhum,Jharkhand,22.400742,85.579736,MoPR_LGD_and_ISRO_Bhuvan,LGD_2026_Bhuvan_2024,3275,MATCHED_AUTHORITATIVE_BOUNDARY
5753,Badami,Bagalkote,Karnataka,15.966957,75.597106,MoPR_LGD_and_ISRO_Bhuvan,LGD_2026_Bhuvan_2024,5753,MATCHED_AUTHORITATIVE_BOUNDARY
5754,Bagalkot,Bagalkote,Karnataka,16.212447,75.759746,MoPR_LGD_and_ISRO_Bhuvan,LGD_2026_Bhuvan_2024,5754,MATCHED_AUTHORITATIVE_BOUNDARY
5755,Bilagi,Bagalkote,Karnataka,16.346221,75.589288,MoPR_LGD_and_ISRO_Bhuvan,LGD_2026_Bhuvan_2024,5755,MATCHED_AUTHORITATIVE_BOUNDARY
7368,Guledagudda,Bagalkote,Karnataka,16.041234,75.743001,MoPR_LGD_and_ISRO_Bhuvan,LGD_2026_Bhuvan_2024,7368,MATCHED_AUTHORITATIVE_BOUNDARY
5756,Hungund,Bagalkote,Karnataka,16.115695,76.014375,MoPR_LGD_and_ISRO_Bhuvan,LGD_2026_Bhuvan_2024,5756,MATCHED_AUTHORITATIVE_BOUNDARY
7369,Ilkal,Bagalkote,Karnataka,15.994624,76.129444,MoPR_LGD_and_ISRO_Bhuvan,LGD_2026_Bhuvan_2024,7369,MATCHED_AUTHORITATIVE_BOUNDARY
5757,Jamkhandi,Bagalkote,Karnataka,16.578597,75.345929,MoPR_LGD_and_ISRO_Bhuvan,LGD_2026_Bhuvan_2024,5757,MATCHED_AUTHORITATIVE_BOUNDARY
5758,Mudhol,Bagalkote,Karnataka,16.292911,75.308451,MoPR_LGD_and_ISRO_Bhuvan,LGD_2026_Bhuvan_2024,5758,MATCHED_AUTHORITATIVE_BOUNDARY
7370,Rabakavi Banahatti,Bagalkote,Karnataka,16.461234,75.103084,MoPR_LGD_and_ISRO_Bhuvan,LGD_2026_Bhuvan_2024,7370,MATCHED_AUTHORITATIVE_BOUNDARY
5781,Ballari,Ballari,Karnataka,15.175859,76.976341,MoPR_LGD_and_ISRO_Bhuvan,LGD_2026_Bhuvan_2024,5781,MATCHED_AUTHORITATIVE_BOUNDARY
7375,Kampli,Ballari,Karnataka,15.359942,76.652908,MoPR_LGD_and_ISRO_Bhuvan,LGD_2026_Bhuvan_2024,7375,MATCHED_AUTHORITATIVE_BOUNDARY
7377,Kurugodu,Ballari,Karnataka,15.30675,76.828311,MoPR_LGD_and_ISRO_Bhuvan,LGD_2026_Bhuvan_2024,7377,MATCHED_AUTHORITATIVE_BOUNDARY
5786,Sandur,Ballari,Karnataka,15.055325,76.582286,MoPR_LGD_and_ISRO_Bhuvan,LGD_2026_Bhuvan_2024,5786,MATCHED_AUTHORITATIVE_BOUNDARY
5787,Siruguppa,Ballari,Karnataka,15.566939,76.934923,MoPR_LGD_and_ISRO_Bhuvan,LGD_2026_Bhuvan_2024,5787,MATCHED_AUTHORITATIVE_BOUNDARY
5771,Athni,Belagavi,Karnataka,16.753558,75.126981,MoPR_LGD_and_ISRO_Bhuvan,LGD_2026_Bhuvan_2024,5771,MATCHED_AUTHORITATIVE_BOUNDARY
5772,Belagavi,Belagavi,Karnataka,15.866652,74.529651,MoPR_LGD_and_ISRO_Bhuvan,LGD_2026_Bhuvan_2024,5772,MATCHED_AUTHORITATIVE_BOUNDARY
5773,Bylahongal,Belagavi,Karnataka,15.797137,74.813623,MoPR_LGD_and_ISRO_Bhuvan,LGD_2026_Bhuvan_2024,5773,MATCHED_AUTHORITATIVE_BOUNDARY
5774,Chikodi,Belagavi,Karnataka,16.440847,74.596283,MoPR_LGD_and_ISRO_Bhuvan,LGD_2026_Bhuvan_2024,5774,MATCHED_AUTHORITATIVE_BOUNDARY
5775,Gokak,Belagavi,Karnataka,16.131528,74.855184,MoPR_LGD_and_ISRO_Bhuvan,LGD_2026_Bhuvan_2024,5775,MATCHED_AUTHORITATIVE_BOUNDARY
5776,Hukeri,Belagavi,Karnataka,16.192825,74.56659,MoPR_LGD_and_ISRO_Bhuvan,LGD_2026_Bhuvan_2024,5776,MATCHED_AUTHORITATIVE_BOUNDARY
7372,Kagawada,Belagavi,Karnataka,16.683386,74.820491,MoPR_LGD_and_ISRO_Bhuvan,LGD_2026_Bhuvan_2024,7372,MATCHED_AUTHORITATIVE_BOUNDARY
5777,Khanapur,Belagavi,Karnataka,15.586797,74.474,MoPR_LGD_and_ISRO_Bhuvan,LGD_2026_Bhuvan_2024,5777,MATCHED_AUTHORITATIVE_BOUNDARY
7364,Kittur,Belagavi,Karnataka,15.62515,74.768207,MoPR_LGD_and_ISRO_Bhuvan,LGD_2026_Bhuvan_2024,7364,MATCHED_AUTHORITATIVE_BOUNDARY
7373,Mudalagi,Belagavi,Karnataka,16.277204,75.014718,MoPR_LGD_and_ISRO_Bhuvan,LGD_2026_Bhuvan_2024,7373,MATCHED_AUTHORITATIVE_BOUNDARY
7374,Nippani,Belagavi,Karnataka,16.496886,74.40178,MoPR_LGD_and_ISRO_Bhuvan,LGD_2026_Bhuvan_2024,7374,MATCHED_AUTHORITATIVE_BOUNDARY
5779,Ramdurg,Belagavi,Karnataka,16.007537,75.266504,MoPR_LGD_and_ISRO_Bhuvan,LGD_2026_Bhuvan_2024,5779,MATCHED_AUTHORITATIVE_BOUNDARY
5780,Raybag,Belagavi,Karnataka,16.478564,74.857489,MoPR_LGD_and_ISRO_Bhuvan,LGD_2026_Bhuvan_2024,5780,MATCHED_AUTHORITATIVE_BOUNDARY
5778,Savadathi,Belagavi,Karnataka,15.857601,75.061051,MoPR_LGD_and_ISRO_Bhuvan,LGD_2026_Bhuvan_2024,5778,MATCHED_AUTHORITATIVE_BOUNDARY
7528,Yaragatti,Belagavi,Karnataka,,,MoPR_LGD_and_ISRO_Bhuvan,LGD_2026_Bhuvan_2024,7528,PENDING_OFFICIAL_BOUNDARY_MATCH
5764,Devanhalli,Bengaluru Rural,Karnataka,13.258285,77.709582,MoPR_LGD_and_ISRO_Bhuvan,LGD_2026_Bhuvan_2024,5764,MATCHED_AUTHORITATIVE_BOUNDARY
5765,Dodballapur,Bengaluru Rural,Karnataka,13.334859,77.473485,MoPR_LGD_and_ISRO_Bhuvan,LGD_2026_Bhuvan_2024,5765,MATCHED_AUTHORITATIVE_BOUNDARY
5766,Hoskote,Bengaluru Rural,Karnataka,13.094056,77.851148,MoPR_LGD_and_ISRO_Bhuvan,LGD_2026_Bhuvan_2024,5766,MATCHED_AUTHORITATIVE_BOUNDARY
5769,Nelamangala,Bengaluru Rural,Karnataka,13.174594,77.313219,MoPR_LGD_and_ISRO_Bhuvan,LGD_2026_Bhuvan_2024,5769,MATCHED_AUTHORITATIVE_BOUNDARY
5763,Channapatna,Bengaluru South,Karnataka,12.629713,77.181348,MoPR_LGD_and_ISRO_Bhuvan,LGD_2026_Bhuvan_2024,5763,MATCHED_AUTHORITATIVE_BOUNDARY
7529,Harohalli,Bengaluru South,Karnataka,,,MoPR_LGD_and_ISRO_Bhuvan,LGD_2026_Bhuvan_2024,7529,PENDING_OFFICIAL_BOUNDARY_MATCH
5767,Kanakapura,Bengaluru South,Karnataka,12.498076,77.456953,MoPR_LGD_and_ISRO_Bhuvan,LGD_2026_Bhuvan_2024,5767,MATCHED_AUTHORITATIVE_BOUNDARY
5768,Magadi,Bengaluru South,Karnataka,13.0067,77.21207,MoPR_LGD_and_ISRO_Bhuvan,LGD_2026_Bhuvan_2024,5768,MATCHED_AUTHORITATIVE_BOUNDARY
5770,Ramanagara,Bengaluru South,Karnataka,12.75352,77.323463,MoPR_LGD_and_ISRO_Bhuvan,LGD_2026_Bhuvan_2024,5770,MATCHED_AUTHORITATIVE_BOUNDARY
5759,Anekal,Bengaluru Urban,Karnataka,12.790524,77.694648,MoPR_LGD_and_ISRO_Bhuvan,LGD_2026_Bhuvan_2024,5759,MATCHED_AUTHORITATIVE_BOUNDARY
5760,Bengaluru East,Bengaluru Urban,Karnataka,13.004187,77.704439,MoPR_LGD_and_ISRO_Bhuvan,LGD_2026_Bhuvan_2024,5760,MATCHED_AUTHORITATIVE_BOUNDARY
5761,Bengaluru North,Bengaluru Urban,Karnataka,13.02486,77.506398,MoPR_LGD_and_ISRO_Bhuvan,LGD_2026_Bhuvan_2024,5761,MATCHED_AUTHORITATIVE_BOUNDARY
5762,Bengaluru South,Bengaluru Urban,Karnataka,12.885361,77.496517,MoPR_LGD_and_ISRO_Bhuvan,LGD_2026_Bhuvan_2024,5762,MATCHED_AUTHORITATIVE_BOUNDARY
7371,Yelahanka,Bengaluru Urban,Karnataka,13.14354,77.58682,MoPR_LGD_and_ISRO_Bhuvan,LGD_2026_Bhuvan_2024,7371,MATCHED_AUTHORITATIVE_BOUNDARY
5788,Aurad,Bidar,Karnataka,18.210554,77.447188,MoPR_LGD_and_ISRO_Bhuvan,LGD_2026_Bhuvan_2024,5788,MATCHED_AUTHORITATIVE_BOUNDARY
5789,Basavakalyan,Bidar,Karnataka,17.776358,76.899907,MoPR_LGD_and_ISRO_Bhuvan,LGD_2026_Bhuvan_2024,5789,MATCHED_AUTHORITATIVE_BOUNDARY
5790,Bhalki,Bidar,Karnataka,18.039028,77.192143,MoPR_LGD_and_ISRO_Bhuvan,LGD_2026_Bhuvan_2024,5790,MATCHED_AUTHORITATIVE_BOUNDARY
5791,Bidar,Bidar,Karnataka,17.877231,77.467151,MoPR_LGD_and_ISRO_Bhuvan,LGD_2026_Bhuvan_2024,5791,MATCHED_AUTHORITATIVE_BOUNDARY
7430,Chittaguppa,Bidar,Karnataka,17.676604,77.294316,MoPR_LGD_and_ISRO_Bhuvan,LGD_2026_Bhuvan_2024,7430,MATCHED_AUTHORITATIVE_BOUNDARY
7431,Hulasuru,Bidar,Karnataka,17.983438,76.999694,MoPR_LGD_and_ISRO_Bhuvan,LGD_2026_Bhuvan_2024,7431,MATCHED_AUTHORITATIVE_BOUNDARY
5792,Humnabad,Bidar,Karnataka,17.817588,77.160642,MoPR_LGD_and_ISRO_Bhuvan,LGD_2026_Bhuvan_2024,5792,MATCHED_AUTHORITATIVE_BOUNDARY
7432,Kamalanagara,Bidar,Karnataka,18.253635,77.257623,MoPR_LGD_and_ISRO_Bhuvan,LGD_2026_Bhuvan_2024,7432,MATCHED_AUTHORITATIVE_BOUNDARY
5798,Chamarajanagar,Chamarajanagar,Karnataka,11.907924,76.954722,MoPR_LGD_and_ISRO_Bhuvan,LGD_2026_Bhuvan_2024,5798,MATCHED_AUTHORITATIVE_BOUNDARY
5799,Gundlupet,Chamarajanagar,Karnataka,11.778913,76.649213,MoPR_LGD_and_ISRO_Bhuvan,LGD_2026_Bhuvan_2024,5799,MATCHED_AUTHORITATIVE_BOUNDARY
7378,Hanuru,Chamarajanagar,Karnataka,12.011172,77.222817,MoPR_LGD_and_ISRO_Bhuvan,LGD_2026_Bhuvan_2024,7378,MATCHED_AUTHORITATIVE_BOUNDARY
5800,Kollegala,Chamarajanagar,Karnataka,12.037273,77.575764,MoPR_LGD_and_ISRO_Bhuvan,LGD_2026_Bhuvan_2024,5800,MATCHED_AUTHORITATIVE_BOUNDARY
5801,Yelandur,Chamarajanagar,Karnataka,12.023716,77.093775,MoPR_LGD_and_ISRO_Bhuvan,LGD_2026_Bhuvan_2024,5801,MATCHED_AUTHORITATIVE_BOUNDARY
5864,Bagepalli,Chikkaballapura,Karnataka,13.783013,77.938626,MoPR_LGD_and_ISRO_Bhuvan,LGD_2026_Bhuvan_2024,5864,MATCHED_AUTHORITATIVE_BOUNDARY
7557,Cheluru,Chikkaballapura,Karnataka,,,MoPR_LGD_and_ISRO_Bhuvan,LGD_2026_Bhuvan_2024,7557,PENDING_OFFICIAL_BOUNDARY_MATCH
5866,Chikballapur,Chikkaballapura,Karnataka,13.492005,77.734522,MoPR_LGD_and_ISRO_Bhuvan,LGD_2026_Bhuvan_2024,5866,MATCHED_AUTHORITATIVE_BOUNDARY
5867,Chintamani,Chikkaballapura,Karnataka,13.476641,78.072062,MoPR_LGD_and_ISRO_Bhuvan,LGD_2026_Bhuvan_2024,5867,MATCHED_AUTHORITATIVE_BOUNDARY
5868,Gauribidanur,Chikkaballapura,Karnataka,13.593217,77.53637,MoPR_LGD_and_ISRO_Bhuvan,LGD_2026_Bhuvan_2024,5868,MATCHED_AUTHORITATIVE_BOUNDARY
5869,Gudibanda,Chikkaballapura,Karnataka,13.685742,77.751656,MoPR_LGD_and_ISRO_Bhuvan,LGD_2026_Bhuvan_2024,5869,MATCHED_AUTHORITATIVE_BOUNDARY
7558,Manchenahalli,Chikkaballapura,Karnataka,,,MoPR_LGD_and_ISRO_Bhuvan,LGD_2026_Bhuvan_2024,7558,PENDING_OFFICIAL_BOUNDARY_MATCH
5873,Sidlaghatta,Chikkaballapura,Karnataka,13.453152,77.897902,MoPR_LGD_and_ISRO_Bhuvan,LGD_2026_Bhuvan_2024,5873,MATCHED_AUTHORITATIVE_BOUNDARY
7379,Ajjampura,Chikkamagaluru,Karnataka,13.75222,76.050153,MoPR_LGD_and_ISRO_Bhuvan,LGD_2026_Bhuvan_2024,7379,MATCHED_AUTHORITATIVE_BOUNDARY
5802,Chikkamagaluru,Chikkamagaluru,Karnataka,13.36329,75.720601,MoPR_LGD_and_ISRO_Bhuvan,LGD_2026_Bhuvan_2024,5802,MATCHED_AUTHORITATIVE_BOUNDARY
5803,Kadur,Chikkamagaluru,Karnataka,13.529025,76.070279,MoPR_LGD_and_ISRO_Bhuvan,LGD_2026_Bhuvan_2024,5803,MATCHED_AUTHORITATIVE_BOUNDARY
7497,Kalasa,Chikkamagaluru,Karnataka,13.225048,75.314956,MoPR_LGD_and_ISRO_Bhuvan,LGD_2026_Bhuvan_2024,7497,MATCHED_AUTHORITATIVE_BOUNDARY
5804,Koppa,Chikkamagaluru,Karnataka,13.454778,75.340776,MoPR_LGD_and_ISRO_Bhuvan,LGD_2026_Bhuvan_2024,5804,MATCHED_AUTHORITATIVE_BOUNDARY
5805,Mudigere,Chikkamagaluru,Karnataka,13.113926,75.577676,MoPR_LGD_and_ISRO_Bhuvan,LGD_2026_Bhuvan_2024,5805,MATCHED_AUTHORITATIVE_BOUNDARY
5806,Narasimharajapura,Chikkamagaluru,Karnataka,13.567782,75.505019,MoPR_LGD_and_ISRO_Bhuvan,LGD_2026_Bhuvan_2024,5806,MATCHED_AUTHORITATIVE_BOUNDARY
5807,Sringeri,Chikkamagaluru,Karnataka,13.379195,75.205861,MoPR_LGD_and_ISRO_Bhuvan,LGD_2026_Bhuvan_2024,5807,MATCHED_AUTHORITATIVE_BOUNDARY
5808,Tarikere,Chikkamagaluru,Karnataka,13.669522,75.782246,MoPR_LGD_and_ISRO_Bhuvan,LGD_2026_Bhuvan_2024,5808,MATCHED_AUTHORITATIVE_BOUNDARY
5809,Challakere,Chitradurga,Karnataka,14.361862,76.721693,MoPR_LGD_and_ISRO_Bhuvan,LGD_2026_Bhuvan_2024,5809,MATCHED_AUTHORITATIVE_BOUNDARY
5810,Chitradurga,Chitradurga,Karnataka,14.275387,76.351209,MoPR_LGD_and_ISRO_Bhuvan,LGD_2026_Bhuvan_2024,5810,MATCHED_AUTHORITATIVE_BOUNDARY
5811,Hiriyur,Chitradurga,Karnataka,13.97275,76.650555,MoPR_LGD_and_ISRO_Bhuvan,LGD_2026_Bhuvan_2024,5811,MATCHED_AUTHORITATIVE_BOUNDARY
5812,Holalkere,Chitradurga,Karnataka,14.051623,76.195273,MoPR_LGD_and_ISRO_Bhuvan,LGD_2026_Bhuvan_2024,5812,MATCHED_AUTHORITATIVE_BOUNDARY
5813,Hosdurga,Chitradurga,Karnataka,13.786508,76.344939,MoPR_LGD_and_ISRO_Bhuvan,LGD_2026_Bhuvan_2024,5813,MATCHED_AUTHORITATIVE_BOUNDARY
5814,Molakalmuru,Chitradurga,Karnataka,14.791515,76.736321,MoPR_LGD_and_ISRO_Bhuvan,LGD_2026_Bhuvan_2024,5814,MATCHED_AUTHORITATIVE_BOUNDARY
5815,Bantval,Dakshina Kannada,Karnataka,12.848126,75.08253,MoPR_LGD_and_ISRO_Bhuvan,LGD_2026_Bhuvan_2024,5815,MATCHED_AUTHORITATIVE_BOUNDARY
5816,Beltangadi,Dakshina Kannada,Karnataka,12.998525,75.32309,MoPR_LGD_and_ISRO_Bhuvan,LGD_2026_Bhuvan_2024,5816,MATCHED_AUTHORITATIVE_BOUNDARY
7427,Kadaba,Dakshina Kannada,Karnataka,12.76031,75.482759,MoPR_LGD_and_ISRO_Bhuvan,LGD_2026_Bhuvan_2024,7427,MATCHED_AUTHORITATIVE_BOUNDARY
5817,Mangaluru,Dakshina Kannada,Karnataka,12.945428,74.884663,MoPR_LGD_and_ISRO_Bhuvan,LGD_2026_Bhuvan_2024,5817,MATCHED_AUTHORITATIVE_BOUNDARY
7428,Mudubidare,Dakshina Kannada,Karnataka,13.081168,75.001058,MoPR_LGD_and_ISRO_Bhuvan,LGD_2026_Bhuvan_2024,7428,MATCHED_AUTHORITATIVE_BOUNDARY
7498,Mulki,Dakshina Kannada,Karnataka,13.06187,74.799779,MoPR_LGD_and_ISRO_Bhuvan,LGD_2026_Bhuvan_2024,7498,MATCHED_AUTHORITATIVE_BOUNDARY
5818,Puttur,Dakshina Kannada,Karnataka,12.713878,75.240946,MoPR_LGD_and_ISRO_Bhuvan,LGD_2026_Bhuvan_2024,5818,MATCHED_AUTHORITATIVE_BOUNDARY
5819,Sulya,Dakshina Kannada,Karnataka,12.583227,75.461404,MoPR_LGD_and_ISRO_Bhuvan,LGD_2026_Bhuvan_2024,5819,MATCHED_AUTHORITATIVE_BOUNDARY
7499,Ullala,Dakshina Kannada,Karnataka,12.817959,74.941177,MoPR_LGD_and_ISRO_Bhuvan,LGD_2026_Bhuvan_2024,7499,MATCHED_AUTHORITATIVE_BOUNDARY
5820,Channagiri,Davanagere,Karnataka,14.072962,75.922471,MoPR_LGD_and_ISRO_Bhuvan,LGD_2026_Bhuvan_2024,5820,MATCHED_AUTHORITATIVE_BOUNDARY
5821,Davanagere,Davanagere,Karnataka,14.393252,75.991078,MoPR_LGD_and_ISRO_Bhuvan,LGD_2026_Bhuvan_2024,5821,MATCHED_AUTHORITATIVE_BOUNDARY
5823,Harihara,Davanagere,Karnataka,14.440605,75.765441,MoPR_LGD_and_ISRO_Bhuvan,LGD_2026_Bhuvan_2024,5823,MATCHED_AUTHORITATIVE_BOUNDARY
5824,Honnali,Davanagere,Karnataka,14.234599,75.691867,MoPR_LGD_and_ISRO_Bhuvan,LGD_2026_Bhuvan_2024,5824,MATCHED_AUTHORITATIVE_BOUNDARY
5825,Jagalur,Davanagere,Karnataka,14.552852,76.291629,MoPR_LGD_and_ISRO_Bhuvan,LGD_2026_Bhuvan_2024,5825,MATCHED_AUTHORITATIVE_BOUNDARY
7426,Nyamathi,Davanagere,Karnataka,14.139426,75.56218,MoPR_LGD_and_ISRO_Bhuvan,LGD_2026_Bhuvan_2024,7426,MATCHED_AUTHORITATIVE_BOUNDARY
7423,Alnavar,Dharwad,Karnataka,15.442821,74.796489,MoPR_LGD_and_ISRO_Bhuvan,LGD_2026_Bhuvan_2024,7423,MATCHED_AUTHORITATIVE_BOUNDARY
7425,Annigeri,Dharwad,Karnataka,15.472118,75.426186,MoPR_LGD_and_ISRO_Bhuvan,LGD_2026_Bhuvan_2024,7425,MATCHED_AUTHORITATIVE_BOUNDARY
5826,Dharwad,Dharwad,Karnataka,15.495726,74.978721,MoPR_LGD_and_ISRO_Bhuvan,LGD_2026_Bhuvan_2024,5826,MATCHED_AUTHORITATIVE_BOUNDARY
5827,Hubballi,Dharwad,Karnataka,15.345404,75.218793,MoPR_LGD_and_ISRO_Bhuvan,LGD_2026_Bhuvan_2024,5827,MATCHED_AUTHORITATIVE_BOUNDARY
5828,Kalghatgi,Dharwad,Karnataka,15.192066,74.978858,MoPR_LGD_and_ISRO_Bhuvan,LGD_2026_Bhuvan_2024,5828,MATCHED_AUTHORITATIVE_BOUNDARY
5829,Kundgol,Dharwad,Karnataka,15.203943,75.299071,MoPR_LGD_and_ISRO_Bhuvan,LGD_2026_Bhuvan_2024,5829,MATCHED_AUTHORITATIVE_BOUNDARY
5830,Navalgund,Dharwad,Karnataka,15.594811,75.298054,MoPR_LGD_and_ISRO_Bhuvan,LGD_2026_Bhuvan_2024,5830,MATCHED_AUTHORITATIVE_BOUNDARY
5831,Gadag,Gadag,Karnataka,15.423854,75.617537,MoPR_LGD_and_ISRO_Bhuvan,LGD_2026_Bhuvan_2024,5831,MATCHED_AUTHORITATIVE_BOUNDARY
7421,Gajendragad,Gadag,Karnataka,15.724425,75.982738,MoPR_LGD_and_ISRO_Bhuvan,LGD_2026_Bhuvan_2024,7421,MATCHED_AUTHORITATIVE_BOUNDARY
7422,Laxmeshwar,Gadag,Karnataka,15.12682,75.50766,MoPR_LGD_and_ISRO_Bhuvan,LGD_2026_Bhuvan_2024,7422,MATCHED_AUTHORITATIVE_BOUNDARY
5832,Mundaragi,Gadag,Karnataka,15.2248,75.805202,MoPR_LGD_and_ISRO_Bhuvan,LGD_2026_Bhuvan_2024,5832,MATCHED_AUTHORITATIVE_BOUNDARY
5833,Naragund,Gadag,Karnataka,15.757072,75.417719,MoPR_LGD_and_ISRO_Bhuvan,LGD_2026_Bhuvan_2024,5833,MATCHED_AUTHORITATIVE_BOUNDARY
5834,Ron,Gadag,Karnataka,15.687403,75.695859,MoPR_LGD_and_ISRO_Bhuvan,LGD_2026_Bhuvan_2024,5834,MATCHED_AUTHORITATIVE_BOUNDARY
5835,Shirahatti,Gadag,Karnataka,15.105856,75.663149,MoPR_LGD_and_ISRO_Bhuvan,LGD_2026_Bhuvan_2024,5835,MATCHED_AUTHORITATIVE_BOUNDARY
5846,Alur,Hassan,Karnataka,12.920522,75.952654,MoPR_LGD_and_ISRO_Bhuvan,LGD_2026_Bhuvan_2024,5846,MATCHED_AUTHORITATIVE_BOUNDARY
5847,Arkalgud,Hassan,Karnataka,12.682538,76.062821,MoPR_LGD_and_ISRO_Bhuvan,LGD_2026_Bhuvan_2024,5847,MATCHED_AUTHORITATIVE_BOUNDARY
5848,Arsikere,Hassan,Karnataka,13.315547,76.250476,MoPR_LGD_and_ISRO_Bhuvan,LGD_2026_Bhuvan_2024,5848,MATCHED_AUTHORITATIVE_BOUNDARY
5849,Belur,Hassan,Karnataka,13.150566,75.90329,MoPR_LGD_and_ISRO_Bhuvan,LGD_2026_Bhuvan_2024,5849,MATCHED_AUTHORITATIVE_BOUNDARY
5850,Channarayapatna,Hassan,Karnataka,12.973288,76.444984,MoPR_LGD_and_ISRO_Bhuvan,LGD_2026_Bhuvan_2024,5850,MATCHED_AUTHORITATIVE_BOUNDARY
5851,Hassan,Hassan,Karnataka,13.007623,76.136802,MoPR_LGD_and_ISRO_Bhuvan,LGD_2026_Bhuvan_2024,5851,MATCHED_AUTHORITATIVE_BOUNDARY
5852,Holenarsipur,Hassan,Karnataka,12.760004,76.252564,MoPR_LGD_and_ISRO_Bhuvan,LGD_2026_Bhuvan_2024,5852,MATCHED_AUTHORITATIVE_BOUNDARY
5853,Sakaleshpur,Hassan,Karnataka,12.863454,75.741409,MoPR_LGD_and_ISRO_Bhuvan,LGD_2026_Bhuvan_2024,5853,MATCHED_AUTHORITATIVE_BOUNDARY
5854,Byadgi,Haveri,Karnataka,14.669993,75.436098,MoPR_LGD_and_ISRO_Bhuvan,LGD_2026_Bhuvan_2024,5854,MATCHED_AUTHORITATIVE_BOUNDARY
5855,Hanagal,Haveri,Karnataka,14.752679,75.17699,MoPR_LGD_and_ISRO_Bhuvan,LGD_2026_Bhuvan_2024,5855,MATCHED_AUTHORITATIVE_BOUNDARY
5856,Haveri,Haveri,Karnataka,14.840856,75.50562,MoPR_LGD_and_ISRO_Bhuvan,LGD_2026_Bhuvan_2024,5856,MATCHED_AUTHORITATIVE_BOUNDARY
5857,Hirekerur,Haveri,Karnataka,14.51004,75.382475,MoPR_LGD_and_ISRO_Bhuvan,LGD_2026_Bhuvan_2024,5857,MATCHED_AUTHORITATIVE_BOUNDARY
5858,Ranebennur,Haveri,Karnataka,14.608258,75.655231,MoPR_LGD_and_ISRO_Bhuvan,LGD_2026_Bhuvan_2024,5858,MATCHED_AUTHORITATIVE_BOUNDARY
7420,Rattihalli,Haveri,Karnataka,14.399231,75.528044,MoPR_LGD_and_ISRO_Bhuvan,LGD_2026_Bhuvan_2024,7420,MATCHED_AUTHORITATIVE_BOUNDARY
5859,Savanur,Haveri,Karnataka,14.970615,75.396717,MoPR_LGD_and_ISRO_Bhuvan,LGD_2026_Bhuvan_2024,5859,MATCHED_AUTHORITATIVE_BOUNDARY
5860,Shiggaon,Haveri,Karnataka,15.010681,75.191131,MoPR_LGD_and_ISRO_Bhuvan,LGD_2026_Bhuvan_2024,5860,MATCHED_AUTHORITATIVE_BOUNDARY
5836,Afzalpur,Kalaburagi,Karnataka,17.248584,76.40326,MoPR_LGD_and_ISRO_Bhuvan,LGD_2026_Bhuvan_2024,5836,MATCHED_AUTHORITATIVE_BOUNDARY
5837,Aland,Kalaburagi,Karnataka,17.532923,76.571038,MoPR_LGD_and_ISRO_Bhuvan,LGD_2026_Bhuvan_2024,5837,MATCHED_AUTHORITATIVE_BOUNDARY
5838,Chincholi,Kalaburagi,Karnataka,17.460493,77.386583,MoPR_LGD_and_ISRO_Bhuvan,LGD_2026_Bhuvan_2024,5838,MATCHED_AUTHORITATIVE_BOUNDARY
5839,Chitapur,Kalaburagi,Karnataka,17.064505,77.052574,MoPR_LGD_and_ISRO_Bhuvan,LGD_2026_Bhuvan_2024,5839,MATCHED_AUTHORITATIVE_BOUNDARY
5841,Jevargi,Kalaburagi,Karnataka,17.00525,76.688603,MoPR_LGD_and_ISRO_Bhuvan,LGD_2026_Bhuvan_2024,5841,MATCHED_AUTHORITATIVE_BOUNDARY
5840,Kalaburagi,Kalaburagi,Karnataka,17.291787,76.813062,MoPR_LGD_and_ISRO_Bhuvan,LGD_2026_Bhuvan_2024,5840,MATCHED_AUTHORITATIVE_BOUNDARY
7406,Kalagi,Kalaburagi,Karnataka,17.386014,77.156181,MoPR_LGD_and_ISRO_Bhuvan,LGD_2026_Bhuvan_2024,7406,MATCHED_AUTHORITATIVE_BOUNDARY
7407,Kamalapur,Kalaburagi,Karnataka,17.571697,76.978146,MoPR_LGD_and_ISRO_Bhuvan,LGD_2026_Bhuvan_2024,7407,MATCHED_AUTHORITATIVE_BOUNDARY
5842,Sedam,Kalaburagi,Karnataka,17.079398,77.31792,MoPR_LGD_and_ISRO_Bhuvan,LGD_2026_Bhuvan_2024,5842,MATCHED_AUTHORITATIVE_BOUNDARY
7408,Shabad,Kalaburagi,Karnataka,17.148495,76.912952,MoPR_LGD_and_ISRO_Bhuvan,LGD_2026_Bhuvan_2024,7408,MATCHED_AUTHORITATIVE_BOUNDARY
7409,Yadrami,Kalaburagi,Karnataka,16.850627,76.561639,MoPR_LGD_and_ISRO_Bhuvan,LGD_2026_Bhuvan_2024,7409,MATCHED_AUTHORITATIVE_BOUNDARY
7488,Kushalanagar,Kodagu,Karnataka,12.388925,75.87885,MoPR_LGD_and_ISRO_Bhuvan,LGD_2026_Bhuvan_2024,7488,MATCHED_AUTHORITATIVE_BOUNDARY
5861,Madikeri,Kodagu,Karnataka,12.369246,75.616448,MoPR_LGD_and_ISRO_Bhuvan,LGD_2026_Bhuvan_2024,5861,MATCHED_AUTHORITATIVE_BOUNDARY
7489,Ponnampet,Kodagu,Karnataka,12.09068,75.990377,MoPR_LGD_and_ISRO_Bhuvan,LGD_2026_Bhuvan_2024,7489,MATCHED_AUTHORITATIVE_BOUNDARY
5862,Somvarpet,Kodagu,Karnataka,12.595591,75.843787,MoPR_LGD_and_ISRO_Bhuvan,LGD_2026_Bhuvan_2024,5862,MATCHED_AUTHORITATIVE_BOUNDARY
5863,Virajpet,Kodagu,Karnataka,12.222434,75.826711,MoPR_LGD_and_ISRO_Bhuvan,LGD_2026_Bhuvan_2024,5863,MATCHED_AUTHORITATIVE_BOUNDARY
5865,Bangarapet,Kolar,Karnataka,12.920106,78.180005,MoPR_LGD_and_ISRO_Bhuvan,LGD_2026_Bhuvan_2024,5865,MATCHED_AUTHORITATIVE_BOUNDARY
7363,K G F,Kolar,Karnataka,12.969752,78.336614,MoPR_LGD_and_ISRO_Bhuvan,LGD_2026_Bhuvan_2024,7363,MATCHED_AUTHORITATIVE_BOUNDARY
5870,Kolar,Kolar,Karnataka,13.169884,78.106199,MoPR_LGD_and_ISRO_Bhuvan,LGD_2026_Bhuvan_2024,5870,MATCHED_AUTHORITATIVE_BOUNDARY
5871,Malur,Kolar,Karnataka,12.956215,77.990979,MoPR_LGD_and_ISRO_Bhuvan,LGD_2026_Bhuvan_2024,5871,MATCHED_AUTHORITATIVE_BOUNDARY
5872,Mulbagal,Kolar,Karnataka,13.177474,78.418576,MoPR_LGD_and_ISRO_Bhuvan,LGD_2026_Bhuvan_2024,5872,MATCHED_AUTHORITATIVE_BOUNDARY
5874,Srinivaspur,Kolar,Karnataka,13.409612,78.26896,MoPR_LGD_and_ISRO_Bhuvan,LGD_2026_Bhuvan_2024,5874,MATCHED_AUTHORITATIVE_BOUNDARY
5875,Gangavathi,Koppal,Karnataka,15.450281,76.488416,MoPR_LGD_and_ISRO_Bhuvan,LGD_2026_Bhuvan_2024,5875,MATCHED_AUTHORITATIVE_BOUNDARY
7410,Kanakagiri,Koppal,Karnataka,15.59991,76.43921,MoPR_LGD_and_ISRO_Bhuvan,LGD_2026_Bhuvan_2024,7410,MATCHED_AUTHORITATIVE_BOUNDARY
7411,Karatagi,Koppal,Karnataka,15.560875,76.662721,MoPR_LGD_and_ISRO_Bhuvan,LGD_2026_Bhuvan_2024,7411,MATCHED_AUTHORITATIVE_BOUNDARY
5876,Koppal,Koppal,Karnataka,15.333651,76.16363,MoPR_LGD_and_ISRO_Bhuvan,LGD_2026_Bhuvan_2024,5876,MATCHED_AUTHORITATIVE_BOUNDARY
7412,Kukunoor,Koppal,Karnataka,15.459446,76.009315,MoPR_LGD_and_ISRO_Bhuvan,LGD_2026_Bhuvan_2024,7412,MATCHED_AUTHORITATIVE_BOUNDARY
5877,Kushtagi,Koppal,Karnataka,15.824551,76.171347,MoPR_LGD_and_ISRO_Bhuvan,LGD_2026_Bhuvan_2024,5877,MATCHED_AUTHORITATIVE_BOUNDARY
5878,Yelburga,Koppal,Karnataka,15.631194,76.08759,MoPR_LGD_and_ISRO_Bhuvan,LGD_2026_Bhuvan_2024,5878,MATCHED_AUTHORITATIVE_BOUNDARY
5879,Krishnarajpet,Mandya,Karnataka,12.677624,76.480066,MoPR_LGD_and_ISRO_Bhuvan,LGD_2026_Bhuvan_2024,5879,MATCHED_AUTHORITATIVE_BOUNDARY
5880,Maddur,Mandya,Karnataka,12.612165,77.025539,MoPR_LGD_and_ISRO_Bhuvan,LGD_2026_Bhuvan_2024,5880,MATCHED_AUTHORITATIVE_BOUNDARY
5881,Malvalli,Mandya,Karnataka,12.362052,77.120587,MoPR_LGD_and_ISRO_Bhuvan,LGD_2026_Bhuvan_2024,5881,MATCHED_AUTHORITATIVE_BOUNDARY
5882,Mandya,Mandya,Karnataka,12.598177,76.860741,MoPR_LGD_and_ISRO_Bhuvan,LGD_2026_Bhuvan_2024,5882,MATCHED_AUTHORITATIVE_BOUNDARY
5883,Nagamangala,Mandya,Karnataka,12.859397,76.738454,MoPR_LGD_and_ISRO_Bhuvan,LGD_2026_Bhuvan_2024,5883,MATCHED_AUTHORITATIVE_BOUNDARY
5884,Pandavapura,Mandya,Karnataka,12.549254,76.646089,MoPR_LGD_and_ISRO_Bhuvan,LGD_2026_Bhuvan_2024,5884,MATCHED_AUTHORITATIVE_BOUNDARY
5885,Shrirangapattana,Mandya,Karnataka,12.413979,76.740699,MoPR_LGD_and_ISRO_Bhuvan,LGD_2026_Bhuvan_2024,5885,MATCHED_AUTHORITATIVE_BOUNDARY
5886,Heggadadevankote,Mysuru,Karnataka,12.037186,76.295778,MoPR_LGD_and_ISRO_Bhuvan,LGD_2026_Bhuvan_2024,5886,MATCHED_AUTHORITATIVE_BOUNDARY
5887,Hunsur,Mysuru,Karnataka,12.287376,76.304833,MoPR_LGD_and_ISRO_Bhuvan,LGD_2026_Bhuvan_2024,5887,MATCHED_AUTHORITATIVE_BOUNDARY
5888,Krishnarajanagara,Mysuru,Karnataka,12.472167,76.380077,MoPR_LGD_and_ISRO_Bhuvan,LGD_2026_Bhuvan_2024,5888,MATCHED_AUTHORITATIVE_BOUNDARY
5889,Mysuru,Mysuru,Karnataka,12.279248,76.624015,MoPR_LGD_and_ISRO_Bhuvan,LGD_2026_Bhuvan_2024,5889,MATCHED_AUTHORITATIVE_BOUNDARY
5890,Nanjangud,Mysuru,Karnataka,12.066576,76.673177,MoPR_LGD_and_ISRO_Bhuvan,LGD_2026_Bhuvan_2024,5890,MATCHED_AUTHORITATIVE_BOUNDARY
5891,Piriyapatna,Mysuru,Karnataka,12.405369,76.078193,MoPR_LGD_and_ISRO_Bhuvan,LGD_2026_Bhuvan_2024,5891,MATCHED_AUTHORITATIVE_BOUNDARY
7500,Saligrama,Mysuru,Karnataka,12.550681,76.261528,MoPR_LGD_and_ISRO_Bhuvan,LGD_2026_Bhuvan_2024,7500,MATCHED_AUTHORITATIVE_BOUNDARY
7413,Saraguru,Mysuru,Karnataka,11.901615,76.404119,MoPR_LGD_and_ISRO_Bhuvan,LGD_2026_Bhuvan_2024,7413,MATCHED_AUTHORITATIVE_BOUNDARY
5892,Tirumakudal-Narsipur,Mysuru,Karnataka,12.254141,76.929951,MoPR_LGD_and_ISRO_Bhuvan,LGD_2026_Bhuvan_2024,5892,MATCHED_AUTHORITATIVE_BOUNDARY
5893,Devadurga,Raichur,Karnataka,16.346098,76.969964,MoPR_LGD_and_ISRO_Bhuvan,LGD_2026_Bhuvan_2024,5893,MATCHED_AUTHORITATIVE_BOUNDARY
5894,Lingsugur,Raichur,Karnataka,16.143088,76.500675,MoPR_LGD_and_ISRO_Bhuvan,LGD_2026_Bhuvan_2024,5894,MATCHED_AUTHORITATIVE_BOUNDARY
5895,Manvi,Raichur,Karnataka,15.988879,77.051641,MoPR_LGD_and_ISRO_Bhuvan,LGD_2026_Bhuvan_2024,5895,MATCHED_AUTHORITATIVE_BOUNDARY
7414,Maski,Raichur,Karnataka,15.966542,76.636083,MoPR_LGD_and_ISRO_Bhuvan,LGD_2026_Bhuvan_2024,7414,MATCHED_AUTHORITATIVE_BOUNDARY
5896,Raichur,Raichur,Karnataka,16.188116,77.366311,MoPR_LGD_and_ISRO_Bhuvan,LGD_2026_Bhuvan_2024,5896,MATCHED_AUTHORITATIVE_BOUNDARY
5897,Sindhanur,Raichur,Karnataka,15.756949,76.755975,MoPR_LGD_and_ISRO_Bhuvan,LGD_2026_Bhuvan_2024,5897,MATCHED_AUTHORITATIVE_BOUNDARY
7415,Sirawara,Raichur,Karnataka,16.131534,76.982537,MoPR_LGD_and_ISRO_Bhuvan,LGD_2026_Bhuvan_2024,7415,MATCHED_AUTHORITATIVE_BOUNDARY
5898,Bhadravati,Shivamogga,Karnataka,13.901421,75.742406,MoPR_LGD_and_ISRO_Bhuvan,LGD_2026_Bhuvan_2024,5898,MATCHED_AUTHORITATIVE_BOUNDARY
5899,Hosanagara,Shivamogga,Karnataka,13.888759,75.104415,MoPR_LGD_and_ISRO_Bhuvan,LGD_2026_Bhuvan_2024,5899,MATCHED_AUTHORITATIVE_BOUNDARY
5900,Sagar,Shivamogga,Karnataka,14.114828,74.943844,MoPR_LGD_and_ISRO_Bhuvan,LGD_2026_Bhuvan_2024,5900,MATCHED_AUTHORITATIVE_BOUNDARY
5901,Shikarpur,Shivamogga,Karnataka,14.302638,75.344638,MoPR_LGD_and_ISRO_Bhuvan,LGD_2026_Bhuvan_2024,5901,MATCHED_AUTHORITATIVE_BOUNDARY
5902,Shivamogga,Shivamogga,Karnataka,13.96013,75.511457,MoPR_LGD_and_ISRO_Bhuvan,LGD_2026_Bhuvan_2024,5902,MATCHED_AUTHORITATIVE_BOUNDARY
5903,Sorab,Shivamogga,Karnataka,14.441821,75.09478,MoPR_LGD_and_ISRO_Bhuvan,LGD_2026_Bhuvan_2024,5903,MATCHED_AUTHORITATIVE_BOUNDARY
5904,Tirthahalli,Shivamogga,Karnataka,13.704434,75.259452,MoPR_LGD_and_ISRO_Bhuvan,LGD_2026_Bhuvan_2024,5904,MATCHED_AUTHORITATIVE_BOUNDARY
5905,Chiknayakanhalli,Tumakuru,Karnataka,13.514291,76.578976,MoPR_LGD_and_ISRO_Bhuvan,LGD_2026_Bhuvan_2024,5905,MATCHED_AUTHORITATIVE_BOUNDARY
5906,Gubbi,Tumakuru,Karnataka,13.358641,76.862275,MoPR_LGD_and_ISRO_Bhuvan,LGD_2026_Bhuvan_2024,5906,MATCHED_AUTHORITATIVE_BOUNDARY
5907,Koratagere,Tumakuru,Karnataka,13.502907,77.250178,MoPR_LGD_and_ISRO_Bhuvan,LGD_2026_Bhuvan_2024,5907,MATCHED_AUTHORITATIVE_BOUNDARY
5908,Kunigal,Tumakuru,Karnataka,12.940428,77.00414,MoPR_LGD_and_ISRO_Bhuvan,LGD_2026_Bhuvan_2024,5908,MATCHED_AUTHORITATIVE_BOUNDARY
5909,Madhugiri,Tumakuru,Karnataka,13.724411,77.239122,MoPR_LGD_and_ISRO_Bhuvan,LGD_2026_Bhuvan_2024,5909,MATCHED_AUTHORITATIVE_BOUNDARY
5910,Pavagada,Tumakuru,Karnataka,14.159329,77.248568,MoPR_LGD_and_ISRO_Bhuvan,LGD_2026_Bhuvan_2024,5910,MATCHED_AUTHORITATIVE_BOUNDARY
5911,Sira,Tumakuru,Karnataka,13.765647,76.879154,MoPR_LGD_and_ISRO_Bhuvan,LGD_2026_Bhuvan_2024,5911,MATCHED_AUTHORITATIVE_BOUNDARY
5912,Tiptur,Tumakuru,Karnataka,13.265433,76.49845,MoPR_LGD_and_ISRO_Bhuvan,LGD_2026_Bhuvan_2024,5912,MATCHED_AUTHORITATIVE_BOUNDARY
5913,Tumakuru,Tumakuru,Karnataka,13.33205,77.09924,MoPR_LGD_and_ISRO_Bhuvan,LGD_2026_Bhuvan_2024,5913,MATCHED_AUTHORITATIVE_BOUNDARY
5914,Turuvekere,Tumakuru,Karnataka,13.145109,76.71899,MoPR_LGD_and_ISRO_Bhuvan,LGD_2026_Bhuvan_2024,5914,MATCHED_AUTHORITATIVE_BOUNDARY
7417,Bainduru,Udupi,Karnataka,13.837808,74.744735,MoPR_LGD_and_ISRO_Bhuvan,LGD_2026_Bhuvan_2024,7417,MATCHED_AUTHORITATIVE_BOUNDARY
7416,Brahmavara,Udupi,Karnataka,13.472853,74.808339,MoPR_LGD_and_ISRO_Bhuvan,LGD_2026_Bhuvan_2024,7416,MATCHED_AUTHORITATIVE_BOUNDARY
7433,Hebri,Udupi,Karnataka,13.448059,75.0295,MoPR_LGD_and_ISRO_Bhuvan,LGD_2026_Bhuvan_2024,7433,MATCHED_AUTHORITATIVE_BOUNDARY
7434,Kapu,Udupi,Karnataka,13.209824,74.794335,MoPR_LGD_and_ISRO_Bhuvan,LGD_2026_Bhuvan_2024,7434,MATCHED_AUTHORITATIVE_BOUNDARY
5915,Karkal,Udupi,Karnataka,13.227766,75.000346,MoPR_LGD_and_ISRO_Bhuvan,LGD_2026_Bhuvan_2024,5915,MATCHED_AUTHORITATIVE_BOUNDARY
5916,Kundapura,Udupi,Karnataka,13.653977,74.836425,MoPR_LGD_and_ISRO_Bhuvan,LGD_2026_Bhuvan_2024,5916,MATCHED_AUTHORITATIVE_BOUNDARY
5917,Udupi,Udupi,Karnataka,13.352558,74.823864,MoPR_LGD_and_ISRO_Bhuvan,LGD_2026_Bhuvan_2024,5917,MATCHED_AUTHORITATIVE_BOUNDARY
5918,Ankola,Uttara Kannada,Karnataka,14.702958,74.44425,MoPR_LGD_and_ISRO_Bhuvan,LGD_2026_Bhuvan_2024,5918,MATCHED_AUTHORITATIVE_BOUNDARY
5919,Bhatkal,Uttara Kannada,Karnataka,14.043678,74.583031,MoPR_LGD_and_ISRO_Bhuvan,LGD_2026_Bhuvan_2024,5919,MATCHED_AUTHORITATIVE_BOUNDARY
7400,Dandeli,Uttara Kannada,Karnataka,15.219665,74.653944,MoPR_LGD_and_ISRO_Bhuvan,LGD_2026_Bhuvan_2024,7400,MATCHED_AUTHORITATIVE_BOUNDARY
5920,Haliyal,Uttara Kannada,Karnataka,15.265212,74.766304,MoPR_LGD_and_ISRO_Bhuvan,LGD_2026_Bhuvan_2024,5920,MATCHED_AUTHORITATIVE_BOUNDARY
5921,Honavar,Uttara Kannada,Karnataka,14.266067,74.562063,MoPR_LGD_and_ISRO_Bhuvan,LGD_2026_Bhuvan_2024,5921,MATCHED_AUTHORITATIVE_BOUNDARY
5922,Karwar,Uttara Kannada,Karnataka,14.873055,74.282221,MoPR_LGD_and_ISRO_Bhuvan,LGD_2026_Bhuvan_2024,5922,MATCHED_AUTHORITATIVE_BOUNDARY
5923,Kumta,Uttara Kannada,Karnataka,14.480145,74.492352,MoPR_LGD_and_ISRO_Bhuvan,LGD_2026_Bhuvan_2024,5923,MATCHED_AUTHORITATIVE_BOUNDARY
5924,Mundgod,Uttara Kannada,Karnataka,14.904923,74.989578,MoPR_LGD_and_ISRO_Bhuvan,LGD_2026_Bhuvan_2024,5924,MATCHED_AUTHORITATIVE_BOUNDARY
5925,Siddapur,Uttara Kannada,Karnataka,14.37985,74.801755,MoPR_LGD_and_ISRO_Bhuvan,LGD_2026_Bhuvan_2024,5925,MATCHED_AUTHORITATIVE_BOUNDARY
5926,Sirsi,Uttara Kannada,Karnataka,14.637356,74.789434,MoPR_LGD_and_ISRO_Bhuvan,LGD_2026_Bhuvan_2024,5926,MATCHED_AUTHORITATIVE_BOUNDARY
5927,Supa,Uttara Kannada,Karnataka,15.199985,74.443004,MoPR_LGD_and_ISRO_Bhuvan,LGD_2026_Bhuvan_2024,5927,MATCHED_AUTHORITATIVE_BOUNDARY
5928,Yellapur,Uttara Kannada,Karnataka,14.929489,74.732177,MoPR_LGD_and_ISRO_Bhuvan,LGD_2026_Bhuvan_2024,5928,MATCHED_AUTHORITATIVE_BOUNDARY
5782,Hadagalli,Vijayanagara,Karnataka,14.950725,75.89012,MoPR_LGD_and_ISRO_Bhuvan,LGD_2026_Bhuvan_2024,5782,MATCHED_AUTHORITATIVE_BOUNDARY
5783,Hagaribommanahalli,Vijayanagara,Karnataka,15.07434,76.196823,MoPR_LGD_and_ISRO_Bhuvan,LGD_2026_Bhuvan_2024,5783,MATCHED_AUTHORITATIVE_BOUNDARY
5822,Harappanahalli,Vijayanagara,Karnataka,14.722665,75.981366,MoPR_LGD_and_ISRO_Bhuvan,LGD_2026_Bhuvan_2024,5822,MATCHED_AUTHORITATIVE_BOUNDARY
5784,Hosapete,Vijayanagara,Karnataka,15.188803,76.367671,MoPR_LGD_and_ISRO_Bhuvan,LGD_2026_Bhuvan_2024,5784,MATCHED_AUTHORITATIVE_BOUNDARY
7376,Kottur,Vijayanagara,Karnataka,14.809292,76.24794,MoPR_LGD_and_ISRO_Bhuvan,LGD_2026_Bhuvan_2024,7376,MATCHED_AUTHORITATIVE_BOUNDARY
5785,Kudligi,Vijayanagara,Karnataka,14.771561,76.494995,MoPR_LGD_and_ISRO_Bhuvan,LGD_2026_Bhuvan_2024,5785,MATCHED_AUTHORITATIVE_BOUNDARY
7485,Almel,Vijayapura,Karnataka,17.066375,76.298136,MoPR_LGD_and_ISRO_Bhuvan,LGD_2026_Bhuvan_2024,7485,MATCHED_AUTHORITATIVE_BOUNDARY
7392,Babaleshwar,Vijayapura,Karnataka,16.607061,75.581288,MoPR_LGD_and_ISRO_Bhuvan,LGD_2026_Bhuvan_2024,7392,MATCHED_AUTHORITATIVE_BOUNDARY
5793,Basavana Bagewadi,Vijayapura,Karnataka,16.614673,75.973132,MoPR_LGD_and_ISRO_Bhuvan,LGD_2026_Bhuvan_2024,5793,MATCHED_AUTHORITATIVE_BOUNDARY
7393,Chadachan,Vijayapura,Karnataka,17.299781,75.722427,MoPR_LGD_and_ISRO_Bhuvan,LGD_2026_Bhuvan_2024,7393,MATCHED_AUTHORITATIVE_BOUNDARY
7394,Devara Hipparagi,Vijayapura,Karnataka,16.768235,76.160769,MoPR_LGD_and_ISRO_Bhuvan,LGD_2026_Bhuvan_2024,7394,MATCHED_AUTHORITATIVE_BOUNDARY
5795,Indi,Vijayapura,Karnataka,17.147323,75.952883,MoPR_LGD_and_ISRO_Bhuvan,LGD_2026_Bhuvan_2024,5795,MATCHED_AUTHORITATIVE_BOUNDARY
7395,Kolhar,Vijayapura,Karnataka,16.507711,75.750925,MoPR_LGD_and_ISRO_Bhuvan,LGD_2026_Bhuvan_2024,7395,MATCHED_AUTHORITATIVE_BOUNDARY
5796,Muddebihal,Vijayapura,Karnataka,16.321248,76.167775,MoPR_LGD_and_ISRO_Bhuvan,LGD_2026_Bhuvan_2024,5796,MATCHED_AUTHORITATIVE_BOUNDARY
7396,Nidagundi,Vijayapura,Karnataka,16.40465,75.917333,MoPR_LGD_and_ISRO_Bhuvan,LGD_2026_Bhuvan_2024,7396,MATCHED_AUTHORITATIVE_BOUNDARY
5797,Sindagi,Vijayapura,Karnataka,16.891946,76.244928,MoPR_LGD_and_ISRO_Bhuvan,LGD_2026_Bhuvan_2024,5797,MATCHED_AUTHORITATIVE_BOUNDARY
7398,Thalikoti,Vijayapura,Karnataka,16.536966,76.303424,MoPR_LGD_and_ISRO_Bhuvan,LGD_2026_Bhuvan_2024,7398,MATCHED_AUTHORITATIVE_BOUNDARY
7399,Thikota,Vijayapura,Karnataka,16.875691,75.533742,MoPR_LGD_and_ISRO_Bhuvan,LGD_2026_Bhuvan_2024,7399,MATCHED_AUTHORITATIVE_BOUNDARY
5794,Vijayapura,Vijayapura,Karnataka,16.869145,75.815345,MoPR_LGD_and_ISRO_Bhuvan,LGD_2026_Bhuvan_2024,5794,MATCHED_AUTHORITATIVE_BOUNDARY
7388,Gurumitkal,Yadgir,Karnataka,16.751995,77.364434,MoPR_LGD_and_ISRO_Bhuvan,LGD_2026_Bhuvan_2024,7388,MATCHED_AUTHORITATIVE_BOUNDARY
7390,Hunasagi,Yadgir,Karnataka,16.421089,76.468115,MoPR_LGD_and_ISRO_Bhuvan,LGD_2026_Bhuvan_2024,7390,MATCHED_AUTHORITATIVE_BOUNDARY
5843,Shahapur,Yadgir,Karnataka,16.709844,76.836402,MoPR_LGD_and_ISRO_Bhuvan,LGD_2026_Bhuvan_2024,5843,MATCHED_AUTHORITATIVE_BOUNDARY
5844,Shorapur,Yadgir,Karnataka,16.552992,76.645727,MoPR_LGD_and_ISRO_Bhuvan,LGD_2026_Bhuvan_2024,5844,MATCHED_AUTHORITATIVE_BOUNDARY
7389,Wadagera,Yadgir,Karnataka,16.591195,77.070037,MoPR_LGD_and_ISRO_Bhuvan,LGD_2026_Bhuvan_2024,7389,MATCHED_AUTHORITATIVE_BOUNDARY
5845,Yadgir,Yadgir,Karnataka,16.726637,77.196157,MoPR_LGD_and_ISRO_Bhuvan,LGD_2026_Bhuvan_2024,5845,MATCHED_AUTHORITATIVE_BOUNDARY
5949,Ambalappuzha,Alappuzha,Kerala,9.406309,76.364064,MoPR_LGD_and_ISRO_Bhuvan,LGD_2026_Bhuvan_2024,5949,MATCHED_AUTHORITATIVE_BOUNDARY
5950,Aryad,Alappuzha,Kerala,9.55329,76.343865,MoPR_LGD_and_ISRO_Bhuvan,LGD_2026_Bhuvan_2024,5950,MATCHED_AUTHORITATIVE_BOUNDARY
5951,Bharanicavu,Alappuzha,Kerala,9.171525,76.602755,MoPR_LGD_and_ISRO_Bhuvan,LGD_2026_Bhuvan_2024,5951,MATCHED_AUTHORITATIVE_BOUNDARY
5952,Champakulam,Alappuzha,Kerala,9.43207,76.420034,MoPR_LGD_and_ISRO_Bhuvan,LGD_2026_Bhuvan_2024,5952,MATCHED_AUTHORITATIVE_BOUNDARY
5953,Chengannur,Alappuzha,Kerala,9.295209,76.595712,MoPR_LGD_and_ISRO_Bhuvan,LGD_2026_Bhuvan_2024,5953,MATCHED_AUTHORITATIVE_BOUNDARY
5954,Harippad,Alappuzha,Kerala,9.295021,76.445249,MoPR_LGD_and_ISRO_Bhuvan,LGD_2026_Bhuvan_2024,5954,MATCHED_AUTHORITATIVE_BOUNDARY
5955,Kanjikkuzhy,Alappuzha,Kerala,9.646689,76.347896,MoPR_LGD_and_ISRO_Bhuvan,LGD_2026_Bhuvan_2024,5955,MATCHED_AUTHORITATIVE_BOUNDARY
5956,Mavelikkara,Alappuzha,Kerala,9.242675,76.543944,MoPR_LGD_and_ISRO_Bhuvan,LGD_2026_Bhuvan_2024,5956,MATCHED_AUTHORITATIVE_BOUNDARY
5957,Muthukulam,Alappuzha,Kerala,9.190388,76.480582,MoPR_LGD_and_ISRO_Bhuvan,LGD_2026_Bhuvan_2024,5957,MATCHED_AUTHORITATIVE_BOUNDARY
5958,Pattanakkad,Alappuzha,Kerala,9.776631,76.309839,MoPR_LGD_and_ISRO_Bhuvan,LGD_2026_Bhuvan_2024,5958,MATCHED_AUTHORITATIVE_BOUNDARY
5959,Thycattussery,Alappuzha,Kerala,9.7986,76.35352,MoPR_LGD_and_ISRO_Bhuvan,LGD_2026_Bhuvan_2024,5959,MATCHED_AUTHORITATIVE_BOUNDARY
5960,Veliyanad,Alappuzha,Kerala,9.473552,76.460456,MoPR_LGD_and_ISRO_Bhuvan,LGD_2026_Bhuvan_2024,5960,MATCHED_AUTHORITATIVE_BOUNDARY
5961,Alangad,Ernakulam,Kerala,10.103394,76.335158,MoPR_LGD_and_ISRO_Bhuvan,LGD_2026_Bhuvan_2024,5961,MATCHED_AUTHORITATIVE_BOUNDARY
5962,Angamali,Ernakulam,Kerala,10.226904,76.512681,MoPR_LGD_and_ISRO_Bhuvan,LGD_2026_Bhuvan_2024,5962,MATCHED_AUTHORITATIVE_BOUNDARY
5963,Edappally,Ernakulam,Kerala,10.025255,76.312326,MoPR_LGD_and_ISRO_Bhuvan,LGD_2026_Bhuvan_2024,5963,MATCHED_AUTHORITATIVE_BOUNDARY
5964,Koovappady,Ernakulam,Kerala,10.134352,76.528709,MoPR_LGD_and_ISRO_Bhuvan,LGD_2026_Bhuvan_2024,5964,MATCHED_AUTHORITATIVE_BOUNDARY
5965,Kothamangalam,Ernakulam,Kerala,10.14484,76.774713,MoPR_LGD_and_ISRO_Bhuvan,LGD_2026_Bhuvan_2024,5965,MATCHED_AUTHORITATIVE_BOUNDARY
5966,Mulanthuruthy,Ernakulam,Kerala,9.906763,76.370016,MoPR_LGD_and_ISRO_Bhuvan,LGD_2026_Bhuvan_2024,5966,MATCHED_AUTHORITATIVE_BOUNDARY
5967,Muvattupuzha,Ernakulam,Kerala,9.969264,76.610671,MoPR_LGD_and_ISRO_Bhuvan,LGD_2026_Bhuvan_2024,5967,MATCHED_AUTHORITATIVE_BOUNDARY
5968,Palluruthy,Ernakulam,Kerala,9.894933,76.275473,MoPR_LGD_and_ISRO_Bhuvan,LGD_2026_Bhuvan_2024,5968,MATCHED_AUTHORITATIVE_BOUNDARY
5969,Pampakuda,Ernakulam,Kerala,9.889898,76.530423,MoPR_LGD_and_ISRO_Bhuvan,LGD_2026_Bhuvan_2024,5969,MATCHED_AUTHORITATIVE_BOUNDARY
5970,Parakkadav,Ernakulam,Kerala,10.177462,76.319849,MoPR_LGD_and_ISRO_Bhuvan,LGD_2026_Bhuvan_2024,5970,MATCHED_AUTHORITATIVE_BOUNDARY
5971,Paravur,Ernakulam,Kerala,10.138794,76.229148,MoPR_LGD_and_ISRO_Bhuvan,LGD_2026_Bhuvan_2024,5971,MATCHED_AUTHORITATIVE_BOUNDARY
5972,Vadavucode,Ernakulam,Kerala,9.992962,76.445732,MoPR_LGD_and_ISRO_Bhuvan,LGD_2026_Bhuvan_2024,5972,MATCHED_AUTHORITATIVE_BOUNDARY
5973,Vazhakkulam,Ernakulam,Kerala,10.076963,76.439569,MoPR_LGD_and_ISRO_Bhuvan,LGD_2026_Bhuvan_2024,5973,MATCHED_AUTHORITATIVE_BOUNDARY
5974,Vypeen,Ernakulam,Kerala,10.049451,76.225181,MoPR_LGD_and_ISRO_Bhuvan,LGD_2026_Bhuvan_2024,5974,MATCHED_AUTHORITATIVE_BOUNDARY
5976,Adimaly,Idukki,Kerala,10.009967,76.984786,MoPR_LGD_and_ISRO_Bhuvan,LGD_2026_Bhuvan_2024,5976,MATCHED_AUTHORITATIVE_BOUNDARY
5977,Azhutha,Idukki,Kerala,9.527432,77.136369,MoPR_LGD_and_ISRO_Bhuvan,LGD_2026_Bhuvan_2024,5977,MATCHED_AUTHORITATIVE_BOUNDARY
5978,Devikulam,Idukki,Kerala,10.15374,77.1325,MoPR_LGD_and_ISRO_Bhuvan,LGD_2026_Bhuvan_2024,5978,MATCHED_AUTHORITATIVE_BOUNDARY
5979,Elemdesam,Idukki,Kerala,9.914343,76.812473,MoPR_LGD_and_ISRO_Bhuvan,LGD_2026_Bhuvan_2024,5979,MATCHED_AUTHORITATIVE_BOUNDARY
5980,Idukki,Idukki,Kerala,9.845358,76.950915,MoPR_LGD_and_ISRO_Bhuvan,LGD_2026_Bhuvan_2024,5980,MATCHED_AUTHORITATIVE_BOUNDARY
5981,Kattappana,Idukki,Kerala,9.720852,77.089299,MoPR_LGD_and_ISRO_Bhuvan,LGD_2026_Bhuvan_2024,5981,MATCHED_AUTHORITATIVE_BOUNDARY
5982,Nedumkandom,Idukki,Kerala,9.864957,77.16303,MoPR_LGD_and_ISRO_Bhuvan,LGD_2026_Bhuvan_2024,5982,MATCHED_AUTHORITATIVE_BOUNDARY
5983,Thodupuzha,Idukki,Kerala,9.883179,76.703124,MoPR_LGD_and_ISRO_Bhuvan,LGD_2026_Bhuvan_2024,5983,MATCHED_AUTHORITATIVE_BOUNDARY
5984,Edakkad,Kannur,Kerala,11.881227,75.477356,MoPR_LGD_and_ISRO_Bhuvan,LGD_2026_Bhuvan_2024,5984,MATCHED_AUTHORITATIVE_BOUNDARY
5985,Irikkur,Kannur,Kerala,12.044069,75.559637,MoPR_LGD_and_ISRO_Bhuvan,LGD_2026_Bhuvan_2024,5985,MATCHED_AUTHORITATIVE_BOUNDARY
5986,Iritty,Kannur,Kerala,11.981119,75.700249,MoPR_LGD_and_ISRO_Bhuvan,LGD_2026_Bhuvan_2024,5986,MATCHED_AUTHORITATIVE_BOUNDARY
6695,Kalliasseri,Kannur,Kerala,12.004577,75.306006,MoPR_LGD_and_ISRO_Bhuvan,LGD_2026_Bhuvan_2024,6695,MATCHED_AUTHORITATIVE_BOUNDARY
5987,Kannur,Kannur,Kerala,11.903598,75.36549,MoPR_LGD_and_ISRO_Bhuvan,LGD_2026_Bhuvan_2024,5987,MATCHED_AUTHORITATIVE_BOUNDARY
5988,Kuthuparamba,Kannur,Kerala,11.817015,75.637974,MoPR_LGD_and_ISRO_Bhuvan,LGD_2026_Bhuvan_2024,5988,MATCHED_AUTHORITATIVE_BOUNDARY
6694,Panoor,Kannur,Kerala,11.742515,75.563543,MoPR_LGD_and_ISRO_Bhuvan,LGD_2026_Bhuvan_2024,6694,MATCHED_AUTHORITATIVE_BOUNDARY
5989,Payyannur,Kannur,Kerala,12.171699,75.300185,MoPR_LGD_and_ISRO_Bhuvan,LGD_2026_Bhuvan_2024,5989,MATCHED_AUTHORITATIVE_BOUNDARY
5990,Peravoor,Kannur,Kerala,11.894324,75.778083,MoPR_LGD_and_ISRO_Bhuvan,LGD_2026_Bhuvan_2024,5990,MATCHED_AUTHORITATIVE_BOUNDARY
5991,Taliparamba,Kannur,Kerala,12.123843,75.434195,MoPR_LGD_and_ISRO_Bhuvan,LGD_2026_Bhuvan_2024,5991,MATCHED_AUTHORITATIVE_BOUNDARY
5992,Thalassery,Kannur,Kerala,11.802999,75.506229,MoPR_LGD_and_ISRO_Bhuvan,LGD_2026_Bhuvan_2024,5992,MATCHED_AUTHORITATIVE_BOUNDARY
5993,Kanhangad,Kasaragod,Kerala,12.367931,75.101783,MoPR_LGD_and_ISRO_Bhuvan,LGD_2026_Bhuvan_2024,5993,MATCHED_AUTHORITATIVE_BOUNDARY
6697,Karadka,Kasaragod,Kerala,12.522221,75.186606,MoPR_LGD_and_ISRO_Bhuvan,LGD_2026_Bhuvan_2024,6697,MATCHED_AUTHORITATIVE_BOUNDARY
5994,Kasargod,Kasaragod,Kerala,12.518204,75.029417,MoPR_LGD_and_ISRO_Bhuvan,LGD_2026_Bhuvan_2024,5994,MATCHED_AUTHORITATIVE_BOUNDARY
5995,Manjeshwar,Kasaragod,Kerala,12.663115,75.003267,MoPR_LGD_and_ISRO_Bhuvan,LGD_2026_Bhuvan_2024,5995,MATCHED_AUTHORITATIVE_BOUNDARY
5996,Nileshwar,Kasaragod,Kerala,12.21477,75.182424,MoPR_LGD_and_ISRO_Bhuvan,LGD_2026_Bhuvan_2024,5996,MATCHED_AUTHORITATIVE_BOUNDARY
6696,Parappa,Kasaragod,Kerala,12.371861,75.291942,MoPR_LGD_and_ISRO_Bhuvan,LGD_2026_Bhuvan_2024,6696,MATCHED_AUTHORITATIVE_BOUNDARY
5997,Anchal,Kollam,Kerala,8.943479,77.074609,MoPR_LGD_and_ISRO_Bhuvan,LGD_2026_Bhuvan_2024,5997,MATCHED_AUTHORITATIVE_BOUNDARY
5999,Chadayamangalam,Kollam,Kerala,8.848328,76.900809,MoPR_LGD_and_ISRO_Bhuvan,LGD_2026_Bhuvan_2024,5999,MATCHED_AUTHORITATIVE_BOUNDARY
6000,Chavara,Kollam,Kerala,9.002236,76.544892,MoPR_LGD_and_ISRO_Bhuvan,LGD_2026_Bhuvan_2024,6000,MATCHED_AUTHORITATIVE_BOUNDARY
6001,Chittumala,Kollam,Kerala,8.943645,76.623386,MoPR_LGD_and_ISRO_Bhuvan,LGD_2026_Bhuvan_2024,6001,MATCHED_AUTHORITATIVE_BOUNDARY
6002,Ithikkara,Kollam,Kerala,8.847913,76.71573,MoPR_LGD_and_ISRO_Bhuvan,LGD_2026_Bhuvan_2024,6002,MATCHED_AUTHORITATIVE_BOUNDARY
6004,Kottarakkara,Kollam,Kerala,8.954031,76.748239,MoPR_LGD_and_ISRO_Bhuvan,LGD_2026_Bhuvan_2024,6004,MATCHED_AUTHORITATIVE_BOUNDARY
6005,Mukhathala,Kollam,Kerala,8.897078,76.663292,MoPR_LGD_and_ISRO_Bhuvan,LGD_2026_Bhuvan_2024,6005,MATCHED_AUTHORITATIVE_BOUNDARY
6006,Oachira,Kollam,Kerala,9.077669,76.549739,MoPR_LGD_and_ISRO_Bhuvan,LGD_2026_Bhuvan_2024,6006,MATCHED_AUTHORITATIVE_BOUNDARY
6007,Pathanapuram,Kollam,Kerala,9.067132,76.906385,MoPR_LGD_and_ISRO_Bhuvan,LGD_2026_Bhuvan_2024,6007,MATCHED_AUTHORITATIVE_BOUNDARY
6008,Sasthamcottah,Kollam,Kerala,9.070309,76.641522,MoPR_LGD_and_ISRO_Bhuvan,LGD_2026_Bhuvan_2024,6008,MATCHED_AUTHORITATIVE_BOUNDARY
6009,Vettikkavala,Kollam,Kerala,8.995156,76.839536,MoPR_LGD_and_ISRO_Bhuvan,LGD_2026_Bhuvan_2024,6009,MATCHED_AUTHORITATIVE_BOUNDARY
6010,Erattupetta,Kottayam,Kerala,9.701384,76.807891,MoPR_LGD_and_ISRO_Bhuvan,LGD_2026_Bhuvan_2024,6010,MATCHED_AUTHORITATIVE_BOUNDARY
6011,Ettumanoor,Kottayam,Kerala,9.649278,76.509754,MoPR_LGD_and_ISRO_Bhuvan,LGD_2026_Bhuvan_2024,6011,MATCHED_AUTHORITATIVE_BOUNDARY
6012,Kaduthuruthy,Kottayam,Kerala,9.769735,76.487396,MoPR_LGD_and_ISRO_Bhuvan,LGD_2026_Bhuvan_2024,6012,MATCHED_AUTHORITATIVE_BOUNDARY
6013,Kanjirappally,Kottayam,Kerala,9.526538,76.85459,MoPR_LGD_and_ISRO_Bhuvan,LGD_2026_Bhuvan_2024,6013,MATCHED_AUTHORITATIVE_BOUNDARY
6014,Lalam,Kottayam,Kerala,9.732718,76.688584,MoPR_LGD_and_ISRO_Bhuvan,LGD_2026_Bhuvan_2024,6014,MATCHED_AUTHORITATIVE_BOUNDARY
6015,Madappally,Kottayam,Kerala,9.476708,76.567867,MoPR_LGD_and_ISRO_Bhuvan,LGD_2026_Bhuvan_2024,6015,MATCHED_AUTHORITATIVE_BOUNDARY
6016,Pallom,Kottayam,Kerala,9.567802,76.492735,MoPR_LGD_and_ISRO_Bhuvan,LGD_2026_Bhuvan_2024,6016,MATCHED_AUTHORITATIVE_BOUNDARY
6017,Pampady,Kottayam,Kerala,9.604529,76.651714,MoPR_LGD_and_ISRO_Bhuvan,LGD_2026_Bhuvan_2024,6017,MATCHED_AUTHORITATIVE_BOUNDARY
6018,Uzhavoor,Kottayam,Kerala,9.761532,76.60134,MoPR_LGD_and_ISRO_Bhuvan,LGD_2026_Bhuvan_2024,6018,MATCHED_AUTHORITATIVE_BOUNDARY
6019,Vaikom,Kottayam,Kerala,9.740423,76.409967,MoPR_LGD_and_ISRO_Bhuvan,LGD_2026_Bhuvan_2024,6019,MATCHED_AUTHORITATIVE_BOUNDARY
6020,Vazhoor,Kottayam,Kerala,9.524574,76.716326,MoPR_LGD_and_ISRO_Bhuvan,LGD_2026_Bhuvan_2024,6020,MATCHED_AUTHORITATIVE_BOUNDARY
6021,Balusseri,Kozhikode,Kerala,11.470082,75.825722,MoPR_LGD_and_ISRO_Bhuvan,LGD_2026_Bhuvan_2024,6021,MATCHED_AUTHORITATIVE_BOUNDARY
6022,Chelannur,Kozhikode,Kerala,11.364806,75.806277,MoPR_LGD_and_ISRO_Bhuvan,LGD_2026_Bhuvan_2024,6022,MATCHED_AUTHORITATIVE_BOUNDARY
6023,Koduvally,Kozhikode,Kerala,11.43322,75.951897,MoPR_LGD_and_ISRO_Bhuvan,LGD_2026_Bhuvan_2024,6023,MATCHED_AUTHORITATIVE_BOUNDARY
6024,Kozhikode,Kozhikode,Kerala,11.229734,75.826672,MoPR_LGD_and_ISRO_Bhuvan,LGD_2026_Bhuvan_2024,6024,MATCHED_AUTHORITATIVE_BOUNDARY
6025,Kunnamangalam,Kozhikode,Kerala,11.33999,75.953644,MoPR_LGD_and_ISRO_Bhuvan,LGD_2026_Bhuvan_2024,6025,MATCHED_AUTHORITATIVE_BOUNDARY
6026,Kunnummal,Kozhikode,Kerala,11.685447,75.766469,MoPR_LGD_and_ISRO_Bhuvan,LGD_2026_Bhuvan_2024,6026,MATCHED_AUTHORITATIVE_BOUNDARY
6027,Melday,Kozhikode,Kerala,11.519746,75.662634,MoPR_LGD_and_ISRO_Bhuvan,LGD_2026_Bhuvan_2024,6027,MATCHED_AUTHORITATIVE_BOUNDARY
6028,Panthalayani,Kozhikode,Kerala,11.465698,75.699708,MoPR_LGD_and_ISRO_Bhuvan,LGD_2026_Bhuvan_2024,6028,MATCHED_AUTHORITATIVE_BOUNDARY
6029,Perambra,Kozhikode,Kerala,11.580314,75.828148,MoPR_LGD_and_ISRO_Bhuvan,LGD_2026_Bhuvan_2024,6029,MATCHED_AUTHORITATIVE_BOUNDARY
6030,Thodannur,Kozhikode,Kerala,11.592043,75.658744,MoPR_LGD_and_ISRO_Bhuvan,LGD_2026_Bhuvan_2024,6030,MATCHED_AUTHORITATIVE_BOUNDARY
6031,Thuneri,Kozhikode,Kerala,11.728369,75.679259,MoPR_LGD_and_ISRO_Bhuvan,LGD_2026_Bhuvan_2024,6031,MATCHED_AUTHORITATIVE_BOUNDARY
6032,Vadakara,Kozhikode,Kerala,11.630875,75.595633,MoPR_LGD_and_ISRO_Bhuvan,LGD_2026_Bhuvan_2024,6032,MATCHED_AUTHORITATIVE_BOUNDARY
6033,Areakode,Malappuram,Kerala,11.220727,76.050259,MoPR_LGD_and_ISRO_Bhuvan,LGD_2026_Bhuvan_2024,6033,MATCHED_AUTHORITATIVE_BOUNDARY
6692,Kalikavu,Malappuram,Kerala,11.241269,76.3835,MoPR_LGD_and_ISRO_Bhuvan,LGD_2026_Bhuvan_2024,6692,MATCHED_AUTHORITATIVE_BOUNDARY
6034,Kondotty,Malappuram,Kerala,11.170884,75.942565,MoPR_LGD_and_ISRO_Bhuvan,LGD_2026_Bhuvan_2024,6034,MATCHED_AUTHORITATIVE_BOUNDARY
6035,Kuttippuram,Malappuram,Kerala,10.903717,76.056931,MoPR_LGD_and_ISRO_Bhuvan,LGD_2026_Bhuvan_2024,6035,MATCHED_AUTHORITATIVE_BOUNDARY
6036,Malappuram,Malappuram,Kerala,11.071396,76.087614,MoPR_LGD_and_ISRO_Bhuvan,LGD_2026_Bhuvan_2024,6036,MATCHED_AUTHORITATIVE_BOUNDARY
6037,Mankada,Malappuram,Kerala,10.986942,76.136542,MoPR_LGD_and_ISRO_Bhuvan,LGD_2026_Bhuvan_2024,6037,MATCHED_AUTHORITATIVE_BOUNDARY
6038,Nilambur,Malappuram,Kerala,11.389703,76.257522,MoPR_LGD_and_ISRO_Bhuvan,LGD_2026_Bhuvan_2024,6038,MATCHED_AUTHORITATIVE_BOUNDARY
6039,Perinthalmanna,Malappuram,Kerala,10.988369,76.255087,MoPR_LGD_and_ISRO_Bhuvan,LGD_2026_Bhuvan_2024,6039,MATCHED_AUTHORITATIVE_BOUNDARY
6040,Perumpadappu,Malappuram,Kerala,10.730167,75.994133,MoPR_LGD_and_ISRO_Bhuvan,LGD_2026_Bhuvan_2024,6040,MATCHED_AUTHORITATIVE_BOUNDARY
6041,Ponnani,Malappuram,Kerala,10.799787,75.987771,MoPR_LGD_and_ISRO_Bhuvan,LGD_2026_Bhuvan_2024,6041,MATCHED_AUTHORITATIVE_BOUNDARY
6042,Tanur,Malappuram,Kerala,10.957591,75.93252,MoPR_LGD_and_ISRO_Bhuvan,LGD_2026_Bhuvan_2024,6042,MATCHED_AUTHORITATIVE_BOUNDARY
6043,Tirur,Malappuram,Kerala,10.867012,75.936468,MoPR_LGD_and_ISRO_Bhuvan,LGD_2026_Bhuvan_2024,6043,MATCHED_AUTHORITATIVE_BOUNDARY
6044,Tirurangadi,Malappuram,Kerala,11.072891,75.890631,MoPR_LGD_and_ISRO_Bhuvan,LGD_2026_Bhuvan_2024,6044,MATCHED_AUTHORITATIVE_BOUNDARY
6045,Vengara,Malappuram,Kerala,11.045865,75.97534,MoPR_LGD_and_ISRO_Bhuvan,LGD_2026_Bhuvan_2024,6045,MATCHED_AUTHORITATIVE_BOUNDARY
6046,Wandoor,Malappuram,Kerala,11.199159,76.190787,MoPR_LGD_and_ISRO_Bhuvan,LGD_2026_Bhuvan_2024,6046,MATCHED_AUTHORITATIVE_BOUNDARY
6047,Alathur,Palakkad,Kerala,10.583922,76.507106,MoPR_LGD_and_ISRO_Bhuvan,LGD_2026_Bhuvan_2024,6047,MATCHED_AUTHORITATIVE_BOUNDARY
6048,Attappadi,Palakkad,Kerala,11.106086,76.591282,MoPR_LGD_and_ISRO_Bhuvan,LGD_2026_Bhuvan_2024,6048,MATCHED_AUTHORITATIVE_BOUNDARY
6049,Chittur,Palakkad,Kerala,10.708783,76.814689,MoPR_LGD_and_ISRO_Bhuvan,LGD_2026_Bhuvan_2024,6049,MATCHED_AUTHORITATIVE_BOUNDARY
6050,Kollengode,Palakkad,Kerala,10.557354,76.754741,MoPR_LGD_and_ISRO_Bhuvan,LGD_2026_Bhuvan_2024,6050,MATCHED_AUTHORITATIVE_BOUNDARY
6051,Kuzhalmannam,Palakkad,Kerala,10.72416,76.563689,MoPR_LGD_and_ISRO_Bhuvan,LGD_2026_Bhuvan_2024,6051,MATCHED_AUTHORITATIVE_BOUNDARY
6052,Malampuzha,Palakkad,Kerala,10.826877,76.708671,MoPR_LGD_and_ISRO_Bhuvan,LGD_2026_Bhuvan_2024,6052,MATCHED_AUTHORITATIVE_BOUNDARY
6053,Mannarkad,Palakkad,Kerala,10.995207,76.459084,MoPR_LGD_and_ISRO_Bhuvan,LGD_2026_Bhuvan_2024,6053,MATCHED_AUTHORITATIVE_BOUNDARY
6054,Nemmara,Palakkad,Kerala,10.484692,76.671307,MoPR_LGD_and_ISRO_Bhuvan,LGD_2026_Bhuvan_2024,6054,MATCHED_AUTHORITATIVE_BOUNDARY
6055,Ottappalam,Palakkad,Kerala,10.794129,76.361867,MoPR_LGD_and_ISRO_Bhuvan,LGD_2026_Bhuvan_2024,6055,MATCHED_AUTHORITATIVE_BOUNDARY
6056,Palakkad,Palakkad,Kerala,10.808294,76.564462,MoPR_LGD_and_ISRO_Bhuvan,LGD_2026_Bhuvan_2024,6056,MATCHED_AUTHORITATIVE_BOUNDARY
6057,Pattambi,Palakkad,Kerala,10.846263,76.199053,MoPR_LGD_and_ISRO_Bhuvan,LGD_2026_Bhuvan_2024,6057,MATCHED_AUTHORITATIVE_BOUNDARY
6058,Sreekrishnapuram,Palakkad,Kerala,10.887806,76.393197,MoPR_LGD_and_ISRO_Bhuvan,LGD_2026_Bhuvan_2024,6058,MATCHED_AUTHORITATIVE_BOUNDARY
6059,Trithala,Palakkad,Kerala,10.773409,76.111132,MoPR_LGD_and_ISRO_Bhuvan,LGD_2026_Bhuvan_2024,6059,MATCHED_AUTHORITATIVE_BOUNDARY
6060,Elanthoor,Pathanamthitta,Kerala,9.290436,76.719536,MoPR_LGD_and_ISRO_Bhuvan,LGD_2026_Bhuvan_2024,6060,MATCHED_AUTHORITATIVE_BOUNDARY
6061,Koipuram,Pathanamthitta,Kerala,9.374699,76.682753,MoPR_LGD_and_ISRO_Bhuvan,LGD_2026_Bhuvan_2024,6061,MATCHED_AUTHORITATIVE_BOUNDARY
6062,Konni,Pathanamthitta,Kerala,9.201806,77.007018,MoPR_LGD_and_ISRO_Bhuvan,LGD_2026_Bhuvan_2024,6062,MATCHED_AUTHORITATIVE_BOUNDARY
6064,Mallappally,Pathanamthitta,Kerala,9.435362,76.677205,MoPR_LGD_and_ISRO_Bhuvan,LGD_2026_Bhuvan_2024,6064,MATCHED_AUTHORITATIVE_BOUNDARY
6065,Pandlam,Pathanamthitta,Kerala,9.206964,76.699438,MoPR_LGD_and_ISRO_Bhuvan,LGD_2026_Bhuvan_2024,6065,MATCHED_AUTHORITATIVE_BOUNDARY
6066,Parakode,Pathanamthitta,Kerala,9.141441,76.779591,MoPR_LGD_and_ISRO_Bhuvan,LGD_2026_Bhuvan_2024,6066,MATCHED_AUTHORITATIVE_BOUNDARY
6067,Pulikeezhu,Pathanamthitta,Kerala,9.371396,76.548327,MoPR_LGD_and_ISRO_Bhuvan,LGD_2026_Bhuvan_2024,6067,MATCHED_AUTHORITATIVE_BOUNDARY
6068,Ranni,Pathanamthitta,Kerala,9.348362,77.044589,MoPR_LGD_and_ISRO_Bhuvan,LGD_2026_Bhuvan_2024,6068,MATCHED_AUTHORITATIVE_BOUNDARY
6069,Athiyannoor,Thiruvananthapuram,Kerala,8.393259,77.046165,MoPR_LGD_and_ISRO_Bhuvan,LGD_2026_Bhuvan_2024,6069,MATCHED_AUTHORITATIVE_BOUNDARY
6070,Chirayinkeezhu,Thiruvananthapuram,Kerala,8.677449,76.814191,MoPR_LGD_and_ISRO_Bhuvan,LGD_2026_Bhuvan_2024,6070,MATCHED_AUTHORITATIVE_BOUNDARY
6072,Kilimanoor,Thiruvananthapuram,Kerala,8.778478,76.84197,MoPR_LGD_and_ISRO_Bhuvan,LGD_2026_Bhuvan_2024,6072,MATCHED_AUTHORITATIVE_BOUNDARY
6073,Nedumangad,Thiruvananthapuram,Kerala,8.618999,76.983577,MoPR_LGD_and_ISRO_Bhuvan,LGD_2026_Bhuvan_2024,6073,MATCHED_AUTHORITATIVE_BOUNDARY
6074,Nemom,Thiruvananthapuram,Kerala,8.474406,77.036893,MoPR_LGD_and_ISRO_Bhuvan,LGD_2026_Bhuvan_2024,6074,MATCHED_AUTHORITATIVE_BOUNDARY
6075,Parassala,Thiruvananthapuram,Kerala,8.346335,77.111672,MoPR_LGD_and_ISRO_Bhuvan,LGD_2026_Bhuvan_2024,6075,MATCHED_AUTHORITATIVE_BOUNDARY
6076,Perumkadavila,Thiruvananthapuram,Kerala,8.497989,77.181588,MoPR_LGD_and_ISRO_Bhuvan,LGD_2026_Bhuvan_2024,6076,MATCHED_AUTHORITATIVE_BOUNDARY
6071,Pothencode,Thiruvananthapuram,Kerala,8.544314,76.915632,MoPR_LGD_and_ISRO_Bhuvan,LGD_2026_Bhuvan_2024,6071,MATCHED_AUTHORITATIVE_BOUNDARY
6078,Vamanapuram,Thiruvananthapuram,Kerala,8.738307,77.031043,MoPR_LGD_and_ISRO_Bhuvan,LGD_2026_Bhuvan_2024,6078,MATCHED_AUTHORITATIVE_BOUNDARY
6079,Varkala,Thiruvananthapuram,Kerala,8.748094,76.743561,MoPR_LGD_and_ISRO_Bhuvan,LGD_2026_Bhuvan_2024,6079,MATCHED_AUTHORITATIVE_BOUNDARY
6080,Vellanad,Thiruvananthapuram,Kerala,8.610851,77.11802,MoPR_LGD_and_ISRO_Bhuvan,LGD_2026_Bhuvan_2024,6080,MATCHED_AUTHORITATIVE_BOUNDARY
6081,Anthikkad,Thrissur,Kerala,10.44629,76.131988,MoPR_LGD_and_ISRO_Bhuvan,LGD_2026_Bhuvan_2024,6081,MATCHED_AUTHORITATIVE_BOUNDARY
6082,Chalakkudy,Thrissur,Kerala,10.350378,76.545352,MoPR_LGD_and_ISRO_Bhuvan,LGD_2026_Bhuvan_2024,6082,MATCHED_AUTHORITATIVE_BOUNDARY
6083,Chavakkad,Thrissur,Kerala,10.624506,76.015384,MoPR_LGD_and_ISRO_Bhuvan,LGD_2026_Bhuvan_2024,6083,MATCHED_AUTHORITATIVE_BOUNDARY
6084,Cherpu,Thrissur,Kerala,10.453934,76.203253,MoPR_LGD_and_ISRO_Bhuvan,LGD_2026_Bhuvan_2024,6084,MATCHED_AUTHORITATIVE_BOUNDARY
6085,Chowannur,Thrissur,Kerala,10.657734,76.079952,MoPR_LGD_and_ISRO_Bhuvan,LGD_2026_Bhuvan_2024,6085,MATCHED_AUTHORITATIVE_BOUNDARY
6086,Irinjalakkuda,Thrissur,Kerala,10.375706,76.221728,MoPR_LGD_and_ISRO_Bhuvan,LGD_2026_Bhuvan_2024,6086,MATCHED_AUTHORITATIVE_BOUNDARY
6087,Kodakara,Thrissur,Kerala,10.39851,76.329096,MoPR_LGD_and_ISRO_Bhuvan,LGD_2026_Bhuvan_2024,6087,MATCHED_AUTHORITATIVE_BOUNDARY
6089,Mala,Thrissur,Kerala,10.269193,76.277958,MoPR_LGD_and_ISRO_Bhuvan,LGD_2026_Bhuvan_2024,6089,MATCHED_AUTHORITATIVE_BOUNDARY
6090,Mathilakam,Thrissur,Kerala,10.27144,76.167893,MoPR_LGD_and_ISRO_Bhuvan,LGD_2026_Bhuvan_2024,6090,MATCHED_AUTHORITATIVE_BOUNDARY
6091,Mullassery,Thrissur,Kerala,10.545816,76.090266,MoPR_LGD_and_ISRO_Bhuvan,LGD_2026_Bhuvan_2024,6091,MATCHED_AUTHORITATIVE_BOUNDARY
6092,Ollukkara,Thrissur,Kerala,10.532219,76.323798,MoPR_LGD_and_ISRO_Bhuvan,LGD_2026_Bhuvan_2024,6092,MATCHED_AUTHORITATIVE_BOUNDARY
6093,Pazhayannur,Thrissur,Kerala,10.697318,76.379472,MoPR_LGD_and_ISRO_Bhuvan,LGD_2026_Bhuvan_2024,6093,MATCHED_AUTHORITATIVE_BOUNDARY
6094,Puzhakkal,Thrissur,Kerala,10.555808,76.169301,MoPR_LGD_and_ISRO_Bhuvan,LGD_2026_Bhuvan_2024,6094,MATCHED_AUTHORITATIVE_BOUNDARY
6095,Thalikkulam,Thrissur,Kerala,10.450021,76.083665,MoPR_LGD_and_ISRO_Bhuvan,LGD_2026_Bhuvan_2024,6095,MATCHED_AUTHORITATIVE_BOUNDARY
6096,Vellangallur,Thrissur,Kerala,10.296311,76.216173,MoPR_LGD_and_ISRO_Bhuvan,LGD_2026_Bhuvan_2024,6096,MATCHED_AUTHORITATIVE_BOUNDARY
6097,Wadakkanchery,Thrissur,Kerala,10.672801,76.231757,MoPR_LGD_and_ISRO_Bhuvan,LGD_2026_Bhuvan_2024,6097,MATCHED_AUTHORITATIVE_BOUNDARY
6098,Kalpetta,Wayanad,Kerala,11.596981,76.065548,MoPR_LGD_and_ISRO_Bhuvan,LGD_2026_Bhuvan_2024,6098,MATCHED_AUTHORITATIVE_BOUNDARY
6099,Mananthavady,Wayanad,Kerala,11.821548,75.960461,MoPR_LGD_and_ISRO_Bhuvan,LGD_2026_Bhuvan_2024,6099,MATCHED_AUTHORITATIVE_BOUNDARY
6693,Panamaram,Wayanad,Kerala,11.777931,76.123907,MoPR_LGD_and_ISRO_Bhuvan,LGD_2026_Bhuvan_2024,6693,MATCHED_AUTHORITATIVE_BOUNDARY
6100,Sulthan Bathery,Wayanad,Kerala,11.680156,76.277305,MoPR_LGD_and_ISRO_Bhuvan,LGD_2026_Bhuvan_2024,6100,MATCHED_AUTHORITATIVE_BOUNDARY
7042,Barsoo,Kargil,Ladakh,,,MoPR_LGD_and_ISRO_Bhuvan,LGD_2026_Bhuvan_2024,7042,PENDING_OFFICIAL_BOUNDARY_MATCH
7039,Bhimbat,Kargil,Ladakh,,,MoPR_LGD_and_ISRO_Bhuvan,LGD_2026_Bhuvan_2024,7039,PENDING_OFFICIAL_BOUNDARY_MATCH
67,Drass,Kargil,Ladakh,34.414693,75.725519,MoPR_LGD_and_ISRO_Bhuvan,LGD_2026_Bhuvan_2024,67,MATCHED_AUTHORITATIVE_BOUNDARY
6540,Gm Pora (Trespone),Kargil,Ladakh,34.438115,76.064349,MoPR_LGD_and_ISRO_Bhuvan,LGD_2026_Bhuvan_2024,6540,MATCHED_AUTHORITATIVE_BOUNDARY
68,Kargil,Kargil,Ladakh,34.616811,76.210599,MoPR_LGD_and_ISRO_Bhuvan,LGD_2026_Bhuvan_2024,68,MATCHED_AUTHORITATIVE_BOUNDARY
7043,Karsha,Kargil,Ladakh,33.615371,76.561679,MoPR_LGD_and_ISRO_Bhuvan,LGD_2026_Bhuvan_2024,7043,MATCHED_AUTHORITATIVE_BOUNDARY
7041,Lotsum,Kargil,Ladakh,,,MoPR_LGD_and_ISRO_Bhuvan,LGD_2026_Bhuvan_2024,7041,PENDING_OFFICIAL_BOUNDARY_MATCH
6541,Lungnak,Kargil,Ladakh,33.797446,76.66303,MoPR_LGD_and_ISRO_Bhuvan,LGD_2026_Bhuvan_2024,6541,MATCHED_AUTHORITATIVE_BOUNDARY
7040,Pashkum,Kargil,Ladakh,,,MoPR_LGD_and_ISRO_Bhuvan,LGD_2026_Bhuvan_2024,7040,PENDING_OFFICIAL_BOUNDARY_MATCH
69,Sankoo,Kargil,Ladakh,34.217731,76.246989,MoPR_LGD_and_ISRO_Bhuvan,LGD_2026_Bhuvan_2024,69,MATCHED_AUTHORITATIVE_BOUNDARY
70,Shaker Chaktan,Kargil,Ladakh,34.372106,76.543171,MoPR_LGD_and_ISRO_Bhuvan,LGD_2026_Bhuvan_2024,70,MATCHED_AUTHORITATIVE_BOUNDARY
71,Shargol,Kargil,Ladakh,34.417484,76.323551,MoPR_LGD_and_ISRO_Bhuvan,LGD_2026_Bhuvan_2024,71,MATCHED_AUTHORITATIVE_BOUNDARY
7038,Soudh,Kargil,Ladakh,,,MoPR_LGD_and_ISRO_Bhuvan,LGD_2026_Bhuvan_2024,7038,PENDING_OFFICIAL_BOUNDARY_MATCH
72,Taisuru,Kargil,Ladakh,34.051462,76.062848,MoPR_LGD_and_ISRO_Bhuvan,LGD_2026_Bhuvan_2024,72,MATCHED_AUTHORITATIVE_BOUNDARY
73,Zansker,Kargil,Ladakh,33.308454,77.125639,MoPR_LGD_and_ISRO_Bhuvan,LGD_2026_Bhuvan_2024,73,MATCHED_AUTHORITATIVE_BOUNDARY
6543,Chuchot,Leh Ladakh,Ladakh,33.985371,77.589031,MoPR_LGD_and_ISRO_Bhuvan,LGD_2026_Bhuvan_2024,6543,MATCHED_AUTHORITATIVE_BOUNDARY
98,Deskit,Leh Ladakh,Ladakh,34.612078,77.453961,MoPR_LGD_and_ISRO_Bhuvan,LGD_2026_Bhuvan_2024,98,MATCHED_AUTHORITATIVE_BOUNDARY
94,Durbuk,Leh Ladakh,Ladakh,33.835058,78.466521,MoPR_LGD_and_ISRO_Bhuvan,LGD_2026_Bhuvan_2024,94,MATCHED_AUTHORITATIVE_BOUNDARY
95,Khaltsi,Leh Ladakh,Ladakh,34.280124,76.786719,MoPR_LGD_and_ISRO_Bhuvan,LGD_2026_Bhuvan_2024,95,MATCHED_AUTHORITATIVE_BOUNDARY
96,Kharu,Leh Ladakh,Ladakh,33.697776,77.63821,MoPR_LGD_and_ISRO_Bhuvan,LGD_2026_Bhuvan_2024,96,MATCHED_AUTHORITATIVE_BOUNDARY
97,Leh,Leh Ladakh,Ladakh,35.823092,75.067511,MoPR_LGD_and_ISRO_Bhuvan,LGD_2026_Bhuvan_2024,97,MATCHED_AUTHORITATIVE_BOUNDARY
7045,Nimoo,Leh Ladakh,Ladakh,,,MoPR_LGD_and_ISRO_Bhuvan,LGD_2026_Bhuvan_2024,7045,PENDING_OFFICIAL_BOUNDARY_MATCH
99,Nyoma,Leh Ladakh,Ladakh,33.074694,78.738267,MoPR_LGD_and_ISRO_Bhuvan,LGD_2026_Bhuvan_2024,99,MATCHED_AUTHORITATIVE_BOUNDARY
6544,Panamic,Leh Ladakh,Ladakh,34.953851,77.741674,MoPR_LGD_and_ISRO_Bhuvan,LGD_2026_Bhuvan_2024,6544,MATCHED_AUTHORITATIVE_BOUNDARY
7046,Rong,Leh Ladakh,Ladakh,,,MoPR_LGD_and_ISRO_Bhuvan,LGD_2026_Bhuvan_2024,7046,PENDING_OFFICIAL_BOUNDARY_MATCH
7047,Rupsho,Leh Ladakh,Ladakh,33.065545,77.898348,MoPR_LGD_and_ISRO_Bhuvan,LGD_2026_Bhuvan_2024,7047,MATCHED_AUTHORITATIVE_BOUNDARY
6542,Saspol,Leh Ladakh,Ladakh,34.152182,77.104291,MoPR_LGD_and_ISRO_Bhuvan,LGD_2026_Bhuvan_2024,6542,MATCHED_AUTHORITATIVE_BOUNDARY
7050,Singay Lalok Wanla,Leh Ladakh,Ladakh,,,MoPR_LGD_and_ISRO_Bhuvan,LGD_2026_Bhuvan_2024,7050,PENDING_OFFICIAL_BOUNDARY_MATCH
7049,Sukerbachan,Leh Ladakh,Ladakh,,,MoPR_LGD_and_ISRO_Bhuvan,LGD_2026_Bhuvan_2024,7049,PENDING_OFFICIAL_BOUNDARY_MATCH
7044,Thiksay,Leh Ladakh,Ladakh,,,MoPR_LGD_and_ISRO_Bhuvan,LGD_2026_Bhuvan_2024,7044,PENDING_OFFICIAL_BOUNDARY_MATCH
7048,Turtuk,Leh Ladakh,Ladakh,,,MoPR_LGD_and_ISRO_Bhuvan,LGD_2026_Bhuvan_2024,7048,PENDING_OFFICIAL_BOUNDARY_MATCH
5940,Agatti,Lakshadweep District,Lakshadweep,10.948912,72.318379,MoPR_LGD_and_ISRO_Bhuvan,LGD_2026_Bhuvan_2024,5940,MATCHED_AUTHORITATIVE_BOUNDARY
5941,Amini,Lakshadweep District,Lakshadweep,11.127138,72.724248,MoPR_LGD_and_ISRO_Bhuvan,LGD_2026_Bhuvan_2024,5941,MATCHED_AUTHORITATIVE_BOUNDARY
5942,Andrott,Lakshadweep District,Lakshadweep,10.812627,73.677058,MoPR_LGD_and_ISRO_Bhuvan,LGD_2026_Bhuvan_2024,5942,MATCHED_AUTHORITATIVE_BOUNDARY
7356,Bitra,Lakshadweep District,Lakshadweep,11.601228,72.186996,MoPR_LGD_and_ISRO_Bhuvan,LGD_2026_Bhuvan_2024,7356,MATCHED_AUTHORITATIVE_BOUNDARY
5943,Chetlat,Lakshadweep District,Lakshadweep,11.69335,72.712098,MoPR_LGD_and_ISRO_Bhuvan,LGD_2026_Bhuvan_2024,5943,MATCHED_AUTHORITATIVE_BOUNDARY
5944,Kadmat,Lakshadweep District,Lakshadweep,11.230624,72.777259,MoPR_LGD_and_ISRO_Bhuvan,LGD_2026_Bhuvan_2024,5944,MATCHED_AUTHORITATIVE_BOUNDARY
5945,Kalpeni,Lakshadweep District,Lakshadweep,10.083609,73.64594,MoPR_LGD_and_ISRO_Bhuvan,LGD_2026_Bhuvan_2024,5945,MATCHED_AUTHORITATIVE_BOUNDARY
5946,Kavaratti,Lakshadweep District,Lakshadweep,10.561795,72.637659,MoPR_LGD_and_ISRO_Bhuvan,LGD_2026_Bhuvan_2024,5946,MATCHED_AUTHORITATIVE_BOUNDARY
5947,Kiltan,Lakshadweep District,Lakshadweep,11.486524,73.005613,MoPR_LGD_and_ISRO_Bhuvan,LGD_2026_Bhuvan_2024,5947,MATCHED_AUTHORITATIVE_BOUNDARY
5948,Minicoy,Lakshadweep District,Lakshadweep,8.295774,73.064139,MoPR_LGD_and_ISRO_Bhuvan,LGD_2026_Bhuvan_2024,5948,MATCHED_AUTHORITATIVE_BOUNDARY
4000,Agar,Agar-Malwa,Madhya Pradesh,23.668519,76.05711,MoPR_LGD_and_ISRO_Bhuvan,LGD_2026_Bhuvan_2024,4000,MATCHED_AUTHORITATIVE_BOUNDARY
4001,Barod,Agar-Malwa,Madhya Pradesh,23.791533,75.881839,MoPR_LGD_and_ISRO_Bhuvan,LGD_2026_Bhuvan_2024,4001,MATCHED_AUTHORITATIVE_BOUNDARY
4004,Nalkheda,Agar-Malwa,Madhya Pradesh,23.815755,76.246597,MoPR_LGD_and_ISRO_Bhuvan,LGD_2026_Bhuvan_2024,4004,MATCHED_AUTHORITATIVE_BOUNDARY
4007,Susner,Agar-Malwa,Madhya Pradesh,24.044285,76.133085,MoPR_LGD_and_ISRO_Bhuvan,LGD_2026_Bhuvan_2024,4007,MATCHED_AUTHORITATIVE_BOUNDARY
3873,Alirajpur,Alirajpur,Madhya Pradesh,22.289276,74.413472,MoPR_LGD_and_ISRO_Bhuvan,LGD_2026_Bhuvan_2024,3873,MATCHED_AUTHORITATIVE_BOUNDARY
3874,Bhabra,Alirajpur,Madhya Pradesh,22.556426,74.341031,MoPR_LGD_and_ISRO_Bhuvan,LGD_2026_Bhuvan_2024,3874,MATCHED_AUTHORITATIVE_BOUNDARY
3876,Jobat,Alirajpur,Madhya Pradesh,22.398127,74.590313,MoPR_LGD_and_ISRO_Bhuvan,LGD_2026_Bhuvan_2024,3876,MATCHED_AUTHORITATIVE_BOUNDARY
3877,Katthiwada,Alirajpur,Madhya Pradesh,22.362746,74.269244,MoPR_LGD_and_ISRO_Bhuvan,LGD_2026_Bhuvan_2024,3877,MATCHED_AUTHORITATIVE_BOUNDARY
3882,Sondwa,Alirajpur,Madhya Pradesh,22.076875,74.299505,MoPR_LGD_and_ISRO_Bhuvan,LGD_2026_Bhuvan_2024,3882,MATCHED_AUTHORITATIVE_BOUNDARY
3884,Udaigarh,Alirajpur,Madhya Pradesh,22.504605,74.551823,MoPR_LGD_and_ISRO_Bhuvan,LGD_2026_Bhuvan_2024,3884,MATCHED_AUTHORITATIVE_BOUNDARY
3736,Anuppur,Anuppur,Madhya Pradesh,23.186011,81.959922,MoPR_LGD_and_ISRO_Bhuvan,LGD_2026_Bhuvan_2024,3736,MATCHED_AUTHORITATIVE_BOUNDARY
3737,Jaithari,Anuppur,Madhya Pradesh,23.056564,81.752601,MoPR_LGD_and_ISRO_Bhuvan,LGD_2026_Bhuvan_2024,3737,MATCHED_AUTHORITATIVE_BOUNDARY
3738,Kotma,Anuppur,Madhya Pradesh,23.301031,82.054283,MoPR_LGD_and_ISRO_Bhuvan,LGD_2026_Bhuvan_2024,3738,MATCHED_AUTHORITATIVE_BOUNDARY
3739,Pushprajgarh,Anuppur,Madhya Pradesh,22.952953,81.457421,MoPR_LGD_and_ISRO_Bhuvan,LGD_2026_Bhuvan_2024,3739,MATCHED_AUTHORITATIVE_BOUNDARY
3740,Ashoknagar,Ashoknagar,Madhya Pradesh,24.546318,77.654347,MoPR_LGD_and_ISRO_Bhuvan,LGD_2026_Bhuvan_2024,3740,MATCHED_AUTHORITATIVE_BOUNDARY
3741,Chanderi,Ashoknagar,Madhya Pradesh,24.68607,78.083398,MoPR_LGD_and_ISRO_Bhuvan,LGD_2026_Bhuvan_2024,3741,MATCHED_AUTHORITATIVE_BOUNDARY
3742,Isagarh,Ashoknagar,Madhya Pradesh,24.816487,77.793198,MoPR_LGD_and_ISRO_Bhuvan,LGD_2026_Bhuvan_2024,3742,MATCHED_AUTHORITATIVE_BOUNDARY
3743,Mungaoli,Ashoknagar,Madhya Pradesh,24.423639,77.998165,MoPR_LGD_and_ISRO_Bhuvan,LGD_2026_Bhuvan_2024,3743,MATCHED_AUTHORITATIVE_BOUNDARY
3744,Baihar,Balaghat,Madhya Pradesh,22.107452,80.837148,MoPR_LGD_and_ISRO_Bhuvan,LGD_2026_Bhuvan_2024,3744,MATCHED_AUTHORITATIVE_BOUNDARY
3745,Balaghat,Balaghat,Madhya Pradesh,22.02131,80.196982,MoPR_LGD_and_ISRO_Bhuvan,LGD_2026_Bhuvan_2024,3745,MATCHED_AUTHORITATIVE_BOUNDARY
3746,Birsa,Balaghat,Madhya Pradesh,21.860249,80.689448,MoPR_LGD_and_ISRO_Bhuvan,LGD_2026_Bhuvan_2024,3746,MATCHED_AUTHORITATIVE_BOUNDARY
3747,Katangi,Balaghat,Madhya Pradesh,21.695763,79.734307,MoPR_LGD_and_ISRO_Bhuvan,LGD_2026_Bhuvan_2024,3747,MATCHED_AUTHORITATIVE_BOUNDARY
3748,Khairlanji,Balaghat,Madhya Pradesh,21.616653,79.959988,MoPR_LGD_and_ISRO_Bhuvan,LGD_2026_Bhuvan_2024,3748,MATCHED_AUTHORITATIVE_BOUNDARY
3749,Kirnapur,Balaghat,Madhya Pradesh,21.672497,80.381269,MoPR_LGD_and_ISRO_Bhuvan,LGD_2026_Bhuvan_2024,3749,MATCHED_AUTHORITATIVE_BOUNDARY
3750,Lalbarra,Balaghat,Madhya Pradesh,21.926979,80.013667,MoPR_LGD_and_ISRO_Bhuvan,LGD_2026_Bhuvan_2024,3750,MATCHED_AUTHORITATIVE_BOUNDARY
3751,Lanji,Balaghat,Madhya Pradesh,21.496757,80.588429,MoPR_LGD_and_ISRO_Bhuvan,LGD_2026_Bhuvan_2024,3751,MATCHED_AUTHORITATIVE_BOUNDARY
3752,Paraswada,Balaghat,Madhya Pradesh,22.115312,80.377859,MoPR_LGD_and_ISRO_Bhuvan,LGD_2026_Bhuvan_2024,3752,MATCHED_AUTHORITATIVE_BOUNDARY
3753,Waraseoni,Balaghat,Madhya Pradesh,21.740866,80.042828,MoPR_LGD_and_ISRO_Bhuvan,LGD_2026_Bhuvan_2024,3753,MATCHED_AUTHORITATIVE_BOUNDARY
3754,Barwani,Barwani,Madhya Pradesh,21.823735,74.855304,MoPR_LGD_and_ISRO_Bhuvan,LGD_2026_Bhuvan_2024,3754,MATCHED_AUTHORITATIVE_BOUNDARY
3755,Newali,Barwani,Madhya Pradesh,21.676084,75.004391,MoPR_LGD_and_ISRO_Bhuvan,LGD_2026_Bhuvan_2024,3755,MATCHED_AUTHORITATIVE_BOUNDARY
3756,Pansemal,Barwani,Madhya Pradesh,21.71784,74.711223,MoPR_LGD_and_ISRO_Bhuvan,LGD_2026_Bhuvan_2024,3756,MATCHED_AUTHORITATIVE_BOUNDARY
3757,Pati,Barwani,Madhya Pradesh,21.932116,74.693874,MoPR_LGD_and_ISRO_Bhuvan,LGD_2026_Bhuvan_2024,3757,MATCHED_AUTHORITATIVE_BOUNDARY
3758,Rajpur,Barwani,Madhya Pradesh,21.872507,75.150366,MoPR_LGD_and_ISRO_Bhuvan,LGD_2026_Bhuvan_2024,3758,MATCHED_AUTHORITATIVE_BOUNDARY
3759,Sendhawa,Barwani,Madhya Pradesh,21.550232,75.294511,MoPR_LGD_and_ISRO_Bhuvan,LGD_2026_Bhuvan_2024,3759,MATCHED_AUTHORITATIVE_BOUNDARY
3760,Thikri,Barwani,Madhya Pradesh,22.044062,75.227995,MoPR_LGD_and_ISRO_Bhuvan,LGD_2026_Bhuvan_2024,3760,MATCHED_AUTHORITATIVE_BOUNDARY
3761,Amla,Betul,Madhya Pradesh,21.954614,78.261319,MoPR_LGD_and_ISRO_Bhuvan,LGD_2026_Bhuvan_2024,3761,MATCHED_AUTHORITATIVE_BOUNDARY
3762,Athner,Betul,Madhya Pradesh,21.550163,77.865338,MoPR_LGD_and_ISRO_Bhuvan,LGD_2026_Bhuvan_2024,3762,MATCHED_AUTHORITATIVE_BOUNDARY
3763,Betul,Betul,Madhya Pradesh,21.889636,77.89668,MoPR_LGD_and_ISRO_Bhuvan,LGD_2026_Bhuvan_2024,3763,MATCHED_AUTHORITATIVE_BOUNDARY
3764,Bhainsdehi,Betul,Madhya Pradesh,21.568101,77.638269,MoPR_LGD_and_ISRO_Bhuvan,LGD_2026_Bhuvan_2024,3764,MATCHED_AUTHORITATIVE_BOUNDARY
3765,Bhimpur,Betul,Madhya Pradesh,21.853148,77.431544,MoPR_LGD_and_ISRO_Bhuvan,LGD_2026_Bhuvan_2024,3765,MATCHED_AUTHORITATIVE_BOUNDARY
3766,Chicholi,Betul,Madhya Pradesh,22.134421,77.578681,MoPR_LGD_and_ISRO_Bhuvan,LGD_2026_Bhuvan_2024,3766,MATCHED_AUTHORITATIVE_BOUNDARY
3767,Ghoradongri,Betul,Madhya Pradesh,22.182365,78.087706,MoPR_LGD_and_ISRO_Bhuvan,LGD_2026_Bhuvan_2024,3767,MATCHED_AUTHORITATIVE_BOUNDARY
3768,Multai,Betul,Madhya Pradesh,21.802878,78.261845,MoPR_LGD_and_ISRO_Bhuvan,LGD_2026_Bhuvan_2024,3768,MATCHED_AUTHORITATIVE_BOUNDARY
3769,Prabhat Pattan,Betul,Madhya Pradesh,21.60941,78.161722,MoPR_LGD_and_ISRO_Bhuvan,LGD_2026_Bhuvan_2024,3769,MATCHED_AUTHORITATIVE_BOUNDARY
3770,Shahpur,Betul,Madhya Pradesh,22.203801,77.785612,MoPR_LGD_and_ISRO_Bhuvan,LGD_2026_Bhuvan_2024,3770,MATCHED_AUTHORITATIVE_BOUNDARY
3771,Ater,Bhind,Madhya Pradesh,26.660596,78.707414,MoPR_LGD_and_ISRO_Bhuvan,LGD_2026_Bhuvan_2024,3771,MATCHED_AUTHORITATIVE_BOUNDARY
3772,Bhind,Bhind,Madhya Pradesh,26.530361,78.92412,MoPR_LGD_and_ISRO_Bhuvan,LGD_2026_Bhuvan_2024,3772,MATCHED_AUTHORITATIVE_BOUNDARY
3773,Gohad,Bhind,Madhya Pradesh,26.371295,78.473076,MoPR_LGD_and_ISRO_Bhuvan,LGD_2026_Bhuvan_2024,3773,MATCHED_AUTHORITATIVE_BOUNDARY
3774,Lahar,Bhind,Madhya Pradesh,26.111945,78.892998,MoPR_LGD_and_ISRO_Bhuvan,LGD_2026_Bhuvan_2024,3774,MATCHED_AUTHORITATIVE_BOUNDARY
3775,Mehgaon,Bhind,Madhya Pradesh,26.473495,78.627458,MoPR_LGD_and_ISRO_Bhuvan,LGD_2026_Bhuvan_2024,3775,MATCHED_AUTHORITATIVE_BOUNDARY
3776,Raon,Bhind,Madhya Pradesh,26.340361,78.971747,MoPR_LGD_and_ISRO_Bhuvan,LGD_2026_Bhuvan_2024,3776,MATCHED_AUTHORITATIVE_BOUNDARY
3777,Berasia,Bhopal,Madhya Pradesh,23.666114,77.385838,MoPR_LGD_and_ISRO_Bhuvan,LGD_2026_Bhuvan_2024,3777,MATCHED_AUTHORITATIVE_BOUNDARY
3778,Phanda,Bhopal,Madhya Pradesh,23.266603,77.395867,MoPR_LGD_and_ISRO_Bhuvan,LGD_2026_Bhuvan_2024,3778,MATCHED_AUTHORITATIVE_BOUNDARY
3779,Burhanpur,Burhanpur,Madhya Pradesh,21.369954,76.267197,MoPR_LGD_and_ISRO_Bhuvan,LGD_2026_Bhuvan_2024,3779,MATCHED_AUTHORITATIVE_BOUNDARY
3780,Khaknar,Burhanpur,Madhya Pradesh,21.371888,76.539863,MoPR_LGD_and_ISRO_Bhuvan,LGD_2026_Bhuvan_2024,3780,MATCHED_AUTHORITATIVE_BOUNDARY
3781,Bada Malehara,Chhatarpur,Madhya Pradesh,24.546639,79.223338,MoPR_LGD_and_ISRO_Bhuvan,LGD_2026_Bhuvan_2024,3781,MATCHED_AUTHORITATIVE_BOUNDARY
3782,Barigarh,Chhatarpur,Madhya Pradesh,25.24568,80.216858,MoPR_LGD_and_ISRO_Bhuvan,LGD_2026_Bhuvan_2024,3782,MATCHED_AUTHORITATIVE_BOUNDARY
3783,Bijawar,Chhatarpur,Madhya Pradesh,24.562228,79.624693,MoPR_LGD_and_ISRO_Bhuvan,LGD_2026_Bhuvan_2024,3783,MATCHED_AUTHORITATIVE_BOUNDARY
3784,Buxwaha,Chhatarpur,Madhya Pradesh,24.292699,79.269326,MoPR_LGD_and_ISRO_Bhuvan,LGD_2026_Bhuvan_2024,3784,MATCHED_AUTHORITATIVE_BOUNDARY
3785,Chhatarpur,Chhatarpur,Madhya Pradesh,24.891544,79.524821,MoPR_LGD_and_ISRO_Bhuvan,LGD_2026_Bhuvan_2024,3785,MATCHED_AUTHORITATIVE_BOUNDARY
3786,Lavkush Nagar,Chhatarpur,Madhya Pradesh,25.097525,80.059662,MoPR_LGD_and_ISRO_Bhuvan,LGD_2026_Bhuvan_2024,3786,MATCHED_AUTHORITATIVE_BOUNDARY
3787,Nowgong,Chhatarpur,Madhya Pradesh,25.10175,79.565842,MoPR_LGD_and_ISRO_Bhuvan,LGD_2026_Bhuvan_2024,3787,MATCHED_AUTHORITATIVE_BOUNDARY
3788,Rajnagar,Chhatarpur,Madhya Pradesh,24.834265,79.869941,MoPR_LGD_and_ISRO_Bhuvan,LGD_2026_Bhuvan_2024,3788,MATCHED_AUTHORITATIVE_BOUNDARY
3789,Amarwara,Chhindwara,Madhya Pradesh,22.297512,79.152204,MoPR_LGD_and_ISRO_Bhuvan,LGD_2026_Bhuvan_2024,3789,MATCHED_AUTHORITATIVE_BOUNDARY
3790,Bichhua,Chhindwara,Madhya Pradesh,21.735032,79.079217,MoPR_LGD_and_ISRO_Bhuvan,LGD_2026_Bhuvan_2024,3790,MATCHED_AUTHORITATIVE_BOUNDARY
3791,Chaurai,Chhindwara,Madhya Pradesh,22.010204,79.230717,MoPR_LGD_and_ISRO_Bhuvan,LGD_2026_Bhuvan_2024,3791,MATCHED_AUTHORITATIVE_BOUNDARY
3792,Chhindwara,Chhindwara,Madhya Pradesh,22.059872,79.005215,MoPR_LGD_and_ISRO_Bhuvan,LGD_2026_Bhuvan_2024,3792,MATCHED_AUTHORITATIVE_BOUNDARY
3793,Harrai,Chhindwara,Madhya Pradesh,22.575417,79.082017,MoPR_LGD_and_ISRO_Bhuvan,LGD_2026_Bhuvan_2024,3793,MATCHED_AUTHORITATIVE_BOUNDARY
3794,Jamai,Chhindwara,Madhya Pradesh,22.197464,78.447775,MoPR_LGD_and_ISRO_Bhuvan,LGD_2026_Bhuvan_2024,3794,MATCHED_AUTHORITATIVE_BOUNDARY
3795,Mohkhed,Chhindwara,Madhya Pradesh,21.928391,78.776168,MoPR_LGD_and_ISRO_Bhuvan,LGD_2026_Bhuvan_2024,3795,MATCHED_AUTHORITATIVE_BOUNDARY
3797,Parasia,Chhindwara,Madhya Pradesh,22.170112,78.788527,MoPR_LGD_and_ISRO_Bhuvan,LGD_2026_Bhuvan_2024,3797,MATCHED_AUTHORITATIVE_BOUNDARY
3799,Tamia,Chhindwara,Madhya Pradesh,22.458757,78.696249,MoPR_LGD_and_ISRO_Bhuvan,LGD_2026_Bhuvan_2024,3799,MATCHED_AUTHORITATIVE_BOUNDARY
3800,Batiyagarh,Damoh,Madhya Pradesh,24.149134,79.401008,MoPR_LGD_and_ISRO_Bhuvan,LGD_2026_Bhuvan_2024,3800,MATCHED_AUTHORITATIVE_BOUNDARY
3801,Damoh,Damoh,Madhya Pradesh,23.768033,79.466851,MoPR_LGD_and_ISRO_Bhuvan,LGD_2026_Bhuvan_2024,3801,MATCHED_AUTHORITATIVE_BOUNDARY
3802,Hatta,Damoh,Madhya Pradesh,24.265392,79.665772,MoPR_LGD_and_ISRO_Bhuvan,LGD_2026_Bhuvan_2024,3802,MATCHED_AUTHORITATIVE_BOUNDARY
3803,Jabera,Damoh,Madhya Pradesh,23.621785,79.720587,MoPR_LGD_and_ISRO_Bhuvan,LGD_2026_Bhuvan_2024,3803,MATCHED_AUTHORITATIVE_BOUNDARY
3804,Patera,Damoh,Madhya Pradesh,23.961259,79.701717,MoPR_LGD_and_ISRO_Bhuvan,LGD_2026_Bhuvan_2024,3804,MATCHED_AUTHORITATIVE_BOUNDARY
3805,Pathariya,Damoh,Madhya Pradesh,23.917111,79.28037,MoPR_LGD_and_ISRO_Bhuvan,LGD_2026_Bhuvan_2024,3805,MATCHED_AUTHORITATIVE_BOUNDARY
3806,Tendukheda,Damoh,Madhya Pradesh,23.38756,79.437896,MoPR_LGD_and_ISRO_Bhuvan,LGD_2026_Bhuvan_2024,3806,MATCHED_AUTHORITATIVE_BOUNDARY
3807,Bhander,Datia,Madhya Pradesh,25.807536,78.748251,MoPR_LGD_and_ISRO_Bhuvan,LGD_2026_Bhuvan_2024,3807,MATCHED_AUTHORITATIVE_BOUNDARY
3808,Datia,Datia,Madhya Pradesh,25.62681,78.475442,MoPR_LGD_and_ISRO_Bhuvan,LGD_2026_Bhuvan_2024,3808,MATCHED_AUTHORITATIVE_BOUNDARY
3809,Seondha,Datia,Madhya Pradesh,26.002174,78.64198,MoPR_LGD_and_ISRO_Bhuvan,LGD_2026_Bhuvan_2024,3809,MATCHED_AUTHORITATIVE_BOUNDARY
3810,Bagli,Dewas,Madhya Pradesh,22.611061,76.320337,MoPR_LGD_and_ISRO_Bhuvan,LGD_2026_Bhuvan_2024,3810,MATCHED_AUTHORITATIVE_BOUNDARY
3811,Dewas,Dewas,Madhya Pradesh,22.959033,76.072034,MoPR_LGD_and_ISRO_Bhuvan,LGD_2026_Bhuvan_2024,3811,MATCHED_AUTHORITATIVE_BOUNDARY
3812,Kannod,Dewas,Madhya Pradesh,22.576961,76.64566,MoPR_LGD_and_ISRO_Bhuvan,LGD_2026_Bhuvan_2024,3812,MATCHED_AUTHORITATIVE_BOUNDARY
3813,Khategaon,Dewas,Madhya Pradesh,22.650381,76.932843,MoPR_LGD_and_ISRO_Bhuvan,LGD_2026_Bhuvan_2024,3813,MATCHED_AUTHORITATIVE_BOUNDARY
3814,Sonkatch,Dewas,Madhya Pradesh,23.013424,76.370433,MoPR_LGD_and_ISRO_Bhuvan,LGD_2026_Bhuvan_2024,3814,MATCHED_AUTHORITATIVE_BOUNDARY
3815,Tonk Khurd,Dewas,Madhya Pradesh,23.139231,76.238774,MoPR_LGD_and_ISRO_Bhuvan,LGD_2026_Bhuvan_2024,3815,MATCHED_AUTHORITATIVE_BOUNDARY
3816,Badnawar,Dhar,Madhya Pradesh,22.935957,75.21235,MoPR_LGD_and_ISRO_Bhuvan,LGD_2026_Bhuvan_2024,3816,MATCHED_AUTHORITATIVE_BOUNDARY
3817,Bagh,Dhar,Madhya Pradesh,22.444446,74.793188,MoPR_LGD_and_ISRO_Bhuvan,LGD_2026_Bhuvan_2024,3817,MATCHED_AUTHORITATIVE_BOUNDARY
3818,Dahi,Dhar,Madhya Pradesh,22.128326,74.61041,MoPR_LGD_and_ISRO_Bhuvan,LGD_2026_Bhuvan_2024,3818,MATCHED_AUTHORITATIVE_BOUNDARY
3819,Dhar,Dhar,Madhya Pradesh,22.492734,75.476992,MoPR_LGD_and_ISRO_Bhuvan,LGD_2026_Bhuvan_2024,3819,MATCHED_AUTHORITATIVE_BOUNDARY
3820,Dharampuri,Dhar,Madhya Pradesh,22.238937,75.42675,MoPR_LGD_and_ISRO_Bhuvan,LGD_2026_Bhuvan_2024,3820,MATCHED_AUTHORITATIVE_BOUNDARY
3821,Gandhwani,Dhar,Madhya Pradesh,22.432472,75.011426,MoPR_LGD_and_ISRO_Bhuvan,LGD_2026_Bhuvan_2024,3821,MATCHED_AUTHORITATIVE_BOUNDARY
3822,Kukshi,Dhar,Madhya Pradesh,22.26786,74.760438,MoPR_LGD_and_ISRO_Bhuvan,LGD_2026_Bhuvan_2024,3822,MATCHED_AUTHORITATIVE_BOUNDARY
3823,Manawar,Dhar,Madhya Pradesh,22.2176,75.063534,MoPR_LGD_and_ISRO_Bhuvan,LGD_2026_Bhuvan_2024,3823,MATCHED_AUTHORITATIVE_BOUNDARY
3824,Nalchha,Dhar,Madhya Pradesh,22.684188,75.374446,MoPR_LGD_and_ISRO_Bhuvan,LGD_2026_Bhuvan_2024,3824,MATCHED_AUTHORITATIVE_BOUNDARY
3825,Nisarpur,Dhar,Madhya Pradesh,22.151127,74.833922,MoPR_LGD_and_ISRO_Bhuvan,LGD_2026_Bhuvan_2024,3825,MATCHED_AUTHORITATIVE_BOUNDARY
3826,Sardarpur,Dhar,Madhya Pradesh,22.725615,75.008022,MoPR_LGD_and_ISRO_Bhuvan,LGD_2026_Bhuvan_2024,3826,MATCHED_AUTHORITATIVE_BOUNDARY
3827,Tirla,Dhar,Madhya Pradesh,22.523297,75.239659,MoPR_LGD_and_ISRO_Bhuvan,LGD_2026_Bhuvan_2024,3827,MATCHED_AUTHORITATIVE_BOUNDARY
3828,Umarban,Dhar,Madhya Pradesh,22.243369,75.246271,MoPR_LGD_and_ISRO_Bhuvan,LGD_2026_Bhuvan_2024,3828,MATCHED_AUTHORITATIVE_BOUNDARY
3829,Amarpur,Dindori,Madhya Pradesh,22.773577,80.97139,MoPR_LGD_and_ISRO_Bhuvan,LGD_2026_Bhuvan_2024,3829,MATCHED_AUTHORITATIVE_BOUNDARY
3830,Bajag,Dindori,Madhya Pradesh,22.686839,81.307213,MoPR_LGD_and_ISRO_Bhuvan,LGD_2026_Bhuvan_2024,3830,MATCHED_AUTHORITATIVE_BOUNDARY
3831,Dindori,Dindori,Madhya Pradesh,23.068163,81.03554,MoPR_LGD_and_ISRO_Bhuvan,LGD_2026_Bhuvan_2024,3831,MATCHED_AUTHORITATIVE_BOUNDARY
3832,Karanjiya,Dindori,Madhya Pradesh,22.650314,81.522499,MoPR_LGD_and_ISRO_Bhuvan,LGD_2026_Bhuvan_2024,3832,MATCHED_AUTHORITATIVE_BOUNDARY
3833,Mehandwani,Dindori,Madhya Pradesh,22.951439,80.715624,MoPR_LGD_and_ISRO_Bhuvan,LGD_2026_Bhuvan_2024,3833,MATCHED_AUTHORITATIVE_BOUNDARY
3834,Samnapur,Dindori,Madhya Pradesh,22.713606,81.161026,MoPR_LGD_and_ISRO_Bhuvan,LGD_2026_Bhuvan_2024,3834,MATCHED_AUTHORITATIVE_BOUNDARY
3835,Shahpura,Dindori,Madhya Pradesh,23.183291,80.682541,MoPR_LGD_and_ISRO_Bhuvan,LGD_2026_Bhuvan_2024,3835,MATCHED_AUTHORITATIVE_BOUNDARY
3843,Aron,Guna,Madhya Pradesh,24.373848,77.456723,MoPR_LGD_and_ISRO_Bhuvan,LGD_2026_Bhuvan_2024,3843,MATCHED_AUTHORITATIVE_BOUNDARY
3844,Bamori,Guna,Madhya Pradesh,24.866314,77.060793,MoPR_LGD_and_ISRO_Bhuvan,LGD_2026_Bhuvan_2024,3844,MATCHED_AUTHORITATIVE_BOUNDARY
3845,Chanchoda,Guna,Madhya Pradesh,24.292815,76.996433,MoPR_LGD_and_ISRO_Bhuvan,LGD_2026_Bhuvan_2024,3845,MATCHED_AUTHORITATIVE_BOUNDARY
3846,Guna,Guna,Madhya Pradesh,24.760097,77.344672,MoPR_LGD_and_ISRO_Bhuvan,LGD_2026_Bhuvan_2024,3846,MATCHED_AUTHORITATIVE_BOUNDARY
3847,Raghogarh,Guna,Madhya Pradesh,24.27107,77.20973,MoPR_LGD_and_ISRO_Bhuvan,LGD_2026_Bhuvan_2024,3847,MATCHED_AUTHORITATIVE_BOUNDARY
3848,Bhitarwar,Gwalior,Madhya Pradesh,25.88614,78.089855,MoPR_LGD_and_ISRO_Bhuvan,LGD_2026_Bhuvan_2024,3848,MATCHED_AUTHORITATIVE_BOUNDARY
3849,Dabra,Gwalior,Madhya Pradesh,25.967429,78.367498,MoPR_LGD_and_ISRO_Bhuvan,LGD_2026_Bhuvan_2024,3849,MATCHED_AUTHORITATIVE_BOUNDARY
3850,Ghatigaon,Gwalior,Madhya Pradesh,26.082101,77.953535,MoPR_LGD_and_ISRO_Bhuvan,LGD_2026_Bhuvan_2024,3850,MATCHED_AUTHORITATIVE_BOUNDARY
3851,Morar,Gwalior,Madhya Pradesh,26.203588,78.389673,MoPR_LGD_and_ISRO_Bhuvan,LGD_2026_Bhuvan_2024,3851,MATCHED_AUTHORITATIVE_BOUNDARY
3852,Harda,Harda,Madhya Pradesh,22.347632,77.021139,MoPR_LGD_and_ISRO_Bhuvan,LGD_2026_Bhuvan_2024,3852,MATCHED_AUTHORITATIVE_BOUNDARY
3853,Khirkiya,Harda,Madhya Pradesh,22.12227,76.989496,MoPR_LGD_and_ISRO_Bhuvan,LGD_2026_Bhuvan_2024,3853,MATCHED_AUTHORITATIVE_BOUNDARY
3854,Timarni,Harda,Madhya Pradesh,22.219947,77.276164,MoPR_LGD_and_ISRO_Bhuvan,LGD_2026_Bhuvan_2024,3854,MATCHED_AUTHORITATIVE_BOUNDARY
3862,Depalpur,Indore,Madhya Pradesh,22.837811,75.581072,MoPR_LGD_and_ISRO_Bhuvan,LGD_2026_Bhuvan_2024,3862,MATCHED_AUTHORITATIVE_BOUNDARY
3863,Indore,Indore,Madhya Pradesh,22.687487,75.947002,MoPR_LGD_and_ISRO_Bhuvan,LGD_2026_Bhuvan_2024,3863,MATCHED_AUTHORITATIVE_BOUNDARY
3864,Mhow,Indore,Madhya Pradesh,22.486172,75.781559,MoPR_LGD_and_ISRO_Bhuvan,LGD_2026_Bhuvan_2024,3864,MATCHED_AUTHORITATIVE_BOUNDARY
3865,Sanwer,Indore,Madhya Pradesh,22.906898,75.830407,MoPR_LGD_and_ISRO_Bhuvan,LGD_2026_Bhuvan_2024,3865,MATCHED_AUTHORITATIVE_BOUNDARY
3866,Jabalpur,Jabalpur,Madhya Pradesh,23.035424,79.928476,MoPR_LGD_and_ISRO_Bhuvan,LGD_2026_Bhuvan_2024,3866,MATCHED_AUTHORITATIVE_BOUNDARY
3867,Kundam,Jabalpur,Madhya Pradesh,23.235705,80.359609,MoPR_LGD_and_ISRO_Bhuvan,LGD_2026_Bhuvan_2024,3867,MATCHED_AUTHORITATIVE_BOUNDARY
3868,Majhouli,Jabalpur,Madhya Pradesh,23.49449,79.992009,MoPR_LGD_and_ISRO_Bhuvan,LGD_2026_Bhuvan_2024,3868,MATCHED_AUTHORITATIVE_BOUNDARY
3869,Panagar,Jabalpur,Madhya Pradesh,23.26564,80.004346,MoPR_LGD_and_ISRO_Bhuvan,LGD_2026_Bhuvan_2024,3869,MATCHED_AUTHORITATIVE_BOUNDARY
3870,Patan,Jabalpur,Madhya Pradesh,23.300037,79.744373,MoPR_LGD_and_ISRO_Bhuvan,LGD_2026_Bhuvan_2024,3870,MATCHED_AUTHORITATIVE_BOUNDARY
3871,Shahpura,Jabalpur,Madhya Pradesh,23.110826,79.630283,MoPR_LGD_and_ISRO_Bhuvan,LGD_2026_Bhuvan_2024,3871,MATCHED_AUTHORITATIVE_BOUNDARY
3872,Sihora,Jabalpur,Madhya Pradesh,23.406974,80.158946,MoPR_LGD_and_ISRO_Bhuvan,LGD_2026_Bhuvan_2024,3872,MATCHED_AUTHORITATIVE_BOUNDARY
3875,Jhabua,Jhabua,Madhya Pradesh,22.80055,74.576844,MoPR_LGD_and_ISRO_Bhuvan,LGD_2026_Bhuvan_2024,3875,MATCHED_AUTHORITATIVE_BOUNDARY
3878,Meghnagar,Jhabua,Madhya Pradesh,22.967479,74.540686,MoPR_LGD_and_ISRO_Bhuvan,LGD_2026_Bhuvan_2024,3878,MATCHED_AUTHORITATIVE_BOUNDARY
3879,Petlawad,Jhabua,Madhya Pradesh,22.983526,74.872264,MoPR_LGD_and_ISRO_Bhuvan,LGD_2026_Bhuvan_2024,3879,MATCHED_AUTHORITATIVE_BOUNDARY
3880,Rama,Jhabua,Madhya Pradesh,22.731583,74.729595,MoPR_LGD_and_ISRO_Bhuvan,LGD_2026_Bhuvan_2024,3880,MATCHED_AUTHORITATIVE_BOUNDARY
3881,Ranapur,Jhabua,Madhya Pradesh,22.644801,74.496372,MoPR_LGD_and_ISRO_Bhuvan,LGD_2026_Bhuvan_2024,3881,MATCHED_AUTHORITATIVE_BOUNDARY
3883,Thandla,Jhabua,Madhya Pradesh,23.091149,74.590781,MoPR_LGD_and_ISRO_Bhuvan,LGD_2026_Bhuvan_2024,3883,MATCHED_AUTHORITATIVE_BOUNDARY
3885,Badwara,Katni,Madhya Pradesh,23.776022,80.696045,MoPR_LGD_and_ISRO_Bhuvan,LGD_2026_Bhuvan_2024,3885,MATCHED_AUTHORITATIVE_BOUNDARY
3886,Bahoriband,Katni,Madhya Pradesh,23.694286,80.068543,MoPR_LGD_and_ISRO_Bhuvan,LGD_2026_Bhuvan_2024,3886,MATCHED_AUTHORITATIVE_BOUNDARY
3887,Dheemerkheda,Katni,Madhya Pradesh,23.508951,80.404659,MoPR_LGD_and_ISRO_Bhuvan,LGD_2026_Bhuvan_2024,3887,MATCHED_AUTHORITATIVE_BOUNDARY
3888,Katni,Katni,Madhya Pradesh,23.823607,80.401811,MoPR_LGD_and_ISRO_Bhuvan,LGD_2026_Bhuvan_2024,3888,MATCHED_AUTHORITATIVE_BOUNDARY
3889,Rithi,Katni,Madhya Pradesh,23.859444,80.153374,MoPR_LGD_and_ISRO_Bhuvan,LGD_2026_Bhuvan_2024,3889,MATCHED_AUTHORITATIVE_BOUNDARY
3890,Vijayraghavgarh,Katni,Madhya Pradesh,23.976762,80.666749,MoPR_LGD_and_ISRO_Bhuvan,LGD_2026_Bhuvan_2024,3890,MATCHED_AUTHORITATIVE_BOUNDARY
3836,Baladi,Khandwa (East Nimar),Madhya Pradesh,22.257497,76.654278,MoPR_LGD_and_ISRO_Bhuvan,LGD_2026_Bhuvan_2024,3836,MATCHED_AUTHORITATIVE_BOUNDARY
3837,Chhaigaon Makhan,Khandwa (East Nimar),Madhya Pradesh,21.87706,76.226132,MoPR_LGD_and_ISRO_Bhuvan,LGD_2026_Bhuvan_2024,3837,MATCHED_AUTHORITATIVE_BOUNDARY
3838,Harsud,Khandwa (East Nimar),Madhya Pradesh,22.035696,76.707212,MoPR_LGD_and_ISRO_Bhuvan,LGD_2026_Bhuvan_2024,3838,MATCHED_AUTHORITATIVE_BOUNDARY
3839,Khalwa,Khandwa (East Nimar),Madhya Pradesh,21.804386,76.867918,MoPR_LGD_and_ISRO_Bhuvan,LGD_2026_Bhuvan_2024,3839,MATCHED_AUTHORITATIVE_BOUNDARY
3840,Khandwa,Khandwa (East Nimar),Madhya Pradesh,21.914356,76.413381,MoPR_LGD_and_ISRO_Bhuvan,LGD_2026_Bhuvan_2024,3840,MATCHED_AUTHORITATIVE_BOUNDARY
3841,Pandhana,Khandwa (East Nimar),Madhya Pradesh,21.663663,76.39186,MoPR_LGD_and_ISRO_Bhuvan,LGD_2026_Bhuvan_2024,3841,MATCHED_AUTHORITATIVE_BOUNDARY
3842,Punasa,Khandwa (East Nimar),Madhya Pradesh,22.178341,76.349721,MoPR_LGD_and_ISRO_Bhuvan,LGD_2026_Bhuvan_2024,3842,MATCHED_AUTHORITATIVE_BOUNDARY
3891,Barwah,Khargone (West Nimar),Madhya Pradesh,22.243875,76.015497,MoPR_LGD_and_ISRO_Bhuvan,LGD_2026_Bhuvan_2024,3891,MATCHED_AUTHORITATIVE_BOUNDARY
3892,Bhagvanpura,Khargone (West Nimar),Madhya Pradesh,21.591878,75.616955,MoPR_LGD_and_ISRO_Bhuvan,LGD_2026_Bhuvan_2024,3892,MATCHED_AUTHORITATIVE_BOUNDARY
3893,Bhikangaon,Khargone (West Nimar),Madhya Pradesh,21.913904,75.954125,MoPR_LGD_and_ISRO_Bhuvan,LGD_2026_Bhuvan_2024,3893,MATCHED_AUTHORITATIVE_BOUNDARY
3894,Gogawan,Khargone (West Nimar),Madhya Pradesh,21.806577,75.707542,MoPR_LGD_and_ISRO_Bhuvan,LGD_2026_Bhuvan_2024,3894,MATCHED_AUTHORITATIVE_BOUNDARY
3895,Kasrawad,Khargone (West Nimar),Madhya Pradesh,22.052972,75.607121,MoPR_LGD_and_ISRO_Bhuvan,LGD_2026_Bhuvan_2024,3895,MATCHED_AUTHORITATIVE_BOUNDARY
3896,Khargone,Khargone (West Nimar),Madhya Pradesh,21.852754,75.511586,MoPR_LGD_and_ISRO_Bhuvan,LGD_2026_Bhuvan_2024,3896,MATCHED_AUTHORITATIVE_BOUNDARY
3897,Maheshwar,Khargone (West Nimar),Madhya Pradesh,22.260847,75.706274,MoPR_LGD_and_ISRO_Bhuvan,LGD_2026_Bhuvan_2024,3897,MATCHED_AUTHORITATIVE_BOUNDARY
3898,Segaon,Khargone (West Nimar),Madhya Pradesh,21.803429,75.372357,MoPR_LGD_and_ISRO_Bhuvan,LGD_2026_Bhuvan_2024,3898,MATCHED_AUTHORITATIVE_BOUNDARY
3899,Ziranya,Khargone (West Nimar),Madhya Pradesh,21.599658,75.938957,MoPR_LGD_and_ISRO_Bhuvan,LGD_2026_Bhuvan_2024,3899,MATCHED_AUTHORITATIVE_BOUNDARY
3974,Amarpatan,Maihar,Madhya Pradesh,24.365055,81.118576,MoPR_LGD_and_ISRO_Bhuvan,LGD_2026_Bhuvan_2024,3974,MATCHED_AUTHORITATIVE_BOUNDARY
3975,Maihar,Maihar,Madhya Pradesh,24.164391,80.765262,MoPR_LGD_and_ISRO_Bhuvan,LGD_2026_Bhuvan_2024,3975,MATCHED_AUTHORITATIVE_BOUNDARY
3978,Ramnagar,Maihar,Madhya Pradesh,24.203011,81.159617,MoPR_LGD_and_ISRO_Bhuvan,LGD_2026_Bhuvan_2024,3978,MATCHED_AUTHORITATIVE_BOUNDARY
3900,Bichhiya,Mandla,Madhya Pradesh,22.409158,80.59678,MoPR_LGD_and_ISRO_Bhuvan,LGD_2026_Bhuvan_2024,3900,MATCHED_AUTHORITATIVE_BOUNDARY
3901,Bijadandi,Mandla,Madhya Pradesh,22.969891,80.12966,MoPR_LGD_and_ISRO_Bhuvan,LGD_2026_Bhuvan_2024,3901,MATCHED_AUTHORITATIVE_BOUNDARY
3902,Ghughri,Mandla,Madhya Pradesh,22.685192,80.782166,MoPR_LGD_and_ISRO_Bhuvan,LGD_2026_Bhuvan_2024,3902,MATCHED_AUTHORITATIVE_BOUNDARY
3903,Mandla,Mandla,Madhya Pradesh,22.632116,80.368047,MoPR_LGD_and_ISRO_Bhuvan,LGD_2026_Bhuvan_2024,3903,MATCHED_AUTHORITATIVE_BOUNDARY
3904,Mawai,Mandla,Madhya Pradesh,22.457038,80.972996,MoPR_LGD_and_ISRO_Bhuvan,LGD_2026_Bhuvan_2024,3904,MATCHED_AUTHORITATIVE_BOUNDARY
3905,Mohgaon,Mandla,Madhya Pradesh,22.763786,80.579517,MoPR_LGD_and_ISRO_Bhuvan,LGD_2026_Bhuvan_2024,3905,MATCHED_AUTHORITATIVE_BOUNDARY
3906,Nainpur,Mandla,Madhya Pradesh,22.452883,80.200345,MoPR_LGD_and_ISRO_Bhuvan,LGD_2026_Bhuvan_2024,3906,MATCHED_AUTHORITATIVE_BOUNDARY
3907,Narayanganj,Mandla,Madhya Pradesh,22.865646,80.296482,MoPR_LGD_and_ISRO_Bhuvan,LGD_2026_Bhuvan_2024,3907,MATCHED_AUTHORITATIVE_BOUNDARY
3908,Niwas,Mandla,Madhya Pradesh,23.059398,80.411871,MoPR_LGD_and_ISRO_Bhuvan,LGD_2026_Bhuvan_2024,3908,MATCHED_AUTHORITATIVE_BOUNDARY
3909,Bhanpura,Mandsaur,Madhya Pradesh,24.5603,75.724675,MoPR_LGD_and_ISRO_Bhuvan,LGD_2026_Bhuvan_2024,3909,MATCHED_AUTHORITATIVE_BOUNDARY
3910,Garoth,Mandsaur,Madhya Pradesh,24.267968,75.585204,MoPR_LGD_and_ISRO_Bhuvan,LGD_2026_Bhuvan_2024,3910,MATCHED_AUTHORITATIVE_BOUNDARY
3911,Malhargarh,Mandsaur,Madhya Pradesh,24.243096,75.116317,MoPR_LGD_and_ISRO_Bhuvan,LGD_2026_Bhuvan_2024,3911,MATCHED_AUTHORITATIVE_BOUNDARY
3912,Mandsaur,Mandsaur,Madhya Pradesh,23.974286,75.095112,MoPR_LGD_and_ISRO_Bhuvan,LGD_2026_Bhuvan_2024,3912,MATCHED_AUTHORITATIVE_BOUNDARY
3913,Sitamau,Mandsaur,Madhya Pradesh,24.054088,75.466706,MoPR_LGD_and_ISRO_Bhuvan,LGD_2026_Bhuvan_2024,3913,MATCHED_AUTHORITATIVE_BOUNDARY
3955,Hanumana,Mauganj,Madhya Pradesh,24.704886,82.053403,MoPR_LGD_and_ISRO_Bhuvan,LGD_2026_Bhuvan_2024,3955,MATCHED_AUTHORITATIVE_BOUNDARY
3957,Mauganj,Mauganj,Madhya Pradesh,24.612917,81.786313,MoPR_LGD_and_ISRO_Bhuvan,LGD_2026_Bhuvan_2024,3957,MATCHED_AUTHORITATIVE_BOUNDARY
3958,Naigarhi,Mauganj,Madhya Pradesh,24.788433,81.742176,MoPR_LGD_and_ISRO_Bhuvan,LGD_2026_Bhuvan_2024,3958,MATCHED_AUTHORITATIVE_BOUNDARY
3914,Ambah,Morena,Madhya Pradesh,26.659113,78.225958,MoPR_LGD_and_ISRO_Bhuvan,LGD_2026_Bhuvan_2024,3914,MATCHED_AUTHORITATIVE_BOUNDARY
3915,Joura,Morena,Madhya Pradesh,26.400357,77.878557,MoPR_LGD_and_ISRO_Bhuvan,LGD_2026_Bhuvan_2024,3915,MATCHED_AUTHORITATIVE_BOUNDARY
3916,Kailaras,Morena,Madhya Pradesh,26.239751,77.603409,MoPR_LGD_and_ISRO_Bhuvan,LGD_2026_Bhuvan_2024,3916,MATCHED_AUTHORITATIVE_BOUNDARY
3917,Morena,Morena,Madhya Pradesh,26.493257,78.079569,MoPR_LGD_and_ISRO_Bhuvan,LGD_2026_Bhuvan_2024,3917,MATCHED_AUTHORITATIVE_BOUNDARY
3918,Pahadgarh,Morena,Madhya Pradesh,26.207114,77.642299,MoPR_LGD_and_ISRO_Bhuvan,LGD_2026_Bhuvan_2024,3918,MATCHED_AUTHORITATIVE_BOUNDARY
3919,Porsa,Morena,Madhya Pradesh,26.749073,78.374425,MoPR_LGD_and_ISRO_Bhuvan,LGD_2026_Bhuvan_2024,3919,MATCHED_AUTHORITATIVE_BOUNDARY
3920,Sabalgarh,Morena,Madhya Pradesh,26.228932,77.36352,MoPR_LGD_and_ISRO_Bhuvan,LGD_2026_Bhuvan_2024,3920,MATCHED_AUTHORITATIVE_BOUNDARY
3856,Bankhedi,Narmadapuram,Madhya Pradesh,22.797031,78.535474,MoPR_LGD_and_ISRO_Bhuvan,LGD_2026_Bhuvan_2024,3856,MATCHED_AUTHORITATIVE_BOUNDARY
3858,Kesla,Narmadapuram,Madhya Pradesh,22.50222,77.818151,MoPR_LGD_and_ISRO_Bhuvan,LGD_2026_Bhuvan_2024,3858,MATCHED_AUTHORITATIVE_BOUNDARY
3855,Makhan Nagar,Narmadapuram,Madhya Pradesh,22.739883,77.950281,MoPR_LGD_and_ISRO_Bhuvan,LGD_2026_Bhuvan_2024,3855,MATCHED_AUTHORITATIVE_BOUNDARY
3857,Narmadapuram,Narmadapuram,Madhya Pradesh,22.652869,77.663251,MoPR_LGD_and_ISRO_Bhuvan,LGD_2026_Bhuvan_2024,3857,MATCHED_AUTHORITATIVE_BOUNDARY
3859,Pipariya,Narmadapuram,Madhya Pradesh,22.633605,78.400501,MoPR_LGD_and_ISRO_Bhuvan,LGD_2026_Bhuvan_2024,3859,MATCHED_AUTHORITATIVE_BOUNDARY
3860,Seoni Malwa,Narmadapuram,Madhya Pradesh,22.439748,77.467466,MoPR_LGD_and_ISRO_Bhuvan,LGD_2026_Bhuvan_2024,3860,MATCHED_AUTHORITATIVE_BOUNDARY
3861,Sohagpur,Narmadapuram,Madhya Pradesh,22.58016,78.145987,MoPR_LGD_and_ISRO_Bhuvan,LGD_2026_Bhuvan_2024,3861,MATCHED_AUTHORITATIVE_BOUNDARY
3921,Babai Chichali,Narsimhapur,Madhya Pradesh,22.773907,78.847111,MoPR_LGD_and_ISRO_Bhuvan,LGD_2026_Bhuvan_2024,3921,MATCHED_AUTHORITATIVE_BOUNDARY
3922,Chawarpatha,Narsimhapur,Madhya Pradesh,23.058974,78.90847,MoPR_LGD_and_ISRO_Bhuvan,LGD_2026_Bhuvan_2024,3922,MATCHED_AUTHORITATIVE_BOUNDARY
3923,Gotegaon,Narsimhapur,Madhya Pradesh,22.971428,79.476251,MoPR_LGD_and_ISRO_Bhuvan,LGD_2026_Bhuvan_2024,3923,MATCHED_AUTHORITATIVE_BOUNDARY
3924,Kareli,Narsimhapur,Madhya Pradesh,22.969782,79.09999,MoPR_LGD_and_ISRO_Bhuvan,LGD_2026_Bhuvan_2024,3924,MATCHED_AUTHORITATIVE_BOUNDARY
3925,Narsimhapur,Narsimhapur,Madhya Pradesh,22.932233,79.288033,MoPR_LGD_and_ISRO_Bhuvan,LGD_2026_Bhuvan_2024,3925,MATCHED_AUTHORITATIVE_BOUNDARY
3926,Sainkheda,Narsimhapur,Madhya Pradesh,22.956494,78.672992,MoPR_LGD_and_ISRO_Bhuvan,LGD_2026_Bhuvan_2024,3926,MATCHED_AUTHORITATIVE_BOUNDARY
3927,Jawad,Neemuch,Madhya Pradesh,24.775758,75.060748,MoPR_LGD_and_ISRO_Bhuvan,LGD_2026_Bhuvan_2024,3927,MATCHED_AUTHORITATIVE_BOUNDARY
3928,Manasa,Neemuch,Madhya Pradesh,24.52028,75.316942,MoPR_LGD_and_ISRO_Bhuvan,LGD_2026_Bhuvan_2024,3928,MATCHED_AUTHORITATIVE_BOUNDARY
3929,Neemuch,Neemuch,Madhya Pradesh,24.403922,74.913155,MoPR_LGD_and_ISRO_Bhuvan,LGD_2026_Bhuvan_2024,3929,MATCHED_AUTHORITATIVE_BOUNDARY
4029,Niwari,Niwari,Madhya Pradesh,25.368568,78.775072,MoPR_LGD_and_ISRO_Bhuvan,LGD_2026_Bhuvan_2024,4029,MATCHED_AUTHORITATIVE_BOUNDARY
4031,Prithvipur,Niwari,Madhya Pradesh,25.194988,78.719296,MoPR_LGD_and_ISRO_Bhuvan,LGD_2026_Bhuvan_2024,4031,MATCHED_AUTHORITATIVE_BOUNDARY
3796,Pandhurna,Pandhurna,Madhya Pradesh,21.683923,78.577883,MoPR_LGD_and_ISRO_Bhuvan,LGD_2026_Bhuvan_2024,3796,MATCHED_AUTHORITATIVE_BOUNDARY
3798,Sausar,Pandhurna,Madhya Pradesh,21.643543,78.803307,MoPR_LGD_and_ISRO_Bhuvan,LGD_2026_Bhuvan_2024,3798,MATCHED_AUTHORITATIVE_BOUNDARY
3930,Ajaigarh,Panna,Madhya Pradesh,24.931439,80.271063,MoPR_LGD_and_ISRO_Bhuvan,LGD_2026_Bhuvan_2024,3930,MATCHED_AUTHORITATIVE_BOUNDARY
3931,Gunour,Panna,Madhya Pradesh,24.436747,80.155783,MoPR_LGD_and_ISRO_Bhuvan,LGD_2026_Bhuvan_2024,3931,MATCHED_AUTHORITATIVE_BOUNDARY
3932,Panna,Panna,Madhya Pradesh,24.690316,80.230209,MoPR_LGD_and_ISRO_Bhuvan,LGD_2026_Bhuvan_2024,3932,MATCHED_AUTHORITATIVE_BOUNDARY
3933,Pawai,Panna,Madhya Pradesh,24.237714,80.062987,MoPR_LGD_and_ISRO_Bhuvan,LGD_2026_Bhuvan_2024,3933,MATCHED_AUTHORITATIVE_BOUNDARY
3934,Shahnagar,Panna,Madhya Pradesh,24.099732,80.214912,MoPR_LGD_and_ISRO_Bhuvan,LGD_2026_Bhuvan_2024,3934,MATCHED_AUTHORITATIVE_BOUNDARY
3935,Badi,Raisen,Madhya Pradesh,23.031387,78.153315,MoPR_LGD_and_ISRO_Bhuvan,LGD_2026_Bhuvan_2024,3935,MATCHED_AUTHORITATIVE_BOUNDARY
3936,Begamganj,Raisen,Madhya Pradesh,23.541977,78.458473,MoPR_LGD_and_ISRO_Bhuvan,LGD_2026_Bhuvan_2024,3936,MATCHED_AUTHORITATIVE_BOUNDARY
3937,Gairatganj,Raisen,Madhya Pradesh,23.389269,78.193272,MoPR_LGD_and_ISRO_Bhuvan,LGD_2026_Bhuvan_2024,3937,MATCHED_AUTHORITATIVE_BOUNDARY
3938,Obaidallaganj,Raisen,Madhya Pradesh,23.039851,77.693704,MoPR_LGD_and_ISRO_Bhuvan,LGD_2026_Bhuvan_2024,3938,MATCHED_AUTHORITATIVE_BOUNDARY
3939,Sanchi,Raisen,Madhya Pradesh,23.346103,77.763155,MoPR_LGD_and_ISRO_Bhuvan,LGD_2026_Bhuvan_2024,3939,MATCHED_AUTHORITATIVE_BOUNDARY
3940,Silwani,Raisen,Madhya Pradesh,23.263944,78.466554,MoPR_LGD_and_ISRO_Bhuvan,LGD_2026_Bhuvan_2024,3940,MATCHED_AUTHORITATIVE_BOUNDARY
3941,Udaipura,Raisen,Madhya Pradesh,23.107168,78.577052,MoPR_LGD_and_ISRO_Bhuvan,LGD_2026_Bhuvan_2024,3941,MATCHED_AUTHORITATIVE_BOUNDARY
3942,Biaora,Rajgarh,Madhya Pradesh,23.898781,77.027794,MoPR_LGD_and_ISRO_Bhuvan,LGD_2026_Bhuvan_2024,3942,MATCHED_AUTHORITATIVE_BOUNDARY
3943,Khilchipur,Rajgarh,Madhya Pradesh,24.049329,76.561735,MoPR_LGD_and_ISRO_Bhuvan,LGD_2026_Bhuvan_2024,3943,MATCHED_AUTHORITATIVE_BOUNDARY
3944,Narsinghgarh,Rajgarh,Madhya Pradesh,23.627243,76.931327,MoPR_LGD_and_ISRO_Bhuvan,LGD_2026_Bhuvan_2024,3944,MATCHED_AUTHORITATIVE_BOUNDARY
3945,Rajgarh,Rajgarh,Madhya Pradesh,23.950778,76.751321,MoPR_LGD_and_ISRO_Bhuvan,LGD_2026_Bhuvan_2024,3945,MATCHED_AUTHORITATIVE_BOUNDARY
3946,Sarangpur,Rajgarh,Madhya Pradesh,23.690384,76.544015,MoPR_LGD_and_ISRO_Bhuvan,LGD_2026_Bhuvan_2024,3946,MATCHED_AUTHORITATIVE_BOUNDARY
3947,Zirapur,Rajgarh,Madhya Pradesh,24.066427,76.352199,MoPR_LGD_and_ISRO_Bhuvan,LGD_2026_Bhuvan_2024,3947,MATCHED_AUTHORITATIVE_BOUNDARY
3948,Alot,Ratlam,Madhya Pradesh,23.737384,75.469476,MoPR_LGD_and_ISRO_Bhuvan,LGD_2026_Bhuvan_2024,3948,MATCHED_AUTHORITATIVE_BOUNDARY
3949,Bajna,Ratlam,Madhya Pradesh,23.293346,74.733616,MoPR_LGD_and_ISRO_Bhuvan,LGD_2026_Bhuvan_2024,3949,MATCHED_AUTHORITATIVE_BOUNDARY
3950,Jaora,Ratlam,Madhya Pradesh,23.682037,75.203436,MoPR_LGD_and_ISRO_Bhuvan,LGD_2026_Bhuvan_2024,3950,MATCHED_AUTHORITATIVE_BOUNDARY
3951,Piploda,Ratlam,Madhya Pradesh,23.645196,74.993223,MoPR_LGD_and_ISRO_Bhuvan,LGD_2026_Bhuvan_2024,3951,MATCHED_AUTHORITATIVE_BOUNDARY
3952,Ratlam,Ratlam,Madhya Pradesh,23.305559,75.081615,MoPR_LGD_and_ISRO_Bhuvan,LGD_2026_Bhuvan_2024,3952,MATCHED_AUTHORITATIVE_BOUNDARY
3953,Sailana,Ratlam,Madhya Pradesh,23.414749,74.822992,MoPR_LGD_and_ISRO_Bhuvan,LGD_2026_Bhuvan_2024,3953,MATCHED_AUTHORITATIVE_BOUNDARY
3954,Gangev,Rewa,Madhya Pradesh,24.759927,81.541861,MoPR_LGD_and_ISRO_Bhuvan,LGD_2026_Bhuvan_2024,3954,MATCHED_AUTHORITATIVE_BOUNDARY
3956,Jawa,Rewa,Madhya Pradesh,24.99722,81.408089,MoPR_LGD_and_ISRO_Bhuvan,LGD_2026_Bhuvan_2024,3956,MATCHED_AUTHORITATIVE_BOUNDARY
3959,Raipur Karchuliyan,Rewa,Madhya Pradesh,24.563049,81.519546,MoPR_LGD_and_ISRO_Bhuvan,LGD_2026_Bhuvan_2024,3959,MATCHED_AUTHORITATIVE_BOUNDARY
3960,Rewa,Rewa,Madhya Pradesh,24.497864,81.318384,MoPR_LGD_and_ISRO_Bhuvan,LGD_2026_Bhuvan_2024,3960,MATCHED_AUTHORITATIVE_BOUNDARY
3961,Sirmour,Rewa,Madhya Pradesh,24.794517,81.278537,MoPR_LGD_and_ISRO_Bhuvan,LGD_2026_Bhuvan_2024,3961,MATCHED_AUTHORITATIVE_BOUNDARY
3962,Teonthar,Rewa,Madhya Pradesh,24.987193,81.704989,MoPR_LGD_and_ISRO_Bhuvan,LGD_2026_Bhuvan_2024,3962,MATCHED_AUTHORITATIVE_BOUNDARY
3963,Banda,Sagar,Madhya Pradesh,24.050885,78.886309,MoPR_LGD_and_ISRO_Bhuvan,LGD_2026_Bhuvan_2024,3963,MATCHED_AUTHORITATIVE_BOUNDARY
3964,Bina,Sagar,Madhya Pradesh,24.25548,78.208428,MoPR_LGD_and_ISRO_Bhuvan,LGD_2026_Bhuvan_2024,3964,MATCHED_AUTHORITATIVE_BOUNDARY
3965,Deori,Sagar,Madhya Pradesh,23.384783,79.053813,MoPR_LGD_and_ISRO_Bhuvan,LGD_2026_Bhuvan_2024,3965,MATCHED_AUTHORITATIVE_BOUNDARY
3966,Jaisinagar,Sagar,Madhya Pradesh,23.677755,78.628053,MoPR_LGD_and_ISRO_Bhuvan,LGD_2026_Bhuvan_2024,3966,MATCHED_AUTHORITATIVE_BOUNDARY
3967,Kesli,Sagar,Madhya Pradesh,23.396984,78.803035,MoPR_LGD_and_ISRO_Bhuvan,LGD_2026_Bhuvan_2024,3967,MATCHED_AUTHORITATIVE_BOUNDARY
3968,Khurai,Sagar,Madhya Pradesh,24.076085,78.351276,MoPR_LGD_and_ISRO_Bhuvan,LGD_2026_Bhuvan_2024,3968,MATCHED_AUTHORITATIVE_BOUNDARY
3969,Malthone,Sagar,Madhya Pradesh,24.168653,78.553729,MoPR_LGD_and_ISRO_Bhuvan,LGD_2026_Bhuvan_2024,3969,MATCHED_AUTHORITATIVE_BOUNDARY
3970,Rahatgarh,Sagar,Madhya Pradesh,23.849888,78.472025,MoPR_LGD_and_ISRO_Bhuvan,LGD_2026_Bhuvan_2024,3970,MATCHED_AUTHORITATIVE_BOUNDARY
3971,Rehli,Sagar,Madhya Pradesh,23.664627,79.134804,MoPR_LGD_and_ISRO_Bhuvan,LGD_2026_Bhuvan_2024,3971,MATCHED_AUTHORITATIVE_BOUNDARY
3972,Sagar,Sagar,Madhya Pradesh,23.804284,78.856679,MoPR_LGD_and_ISRO_Bhuvan,LGD_2026_Bhuvan_2024,3972,MATCHED_AUTHORITATIVE_BOUNDARY
3973,Shahgarh,Sagar,Madhya Pradesh,24.246078,79.043836,MoPR_LGD_and_ISRO_Bhuvan,LGD_2026_Bhuvan_2024,3973,MATCHED_AUTHORITATIVE_BOUNDARY
3976,Majhgawan,Satna,Madhya Pradesh,24.920604,80.785785,MoPR_LGD_and_ISRO_Bhuvan,LGD_2026_Bhuvan_2024,3976,MATCHED_AUTHORITATIVE_BOUNDARY
3977,Nagod,Satna,Madhya Pradesh,24.610605,80.53535,MoPR_LGD_and_ISRO_Bhuvan,LGD_2026_Bhuvan_2024,3977,MATCHED_AUTHORITATIVE_BOUNDARY
3979,Rampur Baghelan,Satna,Madhya Pradesh,24.568973,81.023743,MoPR_LGD_and_ISRO_Bhuvan,LGD_2026_Bhuvan_2024,3979,MATCHED_AUTHORITATIVE_BOUNDARY
3980,Sohawal,Satna,Madhya Pradesh,24.668735,80.792789,MoPR_LGD_and_ISRO_Bhuvan,LGD_2026_Bhuvan_2024,3980,MATCHED_AUTHORITATIVE_BOUNDARY
3981,Unchahara,Satna,Madhya Pradesh,24.401927,80.689041,MoPR_LGD_and_ISRO_Bhuvan,LGD_2026_Bhuvan_2024,3981,MATCHED_AUTHORITATIVE_BOUNDARY
3982,Ashta,Sehore,Madhya Pradesh,22.981592,76.667179,MoPR_LGD_and_ISRO_Bhuvan,LGD_2026_Bhuvan_2024,3982,MATCHED_AUTHORITATIVE_BOUNDARY
3983,Budni,Sehore,Madhya Pradesh,22.812459,77.660182,MoPR_LGD_and_ISRO_Bhuvan,LGD_2026_Bhuvan_2024,3983,MATCHED_AUTHORITATIVE_BOUNDARY
3984,Ichhawar,Sehore,Madhya Pradesh,22.980209,77.096506,MoPR_LGD_and_ISRO_Bhuvan,LGD_2026_Bhuvan_2024,3984,MATCHED_AUTHORITATIVE_BOUNDARY
3985,Nasrullaganj,Sehore,Madhya Pradesh,22.749717,77.226211,MoPR_LGD_and_ISRO_Bhuvan,LGD_2026_Bhuvan_2024,3985,MATCHED_AUTHORITATIVE_BOUNDARY
3986,Sehore,Sehore,Madhya Pradesh,23.311484,77.129191,MoPR_LGD_and_ISRO_Bhuvan,LGD_2026_Bhuvan_2024,3986,MATCHED_AUTHORITATIVE_BOUNDARY
3987,Barghat,Seoni,Madhya Pradesh,22.018395,79.775636,MoPR_LGD_and_ISRO_Bhuvan,LGD_2026_Bhuvan_2024,3987,MATCHED_AUTHORITATIVE_BOUNDARY
3988,Chhapara,Seoni,Madhya Pradesh,22.410851,79.473028,MoPR_LGD_and_ISRO_Bhuvan,LGD_2026_Bhuvan_2024,3988,MATCHED_AUTHORITATIVE_BOUNDARY
3989,Dhanaura,Seoni,Madhya Pradesh,22.486791,79.809179,MoPR_LGD_and_ISRO_Bhuvan,LGD_2026_Bhuvan_2024,3989,MATCHED_AUTHORITATIVE_BOUNDARY
3990,Kahnapas(Ghansaur),Seoni,Madhya Pradesh,22.712733,79.993205,MoPR_LGD_and_ISRO_Bhuvan,LGD_2026_Bhuvan_2024,3990,MATCHED_AUTHORITATIVE_BOUNDARY
3991,Keolari,Seoni,Madhya Pradesh,22.303185,79.95234,MoPR_LGD_and_ISRO_Bhuvan,LGD_2026_Bhuvan_2024,3991,MATCHED_AUTHORITATIVE_BOUNDARY
3992,Kurai,Seoni,Madhya Pradesh,21.818599,79.496374,MoPR_LGD_and_ISRO_Bhuvan,LGD_2026_Bhuvan_2024,3992,MATCHED_AUTHORITATIVE_BOUNDARY
3993,Lakhnadon,Seoni,Madhya Pradesh,22.682656,79.60845,MoPR_LGD_and_ISRO_Bhuvan,LGD_2026_Bhuvan_2024,3993,MATCHED_AUTHORITATIVE_BOUNDARY
3994,Seoni,Seoni,Madhya Pradesh,22.177431,79.569748,MoPR_LGD_and_ISRO_Bhuvan,LGD_2026_Bhuvan_2024,3994,MATCHED_AUTHORITATIVE_BOUNDARY
3995,Beohari,Shahdol,Madhya Pradesh,24.073991,81.292819,MoPR_LGD_and_ISRO_Bhuvan,LGD_2026_Bhuvan_2024,3995,MATCHED_AUTHORITATIVE_BOUNDARY
3996,Burhar,Shahdol,Madhya Pradesh,23.395386,81.75849,MoPR_LGD_and_ISRO_Bhuvan,LGD_2026_Bhuvan_2024,3996,MATCHED_AUTHORITATIVE_BOUNDARY
3997,Gohparu,Shahdol,Madhya Pradesh,23.523887,81.442556,MoPR_LGD_and_ISRO_Bhuvan,LGD_2026_Bhuvan_2024,3997,MATCHED_AUTHORITATIVE_BOUNDARY
3998,Jaisinghnagar,Shahdol,Madhya Pradesh,23.805112,81.429727,MoPR_LGD_and_ISRO_Bhuvan,LGD_2026_Bhuvan_2024,3998,MATCHED_AUTHORITATIVE_BOUNDARY
3999,Sohagpur,Shahdol,Madhya Pradesh,23.229961,81.455467,MoPR_LGD_and_ISRO_Bhuvan,LGD_2026_Bhuvan_2024,3999,MATCHED_AUTHORITATIVE_BOUNDARY
4002,Kalapipal,Shajapur,Madhya Pradesh,23.313525,76.867347,MoPR_LGD_and_ISRO_Bhuvan,LGD_2026_Bhuvan_2024,4002,MATCHED_AUTHORITATIVE_BOUNDARY
4003,Moman Badodia,Shajapur,Madhya Pradesh,23.530352,76.414073,MoPR_LGD_and_ISRO_Bhuvan,LGD_2026_Bhuvan_2024,4003,MATCHED_AUTHORITATIVE_BOUNDARY
4005,Shajapur,Shajapur,Madhya Pradesh,23.352952,76.337252,MoPR_LGD_and_ISRO_Bhuvan,LGD_2026_Bhuvan_2024,4005,MATCHED_AUTHORITATIVE_BOUNDARY
4006,Shujalpur,Shajapur,Madhya Pradesh,23.331101,76.657878,MoPR_LGD_and_ISRO_Bhuvan,LGD_2026_Bhuvan_2024,4006,MATCHED_AUTHORITATIVE_BOUNDARY
4008,Karahal,Sheopur,Madhya Pradesh,25.567729,76.952262,MoPR_LGD_and_ISRO_Bhuvan,LGD_2026_Bhuvan_2024,4008,MATCHED_AUTHORITATIVE_BOUNDARY
4009,Sheopur,Sheopur,Madhya Pradesh,25.676593,76.662439,MoPR_LGD_and_ISRO_Bhuvan,LGD_2026_Bhuvan_2024,4009,MATCHED_AUTHORITATIVE_BOUNDARY
4010,Vijaypur,Sheopur,Madhya Pradesh,25.94659,77.22005,MoPR_LGD_and_ISRO_Bhuvan,LGD_2026_Bhuvan_2024,4010,MATCHED_AUTHORITATIVE_BOUNDARY
4011,Badarwas,Shivpuri,Madhya Pradesh,25.013639,77.652321,MoPR_LGD_and_ISRO_Bhuvan,LGD_2026_Bhuvan_2024,4011,MATCHED_AUTHORITATIVE_BOUNDARY
4012,Karera,Shivpuri,Madhya Pradesh,25.477626,78.163846,MoPR_LGD_and_ISRO_Bhuvan,LGD_2026_Bhuvan_2024,4012,MATCHED_AUTHORITATIVE_BOUNDARY
4013,Khaniadhana,Shivpuri,Madhya Pradesh,25.051575,78.145758,MoPR_LGD_and_ISRO_Bhuvan,LGD_2026_Bhuvan_2024,4013,MATCHED_AUTHORITATIVE_BOUNDARY
4014,Kolaras,Shivpuri,Madhya Pradesh,25.203546,77.548289,MoPR_LGD_and_ISRO_Bhuvan,LGD_2026_Bhuvan_2024,4014,MATCHED_AUTHORITATIVE_BOUNDARY
4015,Narwar,Shivpuri,Madhya Pradesh,25.636473,78.082705,MoPR_LGD_and_ISRO_Bhuvan,LGD_2026_Bhuvan_2024,4015,MATCHED_AUTHORITATIVE_BOUNDARY
4016,Pichhore,Shivpuri,Madhya Pradesh,25.259689,78.03276,MoPR_LGD_and_ISRO_Bhuvan,LGD_2026_Bhuvan_2024,4016,MATCHED_AUTHORITATIVE_BOUNDARY
4017,Pohri,Shivpuri,Madhya Pradesh,25.598091,77.386541,MoPR_LGD_and_ISRO_Bhuvan,LGD_2026_Bhuvan_2024,4017,MATCHED_AUTHORITATIVE_BOUNDARY
4018,Shivpuri,Shivpuri,Madhya Pradesh,25.552825,77.709256,MoPR_LGD_and_ISRO_Bhuvan,LGD_2026_Bhuvan_2024,4018,MATCHED_AUTHORITATIVE_BOUNDARY
4021,Kusmi,Sidhi,Madhya Pradesh,23.949758,81.869251,MoPR_LGD_and_ISRO_Bhuvan,LGD_2026_Bhuvan_2024,4021,MATCHED_AUTHORITATIVE_BOUNDARY
4022,Majhauli,Sidhi,Madhya Pradesh,24.148781,81.686115,MoPR_LGD_and_ISRO_Bhuvan,LGD_2026_Bhuvan_2024,4022,MATCHED_AUTHORITATIVE_BOUNDARY
4023,Rampur Naikin,Sidhi,Madhya Pradesh,24.347763,81.558589,MoPR_LGD_and_ISRO_Bhuvan,LGD_2026_Bhuvan_2024,4023,MATCHED_AUTHORITATIVE_BOUNDARY
4024,Sidhi,Sidhi,Madhya Pradesh,24.358426,81.862686,MoPR_LGD_and_ISRO_Bhuvan,LGD_2026_Bhuvan_2024,4024,MATCHED_AUTHORITATIVE_BOUNDARY
4025,Sihawal,Sidhi,Madhya Pradesh,24.492717,82.138071,MoPR_LGD_and_ISRO_Bhuvan,LGD_2026_Bhuvan_2024,4025,MATCHED_AUTHORITATIVE_BOUNDARY
4026,Baidhan,Singrauli,Madhya Pradesh,23.991636,82.499631,MoPR_LGD_and_ISRO_Bhuvan,LGD_2026_Bhuvan_2024,4026,MATCHED_AUTHORITATIVE_BOUNDARY
4019,Chitrangi,Singrauli,Madhya Pradesh,24.457008,82.543833,MoPR_LGD_and_ISRO_Bhuvan,LGD_2026_Bhuvan_2024,4019,MATCHED_AUTHORITATIVE_BOUNDARY
4020,Devsar,Singrauli,Madhya Pradesh,24.190781,82.202844,MoPR_LGD_and_ISRO_Bhuvan,LGD_2026_Bhuvan_2024,4020,MATCHED_AUTHORITATIVE_BOUNDARY
4027,Baldeogarh,Tikamgarh,Madhya Pradesh,24.791919,79.167128,MoPR_LGD_and_ISRO_Bhuvan,LGD_2026_Bhuvan_2024,4027,MATCHED_AUTHORITATIVE_BOUNDARY
4028,Jatara,Tikamgarh,Madhya Pradesh,24.980157,78.872235,MoPR_LGD_and_ISRO_Bhuvan,LGD_2026_Bhuvan_2024,4028,MATCHED_AUTHORITATIVE_BOUNDARY
4030,Palera,Tikamgarh,Madhya Pradesh,25.070342,79.137081,MoPR_LGD_and_ISRO_Bhuvan,LGD_2026_Bhuvan_2024,4030,MATCHED_AUTHORITATIVE_BOUNDARY
4032,Tikamgarh,Tikamgarh,Madhya Pradesh,24.68683,78.92696,MoPR_LGD_and_ISRO_Bhuvan,LGD_2026_Bhuvan_2024,4032,MATCHED_AUTHORITATIVE_BOUNDARY
4033,Badnagar,Ujjain,Madhya Pradesh,23.116568,75.429518,MoPR_LGD_and_ISRO_Bhuvan,LGD_2026_Bhuvan_2024,4033,MATCHED_AUTHORITATIVE_BOUNDARY
4034,Ghatiya,Ujjain,Madhya Pradesh,23.309269,75.783151,MoPR_LGD_and_ISRO_Bhuvan,LGD_2026_Bhuvan_2024,4034,MATCHED_AUTHORITATIVE_BOUNDARY
4035,Khacharod,Ujjain,Madhya Pradesh,23.421437,75.397378,MoPR_LGD_and_ISRO_Bhuvan,LGD_2026_Bhuvan_2024,4035,MATCHED_AUTHORITATIVE_BOUNDARY
4036,Mahidpur,Ujjain,Madhya Pradesh,23.549819,75.711271,MoPR_LGD_and_ISRO_Bhuvan,LGD_2026_Bhuvan_2024,4036,MATCHED_AUTHORITATIVE_BOUNDARY
4037,Tarana,Ujjain,Madhya Pradesh,23.391745,76.069617,MoPR_LGD_and_ISRO_Bhuvan,LGD_2026_Bhuvan_2024,4037,MATCHED_AUTHORITATIVE_BOUNDARY
4038,Ujjain,Ujjain,Madhya Pradesh,23.126802,75.810714,MoPR_LGD_and_ISRO_Bhuvan,LGD_2026_Bhuvan_2024,4038,MATCHED_AUTHORITATIVE_BOUNDARY
4039,Karkeli,Umaria,Madhya Pradesh,23.447291,80.786534,MoPR_LGD_and_ISRO_Bhuvan,LGD_2026_Bhuvan_2024,4039,MATCHED_AUTHORITATIVE_BOUNDARY
4040,Manpur,Umaria,Madhya Pradesh,23.735922,81.032996,MoPR_LGD_and_ISRO_Bhuvan,LGD_2026_Bhuvan_2024,4040,MATCHED_AUTHORITATIVE_BOUNDARY
4041,Pali,Umaria,Madhya Pradesh,23.391266,81.191969,MoPR_LGD_and_ISRO_Bhuvan,LGD_2026_Bhuvan_2024,4041,MATCHED_AUTHORITATIVE_BOUNDARY
4042,Basoda,Vidisha,Madhya Pradesh,23.849265,78.042161,MoPR_LGD_and_ISRO_Bhuvan,LGD_2026_Bhuvan_2024,4042,MATCHED_AUTHORITATIVE_BOUNDARY
4043,Gyaraspur,Vidisha,Madhya Pradesh,23.61872,78.069514,MoPR_LGD_and_ISRO_Bhuvan,LGD_2026_Bhuvan_2024,4043,MATCHED_AUTHORITATIVE_BOUNDARY
4044,Kurwai,Vidisha,Madhya Pradesh,24.082829,78.065848,MoPR_LGD_and_ISRO_Bhuvan,LGD_2026_Bhuvan_2024,4044,MATCHED_AUTHORITATIVE_BOUNDARY
4045,Lateri,Vidisha,Madhya Pradesh,24.071181,77.415597,MoPR_LGD_and_ISRO_Bhuvan,LGD_2026_Bhuvan_2024,4045,MATCHED_AUTHORITATIVE_BOUNDARY
4046,Nateran,Vidisha,Madhya Pradesh,23.857639,77.660263,MoPR_LGD_and_ISRO_Bhuvan,LGD_2026_Bhuvan_2024,4046,MATCHED_AUTHORITATIVE_BOUNDARY
4047,Sironj,Vidisha,Madhya Pradesh,24.154566,77.713725,MoPR_LGD_and_ISRO_Bhuvan,LGD_2026_Bhuvan_2024,4047,MATCHED_AUTHORITATIVE_BOUNDARY
4048,Vidisha,Vidisha,Madhya Pradesh,23.568439,77.78096,MoPR_LGD_and_ISRO_Bhuvan,LGD_2026_Bhuvan_2024,4048,MATCHED_AUTHORITATIVE_BOUNDARY
4281,Ahilyanagar,Ahilyanagar,Maharashtra,19.075655,74.746279,MoPR_LGD_and_ISRO_Bhuvan,LGD_2026_Bhuvan_2024,4281,MATCHED_AUTHORITATIVE_BOUNDARY
4277,Akole,Ahilyanagar,Maharashtra,19.513718,73.902671,MoPR_LGD_and_ISRO_Bhuvan,LGD_2026_Bhuvan_2024,4277,MATCHED_AUTHORITATIVE_BOUNDARY
4278,Jamkhed,Ahilyanagar,Maharashtra,18.660336,75.348071,MoPR_LGD_and_ISRO_Bhuvan,LGD_2026_Bhuvan_2024,4278,MATCHED_AUTHORITATIVE_BOUNDARY
4279,Karjat,Ahilyanagar,Maharashtra,18.565751,74.956096,MoPR_LGD_and_ISRO_Bhuvan,LGD_2026_Bhuvan_2024,4279,MATCHED_AUTHORITATIVE_BOUNDARY
4280,Kopargaon,Ahilyanagar,Maharashtra,19.875493,74.454171,MoPR_LGD_and_ISRO_Bhuvan,LGD_2026_Bhuvan_2024,4280,MATCHED_AUTHORITATIVE_BOUNDARY
4282,Nevasa,Ahilyanagar,Maharashtra,19.472231,74.959093,MoPR_LGD_and_ISRO_Bhuvan,LGD_2026_Bhuvan_2024,4282,MATCHED_AUTHORITATIVE_BOUNDARY
4283,Parner,Ahilyanagar,Maharashtra,19.078268,74.406169,MoPR_LGD_and_ISRO_Bhuvan,LGD_2026_Bhuvan_2024,4283,MATCHED_AUTHORITATIVE_BOUNDARY
4284,Pathardi,Ahilyanagar,Maharashtra,19.1714,75.161179,MoPR_LGD_and_ISRO_Bhuvan,LGD_2026_Bhuvan_2024,4284,MATCHED_AUTHORITATIVE_BOUNDARY
4285,Rahata,Ahilyanagar,Maharashtra,19.679449,74.507214,MoPR_LGD_and_ISRO_Bhuvan,LGD_2026_Bhuvan_2024,4285,MATCHED_AUTHORITATIVE_BOUNDARY
4286,Rahuri,Ahilyanagar,Maharashtra,19.400222,74.616215,MoPR_LGD_and_ISRO_Bhuvan,LGD_2026_Bhuvan_2024,4286,MATCHED_AUTHORITATIVE_BOUNDARY
4287,Sangamner,Ahilyanagar,Maharashtra,19.492876,74.243931,MoPR_LGD_and_ISRO_Bhuvan,LGD_2026_Bhuvan_2024,4287,MATCHED_AUTHORITATIVE_BOUNDARY
4288,Shevgaon,Ahilyanagar,Maharashtra,19.36431,75.286802,MoPR_LGD_and_ISRO_Bhuvan,LGD_2026_Bhuvan_2024,4288,MATCHED_AUTHORITATIVE_BOUNDARY
4289,Shrigonda,Ahilyanagar,Maharashtra,18.703091,74.660774,MoPR_LGD_and_ISRO_Bhuvan,LGD_2026_Bhuvan_2024,4289,MATCHED_AUTHORITATIVE_BOUNDARY
4290,Shrirampur,Ahilyanagar,Maharashtra,19.629213,74.704608,MoPR_LGD_and_ISRO_Bhuvan,LGD_2026_Bhuvan_2024,4290,MATCHED_AUTHORITATIVE_BOUNDARY
4291,Akola,Akola,Maharashtra,20.731204,77.089665,MoPR_LGD_and_ISRO_Bhuvan,LGD_2026_Bhuvan_2024,4291,MATCHED_AUTHORITATIVE_BOUNDARY
4292,Akot,Akola,Maharashtra,21.05863,77.05807,MoPR_LGD_and_ISRO_Bhuvan,LGD_2026_Bhuvan_2024,4292,MATCHED_AUTHORITATIVE_BOUNDARY
4293,Balapur,Akola,Maharashtra,20.732547,76.83289,MoPR_LGD_and_ISRO_Bhuvan,LGD_2026_Bhuvan_2024,4293,MATCHED_AUTHORITATIVE_BOUNDARY
4294,Barshitakli,Akola,Maharashtra,20.524631,77.152868,MoPR_LGD_and_ISRO_Bhuvan,LGD_2026_Bhuvan_2024,4294,MATCHED_AUTHORITATIVE_BOUNDARY
4295,Murtijapur,Akola,Maharashtra,20.742954,77.415988,MoPR_LGD_and_ISRO_Bhuvan,LGD_2026_Bhuvan_2024,4295,MATCHED_AUTHORITATIVE_BOUNDARY
4296,Patur,Akola,Maharashtra,20.429573,76.85021,MoPR_LGD_and_ISRO_Bhuvan,LGD_2026_Bhuvan_2024,4296,MATCHED_AUTHORITATIVE_BOUNDARY
4297,Telhara,Akola,Maharashtra,21.044777,76.870947,MoPR_LGD_and_ISRO_Bhuvan,LGD_2026_Bhuvan_2024,4297,MATCHED_AUTHORITATIVE_BOUNDARY
4298,Achalpur,Amravati,Maharashtra,21.229594,77.466328,MoPR_LGD_and_ISRO_Bhuvan,LGD_2026_Bhuvan_2024,4298,MATCHED_AUTHORITATIVE_BOUNDARY
4299,Amravati,Amravati,Maharashtra,20.995411,77.811219,MoPR_LGD_and_ISRO_Bhuvan,LGD_2026_Bhuvan_2024,4299,MATCHED_AUTHORITATIVE_BOUNDARY
4300,Anjangaon S,Amravati,Maharashtra,21.125217,77.299018,MoPR_LGD_and_ISRO_Bhuvan,LGD_2026_Bhuvan_2024,4300,MATCHED_AUTHORITATIVE_BOUNDARY
4301,Bhatkuli,Amravati,Maharashtra,20.973612,77.602318,MoPR_LGD_and_ISRO_Bhuvan,LGD_2026_Bhuvan_2024,4301,MATCHED_AUTHORITATIVE_BOUNDARY
4303,Chandur Bz,Amravati,Maharashtra,21.265567,77.691078,MoPR_LGD_and_ISRO_Bhuvan,LGD_2026_Bhuvan_2024,4303,MATCHED_AUTHORITATIVE_BOUNDARY
4302,Chandur Ril,Amravati,Maharashtra,20.779487,77.967246,MoPR_LGD_and_ISRO_Bhuvan,LGD_2026_Bhuvan_2024,4302,MATCHED_AUTHORITATIVE_BOUNDARY
4304,Chikhaldara,Amravati,Maharashtra,21.455895,77.240838,MoPR_LGD_and_ISRO_Bhuvan,LGD_2026_Bhuvan_2024,4304,MATCHED_AUTHORITATIVE_BOUNDARY
4305,Daryapur,Amravati,Maharashtra,20.955412,77.326445,MoPR_LGD_and_ISRO_Bhuvan,LGD_2026_Bhuvan_2024,4305,MATCHED_AUTHORITATIVE_BOUNDARY
4306,Dhamangaon Ril,Amravati,Maharashtra,20.787278,78.168907,MoPR_LGD_and_ISRO_Bhuvan,LGD_2026_Bhuvan_2024,4306,MATCHED_AUTHORITATIVE_BOUNDARY
4307,Dharni,Amravati,Maharashtra,21.488402,76.932382,MoPR_LGD_and_ISRO_Bhuvan,LGD_2026_Bhuvan_2024,4307,MATCHED_AUTHORITATIVE_BOUNDARY
4308,Morshi,Amravati,Maharashtra,21.277467,77.956219,MoPR_LGD_and_ISRO_Bhuvan,LGD_2026_Bhuvan_2024,4308,MATCHED_AUTHORITATIVE_BOUNDARY
4309,Nandgaon Kh,Amravati,Maharashtra,20.691708,77.761787,MoPR_LGD_and_ISRO_Bhuvan,LGD_2026_Bhuvan_2024,4309,MATCHED_AUTHORITATIVE_BOUNDARY
4310,Tiwsa,Amravati,Maharashtra,21.020522,78.040361,MoPR_LGD_and_ISRO_Bhuvan,LGD_2026_Bhuvan_2024,4310,MATCHED_AUTHORITATIVE_BOUNDARY
4311,Warud,Amravati,Maharashtra,21.460252,78.280602,MoPR_LGD_and_ISRO_Bhuvan,LGD_2026_Bhuvan_2024,4311,MATCHED_AUTHORITATIVE_BOUNDARY
4321,Ambajogai,Beed,Maharashtra,18.702888,76.436527,MoPR_LGD_and_ISRO_Bhuvan,LGD_2026_Bhuvan_2024,4321,MATCHED_AUTHORITATIVE_BOUNDARY
4322,Ashti,Beed,Maharashtra,18.907755,75.09122,MoPR_LGD_and_ISRO_Bhuvan,LGD_2026_Bhuvan_2024,4322,MATCHED_AUTHORITATIVE_BOUNDARY
4323,Beed,Beed,Maharashtra,18.919681,75.759906,MoPR_LGD_and_ISRO_Bhuvan,LGD_2026_Bhuvan_2024,4323,MATCHED_AUTHORITATIVE_BOUNDARY
4324,Dharur,Beed,Maharashtra,18.861127,76.170437,MoPR_LGD_and_ISRO_Bhuvan,LGD_2026_Bhuvan_2024,4324,MATCHED_AUTHORITATIVE_BOUNDARY
4325,Georai,Beed,Maharashtra,19.244539,75.740767,MoPR_LGD_and_ISRO_Bhuvan,LGD_2026_Bhuvan_2024,4325,MATCHED_AUTHORITATIVE_BOUNDARY
4326,Kaij,Beed,Maharashtra,18.71664,76.050276,MoPR_LGD_and_ISRO_Bhuvan,LGD_2026_Bhuvan_2024,4326,MATCHED_AUTHORITATIVE_BOUNDARY
4327,Majalgaon,Beed,Maharashtra,19.155002,76.196492,MoPR_LGD_and_ISRO_Bhuvan,LGD_2026_Bhuvan_2024,4327,MATCHED_AUTHORITATIVE_BOUNDARY
4328,Parali V .,Beed,Maharashtra,18.891969,76.470805,MoPR_LGD_and_ISRO_Bhuvan,LGD_2026_Bhuvan_2024,4328,MATCHED_AUTHORITATIVE_BOUNDARY
4329,Patoda,Beed,Maharashtra,18.858822,75.456959,MoPR_LGD_and_ISRO_Bhuvan,LGD_2026_Bhuvan_2024,4329,MATCHED_AUTHORITATIVE_BOUNDARY
4330,Shirur ( Ka ),Beed,Maharashtra,19.049534,75.467274,MoPR_LGD_and_ISRO_Bhuvan,LGD_2026_Bhuvan_2024,4330,MATCHED_AUTHORITATIVE_BOUNDARY
4331,Wadwani,Beed,Maharashtra,18.982879,76.07848,MoPR_LGD_and_ISRO_Bhuvan,LGD_2026_Bhuvan_2024,4331,MATCHED_AUTHORITATIVE_BOUNDARY
4332,Bhandara,Bhandara,Maharashtra,21.123727,79.674905,MoPR_LGD_and_ISRO_Bhuvan,LGD_2026_Bhuvan_2024,4332,MATCHED_AUTHORITATIVE_BOUNDARY
4333,Lakhandur,Bhandara,Maharashtra,20.793039,79.866533,MoPR_LGD_and_ISRO_Bhuvan,LGD_2026_Bhuvan_2024,4333,MATCHED_AUTHORITATIVE_BOUNDARY
4334,Lakhani,Bhandara,Maharashtra,21.008401,79.854591,MoPR_LGD_and_ISRO_Bhuvan,LGD_2026_Bhuvan_2024,4334,MATCHED_AUTHORITATIVE_BOUNDARY
4335,Mohadi,Bhandara,Maharashtra,21.312115,79.666519,MoPR_LGD_and_ISRO_Bhuvan,LGD_2026_Bhuvan_2024,4335,MATCHED_AUTHORITATIVE_BOUNDARY
4336,Pauni,Bhandara,Maharashtra,20.819074,79.668725,MoPR_LGD_and_ISRO_Bhuvan,LGD_2026_Bhuvan_2024,4336,MATCHED_AUTHORITATIVE_BOUNDARY
4337,Sakoli,Bhandara,Maharashtra,21.104777,79.973586,MoPR_LGD_and_ISRO_Bhuvan,LGD_2026_Bhuvan_2024,4337,MATCHED_AUTHORITATIVE_BOUNDARY
4338,Tumsar,Bhandara,Maharashtra,21.469475,79.702452,MoPR_LGD_and_ISRO_Bhuvan,LGD_2026_Bhuvan_2024,4338,MATCHED_AUTHORITATIVE_BOUNDARY
4339,Buldana,Buldhana,Maharashtra,20.460199,76.110528,MoPR_LGD_and_ISRO_Bhuvan,LGD_2026_Bhuvan_2024,4339,MATCHED_AUTHORITATIVE_BOUNDARY
4340,Chikhli,Buldhana,Maharashtra,20.354695,76.329121,MoPR_LGD_and_ISRO_Bhuvan,LGD_2026_Bhuvan_2024,4340,MATCHED_AUTHORITATIVE_BOUNDARY
4341,D. Raja,Buldhana,Maharashtra,20.069756,76.153751,MoPR_LGD_and_ISRO_Bhuvan,LGD_2026_Bhuvan_2024,4341,MATCHED_AUTHORITATIVE_BOUNDARY
4342,Jalgaonjamod,Buldhana,Maharashtra,21.049266,76.509861,MoPR_LGD_and_ISRO_Bhuvan,LGD_2026_Bhuvan_2024,4342,MATCHED_AUTHORITATIVE_BOUNDARY
4343,Khamgaon,Buldhana,Maharashtra,20.604095,76.549759,MoPR_LGD_and_ISRO_Bhuvan,LGD_2026_Bhuvan_2024,4343,MATCHED_AUTHORITATIVE_BOUNDARY
4344,Lonar,Buldhana,Maharashtra,19.983422,76.510093,MoPR_LGD_and_ISRO_Bhuvan,LGD_2026_Bhuvan_2024,4344,MATCHED_AUTHORITATIVE_BOUNDARY
4345,Malkapur,Buldhana,Maharashtra,20.891058,76.198165,MoPR_LGD_and_ISRO_Bhuvan,LGD_2026_Bhuvan_2024,4345,MATCHED_AUTHORITATIVE_BOUNDARY
4346,Mehkar,Buldhana,Maharashtra,20.250944,76.612938,MoPR_LGD_and_ISRO_Bhuvan,LGD_2026_Bhuvan_2024,4346,MATCHED_AUTHORITATIVE_BOUNDARY
4347,Motala,Buldhana,Maharashtra,20.678674,76.150016,MoPR_LGD_and_ISRO_Bhuvan,LGD_2026_Bhuvan_2024,4347,MATCHED_AUTHORITATIVE_BOUNDARY
4348,Nandura,Buldhana,Maharashtra,20.832027,76.377282,MoPR_LGD_and_ISRO_Bhuvan,LGD_2026_Bhuvan_2024,4348,MATCHED_AUTHORITATIVE_BOUNDARY
4349,Sangrampur,Buldhana,Maharashtra,21.079904,76.697337,MoPR_LGD_and_ISRO_Bhuvan,LGD_2026_Bhuvan_2024,4349,MATCHED_AUTHORITATIVE_BOUNDARY
4350,Shegaon,Buldhana,Maharashtra,20.809563,76.634308,MoPR_LGD_and_ISRO_Bhuvan,LGD_2026_Bhuvan_2024,4350,MATCHED_AUTHORITATIVE_BOUNDARY
4351,Sindkhedraja,Buldhana,Maharashtra,20.021597,76.283537,MoPR_LGD_and_ISRO_Bhuvan,LGD_2026_Bhuvan_2024,4351,MATCHED_AUTHORITATIVE_BOUNDARY
4352,Ballarpur,Chandrapur,Maharashtra,19.84159,79.381052,MoPR_LGD_and_ISRO_Bhuvan,LGD_2026_Bhuvan_2024,4352,MATCHED_AUTHORITATIVE_BOUNDARY
4353,Bhadrawati,Chandrapur,Maharashtra,20.190565,79.226248,MoPR_LGD_and_ISRO_Bhuvan,LGD_2026_Bhuvan_2024,4353,MATCHED_AUTHORITATIVE_BOUNDARY
4354,Brahmapuri,Chandrapur,Maharashtra,20.493228,79.852663,MoPR_LGD_and_ISRO_Bhuvan,LGD_2026_Bhuvan_2024,4354,MATCHED_AUTHORITATIVE_BOUNDARY
4355,Chandrapur,Chandrapur,Maharashtra,20.011887,79.387168,MoPR_LGD_and_ISRO_Bhuvan,LGD_2026_Bhuvan_2024,4355,MATCHED_AUTHORITATIVE_BOUNDARY
4356,Chimur,Chandrapur,Maharashtra,20.513115,79.40389,MoPR_LGD_and_ISRO_Bhuvan,LGD_2026_Bhuvan_2024,4356,MATCHED_AUTHORITATIVE_BOUNDARY
4357,Gondpipri,Chandrapur,Maharashtra,19.686369,79.621294,MoPR_LGD_and_ISRO_Bhuvan,LGD_2026_Bhuvan_2024,4357,MATCHED_AUTHORITATIVE_BOUNDARY
4358,Jiwati,Chandrapur,Maharashtra,19.598766,79.045239,MoPR_LGD_and_ISRO_Bhuvan,LGD_2026_Bhuvan_2024,4358,MATCHED_AUTHORITATIVE_BOUNDARY
4359,Korpana,Chandrapur,Maharashtra,19.759521,79.059276,MoPR_LGD_and_ISRO_Bhuvan,LGD_2026_Bhuvan_2024,4359,MATCHED_AUTHORITATIVE_BOUNDARY
4360,Mul,Chandrapur,Maharashtra,20.047055,79.683197,MoPR_LGD_and_ISRO_Bhuvan,LGD_2026_Bhuvan_2024,4360,MATCHED_AUTHORITATIVE_BOUNDARY
4361,Nagbhid,Chandrapur,Maharashtra,20.525256,79.661434,MoPR_LGD_and_ISRO_Bhuvan,LGD_2026_Bhuvan_2024,4361,MATCHED_AUTHORITATIVE_BOUNDARY
4362,Pombhurna,Chandrapur,Maharashtra,19.873228,79.661016,MoPR_LGD_and_ISRO_Bhuvan,LGD_2026_Bhuvan_2024,4362,MATCHED_AUTHORITATIVE_BOUNDARY
4363,Rajura,Chandrapur,Maharashtra,19.675315,79.305614,MoPR_LGD_and_ISRO_Bhuvan,LGD_2026_Bhuvan_2024,4363,MATCHED_AUTHORITATIVE_BOUNDARY
4364,Saoli,Chandrapur,Maharashtra,20.136151,79.869675,MoPR_LGD_and_ISRO_Bhuvan,LGD_2026_Bhuvan_2024,4364,MATCHED_AUTHORITATIVE_BOUNDARY
4365,Sindewahi,Chandrapur,Maharashtra,20.276897,79.62188,MoPR_LGD_and_ISRO_Bhuvan,LGD_2026_Bhuvan_2024,4365,MATCHED_AUTHORITATIVE_BOUNDARY
4366,Warora,Chandrapur,Maharashtra,20.351761,79.034532,MoPR_LGD_and_ISRO_Bhuvan,LGD_2026_Bhuvan_2024,4366,MATCHED_AUTHORITATIVE_BOUNDARY
4312,Chhatrapati Sambhajinagar,Chhatrapati Sambhajinagar,Maharashtra,19.879415,75.443841,MoPR_LGD_and_ISRO_Bhuvan,LGD_2026_Bhuvan_2024,4312,MATCHED_AUTHORITATIVE_BOUNDARY
4313,Gangapur,Chhatrapati Sambhajinagar,Maharashtra,19.785017,75.069591,MoPR_LGD_and_ISRO_Bhuvan,LGD_2026_Bhuvan_2024,4313,MATCHED_AUTHORITATIVE_BOUNDARY
4314,Kanand,Chhatrapati Sambhajinagar,Maharashtra,20.26976,75.182284,MoPR_LGD_and_ISRO_Bhuvan,LGD_2026_Bhuvan_2024,4314,MATCHED_AUTHORITATIVE_BOUNDARY
4315,Khultabad,Chhatrapati Sambhajinagar,Maharashtra,20.07989,75.231043,MoPR_LGD_and_ISRO_Bhuvan,LGD_2026_Bhuvan_2024,4315,MATCHED_AUTHORITATIVE_BOUNDARY
4316,Paithan,Chhatrapati Sambhajinagar,Maharashtra,19.589099,75.435706,MoPR_LGD_and_ISRO_Bhuvan,LGD_2026_Bhuvan_2024,4316,MATCHED_AUTHORITATIVE_BOUNDARY
4317,Phulambri,Chhatrapati Sambhajinagar,Maharashtra,20.13181,75.465025,MoPR_LGD_and_ISRO_Bhuvan,LGD_2026_Bhuvan_2024,4317,MATCHED_AUTHORITATIVE_BOUNDARY
4318,Sillod,Chhatrapati Sambhajinagar,Maharashtra,20.397024,75.618526,MoPR_LGD_and_ISRO_Bhuvan,LGD_2026_Bhuvan_2024,4318,MATCHED_AUTHORITATIVE_BOUNDARY
4319,Soegaon,Chhatrapati Sambhajinagar,Maharashtra,20.548196,75.561815,MoPR_LGD_and_ISRO_Bhuvan,LGD_2026_Bhuvan_2024,4319,MATCHED_AUTHORITATIVE_BOUNDARY
4320,Vaijapur,Chhatrapati Sambhajinagar,Maharashtra,19.959671,74.820981,MoPR_LGD_and_ISRO_Bhuvan,LGD_2026_Bhuvan_2024,4320,MATCHED_AUTHORITATIVE_BOUNDARY
4494,Bhoom,Dharashiv,Maharashtra,18.498909,75.59649,MoPR_LGD_and_ISRO_Bhuvan,LGD_2026_Bhuvan_2024,4494,MATCHED_AUTHORITATIVE_BOUNDARY
4498,Dharashiv,Dharashiv,Maharashtra,18.223587,76.126472,MoPR_LGD_and_ISRO_Bhuvan,LGD_2026_Bhuvan_2024,4498,MATCHED_AUTHORITATIVE_BOUNDARY
4495,Kalamb,Dharashiv,Maharashtra,18.484409,76.045316,MoPR_LGD_and_ISRO_Bhuvan,LGD_2026_Bhuvan_2024,4495,MATCHED_AUTHORITATIVE_BOUNDARY
4496,Lohara,Dharashiv,Maharashtra,17.954192,76.387635,MoPR_LGD_and_ISRO_Bhuvan,LGD_2026_Bhuvan_2024,4496,MATCHED_AUTHORITATIVE_BOUNDARY
4497,Omerga,Dharashiv,Maharashtra,17.837,76.574552,MoPR_LGD_and_ISRO_Bhuvan,LGD_2026_Bhuvan_2024,4497,MATCHED_AUTHORITATIVE_BOUNDARY
4499,Paranda,Dharashiv,Maharashtra,18.35624,75.459431,MoPR_LGD_and_ISRO_Bhuvan,LGD_2026_Bhuvan_2024,4499,MATCHED_AUTHORITATIVE_BOUNDARY
4500,Tuljapur,Dharashiv,Maharashtra,17.882433,76.12747,MoPR_LGD_and_ISRO_Bhuvan,LGD_2026_Bhuvan_2024,4500,MATCHED_AUTHORITATIVE_BOUNDARY
4501,Washi,Dharashiv,Maharashtra,18.553229,75.784086,MoPR_LGD_and_ISRO_Bhuvan,LGD_2026_Bhuvan_2024,4501,MATCHED_AUTHORITATIVE_BOUNDARY
4367,Dhule,Dhule,Maharashtra,20.885738,74.735466,MoPR_LGD_and_ISRO_Bhuvan,LGD_2026_Bhuvan_2024,4367,MATCHED_AUTHORITATIVE_BOUNDARY
4368,Sakri,Dhule,Maharashtra,21.030886,74.229189,MoPR_LGD_and_ISRO_Bhuvan,LGD_2026_Bhuvan_2024,4368,MATCHED_AUTHORITATIVE_BOUNDARY
4369,Shindkhede,Dhule,Maharashtra,21.238874,74.690078,MoPR_LGD_and_ISRO_Bhuvan,LGD_2026_Bhuvan_2024,4369,MATCHED_AUTHORITATIVE_BOUNDARY
4370,Shirpur,Dhule,Maharashtra,21.418972,74.938145,MoPR_LGD_and_ISRO_Bhuvan,LGD_2026_Bhuvan_2024,4370,MATCHED_AUTHORITATIVE_BOUNDARY
4371,Aheri,Gadchiroli,Maharashtra,19.260802,80.144793,MoPR_LGD_and_ISRO_Bhuvan,LGD_2026_Bhuvan_2024,4371,MATCHED_AUTHORITATIVE_BOUNDARY
4372,Armori,Gadchiroli,Maharashtra,20.423284,80.088591,MoPR_LGD_and_ISRO_Bhuvan,LGD_2026_Bhuvan_2024,4372,MATCHED_AUTHORITATIVE_BOUNDARY
4373,Bhamaragad,Gadchiroli,Maharashtra,19.444175,80.611773,MoPR_LGD_and_ISRO_Bhuvan,LGD_2026_Bhuvan_2024,4373,MATCHED_AUTHORITATIVE_BOUNDARY
4374,Chamorshi,Gadchiroli,Maharashtra,19.846336,79.948015,MoPR_LGD_and_ISRO_Bhuvan,LGD_2026_Bhuvan_2024,4374,MATCHED_AUTHORITATIVE_BOUNDARY
4375,Desaiganj (Wadsa),Gadchiroli,Maharashtra,20.622059,80.021461,MoPR_LGD_and_ISRO_Bhuvan,LGD_2026_Bhuvan_2024,4375,MATCHED_AUTHORITATIVE_BOUNDARY
4376,Dhanora,Gadchiroli,Maharashtra,20.239019,80.355843,MoPR_LGD_and_ISRO_Bhuvan,LGD_2026_Bhuvan_2024,4376,MATCHED_AUTHORITATIVE_BOUNDARY
4377,Etapalli,Gadchiroli,Maharashtra,19.724653,80.379595,MoPR_LGD_and_ISRO_Bhuvan,LGD_2026_Bhuvan_2024,4377,MATCHED_AUTHORITATIVE_BOUNDARY
4378,Gadchiroli,Gadchiroli,Maharashtra,20.128728,80.083959,MoPR_LGD_and_ISRO_Bhuvan,LGD_2026_Bhuvan_2024,4378,MATCHED_AUTHORITATIVE_BOUNDARY
4379,Korchi,Gadchiroli,Maharashtra,20.651215,80.485903,MoPR_LGD_and_ISRO_Bhuvan,LGD_2026_Bhuvan_2024,4379,MATCHED_AUTHORITATIVE_BOUNDARY
4380,Kurkheda,Gadchiroli,Maharashtra,20.57783,80.27414,MoPR_LGD_and_ISRO_Bhuvan,LGD_2026_Bhuvan_2024,4380,MATCHED_AUTHORITATIVE_BOUNDARY
4381,Mulchera,Gadchiroli,Maharashtra,19.648976,80.025814,MoPR_LGD_and_ISRO_Bhuvan,LGD_2026_Bhuvan_2024,4381,MATCHED_AUTHORITATIVE_BOUNDARY
4382,Sironcha,Gadchiroli,Maharashtra,18.87913,80.104364,MoPR_LGD_and_ISRO_Bhuvan,LGD_2026_Bhuvan_2024,4382,MATCHED_AUTHORITATIVE_BOUNDARY
4383,Amgaon,Gondia,Maharashtra,21.36933,80.356353,MoPR_LGD_and_ISRO_Bhuvan,LGD_2026_Bhuvan_2024,4383,MATCHED_AUTHORITATIVE_BOUNDARY
4384,Arjuni Morgaon,Gondia,Maharashtra,20.821971,80.119689,MoPR_LGD_and_ISRO_Bhuvan,LGD_2026_Bhuvan_2024,4384,MATCHED_AUTHORITATIVE_BOUNDARY
4385,Deori,Gondia,Maharashtra,20.974904,80.369562,MoPR_LGD_and_ISRO_Bhuvan,LGD_2026_Bhuvan_2024,4385,MATCHED_AUTHORITATIVE_BOUNDARY
4386,Gondia,Gondia,Maharashtra,21.503938,80.183431,MoPR_LGD_and_ISRO_Bhuvan,LGD_2026_Bhuvan_2024,4386,MATCHED_AUTHORITATIVE_BOUNDARY
4387,Goregaon,Gondia,Maharashtra,21.305431,80.206252,MoPR_LGD_and_ISRO_Bhuvan,LGD_2026_Bhuvan_2024,4387,MATCHED_AUTHORITATIVE_BOUNDARY
4388,Sadak Arjuni,Gondia,Maharashtra,21.127338,80.163252,MoPR_LGD_and_ISRO_Bhuvan,LGD_2026_Bhuvan_2024,4388,MATCHED_AUTHORITATIVE_BOUNDARY
4389,Salekasa,Gondia,Maharashtra,21.285637,80.519206,MoPR_LGD_and_ISRO_Bhuvan,LGD_2026_Bhuvan_2024,4389,MATCHED_AUTHORITATIVE_BOUNDARY
4390,Tirora,Gondia,Maharashtra,21.372661,79.947228,MoPR_LGD_and_ISRO_Bhuvan,LGD_2026_Bhuvan_2024,4390,MATCHED_AUTHORITATIVE_BOUNDARY
4391,Aundha Nagnath,Hingoli,Maharashtra,19.553671,77.031101,MoPR_LGD_and_ISRO_Bhuvan,LGD_2026_Bhuvan_2024,4391,MATCHED_AUTHORITATIVE_BOUNDARY
4392,Basmat,Hingoli,Maharashtra,19.371188,77.121948,MoPR_LGD_and_ISRO_Bhuvan,LGD_2026_Bhuvan_2024,4392,MATCHED_AUTHORITATIVE_BOUNDARY
4393,Hingoli,Hingoli,Maharashtra,19.789254,77.16129,MoPR_LGD_and_ISRO_Bhuvan,LGD_2026_Bhuvan_2024,4393,MATCHED_AUTHORITATIVE_BOUNDARY
4394,Kalamnuri,Hingoli,Maharashtra,19.56785,77.355035,MoPR_LGD_and_ISRO_Bhuvan,LGD_2026_Bhuvan_2024,4394,MATCHED_AUTHORITATIVE_BOUNDARY
4395,Sengaon,Hingoli,Maharashtra,19.838739,76.869239,MoPR_LGD_and_ISRO_Bhuvan,LGD_2026_Bhuvan_2024,4395,MATCHED_AUTHORITATIVE_BOUNDARY
4396,Amalner,Jalgaon,Maharashtra,21.07585,75.045851,MoPR_LGD_and_ISRO_Bhuvan,LGD_2026_Bhuvan_2024,4396,MATCHED_AUTHORITATIVE_BOUNDARY
4397,Bhadgaon,Jalgaon,Maharashtra,20.668803,75.174528,MoPR_LGD_and_ISRO_Bhuvan,LGD_2026_Bhuvan_2024,4397,MATCHED_AUTHORITATIVE_BOUNDARY
4398,Bhusawal,Jalgaon,Maharashtra,20.998364,75.831693,MoPR_LGD_and_ISRO_Bhuvan,LGD_2026_Bhuvan_2024,4398,MATCHED_AUTHORITATIVE_BOUNDARY
4399,Bodwad,Jalgaon,Maharashtra,20.886213,75.977784,MoPR_LGD_and_ISRO_Bhuvan,LGD_2026_Bhuvan_2024,4399,MATCHED_AUTHORITATIVE_BOUNDARY
4400,Chalisgaon,Jalgaon,Maharashtra,20.481343,74.961625,MoPR_LGD_and_ISRO_Bhuvan,LGD_2026_Bhuvan_2024,4400,MATCHED_AUTHORITATIVE_BOUNDARY
4401,Chopda,Jalgaon,Maharashtra,21.275221,75.322244,MoPR_LGD_and_ISRO_Bhuvan,LGD_2026_Bhuvan_2024,4401,MATCHED_AUTHORITATIVE_BOUNDARY
4402,Dharangaon,Jalgaon,Maharashtra,21.047681,75.339638,MoPR_LGD_and_ISRO_Bhuvan,LGD_2026_Bhuvan_2024,4402,MATCHED_AUTHORITATIVE_BOUNDARY
4403,Erandol,Jalgaon,Maharashtra,20.878984,75.36211,MoPR_LGD_and_ISRO_Bhuvan,LGD_2026_Bhuvan_2024,4403,MATCHED_AUTHORITATIVE_BOUNDARY
4404,Jalgaon,Jalgaon,Maharashtra,20.993615,75.561888,MoPR_LGD_and_ISRO_Bhuvan,LGD_2026_Bhuvan_2024,4404,MATCHED_AUTHORITATIVE_BOUNDARY
4405,Jamner,Jalgaon,Maharashtra,20.733991,75.776912,MoPR_LGD_and_ISRO_Bhuvan,LGD_2026_Bhuvan_2024,4405,MATCHED_AUTHORITATIVE_BOUNDARY
4406,Muktainagar,Jalgaon,Maharashtra,21.049793,76.161198,MoPR_LGD_and_ISRO_Bhuvan,LGD_2026_Bhuvan_2024,4406,MATCHED_AUTHORITATIVE_BOUNDARY
4407,Pachora,Jalgaon,Maharashtra,20.648639,75.395748,MoPR_LGD_and_ISRO_Bhuvan,LGD_2026_Bhuvan_2024,4407,MATCHED_AUTHORITATIVE_BOUNDARY
4408,Parola,Jalgaon,Maharashtra,20.849329,75.101725,MoPR_LGD_and_ISRO_Bhuvan,LGD_2026_Bhuvan_2024,4408,MATCHED_AUTHORITATIVE_BOUNDARY
4409,Raver,Jalgaon,Maharashtra,21.248785,75.958127,MoPR_LGD_and_ISRO_Bhuvan,LGD_2026_Bhuvan_2024,4409,MATCHED_AUTHORITATIVE_BOUNDARY
4410,Yawal,Jalgaon,Maharashtra,21.224795,75.69435,MoPR_LGD_and_ISRO_Bhuvan,LGD_2026_Bhuvan_2024,4410,MATCHED_AUTHORITATIVE_BOUNDARY
4411,Ambad,Jalna,Maharashtra,19.559994,75.753532,MoPR_LGD_and_ISRO_Bhuvan,LGD_2026_Bhuvan_2024,4411,MATCHED_AUTHORITATIVE_BOUNDARY
4412,Badnapur,Jalna,Maharashtra,19.919227,75.747868,MoPR_LGD_and_ISRO_Bhuvan,LGD_2026_Bhuvan_2024,4412,MATCHED_AUTHORITATIVE_BOUNDARY
4413,Bhokardan,Jalna,Maharashtra,20.252724,75.809447,MoPR_LGD_and_ISRO_Bhuvan,LGD_2026_Bhuvan_2024,4413,MATCHED_AUTHORITATIVE_BOUNDARY
4414,Ghansawangi,Jalna,Maharashtra,19.498734,76.019439,MoPR_LGD_and_ISRO_Bhuvan,LGD_2026_Bhuvan_2024,4414,MATCHED_AUTHORITATIVE_BOUNDARY
4415,Jafrabad,Jalna,Maharashtra,20.191254,76.020649,MoPR_LGD_and_ISRO_Bhuvan,LGD_2026_Bhuvan_2024,4415,MATCHED_AUTHORITATIVE_BOUNDARY
4416,Jalna,Jalna,Maharashtra,19.812594,76.03514,MoPR_LGD_and_ISRO_Bhuvan,LGD_2026_Bhuvan_2024,4416,MATCHED_AUTHORITATIVE_BOUNDARY
4417,Mantha,Jalna,Maharashtra,19.743554,76.386861,MoPR_LGD_and_ISRO_Bhuvan,LGD_2026_Bhuvan_2024,4417,MATCHED_AUTHORITATIVE_BOUNDARY
4418,Partur,Jalna,Maharashtra,19.496271,76.231732,MoPR_LGD_and_ISRO_Bhuvan,LGD_2026_Bhuvan_2024,4418,MATCHED_AUTHORITATIVE_BOUNDARY
4419,Ajara,Kolhapur,Maharashtra,16.124496,74.192953,MoPR_LGD_and_ISRO_Bhuvan,LGD_2026_Bhuvan_2024,4419,MATCHED_AUTHORITATIVE_BOUNDARY
4421,Bhudargad,Kolhapur,Maharashtra,16.225812,74.070835,MoPR_LGD_and_ISRO_Bhuvan,LGD_2026_Bhuvan_2024,4421,MATCHED_AUTHORITATIVE_BOUNDARY
4422,Chandgad,Kolhapur,Maharashtra,15.912009,74.247083,MoPR_LGD_and_ISRO_Bhuvan,LGD_2026_Bhuvan_2024,4422,MATCHED_AUTHORITATIVE_BOUNDARY
4423,Gadhinglaj,Kolhapur,Maharashtra,16.15963,74.378666,MoPR_LGD_and_ISRO_Bhuvan,LGD_2026_Bhuvan_2024,4423,MATCHED_AUTHORITATIVE_BOUNDARY
4420,Gagan Bavada,Kolhapur,Maharashtra,16.594995,73.912868,MoPR_LGD_and_ISRO_Bhuvan,LGD_2026_Bhuvan_2024,4420,MATCHED_AUTHORITATIVE_BOUNDARY
4424,Hatkanangale,Kolhapur,Maharashtra,16.762153,74.364074,MoPR_LGD_and_ISRO_Bhuvan,LGD_2026_Bhuvan_2024,4424,MATCHED_AUTHORITATIVE_BOUNDARY
4425,Kagal,Kolhapur,Maharashtra,16.441987,74.258864,MoPR_LGD_and_ISRO_Bhuvan,LGD_2026_Bhuvan_2024,4425,MATCHED_AUTHORITATIVE_BOUNDARY
4426,Karveer,Kolhapur,Maharashtra,16.649198,74.185254,MoPR_LGD_and_ISRO_Bhuvan,LGD_2026_Bhuvan_2024,4426,MATCHED_AUTHORITATIVE_BOUNDARY
4427,Panhala,Kolhapur,Maharashtra,16.76734,74.050048,MoPR_LGD_and_ISRO_Bhuvan,LGD_2026_Bhuvan_2024,4427,MATCHED_AUTHORITATIVE_BOUNDARY
4428,Radhanagari,Kolhapur,Maharashtra,16.408519,73.992595,MoPR_LGD_and_ISRO_Bhuvan,LGD_2026_Bhuvan_2024,4428,MATCHED_AUTHORITATIVE_BOUNDARY
4429,Shahuwadi,Kolhapur,Maharashtra,16.930052,73.886825,MoPR_LGD_and_ISRO_Bhuvan,LGD_2026_Bhuvan_2024,4429,MATCHED_AUTHORITATIVE_BOUNDARY
4430,Shirol,Kolhapur,Maharashtra,16.708895,74.571051,MoPR_LGD_and_ISRO_Bhuvan,LGD_2026_Bhuvan_2024,4430,MATCHED_AUTHORITATIVE_BOUNDARY
4431,Ahemadpur,Latur,Maharashtra,18.700991,76.914389,MoPR_LGD_and_ISRO_Bhuvan,LGD_2026_Bhuvan_2024,4431,MATCHED_AUTHORITATIVE_BOUNDARY
4432,Ausa,Latur,Maharashtra,18.1857,76.497176,MoPR_LGD_and_ISRO_Bhuvan,LGD_2026_Bhuvan_2024,4432,MATCHED_AUTHORITATIVE_BOUNDARY
4433,Chakur,Latur,Maharashtra,18.508536,76.836377,MoPR_LGD_and_ISRO_Bhuvan,LGD_2026_Bhuvan_2024,4433,MATCHED_AUTHORITATIVE_BOUNDARY
4434,Deoni,Latur,Maharashtra,18.243799,77.022805,MoPR_LGD_and_ISRO_Bhuvan,LGD_2026_Bhuvan_2024,4434,MATCHED_AUTHORITATIVE_BOUNDARY
4435,Jalkot,Latur,Maharashtra,18.59264,77.167423,MoPR_LGD_and_ISRO_Bhuvan,LGD_2026_Bhuvan_2024,4435,MATCHED_AUTHORITATIVE_BOUNDARY
4436,Latur,Latur,Maharashtra,18.422446,76.46026,MoPR_LGD_and_ISRO_Bhuvan,LGD_2026_Bhuvan_2024,4436,MATCHED_AUTHORITATIVE_BOUNDARY
4437,Nilanga,Latur,Maharashtra,18.080638,76.788274,MoPR_LGD_and_ISRO_Bhuvan,LGD_2026_Bhuvan_2024,4437,MATCHED_AUTHORITATIVE_BOUNDARY
4438,Renapur,Latur,Maharashtra,18.572809,76.584866,MoPR_LGD_and_ISRO_Bhuvan,LGD_2026_Bhuvan_2024,4438,MATCHED_AUTHORITATIVE_BOUNDARY
4439,Shirur Anantpal,Latur,Maharashtra,18.329852,76.83064,MoPR_LGD_and_ISRO_Bhuvan,LGD_2026_Bhuvan_2024,4439,MATCHED_AUTHORITATIVE_BOUNDARY
4440,Udgir,Latur,Maharashtra,18.416769,77.093403,MoPR_LGD_and_ISRO_Bhuvan,LGD_2026_Bhuvan_2024,4440,MATCHED_AUTHORITATIVE_BOUNDARY
4444,Bhivapur,Nagpur,Maharashtra,20.729434,79.374831,MoPR_LGD_and_ISRO_Bhuvan,LGD_2026_Bhuvan_2024,4444,MATCHED_AUTHORITATIVE_BOUNDARY
4445,Hingna,Nagpur,Maharashtra,21.003324,78.870849,MoPR_LGD_and_ISRO_Bhuvan,LGD_2026_Bhuvan_2024,4445,MATCHED_AUTHORITATIVE_BOUNDARY
4446,Kalmeshwar,Nagpur,Maharashtra,21.276553,78.858786,MoPR_LGD_and_ISRO_Bhuvan,LGD_2026_Bhuvan_2024,4446,MATCHED_AUTHORITATIVE_BOUNDARY
4447,Kamptee,Nagpur,Maharashtra,21.158874,79.231402,MoPR_LGD_and_ISRO_Bhuvan,LGD_2026_Bhuvan_2024,4447,MATCHED_AUTHORITATIVE_BOUNDARY
4448,Katol,Nagpur,Maharashtra,21.230359,78.635143,MoPR_LGD_and_ISRO_Bhuvan,LGD_2026_Bhuvan_2024,4448,MATCHED_AUTHORITATIVE_BOUNDARY
4449,Kuhi,Nagpur,Maharashtra,20.983609,79.450021,MoPR_LGD_and_ISRO_Bhuvan,LGD_2026_Bhuvan_2024,4449,MATCHED_AUTHORITATIVE_BOUNDARY
4450,Mouda,Nagpur,Maharashtra,21.23145,79.439973,MoPR_LGD_and_ISRO_Bhuvan,LGD_2026_Bhuvan_2024,4450,MATCHED_AUTHORITATIVE_BOUNDARY
4451,Nagpur,Nagpur,Maharashtra,20.940486,79.063806,MoPR_LGD_and_ISRO_Bhuvan,LGD_2026_Bhuvan_2024,4451,MATCHED_AUTHORITATIVE_BOUNDARY
4452,Narkhed,Nagpur,Maharashtra,21.383725,78.488579,MoPR_LGD_and_ISRO_Bhuvan,LGD_2026_Bhuvan_2024,4452,MATCHED_AUTHORITATIVE_BOUNDARY
4453,Parseoni,Nagpur,Maharashtra,21.431939,79.153381,MoPR_LGD_and_ISRO_Bhuvan,LGD_2026_Bhuvan_2024,4453,MATCHED_AUTHORITATIVE_BOUNDARY
4454,Ramtek,Nagpur,Maharashtra,21.51723,79.352321,MoPR_LGD_and_ISRO_Bhuvan,LGD_2026_Bhuvan_2024,4454,MATCHED_AUTHORITATIVE_BOUNDARY
4455,Saoner,Nagpur,Maharashtra,21.42666,78.940675,MoPR_LGD_and_ISRO_Bhuvan,LGD_2026_Bhuvan_2024,4455,MATCHED_AUTHORITATIVE_BOUNDARY
4456,Umred,Nagpur,Maharashtra,20.849585,79.19794,MoPR_LGD_and_ISRO_Bhuvan,LGD_2026_Bhuvan_2024,4456,MATCHED_AUTHORITATIVE_BOUNDARY
4457,Ardhapur,Nanded,Maharashtra,19.275616,77.376221,MoPR_LGD_and_ISRO_Bhuvan,LGD_2026_Bhuvan_2024,4457,MATCHED_AUTHORITATIVE_BOUNDARY
4458,Bhokar,Nanded,Maharashtra,19.203872,77.712987,MoPR_LGD_and_ISRO_Bhuvan,LGD_2026_Bhuvan_2024,4458,MATCHED_AUTHORITATIVE_BOUNDARY
4459,Biloli,Nanded,Maharashtra,18.763888,77.684273,MoPR_LGD_and_ISRO_Bhuvan,LGD_2026_Bhuvan_2024,4459,MATCHED_AUTHORITATIVE_BOUNDARY
4460,Deglur,Nanded,Maharashtra,18.488098,77.548434,MoPR_LGD_and_ISRO_Bhuvan,LGD_2026_Bhuvan_2024,4460,MATCHED_AUTHORITATIVE_BOUNDARY
4461,Dharmabad,Nanded,Maharashtra,18.908612,77.791287,MoPR_LGD_and_ISRO_Bhuvan,LGD_2026_Bhuvan_2024,4461,MATCHED_AUTHORITATIVE_BOUNDARY
4462,Hadgaon,Nanded,Maharashtra,19.453119,77.57497,MoPR_LGD_and_ISRO_Bhuvan,LGD_2026_Bhuvan_2024,4462,MATCHED_AUTHORITATIVE_BOUNDARY
4463,Himayatnagar,Nanded,Maharashtra,19.398689,77.851366,MoPR_LGD_and_ISRO_Bhuvan,LGD_2026_Bhuvan_2024,4463,MATCHED_AUTHORITATIVE_BOUNDARY
4464,Kandhar,Nanded,Maharashtra,18.826341,77.243431,MoPR_LGD_and_ISRO_Bhuvan,LGD_2026_Bhuvan_2024,4464,MATCHED_AUTHORITATIVE_BOUNDARY
4465,Kinwat,Nanded,Maharashtra,19.576783,78.243597,MoPR_LGD_and_ISRO_Bhuvan,LGD_2026_Bhuvan_2024,4465,MATCHED_AUTHORITATIVE_BOUNDARY
4466,Loha,Nanded,Maharashtra,18.967165,77.181174,MoPR_LGD_and_ISRO_Bhuvan,LGD_2026_Bhuvan_2024,4466,MATCHED_AUTHORITATIVE_BOUNDARY
4467,Mahur,Nanded,Maharashtra,19.812917,77.99779,MoPR_LGD_and_ISRO_Bhuvan,LGD_2026_Bhuvan_2024,4467,MATCHED_AUTHORITATIVE_BOUNDARY
4468,Modkhed,Nanded,Maharashtra,19.141816,77.477878,MoPR_LGD_and_ISRO_Bhuvan,LGD_2026_Bhuvan_2024,4468,MATCHED_AUTHORITATIVE_BOUNDARY
4469,Mokhed,Nanded,Maharashtra,18.604424,77.375524,MoPR_LGD_and_ISRO_Bhuvan,LGD_2026_Bhuvan_2024,4469,MATCHED_AUTHORITATIVE_BOUNDARY
4470,Naigaon (Kh),Nanded,Maharashtra,18.873245,77.509626,MoPR_LGD_and_ISRO_Bhuvan,LGD_2026_Bhuvan_2024,4470,MATCHED_AUTHORITATIVE_BOUNDARY
4471,Nanded,Nanded,Maharashtra,19.160488,77.2837,MoPR_LGD_and_ISRO_Bhuvan,LGD_2026_Bhuvan_2024,4471,MATCHED_AUTHORITATIVE_BOUNDARY
4472,Umri,Nanded,Maharashtra,19.036355,77.63981,MoPR_LGD_and_ISRO_Bhuvan,LGD_2026_Bhuvan_2024,4472,MATCHED_AUTHORITATIVE_BOUNDARY
4474,Akarani,Nandurbar,Maharashtra,21.697797,73.955091,MoPR_LGD_and_ISRO_Bhuvan,LGD_2026_Bhuvan_2024,4474,MATCHED_AUTHORITATIVE_BOUNDARY
4473,Akkalkuwa,Nandurbar,Maharashtra,21.837825,74.285516,MoPR_LGD_and_ISRO_Bhuvan,LGD_2026_Bhuvan_2024,4473,MATCHED_AUTHORITATIVE_BOUNDARY
4475,Nandurbar,Nandurbar,Maharashtra,21.362492,74.261684,MoPR_LGD_and_ISRO_Bhuvan,LGD_2026_Bhuvan_2024,4475,MATCHED_AUTHORITATIVE_BOUNDARY
4476,Navapur,Nandurbar,Maharashtra,21.185436,73.924957,MoPR_LGD_and_ISRO_Bhuvan,LGD_2026_Bhuvan_2024,4476,MATCHED_AUTHORITATIVE_BOUNDARY
4477,Shahada,Nandurbar,Maharashtra,21.564274,74.539986,MoPR_LGD_and_ISRO_Bhuvan,LGD_2026_Bhuvan_2024,4477,MATCHED_AUTHORITATIVE_BOUNDARY
4478,Taloda,Nandurbar,Maharashtra,21.620266,74.213679,MoPR_LGD_and_ISRO_Bhuvan,LGD_2026_Bhuvan_2024,4478,MATCHED_AUTHORITATIVE_BOUNDARY
4479,Baglan,Nashik,Maharashtra,20.70719,74.158496,MoPR_LGD_and_ISRO_Bhuvan,LGD_2026_Bhuvan_2024,4479,MATCHED_AUTHORITATIVE_BOUNDARY
4480,Chandwad,Nashik,Maharashtra,20.285945,74.211601,MoPR_LGD_and_ISRO_Bhuvan,LGD_2026_Bhuvan_2024,4480,MATCHED_AUTHORITATIVE_BOUNDARY
4481,Deola,Nashik,Maharashtra,20.446719,74.227654,MoPR_LGD_and_ISRO_Bhuvan,LGD_2026_Bhuvan_2024,4481,MATCHED_AUTHORITATIVE_BOUNDARY
4482,Dindori,Nashik,Maharashtra,20.262073,73.778353,MoPR_LGD_and_ISRO_Bhuvan,LGD_2026_Bhuvan_2024,4482,MATCHED_AUTHORITATIVE_BOUNDARY
4483,Igatpuri,Nashik,Maharashtra,19.743003,73.656489,MoPR_LGD_and_ISRO_Bhuvan,LGD_2026_Bhuvan_2024,4483,MATCHED_AUTHORITATIVE_BOUNDARY
4484,Kalwan,Nashik,Maharashtra,20.517635,73.932532,MoPR_LGD_and_ISRO_Bhuvan,LGD_2026_Bhuvan_2024,4484,MATCHED_AUTHORITATIVE_BOUNDARY
4485,Malegaon,Nashik,Maharashtra,20.591209,74.544434,MoPR_LGD_and_ISRO_Bhuvan,LGD_2026_Bhuvan_2024,4485,MATCHED_AUTHORITATIVE_BOUNDARY
4486,Nandgaon,Nashik,Maharashtra,20.305989,74.679483,MoPR_LGD_and_ISRO_Bhuvan,LGD_2026_Bhuvan_2024,4486,MATCHED_AUTHORITATIVE_BOUNDARY
4487,Nashik,Nashik,Maharashtra,19.982493,73.757049,MoPR_LGD_and_ISRO_Bhuvan,LGD_2026_Bhuvan_2024,4487,MATCHED_AUTHORITATIVE_BOUNDARY
4488,Niphad,Nashik,Maharashtra,20.078667,74.106971,MoPR_LGD_and_ISRO_Bhuvan,LGD_2026_Bhuvan_2024,4488,MATCHED_AUTHORITATIVE_BOUNDARY
4489,Peth,Nashik,Maharashtra,20.257143,73.516251,MoPR_LGD_and_ISRO_Bhuvan,LGD_2026_Bhuvan_2024,4489,MATCHED_AUTHORITATIVE_BOUNDARY
4490,Sinnar,Nashik,Maharashtra,19.818605,74.07978,MoPR_LGD_and_ISRO_Bhuvan,LGD_2026_Bhuvan_2024,4490,MATCHED_AUTHORITATIVE_BOUNDARY
4491,Surgana,Nashik,Maharashtra,20.521976,73.572629,MoPR_LGD_and_ISRO_Bhuvan,LGD_2026_Bhuvan_2024,4491,MATCHED_AUTHORITATIVE_BOUNDARY
4492,Trimbak,Nashik,Maharashtra,20.017545,73.457434,MoPR_LGD_and_ISRO_Bhuvan,LGD_2026_Bhuvan_2024,4492,MATCHED_AUTHORITATIVE_BOUNDARY
4493,Yeola,Nashik,Maharashtra,20.08267,74.512729,MoPR_LGD_and_ISRO_Bhuvan,LGD_2026_Bhuvan_2024,4493,MATCHED_AUTHORITATIVE_BOUNDARY
4591,Dahanu,Palghar,Maharashtra,19.983348,72.877939,MoPR_LGD_and_ISRO_Bhuvan,LGD_2026_Bhuvan_2024,4591,MATCHED_AUTHORITATIVE_BOUNDARY
4592,Jawhar,Palghar,Maharashtra,19.948355,73.215404,MoPR_LGD_and_ISRO_Bhuvan,LGD_2026_Bhuvan_2024,4592,MATCHED_AUTHORITATIVE_BOUNDARY
4594,Mokhada,Palghar,Maharashtra,19.871184,73.372452,MoPR_LGD_and_ISRO_Bhuvan,LGD_2026_Bhuvan_2024,4594,MATCHED_AUTHORITATIVE_BOUNDARY
4596,Palghar,Palghar,Maharashtra,19.695903,72.821985,MoPR_LGD_and_ISRO_Bhuvan,LGD_2026_Bhuvan_2024,4596,MATCHED_AUTHORITATIVE_BOUNDARY
4598,Talasari,Palghar,Maharashtra,20.144688,72.89031,MoPR_LGD_and_ISRO_Bhuvan,LGD_2026_Bhuvan_2024,4598,MATCHED_AUTHORITATIVE_BOUNDARY
4601,Vasai,Palghar,Maharashtra,19.431809,72.879758,MoPR_LGD_and_ISRO_Bhuvan,LGD_2026_Bhuvan_2024,4601,MATCHED_AUTHORITATIVE_BOUNDARY
4602,Vikramgad,Palghar,Maharashtra,19.813306,73.064317,MoPR_LGD_and_ISRO_Bhuvan,LGD_2026_Bhuvan_2024,4602,MATCHED_AUTHORITATIVE_BOUNDARY
4603,Wada,Palghar,Maharashtra,19.642319,73.135109,MoPR_LGD_and_ISRO_Bhuvan,LGD_2026_Bhuvan_2024,4603,MATCHED_AUTHORITATIVE_BOUNDARY
4502,Gangakhed,Parbhani,Maharashtra,18.914189,76.748344,MoPR_LGD_and_ISRO_Bhuvan,LGD_2026_Bhuvan_2024,4502,MATCHED_AUTHORITATIVE_BOUNDARY
4503,Jintur,Parbhani,Maharashtra,19.61417,76.689591,MoPR_LGD_and_ISRO_Bhuvan,LGD_2026_Bhuvan_2024,4503,MATCHED_AUTHORITATIVE_BOUNDARY
4504,Manwat,Parbhani,Maharashtra,19.263768,76.549959,MoPR_LGD_and_ISRO_Bhuvan,LGD_2026_Bhuvan_2024,4504,MATCHED_AUTHORITATIVE_BOUNDARY
4505,Palam,Parbhani,Maharashtra,18.97832,76.94988,MoPR_LGD_and_ISRO_Bhuvan,LGD_2026_Bhuvan_2024,4505,MATCHED_AUTHORITATIVE_BOUNDARY
4506,Parbhani,Parbhani,Maharashtra,19.251892,76.76065,MoPR_LGD_and_ISRO_Bhuvan,LGD_2026_Bhuvan_2024,4506,MATCHED_AUTHORITATIVE_BOUNDARY
4507,Pathri,Parbhani,Maharashtra,19.234978,76.383026,MoPR_LGD_and_ISRO_Bhuvan,LGD_2026_Bhuvan_2024,4507,MATCHED_AUTHORITATIVE_BOUNDARY
4508,Purna,Parbhani,Maharashtra,19.16367,77.005327,MoPR_LGD_and_ISRO_Bhuvan,LGD_2026_Bhuvan_2024,4508,MATCHED_AUTHORITATIVE_BOUNDARY
4509,Sailu,Parbhani,Maharashtra,19.476388,76.472981,MoPR_LGD_and_ISRO_Bhuvan,LGD_2026_Bhuvan_2024,4509,MATCHED_AUTHORITATIVE_BOUNDARY
4510,Sonpeth,Parbhani,Maharashtra,19.000048,76.567081,MoPR_LGD_and_ISRO_Bhuvan,LGD_2026_Bhuvan_2024,4510,MATCHED_AUTHORITATIVE_BOUNDARY
4511,Ambegaon,Pune,Maharashtra,19.041983,73.857921,MoPR_LGD_and_ISRO_Bhuvan,LGD_2026_Bhuvan_2024,4511,MATCHED_AUTHORITATIVE_BOUNDARY
4512,Baramati,Pune,Maharashtra,18.204049,74.459871,MoPR_LGD_and_ISRO_Bhuvan,LGD_2026_Bhuvan_2024,4512,MATCHED_AUTHORITATIVE_BOUNDARY
4513,Bhor,Pune,Maharashtra,18.17374,73.799762,MoPR_LGD_and_ISRO_Bhuvan,LGD_2026_Bhuvan_2024,4513,MATCHED_AUTHORITATIVE_BOUNDARY
4514,Daund,Pune,Maharashtra,18.452047,74.455306,MoPR_LGD_and_ISRO_Bhuvan,LGD_2026_Bhuvan_2024,4514,MATCHED_AUTHORITATIVE_BOUNDARY
4515,Haveli,Pune,Maharashtra,18.651269,73.831345,MoPR_LGD_and_ISRO_Bhuvan,LGD_2026_Bhuvan_2024,4515,MATCHED_AUTHORITATIVE_BOUNDARY
4516,Indapur,Pune,Maharashtra,18.115585,74.890664,MoPR_LGD_and_ISRO_Bhuvan,LGD_2026_Bhuvan_2024,4516,MATCHED_AUTHORITATIVE_BOUNDARY
4517,Junnar,Pune,Maharashtra,19.204134,73.951988,MoPR_LGD_and_ISRO_Bhuvan,LGD_2026_Bhuvan_2024,4517,MATCHED_AUTHORITATIVE_BOUNDARY
4518,Khed,Pune,Maharashtra,18.869472,73.801033,MoPR_LGD_and_ISRO_Bhuvan,LGD_2026_Bhuvan_2024,4518,MATCHED_AUTHORITATIVE_BOUNDARY
4519,Maval,Pune,Maharashtra,18.76627,73.54502,MoPR_LGD_and_ISRO_Bhuvan,LGD_2026_Bhuvan_2024,4519,MATCHED_AUTHORITATIVE_BOUNDARY
4520,Mulshi,Pune,Maharashtra,18.518736,73.548709,MoPR_LGD_and_ISRO_Bhuvan,LGD_2026_Bhuvan_2024,4520,MATCHED_AUTHORITATIVE_BOUNDARY
4521,Pune City,Pune,Maharashtra,18.533381,73.881143,MoPR_LGD_and_ISRO_Bhuvan,LGD_2026_Bhuvan_2024,4521,MATCHED_AUTHORITATIVE_BOUNDARY
4522,Purandar,Pune,Maharashtra,18.29456,74.110371,MoPR_LGD_and_ISRO_Bhuvan,LGD_2026_Bhuvan_2024,4522,MATCHED_AUTHORITATIVE_BOUNDARY
4523,Shirur,Pune,Maharashtra,18.741429,74.256585,MoPR_LGD_and_ISRO_Bhuvan,LGD_2026_Bhuvan_2024,4523,MATCHED_AUTHORITATIVE_BOUNDARY
4524,Velhe,Pune,Maharashtra,18.301045,73.617389,MoPR_LGD_and_ISRO_Bhuvan,LGD_2026_Bhuvan_2024,4524,MATCHED_AUTHORITATIVE_BOUNDARY
4525,Alibag,Raigad,Maharashtra,18.657946,72.958546,MoPR_LGD_and_ISRO_Bhuvan,LGD_2026_Bhuvan_2024,4525,MATCHED_AUTHORITATIVE_BOUNDARY
4526,Karjat,Raigad,Maharashtra,19.003034,73.395344,MoPR_LGD_and_ISRO_Bhuvan,LGD_2026_Bhuvan_2024,4526,MATCHED_AUTHORITATIVE_BOUNDARY
4527,Khalapur,Raigad,Maharashtra,18.831564,73.271135,MoPR_LGD_and_ISRO_Bhuvan,LGD_2026_Bhuvan_2024,4527,MATCHED_AUTHORITATIVE_BOUNDARY
4528,Mahad,Raigad,Maharashtra,18.116391,73.451577,MoPR_LGD_and_ISRO_Bhuvan,LGD_2026_Bhuvan_2024,4528,MATCHED_AUTHORITATIVE_BOUNDARY
4529,Mangaon,Raigad,Maharashtra,18.271978,73.302138,MoPR_LGD_and_ISRO_Bhuvan,LGD_2026_Bhuvan_2024,4529,MATCHED_AUTHORITATIVE_BOUNDARY
4530,Mhasala,Raigad,Maharashtra,18.128109,73.133603,MoPR_LGD_and_ISRO_Bhuvan,LGD_2026_Bhuvan_2024,4530,MATCHED_AUTHORITATIVE_BOUNDARY
4531,Murud,Raigad,Maharashtra,18.400437,72.968208,MoPR_LGD_and_ISRO_Bhuvan,LGD_2026_Bhuvan_2024,4531,MATCHED_AUTHORITATIVE_BOUNDARY
4532,Panvel,Raigad,Maharashtra,18.98429,73.132152,MoPR_LGD_and_ISRO_Bhuvan,LGD_2026_Bhuvan_2024,4532,MATCHED_AUTHORITATIVE_BOUNDARY
4533,Pen,Raigad,Maharashtra,18.716023,73.111906,MoPR_LGD_and_ISRO_Bhuvan,LGD_2026_Bhuvan_2024,4533,MATCHED_AUTHORITATIVE_BOUNDARY
4534,Poladpur,Raigad,Maharashtra,17.969816,73.525663,MoPR_LGD_and_ISRO_Bhuvan,LGD_2026_Bhuvan_2024,4534,MATCHED_AUTHORITATIVE_BOUNDARY
4535,Roha,Raigad,Maharashtra,18.444315,73.133963,MoPR_LGD_and_ISRO_Bhuvan,LGD_2026_Bhuvan_2024,4535,MATCHED_AUTHORITATIVE_BOUNDARY
4536,Shrivardhan,Raigad,Maharashtra,18.108925,73.029413,MoPR_LGD_and_ISRO_Bhuvan,LGD_2026_Bhuvan_2024,4536,MATCHED_AUTHORITATIVE_BOUNDARY
4537,Sudhagad,Raigad,Maharashtra,18.583968,73.278093,MoPR_LGD_and_ISRO_Bhuvan,LGD_2026_Bhuvan_2024,4537,MATCHED_AUTHORITATIVE_BOUNDARY
4538,Tala,Raigad,Maharashtra,18.279814,73.13594,MoPR_LGD_and_ISRO_Bhuvan,LGD_2026_Bhuvan_2024,4538,MATCHED_AUTHORITATIVE_BOUNDARY
4539,Uran,Raigad,Maharashtra,18.886884,73.001253,MoPR_LGD_and_ISRO_Bhuvan,LGD_2026_Bhuvan_2024,4539,MATCHED_AUTHORITATIVE_BOUNDARY
4540,Chipalun,Ratnagiri,Maharashtra,17.448449,73.527935,MoPR_LGD_and_ISRO_Bhuvan,LGD_2026_Bhuvan_2024,4540,MATCHED_AUTHORITATIVE_BOUNDARY
4541,Dapoli,Ratnagiri,Maharashtra,17.761012,73.218312,MoPR_LGD_and_ISRO_Bhuvan,LGD_2026_Bhuvan_2024,4541,MATCHED_AUTHORITATIVE_BOUNDARY
4542,Guhagar,Ratnagiri,Maharashtra,17.424849,73.279565,MoPR_LGD_and_ISRO_Bhuvan,LGD_2026_Bhuvan_2024,4542,MATCHED_AUTHORITATIVE_BOUNDARY
4543,Khed,Ratnagiri,Maharashtra,17.713647,73.481429,MoPR_LGD_and_ISRO_Bhuvan,LGD_2026_Bhuvan_2024,4543,MATCHED_AUTHORITATIVE_BOUNDARY
4544,Lanja,Ratnagiri,Maharashtra,16.851162,73.570584,MoPR_LGD_and_ISRO_Bhuvan,LGD_2026_Bhuvan_2024,4544,MATCHED_AUTHORITATIVE_BOUNDARY
4545,Mandangad,Ratnagiri,Maharashtra,17.974136,73.223312,MoPR_LGD_and_ISRO_Bhuvan,LGD_2026_Bhuvan_2024,4545,MATCHED_AUTHORITATIVE_BOUNDARY
4546,Rajapur,Ratnagiri,Maharashtra,16.657215,73.551313,MoPR_LGD_and_ISRO_Bhuvan,LGD_2026_Bhuvan_2024,4546,MATCHED_AUTHORITATIVE_BOUNDARY
4547,Ratnagiri,Ratnagiri,Maharashtra,17.03814,73.359376,MoPR_LGD_and_ISRO_Bhuvan,LGD_2026_Bhuvan_2024,4547,MATCHED_AUTHORITATIVE_BOUNDARY
4548,Sangmeshwar,Ratnagiri,Maharashtra,17.123223,73.608451,MoPR_LGD_and_ISRO_Bhuvan,LGD_2026_Bhuvan_2024,4548,MATCHED_AUTHORITATIVE_BOUNDARY
4549,Atpadi,Sangli,Maharashtra,17.40553,74.864485,MoPR_LGD_and_ISRO_Bhuvan,LGD_2026_Bhuvan_2024,4549,MATCHED_AUTHORITATIVE_BOUNDARY
4550,Jath,Sangli,Maharashtra,17.085829,75.334199,MoPR_LGD_and_ISRO_Bhuvan,LGD_2026_Bhuvan_2024,4550,MATCHED_AUTHORITATIVE_BOUNDARY
4551,Kadegaon,Sangli,Maharashtra,17.325869,74.366181,MoPR_LGD_and_ISRO_Bhuvan,LGD_2026_Bhuvan_2024,4551,MATCHED_AUTHORITATIVE_BOUNDARY
4552,Kavathemahankal,Sangli,Maharashtra,17.046308,74.908605,MoPR_LGD_and_ISRO_Bhuvan,LGD_2026_Bhuvan_2024,4552,MATCHED_AUTHORITATIVE_BOUNDARY
4553,Khanapur-Vita,Sangli,Maharashtra,17.2832,74.602879,MoPR_LGD_and_ISRO_Bhuvan,LGD_2026_Bhuvan_2024,4553,MATCHED_AUTHORITATIVE_BOUNDARY
4554,Miraj,Sangli,Maharashtra,16.859461,74.692427,MoPR_LGD_and_ISRO_Bhuvan,LGD_2026_Bhuvan_2024,4554,MATCHED_AUTHORITATIVE_BOUNDARY
4555,Palus,Sangli,Maharashtra,17.099697,74.432844,MoPR_LGD_and_ISRO_Bhuvan,LGD_2026_Bhuvan_2024,4555,MATCHED_AUTHORITATIVE_BOUNDARY
4556,Shirala,Sangli,Maharashtra,17.07393,73.982333,MoPR_LGD_and_ISRO_Bhuvan,LGD_2026_Bhuvan_2024,4556,MATCHED_AUTHORITATIVE_BOUNDARY
4557,Tasgaon,Sangli,Maharashtra,17.099288,74.674932,MoPR_LGD_and_ISRO_Bhuvan,LGD_2026_Bhuvan_2024,4557,MATCHED_AUTHORITATIVE_BOUNDARY
4558,Valva-Islampur,Sangli,Maharashtra,17.016997,74.289209,MoPR_LGD_and_ISRO_Bhuvan,LGD_2026_Bhuvan_2024,4558,MATCHED_AUTHORITATIVE_BOUNDARY
4559,Jawali,Satara,Maharashtra,17.762915,73.762709,MoPR_LGD_and_ISRO_Bhuvan,LGD_2026_Bhuvan_2024,4559,MATCHED_AUTHORITATIVE_BOUNDARY
4560,Karad,Satara,Maharashtra,17.300639,74.137725,MoPR_LGD_and_ISRO_Bhuvan,LGD_2026_Bhuvan_2024,4560,MATCHED_AUTHORITATIVE_BOUNDARY
4561,Khandala,Satara,Maharashtra,18.072244,74.04007,MoPR_LGD_and_ISRO_Bhuvan,LGD_2026_Bhuvan_2024,4561,MATCHED_AUTHORITATIVE_BOUNDARY
4562,Khatav,Satara,Maharashtra,17.573993,74.422842,MoPR_LGD_and_ISRO_Bhuvan,LGD_2026_Bhuvan_2024,4562,MATCHED_AUTHORITATIVE_BOUNDARY
4563,Koregaon,Satara,Maharashtra,17.740939,74.166159,MoPR_LGD_and_ISRO_Bhuvan,LGD_2026_Bhuvan_2024,4563,MATCHED_AUTHORITATIVE_BOUNDARY
4564,Mahabaleshwar,Satara,Maharashtra,17.90104,73.659495,MoPR_LGD_and_ISRO_Bhuvan,LGD_2026_Bhuvan_2024,4564,MATCHED_AUTHORITATIVE_BOUNDARY
4565,Man,Satara,Maharashtra,17.682377,74.652531,MoPR_LGD_and_ISRO_Bhuvan,LGD_2026_Bhuvan_2024,4565,MATCHED_AUTHORITATIVE_BOUNDARY
4566,Patan,Satara,Maharashtra,17.367847,73.872443,MoPR_LGD_and_ISRO_Bhuvan,LGD_2026_Bhuvan_2024,4566,MATCHED_AUTHORITATIVE_BOUNDARY
4567,Phaltan,Satara,Maharashtra,17.965826,74.415031,MoPR_LGD_and_ISRO_Bhuvan,LGD_2026_Bhuvan_2024,4567,MATCHED_AUTHORITATIVE_BOUNDARY
4568,Satara,Satara,Maharashtra,17.64846,73.989484,MoPR_LGD_and_ISRO_Bhuvan,LGD_2026_Bhuvan_2024,4568,MATCHED_AUTHORITATIVE_BOUNDARY
4569,Wai,Satara,Maharashtra,17.951233,73.87503,MoPR_LGD_and_ISRO_Bhuvan,LGD_2026_Bhuvan_2024,4569,MATCHED_AUTHORITATIVE_BOUNDARY
4570,Deogad,Sindhudurg,Maharashtra,16.400315,73.490516,MoPR_LGD_and_ISRO_Bhuvan,LGD_2026_Bhuvan_2024,4570,MATCHED_AUTHORITATIVE_BOUNDARY
4571,Dodamarg,Sindhudurg,Maharashtra,15.740784,74.038774,MoPR_LGD_and_ISRO_Bhuvan,LGD_2026_Bhuvan_2024,4571,MATCHED_AUTHORITATIVE_BOUNDARY
4572,Kankavali,Sindhudurg,Maharashtra,16.331393,73.744348,MoPR_LGD_and_ISRO_Bhuvan,LGD_2026_Bhuvan_2024,4572,MATCHED_AUTHORITATIVE_BOUNDARY
4573,Kudal,Sindhudurg,Maharashtra,16.058356,73.771442,MoPR_LGD_and_ISRO_Bhuvan,LGD_2026_Bhuvan_2024,4573,MATCHED_AUTHORITATIVE_BOUNDARY
4574,Malvan,Sindhudurg,Maharashtra,16.148028,73.561851,MoPR_LGD_and_ISRO_Bhuvan,LGD_2026_Bhuvan_2024,4574,MATCHED_AUTHORITATIVE_BOUNDARY
4575,Sawantwadi,Sindhudurg,Maharashtra,15.889792,73.897373,MoPR_LGD_and_ISRO_Bhuvan,LGD_2026_Bhuvan_2024,4575,MATCHED_AUTHORITATIVE_BOUNDARY
4576,Vaibhavawadi,Sindhudurg,Maharashtra,16.528077,73.773212,MoPR_LGD_and_ISRO_Bhuvan,LGD_2026_Bhuvan_2024,4576,MATCHED_AUTHORITATIVE_BOUNDARY
4577,Vengurla,Sindhudurg,Maharashtra,15.886812,73.641967,MoPR_LGD_and_ISRO_Bhuvan,LGD_2026_Bhuvan_2024,4577,MATCHED_AUTHORITATIVE_BOUNDARY
4578,Akkalkot,Solapur,Maharashtra,17.500296,76.191365,MoPR_LGD_and_ISRO_Bhuvan,LGD_2026_Bhuvan_2024,4578,MATCHED_AUTHORITATIVE_BOUNDARY
4579,Barshi,Solapur,Maharashtra,18.171753,75.782314,MoPR_LGD_and_ISRO_Bhuvan,LGD_2026_Bhuvan_2024,4579,MATCHED_AUTHORITATIVE_BOUNDARY
4580,Karmala,Solapur,Maharashtra,18.316335,75.148423,MoPR_LGD_and_ISRO_Bhuvan,LGD_2026_Bhuvan_2024,4580,MATCHED_AUTHORITATIVE_BOUNDARY
4581,Madha,Solapur,Maharashtra,18.0396,75.380008,MoPR_LGD_and_ISRO_Bhuvan,LGD_2026_Bhuvan_2024,4581,MATCHED_AUTHORITATIVE_BOUNDARY
4582,Malshiras,Solapur,Maharashtra,17.825915,74.919853,MoPR_LGD_and_ISRO_Bhuvan,LGD_2026_Bhuvan_2024,4582,MATCHED_AUTHORITATIVE_BOUNDARY
4583,Mangalvedhe,Solapur,Maharashtra,17.416902,75.458752,MoPR_LGD_and_ISRO_Bhuvan,LGD_2026_Bhuvan_2024,4583,MATCHED_AUTHORITATIVE_BOUNDARY
4584,Mohol,Solapur,Maharashtra,17.777407,75.615852,MoPR_LGD_and_ISRO_Bhuvan,LGD_2026_Bhuvan_2024,4584,MATCHED_AUTHORITATIVE_BOUNDARY
4585,Pandharpur,Solapur,Maharashtra,17.710881,75.313641,MoPR_LGD_and_ISRO_Bhuvan,LGD_2026_Bhuvan_2024,4585,MATCHED_AUTHORITATIVE_BOUNDARY
4586,Sangola,Solapur,Maharashtra,17.396886,75.126449,MoPR_LGD_and_ISRO_Bhuvan,LGD_2026_Bhuvan_2024,4586,MATCHED_AUTHORITATIVE_BOUNDARY
4587,Solapur North,Solapur,Maharashtra,17.750109,75.84884,MoPR_LGD_and_ISRO_Bhuvan,LGD_2026_Bhuvan_2024,4587,MATCHED_AUTHORITATIVE_BOUNDARY
4588,South Solapur,Solapur,Maharashtra,17.569955,75.916327,MoPR_LGD_and_ISRO_Bhuvan,LGD_2026_Bhuvan_2024,4588,MATCHED_AUTHORITATIVE_BOUNDARY
4589,Ambernath,Thane,Maharashtra,19.148858,73.250952,MoPR_LGD_and_ISRO_Bhuvan,LGD_2026_Bhuvan_2024,4589,MATCHED_AUTHORITATIVE_BOUNDARY
4590,Bhiwandi,Thane,Maharashtra,19.37116,73.089541,MoPR_LGD_and_ISRO_Bhuvan,LGD_2026_Bhuvan_2024,4590,MATCHED_AUTHORITATIVE_BOUNDARY
4593,Kalyan,Thane,Maharashtra,19.267223,73.205069,MoPR_LGD_and_ISRO_Bhuvan,LGD_2026_Bhuvan_2024,4593,MATCHED_AUTHORITATIVE_BOUNDARY
4595,Murbad,Thane,Maharashtra,19.27947,73.532657,MoPR_LGD_and_ISRO_Bhuvan,LGD_2026_Bhuvan_2024,4595,MATCHED_AUTHORITATIVE_BOUNDARY
4597,Shahapur,Thane,Maharashtra,19.511268,73.426058,MoPR_LGD_and_ISRO_Bhuvan,LGD_2026_Bhuvan_2024,4597,MATCHED_AUTHORITATIVE_BOUNDARY
4604,Arvi,Wardha,Maharashtra,20.941315,78.335701,MoPR_LGD_and_ISRO_Bhuvan,LGD_2026_Bhuvan_2024,4604,MATCHED_AUTHORITATIVE_BOUNDARY
4605,Ashti,Wardha,Maharashtra,21.223328,78.185053,MoPR_LGD_and_ISRO_Bhuvan,LGD_2026_Bhuvan_2024,4605,MATCHED_AUTHORITATIVE_BOUNDARY
4606,Deoli,Wardha,Maharashtra,20.614685,78.424992,MoPR_LGD_and_ISRO_Bhuvan,LGD_2026_Bhuvan_2024,4606,MATCHED_AUTHORITATIVE_BOUNDARY
4607,Hinganghat,Wardha,Maharashtra,20.4801,78.76147,MoPR_LGD_and_ISRO_Bhuvan,LGD_2026_Bhuvan_2024,4607,MATCHED_AUTHORITATIVE_BOUNDARY
4608,Karanja,Wardha,Maharashtra,21.106662,78.439262,MoPR_LGD_and_ISRO_Bhuvan,LGD_2026_Bhuvan_2024,4608,MATCHED_AUTHORITATIVE_BOUNDARY
4609,Samudrapur,Wardha,Maharashtra,20.617047,79.009801,MoPR_LGD_and_ISRO_Bhuvan,LGD_2026_Bhuvan_2024,4609,MATCHED_AUTHORITATIVE_BOUNDARY
4610,Seloo,Wardha,Maharashtra,20.86071,78.713518,MoPR_LGD_and_ISRO_Bhuvan,LGD_2026_Bhuvan_2024,4610,MATCHED_AUTHORITATIVE_BOUNDARY
4611,Wardha,Wardha,Maharashtra,20.718941,78.589726,MoPR_LGD_and_ISRO_Bhuvan,LGD_2026_Bhuvan_2024,4611,MATCHED_AUTHORITATIVE_BOUNDARY
4612,Karanja,Washim,Maharashtra,20.540498,77.512358,MoPR_LGD_and_ISRO_Bhuvan,LGD_2026_Bhuvan_2024,4612,MATCHED_AUTHORITATIVE_BOUNDARY
4613,Malegaon,Washim,Maharashtra,20.261169,77.010048,MoPR_LGD_and_ISRO_Bhuvan,LGD_2026_Bhuvan_2024,4613,MATCHED_AUTHORITATIVE_BOUNDARY
4614,Mangrulpir,Washim,Maharashtra,20.30344,77.327414,MoPR_LGD_and_ISRO_Bhuvan,LGD_2026_Bhuvan_2024,4614,MATCHED_AUTHORITATIVE_BOUNDARY
4615,Manora,Washim,Maharashtra,20.198265,77.533332,MoPR_LGD_and_ISRO_Bhuvan,LGD_2026_Bhuvan_2024,4615,MATCHED_AUTHORITATIVE_BOUNDARY
4616,Risod,Washim,Maharashtra,20.037447,76.793261,MoPR_LGD_and_ISRO_Bhuvan,LGD_2026_Bhuvan_2024,4616,MATCHED_AUTHORITATIVE_BOUNDARY
4617,Washim,Washim,Maharashtra,20.082528,77.184784,MoPR_LGD_and_ISRO_Bhuvan,LGD_2026_Bhuvan_2024,4617,MATCHED_AUTHORITATIVE_BOUNDARY
4618,Arni,Yavatmal,Maharashtra,20.036868,78.010241,MoPR_LGD_and_ISRO_Bhuvan,LGD_2026_Bhuvan_2024,4618,MATCHED_AUTHORITATIVE_BOUNDARY
4619,Babhulgaon,Yavatmal,Maharashtra,20.572921,78.142849,MoPR_LGD_and_ISRO_Bhuvan,LGD_2026_Bhuvan_2024,4619,MATCHED_AUTHORITATIVE_BOUNDARY
4620,Darwha,Yavatmal,Maharashtra,20.319817,77.7681,MoPR_LGD_and_ISRO_Bhuvan,LGD_2026_Bhuvan_2024,4620,MATCHED_AUTHORITATIVE_BOUNDARY
4621,Digras,Yavatmal,Maharashtra,20.097107,77.765763,MoPR_LGD_and_ISRO_Bhuvan,LGD_2026_Bhuvan_2024,4621,MATCHED_AUTHORITATIVE_BOUNDARY
4622,Ghatanji,Yavatmal,Maharashtra,20.038885,78.307109,MoPR_LGD_and_ISRO_Bhuvan,LGD_2026_Bhuvan_2024,4622,MATCHED_AUTHORITATIVE_BOUNDARY
4623,Kalamb,Yavatmal,Maharashtra,20.387981,78.365888,MoPR_LGD_and_ISRO_Bhuvan,LGD_2026_Bhuvan_2024,4623,MATCHED_AUTHORITATIVE_BOUNDARY
4624,Kelapur,Yavatmal,Maharashtra,20.020484,78.528557,MoPR_LGD_and_ISRO_Bhuvan,LGD_2026_Bhuvan_2024,4624,MATCHED_AUTHORITATIVE_BOUNDARY
4625,Mahagaon,Yavatmal,Maharashtra,19.836131,77.764184,MoPR_LGD_and_ISRO_Bhuvan,LGD_2026_Bhuvan_2024,4625,MATCHED_AUTHORITATIVE_BOUNDARY
4626,Maregaon,Yavatmal,Maharashtra,20.134909,78.786526,MoPR_LGD_and_ISRO_Bhuvan,LGD_2026_Bhuvan_2024,4626,MATCHED_AUTHORITATIVE_BOUNDARY
4627,Ner,Yavatmal,Maharashtra,20.487791,77.852131,MoPR_LGD_and_ISRO_Bhuvan,LGD_2026_Bhuvan_2024,4627,MATCHED_AUTHORITATIVE_BOUNDARY
4628,Pusad,Yavatmal,Maharashtra,19.898579,77.487069,MoPR_LGD_and_ISRO_Bhuvan,LGD_2026_Bhuvan_2024,4628,MATCHED_AUTHORITATIVE_BOUNDARY
4629,Ralegaon,Yavatmal,Maharashtra,20.314554,78.5971,MoPR_LGD_and_ISRO_Bhuvan,LGD_2026_Bhuvan_2024,4629,MATCHED_AUTHORITATIVE_BOUNDARY
4630,Umarkhed,Yavatmal,Maharashtra,19.595285,77.868677,MoPR_LGD_and_ISRO_Bhuvan,LGD_2026_Bhuvan_2024,4630,MATCHED_AUTHORITATIVE_BOUNDARY
4631,Wani,Yavatmal,Maharashtra,19.968943,78.963793,MoPR_LGD_and_ISRO_Bhuvan,LGD_2026_Bhuvan_2024,4631,MATCHED_AUTHORITATIVE_BOUNDARY
4632,Yavatmal,Yavatmal,Maharashtra,20.300383,78.131296,MoPR_LGD_and_ISRO_Bhuvan,LGD_2026_Bhuvan_2024,4632,MATCHED_AUTHORITATIVE_BOUNDARY
4633,Zari Jamni,Yavatmal,Maharashtra,19.87801,78.741714,MoPR_LGD_and_ISRO_Bhuvan,LGD_2026_Bhuvan_2024,4633,MATCHED_AUTHORITATIVE_BOUNDARY
2359,Bishnupur,Bishnupur,Manipur,24.58107,93.781021,MoPR_LGD_and_ISRO_Bhuvan,LGD_2026_Bhuvan_2024,2359,MATCHED_AUTHORITATIVE_BOUNDARY
2360,Moirang,Bishnupur,Manipur,24.453315,93.793688,MoPR_LGD_and_ISRO_Bhuvan,LGD_2026_Bhuvan_2024,2360,MATCHED_AUTHORITATIVE_BOUNDARY
7154,Nambol,Bishnupur,Manipur,24.696364,93.824076,MoPR_LGD_and_ISRO_Bhuvan,LGD_2026_Bhuvan_2024,7154,MATCHED_AUTHORITATIVE_BOUNDARY
2361,Chakpikarong,Chandel,Manipur,24.051805,93.993289,MoPR_LGD_and_ISRO_Bhuvan,LGD_2026_Bhuvan_2024,2361,MATCHED_AUTHORITATIVE_BOUNDARY
2362,Chandel,Chandel,Manipur,24.308447,94.034814,MoPR_LGD_and_ISRO_Bhuvan,LGD_2026_Bhuvan_2024,2362,MATCHED_AUTHORITATIVE_BOUNDARY
7317,Khangbarol,Chandel,Manipur,,,MoPR_LGD_and_ISRO_Bhuvan,LGD_2026_Bhuvan_2024,7317,PENDING_OFFICIAL_BOUNDARY_MATCH
6580,Khengjoy,Chandel,Manipur,,,MoPR_LGD_and_ISRO_Bhuvan,LGD_2026_Bhuvan_2024,6580,PENDING_OFFICIAL_BOUNDARY_MATCH
6565,Henglep,Churachandpur,Manipur,24.464909,93.541891,MoPR_LGD_and_ISRO_Bhuvan,LGD_2026_Bhuvan_2024,6565,MATCHED_AUTHORITATIVE_BOUNDARY
7312,Kangvai,Churachandpur,Manipur,,,MoPR_LGD_and_ISRO_Bhuvan,LGD_2026_Bhuvan_2024,7312,PENDING_OFFICIAL_BOUNDARY_MATCH
6571,Lamka,Churachandpur,Manipur,,,MoPR_LGD_and_ISRO_Bhuvan,LGD_2026_Bhuvan_2024,6571,PENDING_OFFICIAL_BOUNDARY_MATCH
7316,Lamka South,Churachandpur,Manipur,24.33135,93.696714,MoPR_LGD_and_ISRO_Bhuvan,LGD_2026_Bhuvan_2024,7316,MATCHED_AUTHORITATIVE_BOUNDARY
7315,Lanva,Churachandpur,Manipur,,,MoPR_LGD_and_ISRO_Bhuvan,LGD_2026_Bhuvan_2024,7315,PENDING_OFFICIAL_BOUNDARY_MATCH
7314,Mualnuam,Churachandpur,Manipur,,,MoPR_LGD_and_ISRO_Bhuvan,LGD_2026_Bhuvan_2024,7314,PENDING_OFFICIAL_BOUNDARY_MATCH
6572,Saikot,Churachandpur,Manipur,24.27292,93.749836,MoPR_LGD_and_ISRO_Bhuvan,LGD_2026_Bhuvan_2024,6572,MATCHED_AUTHORITATIVE_BOUNDARY
6573,Samulamlan,Churachandpur,Manipur,24.47218,93.694567,MoPR_LGD_and_ISRO_Bhuvan,LGD_2026_Bhuvan_2024,6573,MATCHED_AUTHORITATIVE_BOUNDARY
6574,Sangaikot,Churachandpur,Manipur,,,MoPR_LGD_and_ISRO_Bhuvan,LGD_2026_Bhuvan_2024,6574,PENDING_OFFICIAL_BOUNDARY_MATCH
6575,Singngat,Churachandpur,Manipur,24.118878,93.572364,MoPR_LGD_and_ISRO_Bhuvan,LGD_2026_Bhuvan_2024,6575,MATCHED_AUTHORITATIVE_BOUNDARY
7313,Suangdoh,Churachandpur,Manipur,,,MoPR_LGD_and_ISRO_Bhuvan,LGD_2026_Bhuvan_2024,7313,PENDING_OFFICIAL_BOUNDARY_MATCH
6578,Tuibong,Churachandpur,Manipur,24.350242,93.653014,MoPR_LGD_and_ISRO_Bhuvan,LGD_2026_Bhuvan_2024,6578,MATCHED_AUTHORITATIVE_BOUNDARY
7187,Heingang Cd Block,Imphal East,Manipur,,,MoPR_LGD_and_ISRO_Bhuvan,LGD_2026_Bhuvan_2024,7187,PENDING_OFFICIAL_BOUNDARY_MATCH
7162,Keirao Cd Block,Imphal East,Manipur,24.775366,93.995918,MoPR_LGD_and_ISRO_Bhuvan,LGD_2026_Bhuvan_2024,7162,MATCHED_AUTHORITATIVE_BOUNDARY
7161,Kshetrigao Cd Block,Imphal East,Manipur,,,MoPR_LGD_and_ISRO_Bhuvan,LGD_2026_Bhuvan_2024,7161,PENDING_OFFICIAL_BOUNDARY_MATCH
7188,Sawombung Cd Block,Imphal East,Manipur,24.896776,94.031073,MoPR_LGD_and_ISRO_Bhuvan,LGD_2026_Bhuvan_2024,7188,MATCHED_AUTHORITATIVE_BOUNDARY
2368,Haorangsabal,Imphal West,Manipur,24.901164,93.881025,MoPR_LGD_and_ISRO_Bhuvan,LGD_2026_Bhuvan_2024,2368,MATCHED_AUTHORITATIVE_BOUNDARY
7153,Hiyangthang,Imphal West,Manipur,,,MoPR_LGD_and_ISRO_Bhuvan,LGD_2026_Bhuvan_2024,7153,PENDING_OFFICIAL_BOUNDARY_MATCH
7152,Patsoi,Imphal West,Manipur,24.771375,93.834954,MoPR_LGD_and_ISRO_Bhuvan,LGD_2026_Bhuvan_2024,7152,MATCHED_AUTHORITATIVE_BOUNDARY
2369,Wangoi,Imphal West,Manipur,24.645175,93.875071,MoPR_LGD_and_ISRO_Bhuvan,LGD_2026_Bhuvan_2024,2369,MATCHED_AUTHORITATIVE_BOUNDARY
7164,Borobekra Cd Block,Jiribam,Manipur,,,MoPR_LGD_and_ISRO_Bhuvan,LGD_2026_Bhuvan_2024,7164,PENDING_OFFICIAL_BOUNDARY_MATCH
7307,Jiribam C D Block,Jiribam,Manipur,24.703859,93.1335,MoPR_LGD_and_ISRO_Bhuvan,LGD_2026_Bhuvan_2024,7307,MATCHED_AUTHORITATIVE_BOUNDARY
2380,Kakching,Kakching,Manipur,24.442317,93.919994,MoPR_LGD_and_ISRO_Bhuvan,LGD_2026_Bhuvan_2024,2380,MATCHED_AUTHORITATIVE_BOUNDARY
7178,Langmeidong,Kakching,Manipur,,,MoPR_LGD_and_ISRO_Bhuvan,LGD_2026_Bhuvan_2024,7178,PENDING_OFFICIAL_BOUNDARY_MATCH
2383,Kamjong,Kamjong,Manipur,24.877108,94.5491,MoPR_LGD_and_ISRO_Bhuvan,LGD_2026_Bhuvan_2024,2383,MATCHED_AUTHORITATIVE_BOUNDARY
2384,Kasom Khullen,Kamjong,Manipur,24.658225,94.300805,MoPR_LGD_and_ISRO_Bhuvan,LGD_2026_Bhuvan_2024,2384,MATCHED_AUTHORITATIVE_BOUNDARY
2385,Phungyar,Kamjong,Manipur,24.809213,94.325044,MoPR_LGD_and_ISRO_Bhuvan,LGD_2026_Bhuvan_2024,2385,MATCHED_AUTHORITATIVE_BOUNDARY
7308,Sahamphung Td Block,Kamjong,Manipur,,,MoPR_LGD_and_ISRO_Bhuvan,LGD_2026_Bhuvan_2024,7308,PENDING_OFFICIAL_BOUNDARY_MATCH
7318,Bungte Chiru,Kangpokpi,Manipur,,,MoPR_LGD_and_ISRO_Bhuvan,LGD_2026_Bhuvan_2024,7318,PENDING_OFFICIAL_BOUNDARY_MATCH
7320,Champhai,Kangpokpi,Manipur,,,MoPR_LGD_and_ISRO_Bhuvan,LGD_2026_Bhuvan_2024,7320,PENDING_OFFICIAL_BOUNDARY_MATCH
7322,Island,Kangpokpi,Manipur,,,MoPR_LGD_and_ISRO_Bhuvan,LGD_2026_Bhuvan_2024,7322,PENDING_OFFICIAL_BOUNDARY_MATCH
7319,Kangchup Geljang,Kangpokpi,Manipur,,,MoPR_LGD_and_ISRO_Bhuvan,LGD_2026_Bhuvan_2024,7319,PENDING_OFFICIAL_BOUNDARY_MATCH
2370,Kangpokpi,Kangpokpi,Manipur,25.202466,93.905887,MoPR_LGD_and_ISRO_Bhuvan,LGD_2026_Bhuvan_2024,2370,MATCHED_AUTHORITATIVE_BOUNDARY
7321,Lhungtin,Kangpokpi,Manipur,,,MoPR_LGD_and_ISRO_Bhuvan,LGD_2026_Bhuvan_2024,7321,PENDING_OFFICIAL_BOUNDARY_MATCH
2373,Saikul,Kangpokpi,Manipur,24.968486,94.064659,MoPR_LGD_and_ISRO_Bhuvan,LGD_2026_Bhuvan_2024,2373,MATCHED_AUTHORITATIVE_BOUNDARY
2374,Saitu Gamphazol,Kangpokpi,Manipur,24.908254,93.789367,MoPR_LGD_and_ISRO_Bhuvan,LGD_2026_Bhuvan_2024,2374,MATCHED_AUTHORITATIVE_BOUNDARY
7323,T Vaichong,Kangpokpi,Manipur,,,MoPR_LGD_and_ISRO_Bhuvan,LGD_2026_Bhuvan_2024,7323,PENDING_OFFICIAL_BOUNDARY_MATCH
7311,Haochong,Noney,Manipur,,,MoPR_LGD_and_ISRO_Bhuvan,LGD_2026_Bhuvan_2024,7311,PENDING_OFFICIAL_BOUNDARY_MATCH
6581,Khoupum,Noney,Manipur,24.676479,93.459718,MoPR_LGD_and_ISRO_Bhuvan,LGD_2026_Bhuvan_2024,6581,MATCHED_AUTHORITATIVE_BOUNDARY
7309,Longmai,Noney,Manipur,,,MoPR_LGD_and_ISRO_Bhuvan,LGD_2026_Bhuvan_2024,7309,PENDING_OFFICIAL_BOUNDARY_MATCH
2376,Nungba,Noney,Manipur,24.347605,93.119826,MoPR_LGD_and_ISRO_Bhuvan,LGD_2026_Bhuvan_2024,2376,MATCHED_AUTHORITATIVE_BOUNDARY
6576,Thanlon,Pherzawl,Manipur,24.294342,93.317427,MoPR_LGD_and_ISRO_Bhuvan,LGD_2026_Bhuvan_2024,6576,MATCHED_AUTHORITATIVE_BOUNDARY
7326,Tipaimukh,Pherzawl,Manipur,,,MoPR_LGD_and_ISRO_Bhuvan,LGD_2026_Bhuvan_2024,7326,PENDING_OFFICIAL_BOUNDARY_MATCH
7327,Vangai Range,Pherzawl,Manipur,,,MoPR_LGD_and_ISRO_Bhuvan,LGD_2026_Bhuvan_2024,7327,PENDING_OFFICIAL_BOUNDARY_MATCH
2371,Paomata,Senapati,Manipur,25.470122,94.310449,MoPR_LGD_and_ISRO_Bhuvan,LGD_2026_Bhuvan_2024,2371,MATCHED_AUTHORITATIVE_BOUNDARY
7328,Phaibung Khullen,Senapati,Manipur,,,MoPR_LGD_and_ISRO_Bhuvan,LGD_2026_Bhuvan_2024,7328,PENDING_OFFICIAL_BOUNDARY_MATCH
2372,Purul,Senapati,Manipur,25.34995,94.264545,MoPR_LGD_and_ISRO_Bhuvan,LGD_2026_Bhuvan_2024,2372,MATCHED_AUTHORITATIVE_BOUNDARY
7325,Song Song,Senapati,Manipur,,,MoPR_LGD_and_ISRO_Bhuvan,LGD_2026_Bhuvan_2024,7325,PENDING_OFFICIAL_BOUNDARY_MATCH
2375,Tadubi,Senapati,Manipur,25.387999,94.039013,MoPR_LGD_and_ISRO_Bhuvan,LGD_2026_Bhuvan_2024,2375,MATCHED_AUTHORITATIVE_BOUNDARY
7324,Willong,Senapati,Manipur,,,MoPR_LGD_and_ISRO_Bhuvan,LGD_2026_Bhuvan_2024,7324,PENDING_OFFICIAL_BOUNDARY_MATCH
2377,Tamei,Tamenglong,Manipur,25.21094,93.728273,MoPR_LGD_and_ISRO_Bhuvan,LGD_2026_Bhuvan_2024,2377,MATCHED_AUTHORITATIVE_BOUNDARY
2378,Tamenglong,Tamenglong,Manipur,24.936043,93.569383,MoPR_LGD_and_ISRO_Bhuvan,LGD_2026_Bhuvan_2024,2378,MATCHED_AUTHORITATIVE_BOUNDARY
2379,Tousem,Tamenglong,Manipur,24.988229,93.358983,MoPR_LGD_and_ISRO_Bhuvan,LGD_2026_Bhuvan_2024,2379,MATCHED_AUTHORITATIVE_BOUNDARY
2363,Machi,Tengnoupal,Manipur,24.532782,94.196784,MoPR_LGD_and_ISRO_Bhuvan,LGD_2026_Bhuvan_2024,2363,MATCHED_AUTHORITATIVE_BOUNDARY
7310,Moreh,Tengnoupal,Manipur,,,MoPR_LGD_and_ISRO_Bhuvan,LGD_2026_Bhuvan_2024,7310,PENDING_OFFICIAL_BOUNDARY_MATCH
2364,Tengnoupal,Tengnoupal,Manipur,24.339373,94.246594,MoPR_LGD_and_ISRO_Bhuvan,LGD_2026_Bhuvan_2024,2364,MATCHED_AUTHORITATIVE_BOUNDARY
7159,Lilong Cd Block,Thoubal,Manipur,24.654537,93.938078,MoPR_LGD_and_ISRO_Bhuvan,LGD_2026_Bhuvan_2024,7159,MATCHED_AUTHORITATIVE_BOUNDARY
2381,Thoubal,Thoubal,Manipur,24.603538,94.022887,MoPR_LGD_and_ISRO_Bhuvan,LGD_2026_Bhuvan_2024,2381,MATCHED_AUTHORITATIVE_BOUNDARY
7160,Wangjing Cd Block,Thoubal,Manipur,,,MoPR_LGD_and_ISRO_Bhuvan,LGD_2026_Bhuvan_2024,7160,PENDING_OFFICIAL_BOUNDARY_MATCH
2382,Chingai,Ukhrul,Manipur,25.388385,94.496147,MoPR_LGD_and_ISRO_Bhuvan,LGD_2026_Bhuvan_2024,2382,MATCHED_AUTHORITATIVE_BOUNDARY
7306,Jessami Td,Ukhrul,Manipur,,,MoPR_LGD_and_ISRO_Bhuvan,LGD_2026_Bhuvan_2024,7306,PENDING_OFFICIAL_BOUNDARY_MATCH
6607,Lungchong Meiphai,Ukhrul,Manipur,,,MoPR_LGD_and_ISRO_Bhuvan,LGD_2026_Bhuvan_2024,6607,PENDING_OFFICIAL_BOUNDARY_MATCH
2386,Ukhrul,Ukhrul,Manipur,25.085471,94.373424,MoPR_LGD_and_ISRO_Bhuvan,LGD_2026_Bhuvan_2024,2386,MATCHED_AUTHORITATIVE_BOUNDARY
2483,Mairang,Eastern West Khasi Hills,Meghalaya,25.685541,91.65198,MoPR_LGD_and_ISRO_Bhuvan,LGD_2026_Bhuvan_2024,2483,MATCHED_AUTHORITATIVE_BOUNDARY
2486,Mawthadraishan,Eastern West Khasi Hills,Meghalaya,25.559312,91.451225,MoPR_LGD_and_ISRO_Bhuvan,LGD_2026_Bhuvan_2024,2486,MATCHED_AUTHORITATIVE_BOUNDARY
2450,Dambo Rongjeng,East Garo Hills,Meghalaya,25.695718,90.806169,MoPR_LGD_and_ISRO_Bhuvan,LGD_2026_Bhuvan_2024,2450,MATCHED_AUTHORITATIVE_BOUNDARY
2453,Samanda,East Garo Hills,Meghalaya,25.530524,90.512498,MoPR_LGD_and_ISRO_Bhuvan,LGD_2026_Bhuvan_2024,2453,MATCHED_AUTHORITATIVE_BOUNDARY
2454,Songsak,East Garo Hills,Meghalaya,25.661828,90.605258,MoPR_LGD_and_ISRO_Bhuvan,LGD_2026_Bhuvan_2024,2454,MATCHED_AUTHORITATIVE_BOUNDARY
7525,Lumshnong,East Jaintia Hills,Meghalaya,,,MoPR_LGD_and_ISRO_Bhuvan,LGD_2026_Bhuvan_2024,7525,PENDING_OFFICIAL_BOUNDARY_MATCH
2466,Saipung,East Jaintia Hills,Meghalaya,25.283055,92.586253,MoPR_LGD_and_ISRO_Bhuvan,LGD_2026_Bhuvan_2024,2466,MATCHED_AUTHORITATIVE_BOUNDARY
2464,Wapung,East Jaintia Hills,Meghalaya,25.229891,92.331622,MoPR_LGD_and_ISRO_Bhuvan,LGD_2026_Bhuvan_2024,2464,MATCHED_AUTHORITATIVE_BOUNDARY
2455,Khadarshnong-Laitkroh,East Khasi Hills,Meghalaya,25.376967,91.800451,MoPR_LGD_and_ISRO_Bhuvan,LGD_2026_Bhuvan_2024,2455,MATCHED_AUTHORITATIVE_BOUNDARY
2456,Mawkynrew,East Khasi Hills,Meghalaya,25.423223,92.012861,MoPR_LGD_and_ISRO_Bhuvan,LGD_2026_Bhuvan_2024,2456,MATCHED_AUTHORITATIVE_BOUNDARY
7185,Mawlai,East Khasi Hills,Meghalaya,,,MoPR_LGD_and_ISRO_Bhuvan,LGD_2026_Bhuvan_2024,7185,PENDING_OFFICIAL_BOUNDARY_MATCH
7186,Mawpat,East Khasi Hills,Meghalaya,,,MoPR_LGD_and_ISRO_Bhuvan,LGD_2026_Bhuvan_2024,7186,PENDING_OFFICIAL_BOUNDARY_MATCH
2457,Mawphlang,East Khasi Hills,Meghalaya,25.543775,91.769659,MoPR_LGD_and_ISRO_Bhuvan,LGD_2026_Bhuvan_2024,2457,MATCHED_AUTHORITATIVE_BOUNDARY
2458,Mawryngkneng,East Khasi Hills,Meghalaya,25.576763,92.030285,MoPR_LGD_and_ISRO_Bhuvan,LGD_2026_Bhuvan_2024,2458,MATCHED_AUTHORITATIVE_BOUNDARY
2459,Mawsynram,East Khasi Hills,Meghalaya,25.33125,91.572859,MoPR_LGD_and_ISRO_Bhuvan,LGD_2026_Bhuvan_2024,2459,MATCHED_AUTHORITATIVE_BOUNDARY
2460,Mylliem,East Khasi Hills,Meghalaya,25.578016,91.889799,MoPR_LGD_and_ISRO_Bhuvan,LGD_2026_Bhuvan_2024,2460,MATCHED_AUTHORITATIVE_BOUNDARY
2461,Pynursla,East Khasi Hills,Meghalaya,25.270063,91.898207,MoPR_LGD_and_ISRO_Bhuvan,LGD_2026_Bhuvan_2024,2461,MATCHED_AUTHORITATIVE_BOUNDARY
2462,Shella Bholaganj,East Khasi Hills,Meghalaya,25.227837,91.695586,MoPR_LGD_and_ISRO_Bhuvan,LGD_2026_Bhuvan_2024,2462,MATCHED_AUTHORITATIVE_BOUNDARY
7183,Sohiong,East Khasi Hills,Meghalaya,,,MoPR_LGD_and_ISRO_Bhuvan,LGD_2026_Bhuvan_2024,7183,PENDING_OFFICIAL_BOUNDARY_MATCH
7522,Adokgre,North Garo Hills,Meghalaya,,,MoPR_LGD_and_ISRO_Bhuvan,LGD_2026_Bhuvan_2024,7522,PENDING_OFFICIAL_BOUNDARY_MATCH
7184,Bajengdoba,North Garo Hills,Meghalaya,,,MoPR_LGD_and_ISRO_Bhuvan,LGD_2026_Bhuvan_2024,7184,PENDING_OFFICIAL_BOUNDARY_MATCH
2451,Kharkutta,North Garo Hills,Meghalaya,25.851711,90.888194,MoPR_LGD_and_ISRO_Bhuvan,LGD_2026_Bhuvan_2024,2451,MATCHED_AUTHORITATIVE_BOUNDARY
2452,Resubelpara,North Garo Hills,Meghalaya,25.852766,90.550484,MoPR_LGD_and_ISRO_Bhuvan,LGD_2026_Bhuvan_2024,2452,MATCHED_AUTHORITATIVE_BOUNDARY
7182,Bhoirymbong,Ri Bhoi,Meghalaya,,,MoPR_LGD_and_ISRO_Bhuvan,LGD_2026_Bhuvan_2024,7182,PENDING_OFFICIAL_BOUNDARY_MATCH
2468,Jirang,Ri Bhoi,Meghalaya,25.899414,91.621107,MoPR_LGD_and_ISRO_Bhuvan,LGD_2026_Bhuvan_2024,2468,MATCHED_AUTHORITATIVE_BOUNDARY
7596,Mawhati,Ri Bhoi,Meghalaya,,,MoPR_LGD_and_ISRO_Bhuvan,LGD_2026_Bhuvan_2024,7596,PENDING_OFFICIAL_BOUNDARY_MATCH
2469,Umling,Ri Bhoi,Meghalaya,25.958455,91.929439,MoPR_LGD_and_ISRO_Bhuvan,LGD_2026_Bhuvan_2024,2469,MATCHED_AUTHORITATIVE_BOUNDARY
2470,Umsning,Ri Bhoi,Meghalaya,25.80345,92.018812,MoPR_LGD_and_ISRO_Bhuvan,LGD_2026_Bhuvan_2024,2470,MATCHED_AUTHORITATIVE_BOUNDARY
2471,Baghmara,South Garo Hills,Meghalaya,25.338276,90.633533,MoPR_LGD_and_ISRO_Bhuvan,LGD_2026_Bhuvan_2024,2471,MATCHED_AUTHORITATIVE_BOUNDARY
2472,Chokpot,South Garo Hills,Meghalaya,25.363289,90.430371,MoPR_LGD_and_ISRO_Bhuvan,LGD_2026_Bhuvan_2024,2472,MATCHED_AUTHORITATIVE_BOUNDARY
2473,Gasuapara,South Garo Hills,Meghalaya,25.223553,90.376674,MoPR_LGD_and_ISRO_Bhuvan,LGD_2026_Bhuvan_2024,2473,MATCHED_AUTHORITATIVE_BOUNDARY
2474,Rongara,South Garo Hills,Meghalaya,25.251004,90.79478,MoPR_LGD_and_ISRO_Bhuvan,LGD_2026_Bhuvan_2024,2474,MATCHED_AUTHORITATIVE_BOUNDARY
7520,Siju,South Garo Hills,Meghalaya,,,MoPR_LGD_and_ISRO_Bhuvan,LGD_2026_Bhuvan_2024,7520,PENDING_OFFICIAL_BOUNDARY_MATCH
2475,Betasing,South West Garo Hills,Meghalaya,25.523259,89.996879,MoPR_LGD_and_ISRO_Bhuvan,LGD_2026_Bhuvan_2024,2475,MATCHED_AUTHORITATIVE_BOUNDARY
7563,Purakhasia,South West Garo Hills,Meghalaya,,,MoPR_LGD_and_ISRO_Bhuvan,LGD_2026_Bhuvan_2024,7563,PENDING_OFFICIAL_BOUNDARY_MATCH
7180,Rerapara,South West Garo Hills,Meghalaya,,,MoPR_LGD_and_ISRO_Bhuvan,LGD_2026_Bhuvan_2024,7180,PENDING_OFFICIAL_BOUNDARY_MATCH
2482,Zikzak,South West Garo Hills,Meghalaya,25.405919,89.982552,MoPR_LGD_and_ISRO_Bhuvan,LGD_2026_Bhuvan_2024,2482,MATCHED_AUTHORITATIVE_BOUNDARY
2484,Mawkyrwat,South West Khasi Hills,Meghalaya,25.361295,91.337264,MoPR_LGD_and_ISRO_Bhuvan,LGD_2026_Bhuvan_2024,2484,MATCHED_AUTHORITATIVE_BOUNDARY
2488,Ranikor,South West Khasi Hills,Meghalaya,25.258224,91.1488,MoPR_LGD_and_ISRO_Bhuvan,LGD_2026_Bhuvan_2024,2488,MATCHED_AUTHORITATIVE_BOUNDARY
7527,Batabari,West Garo Hills,Meghalaya,,,MoPR_LGD_and_ISRO_Bhuvan,LGD_2026_Bhuvan_2024,7527,PENDING_OFFICIAL_BOUNDARY_MATCH
2476,Dadenggiri,West Garo Hills,Meghalaya,25.789821,90.193081,MoPR_LGD_and_ISRO_Bhuvan,LGD_2026_Bhuvan_2024,2476,MATCHED_AUTHORITATIVE_BOUNDARY
2477,Dalu,West Garo Hills,Meghalaya,25.305158,90.150282,MoPR_LGD_and_ISRO_Bhuvan,LGD_2026_Bhuvan_2024,2477,MATCHED_AUTHORITATIVE_BOUNDARY
7181,Demdema,West Garo Hills,Meghalaya,,,MoPR_LGD_and_ISRO_Bhuvan,LGD_2026_Bhuvan_2024,7181,PENDING_OFFICIAL_BOUNDARY_MATCH
2478,Gambegre,West Garo Hills,Meghalaya,25.435621,90.246777,MoPR_LGD_and_ISRO_Bhuvan,LGD_2026_Bhuvan_2024,2478,MATCHED_AUTHORITATIVE_BOUNDARY
2479,Rongram,West Garo Hills,Meghalaya,25.614636,90.274257,MoPR_LGD_and_ISRO_Bhuvan,LGD_2026_Bhuvan_2024,2479,MATCHED_AUTHORITATIVE_BOUNDARY
2480,Salsella,West Garo Hills,Meghalaya,25.729929,90.037647,MoPR_LGD_and_ISRO_Bhuvan,LGD_2026_Bhuvan_2024,2480,MATCHED_AUTHORITATIVE_BOUNDARY
2481,Tikrikilla,West Garo Hills,Meghalaya,25.913639,90.305582,MoPR_LGD_and_ISRO_Bhuvan,LGD_2026_Bhuvan_2024,2481,MATCHED_AUTHORITATIVE_BOUNDARY
2463,Amlarem,West Jaintia Hills,Meghalaya,25.249628,92.119414,MoPR_LGD_and_ISRO_Bhuvan,LGD_2026_Bhuvan_2024,2463,MATCHED_AUTHORITATIVE_BOUNDARY
2465,Laskein,West Jaintia Hills,Meghalaya,25.525384,92.447502,MoPR_LGD_and_ISRO_Bhuvan,LGD_2026_Bhuvan_2024,2465,MATCHED_AUTHORITATIVE_BOUNDARY
7523,Namdong,West Jaintia Hills,Meghalaya,,,MoPR_LGD_and_ISRO_Bhuvan,LGD_2026_Bhuvan_2024,7523,PENDING_OFFICIAL_BOUNDARY_MATCH
2467,Thadlaskein,West Jaintia Hills,Meghalaya,25.565366,92.252835,MoPR_LGD_and_ISRO_Bhuvan,LGD_2026_Bhuvan_2024,2467,MATCHED_AUTHORITATIVE_BOUNDARY
2485,Mawshynrut,West Khasi Hills,Meghalaya,25.585234,91.003158,MoPR_LGD_and_ISRO_Bhuvan,LGD_2026_Bhuvan_2024,2485,MATCHED_AUTHORITATIVE_BOUNDARY
2487,Nongstoin,West Khasi Hills,Meghalaya,25.563012,91.248465,MoPR_LGD_and_ISRO_Bhuvan,LGD_2026_Bhuvan_2024,2487,MATCHED_AUTHORITATIVE_BOUNDARY
7521,Rambrai,West Khasi Hills,Meghalaya,,,MoPR_LGD_and_ISRO_Bhuvan,LGD_2026_Bhuvan_2024,7521,PENDING_OFFICIAL_BOUNDARY_MATCH
7524,Ri-Muliang,West Khasi Hills,Meghalaya,,,MoPR_LGD_and_ISRO_Bhuvan,LGD_2026_Bhuvan_2024,7524,PENDING_OFFICIAL_BOUNDARY_MATCH
7526,Shallang,West Khasi Hills,Meghalaya,,,MoPR_LGD_and_ISRO_Bhuvan,LGD_2026_Bhuvan_2024,7526,PENDING_OFFICIAL_BOUNDARY_MATCH
2387,Aibawk,Aizawl,Mizoram,23.481851,92.735732,MoPR_LGD_and_ISRO_Bhuvan,LGD_2026_Bhuvan_2024,2387,MATCHED_AUTHORITATIVE_BOUNDARY
2388,Darlawn,Aizawl,Mizoram,24.088709,92.926828,MoPR_LGD_and_ISRO_Bhuvan,LGD_2026_Bhuvan_2024,2388,MATCHED_AUTHORITATIVE_BOUNDARY
2390,Thingsulthliah,Aizawl,Mizoram,23.677247,92.916715,MoPR_LGD_and_ISRO_Bhuvan,LGD_2026_Bhuvan_2024,2390,MATCHED_AUTHORITATIVE_BOUNDARY
2391,Tlangnuam,Aizawl,Mizoram,23.767822,92.71385,MoPR_LGD_and_ISRO_Bhuvan,LGD_2026_Bhuvan_2024,2391,MATCHED_AUTHORITATIVE_BOUNDARY
6520,Champhai,Champhai,Mizoram,23.617433,93.338592,MoPR_LGD_and_ISRO_Bhuvan,LGD_2026_Bhuvan_2024,6520,MATCHED_AUTHORITATIVE_BOUNDARY
2392,Khawbung,Champhai,Mizoram,23.191377,93.270287,MoPR_LGD_and_ISRO_Bhuvan,LGD_2026_Bhuvan_2024,2392,MATCHED_AUTHORITATIVE_BOUNDARY
2401,Hnahthial,Hnahthial,Mizoram,22.944774,92.983974,MoPR_LGD_and_ISRO_Bhuvan,LGD_2026_Bhuvan_2024,2401,MATCHED_AUTHORITATIVE_BOUNDARY
2393,Khawzawl,Khawzawl,Mizoram,23.479511,93.163058,MoPR_LGD_and_ISRO_Bhuvan,LGD_2026_Bhuvan_2024,2393,MATCHED_AUTHORITATIVE_BOUNDARY
6521,Bilkhawthlir,Kolasib,Mizoram,24.307738,92.710616,MoPR_LGD_and_ISRO_Bhuvan,LGD_2026_Bhuvan_2024,6521,MATCHED_AUTHORITATIVE_BOUNDARY
2395,Thingdawl,Kolasib,Mizoram,24.08083,92.73617,MoPR_LGD_and_ISRO_Bhuvan,LGD_2026_Bhuvan_2024,2395,MATCHED_AUTHORITATIVE_BOUNDARY
2396,Bungtlang South,Lawngtlai,Mizoram,22.294672,92.702735,MoPR_LGD_and_ISRO_Bhuvan,LGD_2026_Bhuvan_2024,2396,MATCHED_AUTHORITATIVE_BOUNDARY
2397,Chawngte,Lawngtlai,Mizoram,22.404429,92.597585,MoPR_LGD_and_ISRO_Bhuvan,LGD_2026_Bhuvan_2024,2397,MATCHED_AUTHORITATIVE_BOUNDARY
2398,Lawngtlai,Lawngtlai,Mizoram,22.420407,92.80394,MoPR_LGD_and_ISRO_Bhuvan,LGD_2026_Bhuvan_2024,2398,MATCHED_AUTHORITATIVE_BOUNDARY
2399,Sangau,Lawngtlai,Mizoram,22.664168,93.032054,MoPR_LGD_and_ISRO_Bhuvan,LGD_2026_Bhuvan_2024,2399,MATCHED_AUTHORITATIVE_BOUNDARY
2400,Bunghmun,Lunglei,Mizoram,23.198137,92.542718,MoPR_LGD_and_ISRO_Bhuvan,LGD_2026_Bhuvan_2024,2400,MATCHED_AUTHORITATIVE_BOUNDARY
2402,Lunglei,Lunglei,Mizoram,22.913834,92.814522,MoPR_LGD_and_ISRO_Bhuvan,LGD_2026_Bhuvan_2024,2402,MATCHED_AUTHORITATIVE_BOUNDARY
2403,Lungsen,Lunglei,Mizoram,22.850566,92.609548,MoPR_LGD_and_ISRO_Bhuvan,LGD_2026_Bhuvan_2024,2403,MATCHED_AUTHORITATIVE_BOUNDARY
7545,Tlabung,Lunglei,Mizoram,,,MoPR_LGD_and_ISRO_Bhuvan,LGD_2026_Bhuvan_2024,7545,PENDING_OFFICIAL_BOUNDARY_MATCH
7546,Kawrtethawveng,Mamit,Mizoram,,,MoPR_LGD_and_ISRO_Bhuvan,LGD_2026_Bhuvan_2024,7546,PENDING_OFFICIAL_BOUNDARY_MATCH
2404,Reiek,Mamit,Mizoram,23.708667,92.586256,MoPR_LGD_and_ISRO_Bhuvan,LGD_2026_Bhuvan_2024,2404,MATCHED_AUTHORITATIVE_BOUNDARY
2405,West Phaileng,Mamit,Mizoram,23.54447,92.427635,MoPR_LGD_and_ISRO_Bhuvan,LGD_2026_Bhuvan_2024,2405,MATCHED_AUTHORITATIVE_BOUNDARY
2406,Zawlnuam,Mamit,Mizoram,23.965287,92.404674,MoPR_LGD_and_ISRO_Bhuvan,LGD_2026_Bhuvan_2024,2406,MATCHED_AUTHORITATIVE_BOUNDARY
2394,Ngopa,Saitual,Mizoram,23.863854,93.219254,MoPR_LGD_and_ISRO_Bhuvan,LGD_2026_Bhuvan_2024,2394,MATCHED_AUTHORITATIVE_BOUNDARY
2389,Phullen,Saitual,Mizoram,23.95222,93.073352,MoPR_LGD_and_ISRO_Bhuvan,LGD_2026_Bhuvan_2024,2389,MATCHED_AUTHORITATIVE_BOUNDARY
6519,East Lungdar,Serchhip,Mizoram,23.149565,93.058114,MoPR_LGD_and_ISRO_Bhuvan,LGD_2026_Bhuvan_2024,6519,MATCHED_AUTHORITATIVE_BOUNDARY
6516,Serchhip,Serchhip,Mizoram,23.377301,92.891891,MoPR_LGD_and_ISRO_Bhuvan,LGD_2026_Bhuvan_2024,6516,MATCHED_AUTHORITATIVE_BOUNDARY
2407,Saiha,Siaha,Mizoram,22.456031,93.05311,MoPR_LGD_and_ISRO_Bhuvan,LGD_2026_Bhuvan_2024,2407,MATCHED_AUTHORITATIVE_BOUNDARY
2409,Tuipang,Siaha,Mizoram,22.217532,92.97764,MoPR_LGD_and_ISRO_Bhuvan,LGD_2026_Bhuvan_2024,2409,MATCHED_AUTHORITATIVE_BOUNDARY
6748,Chumukedima,Chumoukedima,Nagaland,25.78788,93.761003,MoPR_LGD_and_ISRO_Bhuvan,LGD_2026_Bhuvan_2024,6748,MATCHED_AUTHORITATIVE_BOUNDARY
2313,Dhansiripar,Chumoukedima,Nagaland,25.747012,93.654973,MoPR_LGD_and_ISRO_Bhuvan,LGD_2026_Bhuvan_2024,2313,MATCHED_AUTHORITATIVE_BOUNDARY
2315,Medziphema,Chumoukedima,Nagaland,25.759338,93.890103,MoPR_LGD_and_ISRO_Bhuvan,LGD_2026_Bhuvan_2024,2315,MATCHED_AUTHORITATIVE_BOUNDARY
7564,East Dimapur,Dimapur,Nagaland,,,MoPR_LGD_and_ISRO_Bhuvan,LGD_2026_Bhuvan_2024,7564,PENDING_OFFICIAL_BOUNDARY_MATCH
7565,West Dimapur,Dimapur,Nagaland,,,MoPR_LGD_and_ISRO_Bhuvan,LGD_2026_Bhuvan_2024,7565,PENDING_OFFICIAL_BOUNDARY_MATCH
6758,Khonsa,Kiphire,Nagaland,25.747085,94.934727,MoPR_LGD_and_ISRO_Bhuvan,LGD_2026_Bhuvan_2024,6758,MATCHED_AUTHORITATIVE_BOUNDARY
6511,Kiphire,Kiphire,Nagaland,25.939407,94.771591,MoPR_LGD_and_ISRO_Bhuvan,LGD_2026_Bhuvan_2024,6511,MATCHED_AUTHORITATIVE_BOUNDARY
6757,Longmatra,Kiphire,Nagaland,25.799792,94.762604,MoPR_LGD_and_ISRO_Bhuvan,LGD_2026_Bhuvan_2024,6757,MATCHED_AUTHORITATIVE_BOUNDARY
6512,Pungro,Kiphire,Nagaland,25.871511,94.878155,MoPR_LGD_and_ISRO_Bhuvan,LGD_2026_Bhuvan_2024,6512,MATCHED_AUTHORITATIVE_BOUNDARY
6513,Sitimi,Kiphire,Nagaland,25.894164,94.671862,MoPR_LGD_and_ISRO_Bhuvan,LGD_2026_Bhuvan_2024,6513,MATCHED_AUTHORITATIVE_BOUNDARY
6738,Botsa,Kohima,Nagaland,25.85115,94.1523,MoPR_LGD_and_ISRO_Bhuvan,LGD_2026_Bhuvan_2024,6738,MATCHED_AUTHORITATIVE_BOUNDARY
2317,Chiephobozou,Kohima,Nagaland,25.785336,94.125899,MoPR_LGD_and_ISRO_Bhuvan,LGD_2026_Bhuvan_2024,2317,MATCHED_AUTHORITATIVE_BOUNDARY
2318,Jakhama,Kohima,Nagaland,25.598897,94.134826,MoPR_LGD_and_ISRO_Bhuvan,LGD_2026_Bhuvan_2024,2318,MATCHED_AUTHORITATIVE_BOUNDARY
2320,Kohima,Kohima,Nagaland,25.679799,94.128229,MoPR_LGD_and_ISRO_Bhuvan,LGD_2026_Bhuvan_2024,2320,MATCHED_AUTHORITATIVE_BOUNDARY
6737,Sechu Zubza,Kohima,Nagaland,25.663227,93.990063,MoPR_LGD_and_ISRO_Bhuvan,LGD_2026_Bhuvan_2024,6737,MATCHED_AUTHORITATIVE_BOUNDARY
6514,Longleng,Longleng,Nagaland,26.498094,94.777666,MoPR_LGD_and_ISRO_Bhuvan,LGD_2026_Bhuvan_2024,6514,MATCHED_AUTHORITATIVE_BOUNDARY
6747,Sakshi,Longleng,Nagaland,26.434048,94.863783,MoPR_LGD_and_ISRO_Bhuvan,LGD_2026_Bhuvan_2024,6747,MATCHED_AUTHORITATIVE_BOUNDARY
6515,Tamlu,Longleng,Nagaland,26.641998,94.784847,MoPR_LGD_and_ISRO_Bhuvan,LGD_2026_Bhuvan_2024,6515,MATCHED_AUTHORITATIVE_BOUNDARY
2337,Meluri,Meluri,Nagaland,25.605854,94.646723,MoPR_LGD_and_ISRO_Bhuvan,LGD_2026_Bhuvan_2024,2337,MATCHED_AUTHORITATIVE_BOUNDARY
6753,Weziho,Meluri,Nagaland,25.637639,94.78442,MoPR_LGD_and_ISRO_Bhuvan,LGD_2026_Bhuvan_2024,6753,MATCHED_AUTHORITATIVE_BOUNDARY
2324,Changtongya,Mokokchung,Nagaland,26.56873,94.687385,MoPR_LGD_and_ISRO_Bhuvan,LGD_2026_Bhuvan_2024,2324,MATCHED_AUTHORITATIVE_BOUNDARY
6740,Chuchuyimlang,Mokokchung,Nagaland,26.45766,94.638393,MoPR_LGD_and_ISRO_Bhuvan,LGD_2026_Bhuvan_2024,6740,MATCHED_AUTHORITATIVE_BOUNDARY
2325,Kubolong,Mokokchung,Nagaland,26.437482,94.545187,MoPR_LGD_and_ISRO_Bhuvan,LGD_2026_Bhuvan_2024,2325,MATCHED_AUTHORITATIVE_BOUNDARY
2326,Longchem,Mokokchung,Nagaland,26.617754,94.479501,MoPR_LGD_and_ISRO_Bhuvan,LGD_2026_Bhuvan_2024,2326,MATCHED_AUTHORITATIVE_BOUNDARY
2327,Mangkolemba,Mokokchung,Nagaland,26.457664,94.400965,MoPR_LGD_and_ISRO_Bhuvan,LGD_2026_Bhuvan_2024,2327,MATCHED_AUTHORITATIVE_BOUNDARY
2328,Ongpangkong(North),Mokokchung,Nagaland,26.292173,94.533843,MoPR_LGD_and_ISRO_Bhuvan,LGD_2026_Bhuvan_2024,2328,MATCHED_AUTHORITATIVE_BOUNDARY
2329,Ongpangkong(South),Mokokchung,Nagaland,26.323383,94.421671,MoPR_LGD_and_ISRO_Bhuvan,LGD_2026_Bhuvan_2024,2329,MATCHED_AUTHORITATIVE_BOUNDARY
6742,Tsurangkong,Mokokchung,Nagaland,26.551191,94.521749,MoPR_LGD_and_ISRO_Bhuvan,LGD_2026_Bhuvan_2024,6742,MATCHED_AUTHORITATIVE_BOUNDARY
6741,Tuli,Mokokchung,Nagaland,26.65322,94.64024,MoPR_LGD_and_ISRO_Bhuvan,LGD_2026_Bhuvan_2024,6741,MATCHED_AUTHORITATIVE_BOUNDARY
6750,Aboi,Mon,Nagaland,26.573732,94.951301,MoPR_LGD_and_ISRO_Bhuvan,LGD_2026_Bhuvan_2024,6750,MATCHED_AUTHORITATIVE_BOUNDARY
6751,Angjangyang,Mon,Nagaland,26.464251,94.963554,MoPR_LGD_and_ISRO_Bhuvan,LGD_2026_Bhuvan_2024,6751,MATCHED_AUTHORITATIVE_BOUNDARY
2330,Chen,Mon,Nagaland,26.557052,95.070705,MoPR_LGD_and_ISRO_Bhuvan,LGD_2026_Bhuvan_2024,2330,MATCHED_AUTHORITATIVE_BOUNDARY
2331,Mon,Mon,Nagaland,26.758747,95.021058,MoPR_LGD_and_ISRO_Bhuvan,LGD_2026_Bhuvan_2024,2331,MATCHED_AUTHORITATIVE_BOUNDARY
2332,Phomching,Mon,Nagaland,26.689789,95.145017,MoPR_LGD_and_ISRO_Bhuvan,LGD_2026_Bhuvan_2024,2332,MATCHED_AUTHORITATIVE_BOUNDARY
2333,Tizit,Mon,Nagaland,26.896015,95.113538,MoPR_LGD_and_ISRO_Bhuvan,LGD_2026_Bhuvan_2024,2333,MATCHED_AUTHORITATIVE_BOUNDARY
2334,Tobu,Mon,Nagaland,26.371882,95.013989,MoPR_LGD_and_ISRO_Bhuvan,LGD_2026_Bhuvan_2024,2334,MATCHED_AUTHORITATIVE_BOUNDARY
2335,Wakching,Mon,Nagaland,26.760724,94.876503,MoPR_LGD_and_ISRO_Bhuvan,LGD_2026_Bhuvan_2024,2335,MATCHED_AUTHORITATIVE_BOUNDARY
6749,Aghunaqa,Niuland,Nagaland,25.84967,93.905633,MoPR_LGD_and_ISRO_Bhuvan,LGD_2026_Bhuvan_2024,6749,MATCHED_AUTHORITATIVE_BOUNDARY
2314,Kuhuboto,Niuland,Nagaland,25.896736,93.745604,MoPR_LGD_and_ISRO_Bhuvan,LGD_2026_Bhuvan_2024,2314,MATCHED_AUTHORITATIVE_BOUNDARY
2316,Niuland,Niuland,Nagaland,25.964581,94.002082,MoPR_LGD_and_ISRO_Bhuvan,LGD_2026_Bhuvan_2024,2316,MATCHED_AUTHORITATIVE_BOUNDARY
2344,Noklak,Noklak,Nagaland,26.208151,95.04424,MoPR_LGD_and_ISRO_Bhuvan,LGD_2026_Bhuvan_2024,2344,MATCHED_AUTHORITATIVE_BOUNDARY
6752,Panso,Noklak,Nagaland,26.14496,94.94883,MoPR_LGD_and_ISRO_Bhuvan,LGD_2026_Bhuvan_2024,6752,MATCHED_AUTHORITATIVE_BOUNDARY
2348,Thonoknyu,Noklak,Nagaland,26.002652,95.015853,MoPR_LGD_and_ISRO_Bhuvan,LGD_2026_Bhuvan_2024,2348,MATCHED_AUTHORITATIVE_BOUNDARY
6756,Athibung,Peren,Nagaland,25.545857,93.506072,MoPR_LGD_and_ISRO_Bhuvan,LGD_2026_Bhuvan_2024,6756,MATCHED_AUTHORITATIVE_BOUNDARY
2319,Jalukie,Peren,Nagaland,25.650085,93.668546,MoPR_LGD_and_ISRO_Bhuvan,LGD_2026_Bhuvan_2024,2319,MATCHED_AUTHORITATIVE_BOUNDARY
2321,Peren,Peren,Nagaland,25.555667,93.763453,MoPR_LGD_and_ISRO_Bhuvan,LGD_2026_Bhuvan_2024,2321,MATCHED_AUTHORITATIVE_BOUNDARY
2322,Tenning,Peren,Nagaland,25.359255,93.588979,MoPR_LGD_and_ISRO_Bhuvan,LGD_2026_Bhuvan_2024,2322,MATCHED_AUTHORITATIVE_BOUNDARY
6754,Chetheba,Phek,Nagaland,25.691349,94.284879,MoPR_LGD_and_ISRO_Bhuvan,LGD_2026_Bhuvan_2024,6754,MATCHED_AUTHORITATIVE_BOUNDARY
6755,Chizami,Phek,Nagaland,25.593372,94.358256,MoPR_LGD_and_ISRO_Bhuvan,LGD_2026_Bhuvan_2024,6755,MATCHED_AUTHORITATIVE_BOUNDARY
2336,Kikruma,Phek,Nagaland,25.597659,94.235818,MoPR_LGD_and_ISRO_Bhuvan,LGD_2026_Bhuvan_2024,2336,MATCHED_AUTHORITATIVE_BOUNDARY
2338,Pfutsero,Phek,Nagaland,25.547901,94.260988,MoPR_LGD_and_ISRO_Bhuvan,LGD_2026_Bhuvan_2024,2338,MATCHED_AUTHORITATIVE_BOUNDARY
2339,Phek,Phek,Nagaland,25.713036,94.473742,MoPR_LGD_and_ISRO_Bhuvan,LGD_2026_Bhuvan_2024,2339,MATCHED_AUTHORITATIVE_BOUNDARY
2340,Sekruzu,Phek,Nagaland,25.785577,94.38105,MoPR_LGD_and_ISRO_Bhuvan,LGD_2026_Bhuvan_2024,2340,MATCHED_AUTHORITATIVE_BOUNDARY
2342,Chessore,Shamator,Nagaland,26.097612,94.757685,MoPR_LGD_and_ISRO_Bhuvan,LGD_2026_Bhuvan_2024,2342,MATCHED_AUTHORITATIVE_BOUNDARY
2347,Shamator,Shamator,Nagaland,26.084172,94.861654,MoPR_LGD_and_ISRO_Bhuvan,LGD_2026_Bhuvan_2024,2347,MATCHED_AUTHORITATIVE_BOUNDARY
6739,Chunlikha,Tseminyu,Nagaland,25.977435,94.238306,MoPR_LGD_and_ISRO_Bhuvan,LGD_2026_Bhuvan_2024,6739,MATCHED_AUTHORITATIVE_BOUNDARY
2323,Tseminyu,Tseminyu,Nagaland,25.925625,94.133774,MoPR_LGD_and_ISRO_Bhuvan,LGD_2026_Bhuvan_2024,2323,MATCHED_AUTHORITATIVE_BOUNDARY
2341,Chare,Tuensang,Nagaland,26.278687,94.613928,MoPR_LGD_and_ISRO_Bhuvan,LGD_2026_Bhuvan_2024,2341,MATCHED_AUTHORITATIVE_BOUNDARY
2343,Longkhim,Tuensang,Nagaland,26.243756,94.686747,MoPR_LGD_and_ISRO_Bhuvan,LGD_2026_Bhuvan_2024,2343,MATCHED_AUTHORITATIVE_BOUNDARY
2345,Noksen,Tuensang,Nagaland,26.365091,94.73671,MoPR_LGD_and_ISRO_Bhuvan,LGD_2026_Bhuvan_2024,2345,MATCHED_AUTHORITATIVE_BOUNDARY
2346,Sangsangyu,Tuensang,Nagaland,26.269484,94.831571,MoPR_LGD_and_ISRO_Bhuvan,LGD_2026_Bhuvan_2024,2346,MATCHED_AUTHORITATIVE_BOUNDARY
2349,Bhandari,Wokha,Nagaland,26.220708,94.095823,MoPR_LGD_and_ISRO_Bhuvan,LGD_2026_Bhuvan_2024,2349,MATCHED_AUTHORITATIVE_BOUNDARY
6743,Changpang,Wokha,Nagaland,26.411217,94.259816,MoPR_LGD_and_ISRO_Bhuvan,LGD_2026_Bhuvan_2024,6743,MATCHED_AUTHORITATIVE_BOUNDARY
2350,Chukitong,Wokha,Nagaland,26.094032,94.330797,MoPR_LGD_and_ISRO_Bhuvan,LGD_2026_Bhuvan_2024,2350,MATCHED_AUTHORITATIVE_BOUNDARY
6744,Ralan,Wokha,Nagaland,26.024461,93.999533,MoPR_LGD_and_ISRO_Bhuvan,LGD_2026_Bhuvan_2024,6744,MATCHED_AUTHORITATIVE_BOUNDARY
2351,Sanis,Wokha,Nagaland,26.198333,94.202102,MoPR_LGD_and_ISRO_Bhuvan,LGD_2026_Bhuvan_2024,2351,MATCHED_AUTHORITATIVE_BOUNDARY
2352,Wokha,Wokha,Nagaland,26.113415,94.233613,MoPR_LGD_and_ISRO_Bhuvan,LGD_2026_Bhuvan_2024,2352,MATCHED_AUTHORITATIVE_BOUNDARY
2353,Wozhuro-Ralan,Wokha,Nagaland,26.013283,94.135355,MoPR_LGD_and_ISRO_Bhuvan,LGD_2026_Bhuvan_2024,2353,MATCHED_AUTHORITATIVE_BOUNDARY
6745,Akuhaito,Zunheboto,Nagaland,26.094563,94.466577,MoPR_LGD_and_ISRO_Bhuvan,LGD_2026_Bhuvan_2024,6745,MATCHED_AUTHORITATIVE_BOUNDARY
2354,Akuluto,Zunheboto,Nagaland,26.182334,94.439066,MoPR_LGD_and_ISRO_Bhuvan,LGD_2026_Bhuvan_2024,2354,MATCHED_AUTHORITATIVE_BOUNDARY
2355,Ghathashi,Zunheboto,Nagaland,25.877451,94.321339,MoPR_LGD_and_ISRO_Bhuvan,LGD_2026_Bhuvan_2024,2355,MATCHED_AUTHORITATIVE_BOUNDARY
2356,Satakha,Zunheboto,Nagaland,25.945457,94.444124,MoPR_LGD_and_ISRO_Bhuvan,LGD_2026_Bhuvan_2024,2356,MATCHED_AUTHORITATIVE_BOUNDARY
6746,Satoi,Zunheboto,Nagaland,25.806556,94.591362,MoPR_LGD_and_ISRO_Bhuvan,LGD_2026_Bhuvan_2024,6746,MATCHED_AUTHORITATIVE_BOUNDARY
6510,Suruhoto,Zunheboto,Nagaland,26.151456,94.619357,MoPR_LGD_and_ISRO_Bhuvan,LGD_2026_Bhuvan_2024,6510,MATCHED_AUTHORITATIVE_BOUNDARY
2357,Tokiye,Zunheboto,Nagaland,25.992193,94.599668,MoPR_LGD_and_ISRO_Bhuvan,LGD_2026_Bhuvan_2024,2357,MATCHED_AUTHORITATIVE_BOUNDARY
2358,Zunheboto,Zunheboto,Nagaland,26.039036,94.538386,MoPR_LGD_and_ISRO_Bhuvan,LGD_2026_Bhuvan_2024,2358,MATCHED_AUTHORITATIVE_BOUNDARY
3276,Anugul,Anugola,Odisha,20.7037,84.939876,MoPR_LGD_and_ISRO_Bhuvan,LGD_2026_Bhuvan_2024,3276,MATCHED_AUTHORITATIVE_BOUNDARY
3277,Athmallik,Anugola,Odisha,20.791735,84.568618,MoPR_LGD_and_ISRO_Bhuvan,LGD_2026_Bhuvan_2024,3277,MATCHED_AUTHORITATIVE_BOUNDARY
3278,Banarpal,Anugola,Odisha,20.826669,85.16184,MoPR_LGD_and_ISRO_Bhuvan,LGD_2026_Bhuvan_2024,3278,MATCHED_AUTHORITATIVE_BOUNDARY
3279,Chhendipada,Anugola,Odisha,20.996038,84.881266,MoPR_LGD_and_ISRO_Bhuvan,LGD_2026_Bhuvan_2024,3279,MATCHED_AUTHORITATIVE_BOUNDARY
3280,Kaniha,Anugola,Odisha,21.141017,85.070399,MoPR_LGD_and_ISRO_Bhuvan,LGD_2026_Bhuvan_2024,3280,MATCHED_AUTHORITATIVE_BOUNDARY
3281,Kishorenagar,Anugola,Odisha,20.969051,84.585882,MoPR_LGD_and_ISRO_Bhuvan,LGD_2026_Bhuvan_2024,3281,MATCHED_AUTHORITATIVE_BOUNDARY
3282,Palalahada,Anugola,Odisha,21.375177,85.198603,MoPR_LGD_and_ISRO_Bhuvan,LGD_2026_Bhuvan_2024,3282,MATCHED_AUTHORITATIVE_BOUNDARY
3283,Talacher,Anugola,Odisha,20.959776,85.146985,MoPR_LGD_and_ISRO_Bhuvan,LGD_2026_Bhuvan_2024,3283,MATCHED_AUTHORITATIVE_BOUNDARY
3284,Agalpur,Balangir,Odisha,20.97125,83.461835,MoPR_LGD_and_ISRO_Bhuvan,LGD_2026_Bhuvan_2024,3284,MATCHED_AUTHORITATIVE_BOUNDARY
3285,Balangir,Balangir,Odisha,20.693613,83.392523,MoPR_LGD_and_ISRO_Bhuvan,LGD_2026_Bhuvan_2024,3285,MATCHED_AUTHORITATIVE_BOUNDARY
3286,Bangomunda,Balangir,Odisha,20.29173,82.927454,MoPR_LGD_and_ISRO_Bhuvan,LGD_2026_Bhuvan_2024,3286,MATCHED_AUTHORITATIVE_BOUNDARY
3287,Belpara,Balangir,Odisha,20.601815,82.95252,MoPR_LGD_and_ISRO_Bhuvan,LGD_2026_Bhuvan_2024,3287,MATCHED_AUTHORITATIVE_BOUNDARY
3288,Deogaon,Balangir,Odisha,20.576506,83.377106,MoPR_LGD_and_ISRO_Bhuvan,LGD_2026_Bhuvan_2024,3288,MATCHED_AUTHORITATIVE_BOUNDARY
3289,Gudvella,Balangir,Odisha,20.445818,83.543364,MoPR_LGD_and_ISRO_Bhuvan,LGD_2026_Bhuvan_2024,3289,MATCHED_AUTHORITATIVE_BOUNDARY
3290,Khaprakhol,Balangir,Odisha,20.774716,82.887053,MoPR_LGD_and_ISRO_Bhuvan,LGD_2026_Bhuvan_2024,3290,MATCHED_AUTHORITATIVE_BOUNDARY
3291,Loisinga,Balangir,Odisha,20.834081,83.41392,MoPR_LGD_and_ISRO_Bhuvan,LGD_2026_Bhuvan_2024,3291,MATCHED_AUTHORITATIVE_BOUNDARY
3292,Muribahal,Balangir,Odisha,20.394413,83.051414,MoPR_LGD_and_ISRO_Bhuvan,LGD_2026_Bhuvan_2024,3292,MATCHED_AUTHORITATIVE_BOUNDARY
3293,Patnagarh,Balangir,Odisha,20.749131,83.139231,MoPR_LGD_and_ISRO_Bhuvan,LGD_2026_Bhuvan_2024,3293,MATCHED_AUTHORITATIVE_BOUNDARY
3294,Puintala,Balangir,Odisha,20.720356,83.572264,MoPR_LGD_and_ISRO_Bhuvan,LGD_2026_Bhuvan_2024,3294,MATCHED_AUTHORITATIVE_BOUNDARY
3295,Saintala,Balangir,Odisha,20.455684,83.277733,MoPR_LGD_and_ISRO_Bhuvan,LGD_2026_Bhuvan_2024,3295,MATCHED_AUTHORITATIVE_BOUNDARY
3296,Titlagarh,Balangir,Odisha,20.265063,83.121069,MoPR_LGD_and_ISRO_Bhuvan,LGD_2026_Bhuvan_2024,3296,MATCHED_AUTHORITATIVE_BOUNDARY
3297,Turekela,Balangir,Odisha,20.477141,82.813264,MoPR_LGD_and_ISRO_Bhuvan,LGD_2026_Bhuvan_2024,3297,MATCHED_AUTHORITATIVE_BOUNDARY
3298,Bahanaga,Baleshwar,Odisha,21.316768,86.798112,MoPR_LGD_and_ISRO_Bhuvan,LGD_2026_Bhuvan_2024,3298,MATCHED_AUTHORITATIVE_BOUNDARY
3299,Baleshwar,Baleshwar,Odisha,21.502702,86.993416,MoPR_LGD_and_ISRO_Bhuvan,LGD_2026_Bhuvan_2024,3299,MATCHED_AUTHORITATIVE_BOUNDARY
3300,Baliapal,Baleshwar,Odisha,21.600546,87.222674,MoPR_LGD_and_ISRO_Bhuvan,LGD_2026_Bhuvan_2024,3300,MATCHED_AUTHORITATIVE_BOUNDARY
3301,Basta,Baleshwar,Odisha,21.687781,87.123704,MoPR_LGD_and_ISRO_Bhuvan,LGD_2026_Bhuvan_2024,3301,MATCHED_AUTHORITATIVE_BOUNDARY
3302,Bhograi,Baleshwar,Odisha,21.677904,87.387837,MoPR_LGD_and_ISRO_Bhuvan,LGD_2026_Bhuvan_2024,3302,MATCHED_AUTHORITATIVE_BOUNDARY
3303,Jaleswar,Baleshwar,Odisha,21.828951,87.212537,MoPR_LGD_and_ISRO_Bhuvan,LGD_2026_Bhuvan_2024,3303,MATCHED_AUTHORITATIVE_BOUNDARY
3304,Khaira,Baleshwar,Odisha,21.255538,86.482535,MoPR_LGD_and_ISRO_Bhuvan,LGD_2026_Bhuvan_2024,3304,MATCHED_AUTHORITATIVE_BOUNDARY
3305,Nilgiri,Baleshwar,Odisha,21.511927,86.707546,MoPR_LGD_and_ISRO_Bhuvan,LGD_2026_Bhuvan_2024,3305,MATCHED_AUTHORITATIVE_BOUNDARY
3306,Oupada,Baleshwar,Odisha,21.390539,86.605876,MoPR_LGD_and_ISRO_Bhuvan,LGD_2026_Bhuvan_2024,3306,MATCHED_AUTHORITATIVE_BOUNDARY
3307,Remuna,Baleshwar,Odisha,21.486076,86.866613,MoPR_LGD_and_ISRO_Bhuvan,LGD_2026_Bhuvan_2024,3307,MATCHED_AUTHORITATIVE_BOUNDARY
3308,Simulia,Baleshwar,Odisha,21.170549,86.610551,MoPR_LGD_and_ISRO_Bhuvan,LGD_2026_Bhuvan_2024,3308,MATCHED_AUTHORITATIVE_BOUNDARY
3309,Soro,Baleshwar,Odisha,21.282317,86.674564,MoPR_LGD_and_ISRO_Bhuvan,LGD_2026_Bhuvan_2024,3309,MATCHED_AUTHORITATIVE_BOUNDARY
3310,Ambabhona,Baragada,Odisha,21.601603,83.54195,MoPR_LGD_and_ISRO_Bhuvan,LGD_2026_Bhuvan_2024,3310,MATCHED_AUTHORITATIVE_BOUNDARY
3311,Attabira,Baragada,Odisha,21.444824,83.768544,MoPR_LGD_and_ISRO_Bhuvan,LGD_2026_Bhuvan_2024,3311,MATCHED_AUTHORITATIVE_BOUNDARY
3312,Bargarh,Baragada,Odisha,21.175846,83.585736,MoPR_LGD_and_ISRO_Bhuvan,LGD_2026_Bhuvan_2024,3312,MATCHED_AUTHORITATIVE_BOUNDARY
3313,Barpali,Baragada,Odisha,21.321467,83.618264,MoPR_LGD_and_ISRO_Bhuvan,LGD_2026_Bhuvan_2024,3313,MATCHED_AUTHORITATIVE_BOUNDARY
3314,Bhatli,Baragada,Odisha,21.449449,83.515948,MoPR_LGD_and_ISRO_Bhuvan,LGD_2026_Bhuvan_2024,3314,MATCHED_AUTHORITATIVE_BOUNDARY
3315,Bheden,Baragada,Odisha,21.200446,83.790087,MoPR_LGD_and_ISRO_Bhuvan,LGD_2026_Bhuvan_2024,3315,MATCHED_AUTHORITATIVE_BOUNDARY
3316,Bijepur,Baragada,Odisha,21.14451,83.429486,MoPR_LGD_and_ISRO_Bhuvan,LGD_2026_Bhuvan_2024,3316,MATCHED_AUTHORITATIVE_BOUNDARY
3317,Gaisilet,Baragada,Odisha,20.968138,83.287326,MoPR_LGD_and_ISRO_Bhuvan,LGD_2026_Bhuvan_2024,3317,MATCHED_AUTHORITATIVE_BOUNDARY
3318,Jharbandh,Baragada,Odisha,21.101447,82.850335,MoPR_LGD_and_ISRO_Bhuvan,LGD_2026_Bhuvan_2024,3318,MATCHED_AUTHORITATIVE_BOUNDARY
3319,Padampur,Baragada,Odisha,20.995296,83.101362,MoPR_LGD_and_ISRO_Bhuvan,LGD_2026_Bhuvan_2024,3319,MATCHED_AUTHORITATIVE_BOUNDARY
3320,Paikmal,Baragada,Odisha,20.932798,82.810188,MoPR_LGD_and_ISRO_Bhuvan,LGD_2026_Bhuvan_2024,3320,MATCHED_AUTHORITATIVE_BOUNDARY
3321,Sohella,Baragada,Odisha,21.256155,83.341141,MoPR_LGD_and_ISRO_Bhuvan,LGD_2026_Bhuvan_2024,3321,MATCHED_AUTHORITATIVE_BOUNDARY
3322,Basudevpur,Bhadrak,Odisha,21.079392,86.776283,MoPR_LGD_and_ISRO_Bhuvan,LGD_2026_Bhuvan_2024,3322,MATCHED_AUTHORITATIVE_BOUNDARY
3323,Bhadrak,Bhadrak,Odisha,21.068428,86.511888,MoPR_LGD_and_ISRO_Bhuvan,LGD_2026_Bhuvan_2024,3323,MATCHED_AUTHORITATIVE_BOUNDARY
3324,Bhandaripokhari,Bhadrak,Odisha,20.952583,86.357495,MoPR_LGD_and_ISRO_Bhuvan,LGD_2026_Bhuvan_2024,3324,MATCHED_AUTHORITATIVE_BOUNDARY
3325,Bonth,Bhadrak,Odisha,21.122508,86.368109,MoPR_LGD_and_ISRO_Bhuvan,LGD_2026_Bhuvan_2024,3325,MATCHED_AUTHORITATIVE_BOUNDARY
3326,Chandabali,Bhadrak,Odisha,20.848975,86.814012,MoPR_LGD_and_ISRO_Bhuvan,LGD_2026_Bhuvan_2024,3326,MATCHED_AUTHORITATIVE_BOUNDARY
3327,Dhamanagar,Bhadrak,Odisha,20.908412,86.504347,MoPR_LGD_and_ISRO_Bhuvan,LGD_2026_Bhuvan_2024,3327,MATCHED_AUTHORITATIVE_BOUNDARY
3328,Tihidi,Bhadrak,Odisha,20.958117,86.662788,MoPR_LGD_and_ISRO_Bhuvan,LGD_2026_Bhuvan_2024,3328,MATCHED_AUTHORITATIVE_BOUNDARY
3329,Boudh,Boudh,Odisha,20.731449,84.134343,MoPR_LGD_and_ISRO_Bhuvan,LGD_2026_Bhuvan_2024,3329,MATCHED_AUTHORITATIVE_BOUNDARY
3330,Harabhanga,Boudh,Odisha,20.593779,84.510555,MoPR_LGD_and_ISRO_Bhuvan,LGD_2026_Bhuvan_2024,3330,MATCHED_AUTHORITATIVE_BOUNDARY
3331,Kantamal,Boudh,Odisha,20.624442,83.81608,MoPR_LGD_and_ISRO_Bhuvan,LGD_2026_Bhuvan_2024,3331,MATCHED_AUTHORITATIVE_BOUNDARY
3346,Barkote,Debagada,Odisha,21.551506,84.956513,MoPR_LGD_and_ISRO_Bhuvan,LGD_2026_Bhuvan_2024,3346,MATCHED_AUTHORITATIVE_BOUNDARY
3347,Reamal,Debagada,Odisha,21.319628,84.785036,MoPR_LGD_and_ISRO_Bhuvan,LGD_2026_Bhuvan_2024,3347,MATCHED_AUTHORITATIVE_BOUNDARY
3348,Tileibani,Debagada,Odisha,21.534102,84.62582,MoPR_LGD_and_ISRO_Bhuvan,LGD_2026_Bhuvan_2024,3348,MATCHED_AUTHORITATIVE_BOUNDARY
3349,Bhuban,Dhenkanal,Odisha,20.90863,85.791888,MoPR_LGD_and_ISRO_Bhuvan,LGD_2026_Bhuvan_2024,3349,MATCHED_AUTHORITATIVE_BOUNDARY
3350,Dhenkanal Sadar,Dhenkanal,Odisha,20.63641,85.59779,MoPR_LGD_and_ISRO_Bhuvan,LGD_2026_Bhuvan_2024,3350,MATCHED_AUTHORITATIVE_BOUNDARY
3351,Gondia,Dhenkanal,Odisha,20.764939,85.825236,MoPR_LGD_and_ISRO_Bhuvan,LGD_2026_Bhuvan_2024,3351,MATCHED_AUTHORITATIVE_BOUNDARY
3352,Hindol,Dhenkanal,Odisha,20.650258,85.300083,MoPR_LGD_and_ISRO_Bhuvan,LGD_2026_Bhuvan_2024,3352,MATCHED_AUTHORITATIVE_BOUNDARY
3353,Kamakhyanagar,Dhenkanal,Odisha,20.876016,85.544135,MoPR_LGD_and_ISRO_Bhuvan,LGD_2026_Bhuvan_2024,3353,MATCHED_AUTHORITATIVE_BOUNDARY
3354,Kankada Had,Dhenkanal,Odisha,21.071402,85.505688,MoPR_LGD_and_ISRO_Bhuvan,LGD_2026_Bhuvan_2024,3354,MATCHED_AUTHORITATIVE_BOUNDARY
3355,Odapada,Dhenkanal,Odisha,20.688394,85.514551,MoPR_LGD_and_ISRO_Bhuvan,LGD_2026_Bhuvan_2024,3355,MATCHED_AUTHORITATIVE_BOUNDARY
3356,Parjang,Dhenkanal,Odisha,20.936963,85.342471,MoPR_LGD_and_ISRO_Bhuvan,LGD_2026_Bhuvan_2024,3356,MATCHED_AUTHORITATIVE_BOUNDARY
3357,Gosani,Gajapati,Odisha,18.845634,84.197413,MoPR_LGD_and_ISRO_Bhuvan,LGD_2026_Bhuvan_2024,3357,MATCHED_AUTHORITATIVE_BOUNDARY
3358,Gumma,Gajapati,Odisha,18.944174,84.017933,MoPR_LGD_and_ISRO_Bhuvan,LGD_2026_Bhuvan_2024,3358,MATCHED_AUTHORITATIVE_BOUNDARY
3359,Kasinagar,Gajapati,Odisha,18.90525,83.900952,MoPR_LGD_and_ISRO_Bhuvan,LGD_2026_Bhuvan_2024,3359,MATCHED_AUTHORITATIVE_BOUNDARY
3360,Mohana,Gajapati,Odisha,19.458336,84.173291,MoPR_LGD_and_ISRO_Bhuvan,LGD_2026_Bhuvan_2024,3360,MATCHED_AUTHORITATIVE_BOUNDARY
3361,Nuagada,Gajapati,Odisha,19.181364,84.037566,MoPR_LGD_and_ISRO_Bhuvan,LGD_2026_Bhuvan_2024,3361,MATCHED_AUTHORITATIVE_BOUNDARY
3363,Rayagada,Gajapati,Odisha,18.940113,84.256202,MoPR_LGD_and_ISRO_Bhuvan,LGD_2026_Bhuvan_2024,3363,MATCHED_AUTHORITATIVE_BOUNDARY
3362,R.Udayagiri,Gajapati,Odisha,19.19004,84.277571,MoPR_LGD_and_ISRO_Bhuvan,LGD_2026_Bhuvan_2024,3362,MATCHED_AUTHORITATIVE_BOUNDARY
3364,Aska,Ganjam,Odisha,19.638823,84.670793,MoPR_LGD_and_ISRO_Bhuvan,LGD_2026_Bhuvan_2024,3364,MATCHED_AUTHORITATIVE_BOUNDARY
3365,Beguniapada,Ganjam,Odisha,19.68327,84.995995,MoPR_LGD_and_ISRO_Bhuvan,LGD_2026_Bhuvan_2024,3365,MATCHED_AUTHORITATIVE_BOUNDARY
3366,Bellaguntha,Ganjam,Odisha,19.837109,84.609379,MoPR_LGD_and_ISRO_Bhuvan,LGD_2026_Bhuvan_2024,3366,MATCHED_AUTHORITATIVE_BOUNDARY
3367,Bhanjanagar,Ganjam,Odisha,20.019151,84.517966,MoPR_LGD_and_ISRO_Bhuvan,LGD_2026_Bhuvan_2024,3367,MATCHED_AUTHORITATIVE_BOUNDARY
3368,Buguda,Ganjam,Odisha,19.840814,84.805066,MoPR_LGD_and_ISRO_Bhuvan,LGD_2026_Bhuvan_2024,3368,MATCHED_AUTHORITATIVE_BOUNDARY
3369,Chatrapur,Ganjam,Odisha,19.371134,84.94626,MoPR_LGD_and_ISRO_Bhuvan,LGD_2026_Bhuvan_2024,3369,MATCHED_AUTHORITATIVE_BOUNDARY
3370,Chikiti,Ganjam,Odisha,19.180328,84.666911,MoPR_LGD_and_ISRO_Bhuvan,LGD_2026_Bhuvan_2024,3370,MATCHED_AUTHORITATIVE_BOUNDARY
3371,Dharakote,Ganjam,Odisha,19.60787,84.528152,MoPR_LGD_and_ISRO_Bhuvan,LGD_2026_Bhuvan_2024,3371,MATCHED_AUTHORITATIVE_BOUNDARY
3372,Digapahandi,Ganjam,Odisha,19.314364,84.541799,MoPR_LGD_and_ISRO_Bhuvan,LGD_2026_Bhuvan_2024,3372,MATCHED_AUTHORITATIVE_BOUNDARY
3373,Ganjam,Ganjam,Odisha,19.472489,85.0535,MoPR_LGD_and_ISRO_Bhuvan,LGD_2026_Bhuvan_2024,3373,MATCHED_AUTHORITATIVE_BOUNDARY
3374,Hinjilicut,Ganjam,Odisha,19.457467,84.77965,MoPR_LGD_and_ISRO_Bhuvan,LGD_2026_Bhuvan_2024,3374,MATCHED_AUTHORITATIVE_BOUNDARY
3375,Jagannathprasad,Ganjam,Odisha,20.068765,84.735476,MoPR_LGD_and_ISRO_Bhuvan,LGD_2026_Bhuvan_2024,3375,MATCHED_AUTHORITATIVE_BOUNDARY
3376,Kabisuryanagar,Ganjam,Odisha,19.609223,84.784365,MoPR_LGD_and_ISRO_Bhuvan,LGD_2026_Bhuvan_2024,3376,MATCHED_AUTHORITATIVE_BOUNDARY
3377,Khallikote,Ganjam,Odisha,19.62132,85.087734,MoPR_LGD_and_ISRO_Bhuvan,LGD_2026_Bhuvan_2024,3377,MATCHED_AUTHORITATIVE_BOUNDARY
3378,Kukudakhandi,Ganjam,Odisha,19.323686,84.799145,MoPR_LGD_and_ISRO_Bhuvan,LGD_2026_Bhuvan_2024,3378,MATCHED_AUTHORITATIVE_BOUNDARY
3379,Patrapur,Ganjam,Odisha,19.096554,84.481075,MoPR_LGD_and_ISRO_Bhuvan,LGD_2026_Bhuvan_2024,3379,MATCHED_AUTHORITATIVE_BOUNDARY
3380,Polosara,Ganjam,Odisha,19.734504,84.878415,MoPR_LGD_and_ISRO_Bhuvan,LGD_2026_Bhuvan_2024,3380,MATCHED_AUTHORITATIVE_BOUNDARY
3381,Purushottampur,Ganjam,Odisha,19.524444,84.870839,MoPR_LGD_and_ISRO_Bhuvan,LGD_2026_Bhuvan_2024,3381,MATCHED_AUTHORITATIVE_BOUNDARY
3382,Rangeilunda,Ganjam,Odisha,19.267635,84.823021,MoPR_LGD_and_ISRO_Bhuvan,LGD_2026_Bhuvan_2024,3382,MATCHED_AUTHORITATIVE_BOUNDARY
3383,Sanakhemundi,Ganjam,Odisha,19.445598,84.516042,MoPR_LGD_and_ISRO_Bhuvan,LGD_2026_Bhuvan_2024,3383,MATCHED_AUTHORITATIVE_BOUNDARY
3384,Sheragada,Ganjam,Odisha,19.516672,84.647616,MoPR_LGD_and_ISRO_Bhuvan,LGD_2026_Bhuvan_2024,3384,MATCHED_AUTHORITATIVE_BOUNDARY
3385,Surada,Ganjam,Odisha,19.737037,84.355335,MoPR_LGD_and_ISRO_Bhuvan,LGD_2026_Bhuvan_2024,3385,MATCHED_AUTHORITATIVE_BOUNDARY
3386,Balikuda,Jagatsinghapur,Odisha,20.098433,86.315704,MoPR_LGD_and_ISRO_Bhuvan,LGD_2026_Bhuvan_2024,3386,MATCHED_AUTHORITATIVE_BOUNDARY
3387,Biridi,Jagatsinghapur,Odisha,20.333637,86.069563,MoPR_LGD_and_ISRO_Bhuvan,LGD_2026_Bhuvan_2024,3387,MATCHED_AUTHORITATIVE_BOUNDARY
3388,Erasama,Jagatsinghapur,Odisha,20.175131,86.453802,MoPR_LGD_and_ISRO_Bhuvan,LGD_2026_Bhuvan_2024,3388,MATCHED_AUTHORITATIVE_BOUNDARY
3389,Jagatsinghpur,Jagatsinghapur,Odisha,20.24642,86.171266,MoPR_LGD_and_ISRO_Bhuvan,LGD_2026_Bhuvan_2024,3389,MATCHED_AUTHORITATIVE_BOUNDARY
3390,Kujang,Jagatsinghapur,Odisha,20.291595,86.534085,MoPR_LGD_and_ISRO_Bhuvan,LGD_2026_Bhuvan_2024,3390,MATCHED_AUTHORITATIVE_BOUNDARY
3391,Naugaon,Jagatsinghapur,Odisha,20.105604,86.202762,MoPR_LGD_and_ISRO_Bhuvan,LGD_2026_Bhuvan_2024,3391,MATCHED_AUTHORITATIVE_BOUNDARY
3392,Raghunathpur,Jagatsinghapur,Odisha,20.329523,86.203307,MoPR_LGD_and_ISRO_Bhuvan,LGD_2026_Bhuvan_2024,3392,MATCHED_AUTHORITATIVE_BOUNDARY
3393,Tirtol,Jagatsinghapur,Odisha,20.285692,86.324775,MoPR_LGD_and_ISRO_Bhuvan,LGD_2026_Bhuvan_2024,3393,MATCHED_AUTHORITATIVE_BOUNDARY
3394,Badchana,Jajpur,Odisha,20.663014,86.125952,MoPR_LGD_and_ISRO_Bhuvan,LGD_2026_Bhuvan_2024,3394,MATCHED_AUTHORITATIVE_BOUNDARY
3395,Bari,Jajpur,Odisha,20.676837,86.373316,MoPR_LGD_and_ISRO_Bhuvan,LGD_2026_Bhuvan_2024,3395,MATCHED_AUTHORITATIVE_BOUNDARY
3396,Binjharpur,Jajpur,Odisha,20.743919,86.437403,MoPR_LGD_and_ISRO_Bhuvan,LGD_2026_Bhuvan_2024,3396,MATCHED_AUTHORITATIVE_BOUNDARY
3397,Dahrmasala,Jajpur,Odisha,20.778353,86.102611,MoPR_LGD_and_ISRO_Bhuvan,LGD_2026_Bhuvan_2024,3397,MATCHED_AUTHORITATIVE_BOUNDARY
3398,Danagadi,Jajpur,Odisha,21.020624,86.011372,MoPR_LGD_and_ISRO_Bhuvan,LGD_2026_Bhuvan_2024,3398,MATCHED_AUTHORITATIVE_BOUNDARY
3399,Dasarathapur,Jajpur,Odisha,20.816992,86.491395,MoPR_LGD_and_ISRO_Bhuvan,LGD_2026_Bhuvan_2024,3399,MATCHED_AUTHORITATIVE_BOUNDARY
3400,Jajpur,Jajpur,Odisha,20.82623,86.285455,MoPR_LGD_and_ISRO_Bhuvan,LGD_2026_Bhuvan_2024,3400,MATCHED_AUTHORITATIVE_BOUNDARY
3401,Korei,Jajpur,Odisha,20.975223,86.190504,MoPR_LGD_and_ISRO_Bhuvan,LGD_2026_Bhuvan_2024,3401,MATCHED_AUTHORITATIVE_BOUNDARY
3402,Rasulpur,Jajpur,Odisha,20.822705,86.168587,MoPR_LGD_and_ISRO_Bhuvan,LGD_2026_Bhuvan_2024,3402,MATCHED_AUTHORITATIVE_BOUNDARY
3403,Sukinda,Jajpur,Odisha,20.999675,85.860855,MoPR_LGD_and_ISRO_Bhuvan,LGD_2026_Bhuvan_2024,3403,MATCHED_AUTHORITATIVE_BOUNDARY
3404,Jharsuguda,Jharsuguda,Odisha,21.852387,83.967018,MoPR_LGD_and_ISRO_Bhuvan,LGD_2026_Bhuvan_2024,3404,MATCHED_AUTHORITATIVE_BOUNDARY
3405,Kirmira,Jharsuguda,Odisha,21.931995,84.147215,MoPR_LGD_and_ISRO_Bhuvan,LGD_2026_Bhuvan_2024,3405,MATCHED_AUTHORITATIVE_BOUNDARY
3406,Kolabira,Jharsuguda,Odisha,21.80438,84.18525,MoPR_LGD_and_ISRO_Bhuvan,LGD_2026_Bhuvan_2024,3406,MATCHED_AUTHORITATIVE_BOUNDARY
3407,Laikera,Jharsuguda,Odisha,21.930377,84.290255,MoPR_LGD_and_ISRO_Bhuvan,LGD_2026_Bhuvan_2024,3407,MATCHED_AUTHORITATIVE_BOUNDARY
3408,Lakhanpur,Jharsuguda,Odisha,21.719825,83.748081,MoPR_LGD_and_ISRO_Bhuvan,LGD_2026_Bhuvan_2024,3408,MATCHED_AUTHORITATIVE_BOUNDARY
3409,Bhawanipatna,Kalahandi,Odisha,19.912441,83.135309,MoPR_LGD_and_ISRO_Bhuvan,LGD_2026_Bhuvan_2024,3409,MATCHED_AUTHORITATIVE_BOUNDARY
3410,Dharamagarh,Kalahandi,Odisha,19.837798,82.740606,MoPR_LGD_and_ISRO_Bhuvan,LGD_2026_Bhuvan_2024,3410,MATCHED_AUTHORITATIVE_BOUNDARY
3411,Golamunda,Kalahandi,Odisha,20.05879,82.909301,MoPR_LGD_and_ISRO_Bhuvan,LGD_2026_Bhuvan_2024,3411,MATCHED_AUTHORITATIVE_BOUNDARY
3412,Jayapatna,Kalahandi,Odisha,19.50565,82.760592,MoPR_LGD_and_ISRO_Bhuvan,LGD_2026_Bhuvan_2024,3412,MATCHED_AUTHORITATIVE_BOUNDARY
3413,Junagarh,Kalahandi,Odisha,19.806095,82.945511,MoPR_LGD_and_ISRO_Bhuvan,LGD_2026_Bhuvan_2024,3413,MATCHED_AUTHORITATIVE_BOUNDARY
3414,Kalampur,Kalahandi,Odisha,19.607164,82.863306,MoPR_LGD_and_ISRO_Bhuvan,LGD_2026_Bhuvan_2024,3414,MATCHED_AUTHORITATIVE_BOUNDARY
3415,Karlamunda,Kalahandi,Odisha,20.340594,83.464303,MoPR_LGD_and_ISRO_Bhuvan,LGD_2026_Bhuvan_2024,3415,MATCHED_AUTHORITATIVE_BOUNDARY
3416,Kesinga,Kalahandi,Odisha,20.180036,83.270569,MoPR_LGD_and_ISRO_Bhuvan,LGD_2026_Bhuvan_2024,3416,MATCHED_AUTHORITATIVE_BOUNDARY
3417,Kokasara,Kalahandi,Odisha,19.65503,82.67101,MoPR_LGD_and_ISRO_Bhuvan,LGD_2026_Bhuvan_2024,3417,MATCHED_AUTHORITATIVE_BOUNDARY
3418,Lanjigarh,Kalahandi,Odisha,19.79564,83.331497,MoPR_LGD_and_ISRO_Bhuvan,LGD_2026_Bhuvan_2024,3418,MATCHED_AUTHORITATIVE_BOUNDARY
3419,Madanpur Rampur,Kalahandi,Odisha,20.217034,83.594789,MoPR_LGD_and_ISRO_Bhuvan,LGD_2026_Bhuvan_2024,3419,MATCHED_AUTHORITATIVE_BOUNDARY
3420,Narala,Kalahandi,Odisha,20.06973,83.368089,MoPR_LGD_and_ISRO_Bhuvan,LGD_2026_Bhuvan_2024,3420,MATCHED_AUTHORITATIVE_BOUNDARY
3421,Thuamul Ram Pur,Kalahandi,Odisha,19.516849,83.000547,MoPR_LGD_and_ISRO_Bhuvan,LGD_2026_Bhuvan_2024,3421,MATCHED_AUTHORITATIVE_BOUNDARY
3422,Baliguda,Kandhamala,Odisha,20.217732,83.826861,MoPR_LGD_and_ISRO_Bhuvan,LGD_2026_Bhuvan_2024,3422,MATCHED_AUTHORITATIVE_BOUNDARY
3423,Chakapad,Kandhamala,Odisha,20.270689,84.444049,MoPR_LGD_and_ISRO_Bhuvan,LGD_2026_Bhuvan_2024,3423,MATCHED_AUTHORITATIVE_BOUNDARY
3424,Daringibadi,Kandhamala,Odisha,19.847182,84.065374,MoPR_LGD_and_ISRO_Bhuvan,LGD_2026_Bhuvan_2024,3424,MATCHED_AUTHORITATIVE_BOUNDARY
3425,G.Udayagiri,Kandhamala,Odisha,20.110064,84.366934,MoPR_LGD_and_ISRO_Bhuvan,LGD_2026_Bhuvan_2024,3425,MATCHED_AUTHORITATIVE_BOUNDARY
3427,Khajuripada,Kandhamala,Odisha,20.49983,84.337178,MoPR_LGD_and_ISRO_Bhuvan,LGD_2026_Bhuvan_2024,3427,MATCHED_AUTHORITATIVE_BOUNDARY
3426,K.Nuagan,Kandhamala,Odisha,20.148923,84.078577,MoPR_LGD_and_ISRO_Bhuvan,LGD_2026_Bhuvan_2024,3426,MATCHED_AUTHORITATIVE_BOUNDARY
3428,Kotagarh,Kandhamala,Odisha,19.797043,83.816749,MoPR_LGD_and_ISRO_Bhuvan,LGD_2026_Bhuvan_2024,3428,MATCHED_AUTHORITATIVE_BOUNDARY
3429,Phiringia,Kandhamala,Odisha,20.406116,83.997,MoPR_LGD_and_ISRO_Bhuvan,LGD_2026_Bhuvan_2024,3429,MATCHED_AUTHORITATIVE_BOUNDARY
3430,Phulbani,Kandhamala,Odisha,20.468579,84.158907,MoPR_LGD_and_ISRO_Bhuvan,LGD_2026_Bhuvan_2024,3430,MATCHED_AUTHORITATIVE_BOUNDARY
3431,Raikia,Kandhamala,Odisha,19.977594,84.303723,MoPR_LGD_and_ISRO_Bhuvan,LGD_2026_Bhuvan_2024,3431,MATCHED_AUTHORITATIVE_BOUNDARY
3432,Tikabali,Kandhamala,Odisha,20.230958,84.317299,MoPR_LGD_and_ISRO_Bhuvan,LGD_2026_Bhuvan_2024,3432,MATCHED_AUTHORITATIVE_BOUNDARY
3433,Tumudibandh,Kandhamala,Odisha,19.964527,83.661629,MoPR_LGD_and_ISRO_Bhuvan,LGD_2026_Bhuvan_2024,3433,MATCHED_AUTHORITATIVE_BOUNDARY
3332,Athagad,Kataka,Odisha,20.545638,85.725571,MoPR_LGD_and_ISRO_Bhuvan,LGD_2026_Bhuvan_2024,3332,MATCHED_AUTHORITATIVE_BOUNDARY
3333,Badamba,Kataka,Odisha,20.431513,85.342369,MoPR_LGD_and_ISRO_Bhuvan,LGD_2026_Bhuvan_2024,3333,MATCHED_AUTHORITATIVE_BOUNDARY
3334,Banki,Kataka,Odisha,20.357372,85.462148,MoPR_LGD_and_ISRO_Bhuvan,LGD_2026_Bhuvan_2024,3334,MATCHED_AUTHORITATIVE_BOUNDARY
3335,Banki- Dampara,Kataka,Odisha,20.372652,85.603271,MoPR_LGD_and_ISRO_Bhuvan,LGD_2026_Bhuvan_2024,3335,MATCHED_AUTHORITATIVE_BOUNDARY
3336,Baranga,Kataka,Odisha,20.439638,85.806345,MoPR_LGD_and_ISRO_Bhuvan,LGD_2026_Bhuvan_2024,3336,MATCHED_AUTHORITATIVE_BOUNDARY
3337,Cuttacksadar,Kataka,Odisha,20.410106,85.945192,MoPR_LGD_and_ISRO_Bhuvan,LGD_2026_Bhuvan_2024,3337,MATCHED_AUTHORITATIVE_BOUNDARY
3338,Kantapada,Kataka,Odisha,20.270465,86.012214,MoPR_LGD_and_ISRO_Bhuvan,LGD_2026_Bhuvan_2024,3338,MATCHED_AUTHORITATIVE_BOUNDARY
3339,Mahanga,Kataka,Odisha,20.572632,86.187364,MoPR_LGD_and_ISRO_Bhuvan,LGD_2026_Bhuvan_2024,3339,MATCHED_AUTHORITATIVE_BOUNDARY
3340,Narasinghpur,Kataka,Odisha,20.50629,85.08542,MoPR_LGD_and_ISRO_Bhuvan,LGD_2026_Bhuvan_2024,3340,MATCHED_AUTHORITATIVE_BOUNDARY
3341,Niali,Kataka,Odisha,20.146246,86.104768,MoPR_LGD_and_ISRO_Bhuvan,LGD_2026_Bhuvan_2024,3341,MATCHED_AUTHORITATIVE_BOUNDARY
3342,Nischinta Koili,Kataka,Odisha,20.436591,86.193441,MoPR_LGD_and_ISRO_Bhuvan,LGD_2026_Bhuvan_2024,3342,MATCHED_AUTHORITATIVE_BOUNDARY
3343,Salepur,Kataka,Odisha,20.491719,86.05815,MoPR_LGD_and_ISRO_Bhuvan,LGD_2026_Bhuvan_2024,3343,MATCHED_AUTHORITATIVE_BOUNDARY
3344,Tangi Choudwar,Kataka,Odisha,20.587718,85.935398,MoPR_LGD_and_ISRO_Bhuvan,LGD_2026_Bhuvan_2024,3344,MATCHED_AUTHORITATIVE_BOUNDARY
3345,Tigiria,Kataka,Odisha,20.467254,85.507058,MoPR_LGD_and_ISRO_Bhuvan,LGD_2026_Bhuvan_2024,3345,MATCHED_AUTHORITATIVE_BOUNDARY
3434,Aul,Kendrapada,Odisha,20.656181,86.601728,MoPR_LGD_and_ISRO_Bhuvan,LGD_2026_Bhuvan_2024,3434,MATCHED_AUTHORITATIVE_BOUNDARY
3435,Derabish,Kendrapada,Odisha,20.530381,86.322129,MoPR_LGD_and_ISRO_Bhuvan,LGD_2026_Bhuvan_2024,3435,MATCHED_AUTHORITATIVE_BOUNDARY
3436,Garadapur,Kendrapada,Odisha,20.400116,86.338275,MoPR_LGD_and_ISRO_Bhuvan,LGD_2026_Bhuvan_2024,3436,MATCHED_AUTHORITATIVE_BOUNDARY
3437,Kendrapada,Kendrapada,Odisha,20.532673,86.442396,MoPR_LGD_and_ISRO_Bhuvan,LGD_2026_Bhuvan_2024,3437,MATCHED_AUTHORITATIVE_BOUNDARY
3438,Mahakalapada,Kendrapada,Odisha,20.401886,86.637939,MoPR_LGD_and_ISRO_Bhuvan,LGD_2026_Bhuvan_2024,3438,MATCHED_AUTHORITATIVE_BOUNDARY
3439,Marsaghai,Kendrapada,Odisha,20.427054,86.451112,MoPR_LGD_and_ISRO_Bhuvan,LGD_2026_Bhuvan_2024,3439,MATCHED_AUTHORITATIVE_BOUNDARY
3440,Pattamundai,Kendrapada,Odisha,20.562497,86.579279,MoPR_LGD_and_ISRO_Bhuvan,LGD_2026_Bhuvan_2024,3440,MATCHED_AUTHORITATIVE_BOUNDARY
3441,Rajkanika,Kendrapada,Odisha,20.725831,86.688695,MoPR_LGD_and_ISRO_Bhuvan,LGD_2026_Bhuvan_2024,3441,MATCHED_AUTHORITATIVE_BOUNDARY
3442,Rajnagar,Kendrapada,Odisha,20.655444,86.845154,MoPR_LGD_and_ISRO_Bhuvan,LGD_2026_Bhuvan_2024,3442,MATCHED_AUTHORITATIVE_BOUNDARY
3443,Anandapur,Kendujhar,Odisha,21.333812,86.080334,MoPR_LGD_and_ISRO_Bhuvan,LGD_2026_Bhuvan_2024,3443,MATCHED_AUTHORITATIVE_BOUNDARY
3444,Bansapal,Kendujhar,Odisha,21.603486,85.418866,MoPR_LGD_and_ISRO_Bhuvan,LGD_2026_Bhuvan_2024,3444,MATCHED_AUTHORITATIVE_BOUNDARY
3445,Champua,Kendujhar,Odisha,21.967323,85.648954,MoPR_LGD_and_ISRO_Bhuvan,LGD_2026_Bhuvan_2024,3445,MATCHED_AUTHORITATIVE_BOUNDARY
3446,Ghasipura,Kendujhar,Odisha,21.1489,85.984636,MoPR_LGD_and_ISRO_Bhuvan,LGD_2026_Bhuvan_2024,3446,MATCHED_AUTHORITATIVE_BOUNDARY
3447,Ghatgaon,Kendujhar,Odisha,21.468529,85.844511,MoPR_LGD_and_ISRO_Bhuvan,LGD_2026_Bhuvan_2024,3447,MATCHED_AUTHORITATIVE_BOUNDARY
3448,Harichadanpur,Kendujhar,Odisha,21.275738,85.764227,MoPR_LGD_and_ISRO_Bhuvan,LGD_2026_Bhuvan_2024,3448,MATCHED_AUTHORITATIVE_BOUNDARY
3449,Hatadihi,Kendujhar,Odisha,21.202081,86.272859,MoPR_LGD_and_ISRO_Bhuvan,LGD_2026_Bhuvan_2024,3449,MATCHED_AUTHORITATIVE_BOUNDARY
3450,Jhumpura,Kendujhar,Odisha,21.850916,85.564633,MoPR_LGD_and_ISRO_Bhuvan,LGD_2026_Bhuvan_2024,3450,MATCHED_AUTHORITATIVE_BOUNDARY
3451,Joda,Kendujhar,Odisha,22.014404,85.400139,MoPR_LGD_and_ISRO_Bhuvan,LGD_2026_Bhuvan_2024,3451,MATCHED_AUTHORITATIVE_BOUNDARY
3452,Kendujhar Sadar,Kendujhar,Odisha,21.696968,85.624154,MoPR_LGD_and_ISRO_Bhuvan,LGD_2026_Bhuvan_2024,3452,MATCHED_AUTHORITATIVE_BOUNDARY
3453,Patana,Kendujhar,Odisha,21.693278,85.820419,MoPR_LGD_and_ISRO_Bhuvan,LGD_2026_Bhuvan_2024,3453,MATCHED_AUTHORITATIVE_BOUNDARY
3454,Saharapada,Kendujhar,Odisha,21.678229,85.959935,MoPR_LGD_and_ISRO_Bhuvan,LGD_2026_Bhuvan_2024,3454,MATCHED_AUTHORITATIVE_BOUNDARY
3455,Telkoi,Kendujhar,Odisha,21.285624,85.464645,MoPR_LGD_and_ISRO_Bhuvan,LGD_2026_Bhuvan_2024,3455,MATCHED_AUTHORITATIVE_BOUNDARY
3456,Balianta,Khordha,Odisha,20.239591,85.918833,MoPR_LGD_and_ISRO_Bhuvan,LGD_2026_Bhuvan_2024,3456,MATCHED_AUTHORITATIVE_BOUNDARY
3457,Balipatna,Khordha,Odisha,20.152221,85.977536,MoPR_LGD_and_ISRO_Bhuvan,LGD_2026_Bhuvan_2024,3457,MATCHED_AUTHORITATIVE_BOUNDARY
3458,Banapur,Khordha,Odisha,19.846341,85.129607,MoPR_LGD_and_ISRO_Bhuvan,LGD_2026_Bhuvan_2024,3458,MATCHED_AUTHORITATIVE_BOUNDARY
3459,Begunia,Khordha,Odisha,20.176597,85.491068,MoPR_LGD_and_ISRO_Bhuvan,LGD_2026_Bhuvan_2024,3459,MATCHED_AUTHORITATIVE_BOUNDARY
3460,Bhubaneswar,Khordha,Odisha,20.308405,85.786981,MoPR_LGD_and_ISRO_Bhuvan,LGD_2026_Bhuvan_2024,3460,MATCHED_AUTHORITATIVE_BOUNDARY
3461,Bolagarh,Khordha,Odisha,20.20893,85.334872,MoPR_LGD_and_ISRO_Bhuvan,LGD_2026_Bhuvan_2024,3461,MATCHED_AUTHORITATIVE_BOUNDARY
3462,Chilika,Khordha,Odisha,19.763837,85.237061,MoPR_LGD_and_ISRO_Bhuvan,LGD_2026_Bhuvan_2024,3462,MATCHED_AUTHORITATIVE_BOUNDARY
3463,Jatni,Khordha,Odisha,20.196775,85.698669,MoPR_LGD_and_ISRO_Bhuvan,LGD_2026_Bhuvan_2024,3463,MATCHED_AUTHORITATIVE_BOUNDARY
3464,Khordha,Khordha,Odisha,20.121815,85.575289,MoPR_LGD_and_ISRO_Bhuvan,LGD_2026_Bhuvan_2024,3464,MATCHED_AUTHORITATIVE_BOUNDARY
3465,Tangi,Khordha,Odisha,19.92424,85.434774,MoPR_LGD_and_ISRO_Bhuvan,LGD_2026_Bhuvan_2024,3465,MATCHED_AUTHORITATIVE_BOUNDARY
3466,Bandhugaon,Koraput,Odisha,18.945018,83.298138,MoPR_LGD_and_ISRO_Bhuvan,LGD_2026_Bhuvan_2024,3466,MATCHED_AUTHORITATIVE_BOUNDARY
3467,Boipariguda,Koraput,Odisha,18.736445,82.32114,MoPR_LGD_and_ISRO_Bhuvan,LGD_2026_Bhuvan_2024,3467,MATCHED_AUTHORITATIVE_BOUNDARY
3468,Borigumma,Koraput,Odisha,19.093819,82.611599,MoPR_LGD_and_ISRO_Bhuvan,LGD_2026_Bhuvan_2024,3468,MATCHED_AUTHORITATIVE_BOUNDARY
3469,Dasamantapur,Koraput,Odisha,19.005213,82.864001,MoPR_LGD_and_ISRO_Bhuvan,LGD_2026_Bhuvan_2024,3469,MATCHED_AUTHORITATIVE_BOUNDARY
3470,Jeypore,Koraput,Odisha,18.914394,82.550193,MoPR_LGD_and_ISRO_Bhuvan,LGD_2026_Bhuvan_2024,3470,MATCHED_AUTHORITATIVE_BOUNDARY
3471,Koraput,Koraput,Odisha,18.801107,82.750549,MoPR_LGD_and_ISRO_Bhuvan,LGD_2026_Bhuvan_2024,3471,MATCHED_AUTHORITATIVE_BOUNDARY
3472,Kotpad,Koraput,Odisha,19.076808,82.337375,MoPR_LGD_and_ISRO_Bhuvan,LGD_2026_Bhuvan_2024,3472,MATCHED_AUTHORITATIVE_BOUNDARY
3473,Kundura,Koraput,Odisha,18.907764,82.377365,MoPR_LGD_and_ISRO_Bhuvan,LGD_2026_Bhuvan_2024,3473,MATCHED_AUTHORITATIVE_BOUNDARY
3474,Lamtaput,Koraput,Odisha,18.607929,82.582804,MoPR_LGD_and_ISRO_Bhuvan,LGD_2026_Bhuvan_2024,3474,MATCHED_AUTHORITATIVE_BOUNDARY
3475,Laxmipur,Koraput,Odisha,18.988564,83.067246,MoPR_LGD_and_ISRO_Bhuvan,LGD_2026_Bhuvan_2024,3475,MATCHED_AUTHORITATIVE_BOUNDARY
3476,Nandapur,Koraput,Odisha,18.442323,82.693438,MoPR_LGD_and_ISRO_Bhuvan,LGD_2026_Bhuvan_2024,3476,MATCHED_AUTHORITATIVE_BOUNDARY
3477,Narayan Patana,Koraput,Odisha,18.840985,83.128647,MoPR_LGD_and_ISRO_Bhuvan,LGD_2026_Bhuvan_2024,3477,MATCHED_AUTHORITATIVE_BOUNDARY
3478,Pottangi,Koraput,Odisha,18.498683,82.966658,MoPR_LGD_and_ISRO_Bhuvan,LGD_2026_Bhuvan_2024,3478,MATCHED_AUTHORITATIVE_BOUNDARY
3479,Semiliguda,Koraput,Odisha,18.66132,82.872444,MoPR_LGD_and_ISRO_Bhuvan,LGD_2026_Bhuvan_2024,3479,MATCHED_AUTHORITATIVE_BOUNDARY
3483,Chitrakonda,Malkangiri,Odisha,18.226256,82.229237,MoPR_LGD_and_ISRO_Bhuvan,LGD_2026_Bhuvan_2024,3483,MATCHED_AUTHORITATIVE_BOUNDARY
3480,Kalimela,Malkangiri,Odisha,18.0319,81.747001,MoPR_LGD_and_ISRO_Bhuvan,LGD_2026_Bhuvan_2024,3480,MATCHED_AUTHORITATIVE_BOUNDARY
3481,Khairaput,Malkangiri,Odisha,18.481179,82.292043,MoPR_LGD_and_ISRO_Bhuvan,LGD_2026_Bhuvan_2024,3481,MATCHED_AUTHORITATIVE_BOUNDARY
3482,Korukonda,Malkangiri,Odisha,18.246772,81.929207,MoPR_LGD_and_ISRO_Bhuvan,LGD_2026_Bhuvan_2024,3482,MATCHED_AUTHORITATIVE_BOUNDARY
3484,Malkangiri,Malkangiri,Odisha,18.421927,81.959718,MoPR_LGD_and_ISRO_Bhuvan,LGD_2026_Bhuvan_2024,3484,MATCHED_AUTHORITATIVE_BOUNDARY
3485,Mathili,Malkangiri,Odisha,18.591092,82.098306,MoPR_LGD_and_ISRO_Bhuvan,LGD_2026_Bhuvan_2024,3485,MATCHED_AUTHORITATIVE_BOUNDARY
3486,Podia,Malkangiri,Odisha,18.067299,81.547345,MoPR_LGD_and_ISRO_Bhuvan,LGD_2026_Bhuvan_2024,3486,MATCHED_AUTHORITATIVE_BOUNDARY
3487,Badasahi,Mayurbhanj,Odisha,21.741171,86.742804,MoPR_LGD_and_ISRO_Bhuvan,LGD_2026_Bhuvan_2024,3487,MATCHED_AUTHORITATIVE_BOUNDARY
3488,Bahalda,Mayurbhanj,Odisha,22.399794,86.155541,MoPR_LGD_and_ISRO_Bhuvan,LGD_2026_Bhuvan_2024,3488,MATCHED_AUTHORITATIVE_BOUNDARY
3489,Bangriposi,Mayurbhanj,Odisha,22.045969,86.440499,MoPR_LGD_and_ISRO_Bhuvan,LGD_2026_Bhuvan_2024,3489,MATCHED_AUTHORITATIVE_BOUNDARY
3490,Baripada,Mayurbhanj,Odisha,21.890647,86.793874,MoPR_LGD_and_ISRO_Bhuvan,LGD_2026_Bhuvan_2024,3490,MATCHED_AUTHORITATIVE_BOUNDARY
3491,Betnoti,Mayurbhanj,Odisha,21.685227,86.916777,MoPR_LGD_and_ISRO_Bhuvan,LGD_2026_Bhuvan_2024,3491,MATCHED_AUTHORITATIVE_BOUNDARY
3492,Bijatala,Mayurbhanj,Odisha,22.245631,86.307988,MoPR_LGD_and_ISRO_Bhuvan,LGD_2026_Bhuvan_2024,3492,MATCHED_AUTHORITATIVE_BOUNDARY
3493,Bisoi,Mayurbhanj,Odisha,22.133524,86.321215,MoPR_LGD_and_ISRO_Bhuvan,LGD_2026_Bhuvan_2024,3493,MATCHED_AUTHORITATIVE_BOUNDARY
3494,Gopabandhunagar,Mayurbhanj,Odisha,21.652341,86.686381,MoPR_LGD_and_ISRO_Bhuvan,LGD_2026_Bhuvan_2024,3494,MATCHED_AUTHORITATIVE_BOUNDARY
3495,Jamda,Mayurbhanj,Odisha,22.276294,86.057485,MoPR_LGD_and_ISRO_Bhuvan,LGD_2026_Bhuvan_2024,3495,MATCHED_AUTHORITATIVE_BOUNDARY
3496,Joshipur,Mayurbhanj,Odisha,21.931948,86.160935,MoPR_LGD_and_ISRO_Bhuvan,LGD_2026_Bhuvan_2024,3496,MATCHED_AUTHORITATIVE_BOUNDARY
3497,Kaptipada,Mayurbhanj,Odisha,21.449563,86.4299,MoPR_LGD_and_ISRO_Bhuvan,LGD_2026_Bhuvan_2024,3497,MATCHED_AUTHORITATIVE_BOUNDARY
3498,Karanjia,Mayurbhanj,Odisha,21.775148,86.08604,MoPR_LGD_and_ISRO_Bhuvan,LGD_2026_Bhuvan_2024,3498,MATCHED_AUTHORITATIVE_BOUNDARY
3499,Khunta,Mayurbhanj,Odisha,21.731699,86.593961,MoPR_LGD_and_ISRO_Bhuvan,LGD_2026_Bhuvan_2024,3499,MATCHED_AUTHORITATIVE_BOUNDARY
3500,Kuliana,Mayurbhanj,Odisha,22.061509,86.705258,MoPR_LGD_and_ISRO_Bhuvan,LGD_2026_Bhuvan_2024,3500,MATCHED_AUTHORITATIVE_BOUNDARY
3501,Kusumi,Mayurbhanj,Odisha,22.133305,86.107525,MoPR_LGD_and_ISRO_Bhuvan,LGD_2026_Bhuvan_2024,3501,MATCHED_AUTHORITATIVE_BOUNDARY
3502,Morada,Mayurbhanj,Odisha,21.855489,86.936036,MoPR_LGD_and_ISRO_Bhuvan,LGD_2026_Bhuvan_2024,3502,MATCHED_AUTHORITATIVE_BOUNDARY
3503,Rairangpur,Mayurbhanj,Odisha,22.324376,86.232856,MoPR_LGD_and_ISRO_Bhuvan,LGD_2026_Bhuvan_2024,3503,MATCHED_AUTHORITATIVE_BOUNDARY
3504,Raruan,Mayurbhanj,Odisha,22.002059,85.732385,MoPR_LGD_and_ISRO_Bhuvan,LGD_2026_Bhuvan_2024,3504,MATCHED_AUTHORITATIVE_BOUNDARY
3505,Rasgovindpur,Mayurbhanj,Odisha,21.779891,87.059863,MoPR_LGD_and_ISRO_Bhuvan,LGD_2026_Bhuvan_2024,3505,MATCHED_AUTHORITATIVE_BOUNDARY
3506,Samakhunta,Mayurbhanj,Odisha,21.847269,86.506007,MoPR_LGD_and_ISRO_Bhuvan,LGD_2026_Bhuvan_2024,3506,MATCHED_AUTHORITATIVE_BOUNDARY
3507,Saraskana,Mayurbhanj,Odisha,22.235718,86.574806,MoPR_LGD_and_ISRO_Bhuvan,LGD_2026_Bhuvan_2024,3507,MATCHED_AUTHORITATIVE_BOUNDARY
3508,Sukruli,Mayurbhanj,Odisha,21.904723,85.888236,MoPR_LGD_and_ISRO_Bhuvan,LGD_2026_Bhuvan_2024,3508,MATCHED_AUTHORITATIVE_BOUNDARY
3509,Suliapada,Mayurbhanj,Odisha,22.02042,86.907208,MoPR_LGD_and_ISRO_Bhuvan,LGD_2026_Bhuvan_2024,3509,MATCHED_AUTHORITATIVE_BOUNDARY
3510,Thakurmunda,Mayurbhanj,Odisha,21.52168,86.199722,MoPR_LGD_and_ISRO_Bhuvan,LGD_2026_Bhuvan_2024,3510,MATCHED_AUTHORITATIVE_BOUNDARY
3511,Tiring,Mayurbhanj,Odisha,22.477288,86.0402,MoPR_LGD_and_ISRO_Bhuvan,LGD_2026_Bhuvan_2024,3511,MATCHED_AUTHORITATIVE_BOUNDARY
3512,Udala,Mayurbhanj,Odisha,21.578632,86.579477,MoPR_LGD_and_ISRO_Bhuvan,LGD_2026_Bhuvan_2024,3512,MATCHED_AUTHORITATIVE_BOUNDARY
3513,Chandahandi,Nabarangpur,Odisha,19.838474,82.490186,MoPR_LGD_and_ISRO_Bhuvan,LGD_2026_Bhuvan_2024,3513,MATCHED_AUTHORITATIVE_BOUNDARY
3514,Dabugam,Nabarangpur,Odisha,19.47371,82.371525,MoPR_LGD_and_ISRO_Bhuvan,LGD_2026_Bhuvan_2024,3514,MATCHED_AUTHORITATIVE_BOUNDARY
3515,Jharigam,Nabarangpur,Odisha,19.673369,82.399739,MoPR_LGD_and_ISRO_Bhuvan,LGD_2026_Bhuvan_2024,3515,MATCHED_AUTHORITATIVE_BOUNDARY
3516,Kosagumuda,Nabarangpur,Odisha,19.283258,82.263104,MoPR_LGD_and_ISRO_Bhuvan,LGD_2026_Bhuvan_2024,3516,MATCHED_AUTHORITATIVE_BOUNDARY
3517,Nabarangpur,Nabarangpur,Odisha,19.255909,82.4923,MoPR_LGD_and_ISRO_Bhuvan,LGD_2026_Bhuvan_2024,3517,MATCHED_AUTHORITATIVE_BOUNDARY
3518,Nandahandi,Nabarangpur,Odisha,19.220731,82.672004,MoPR_LGD_and_ISRO_Bhuvan,LGD_2026_Bhuvan_2024,3518,MATCHED_AUTHORITATIVE_BOUNDARY
3519,Papadahandi,Nabarangpur,Odisha,19.429892,82.576084,MoPR_LGD_and_ISRO_Bhuvan,LGD_2026_Bhuvan_2024,3519,MATCHED_AUTHORITATIVE_BOUNDARY
3520,Raighar,Nabarangpur,Odisha,19.94295,82.028333,MoPR_LGD_and_ISRO_Bhuvan,LGD_2026_Bhuvan_2024,3520,MATCHED_AUTHORITATIVE_BOUNDARY
3521,Tentulikhunti,Nabarangpur,Odisha,19.302693,82.725105,MoPR_LGD_and_ISRO_Bhuvan,LGD_2026_Bhuvan_2024,3521,MATCHED_AUTHORITATIVE_BOUNDARY
3522,Umerkote,Nabarangpur,Odisha,19.701196,82.17727,MoPR_LGD_and_ISRO_Bhuvan,LGD_2026_Bhuvan_2024,3522,MATCHED_AUTHORITATIVE_BOUNDARY
3523,Bhapur,Nayagada,Odisha,20.295467,85.270409,MoPR_LGD_and_ISRO_Bhuvan,LGD_2026_Bhuvan_2024,3523,MATCHED_AUTHORITATIVE_BOUNDARY
3524,Dasapalla,Nayagada,Odisha,20.333532,84.728839,MoPR_LGD_and_ISRO_Bhuvan,LGD_2026_Bhuvan_2024,3524,MATCHED_AUTHORITATIVE_BOUNDARY
3525,Gania,Nayagada,Odisha,20.460376,84.866231,MoPR_LGD_and_ISRO_Bhuvan,LGD_2026_Bhuvan_2024,3525,MATCHED_AUTHORITATIVE_BOUNDARY
3526,Khandapara,Nayagada,Odisha,20.304932,85.117532,MoPR_LGD_and_ISRO_Bhuvan,LGD_2026_Bhuvan_2024,3526,MATCHED_AUTHORITATIVE_BOUNDARY
3527,Nayagarh,Nayagada,Odisha,20.12159,85.109602,MoPR_LGD_and_ISRO_Bhuvan,LGD_2026_Bhuvan_2024,3527,MATCHED_AUTHORITATIVE_BOUNDARY
3528,Nuagaon,Nayagada,Odisha,20.188178,84.943337,MoPR_LGD_and_ISRO_Bhuvan,LGD_2026_Bhuvan_2024,3528,MATCHED_AUTHORITATIVE_BOUNDARY
3529,Odagaon,Nayagada,Odisha,19.996227,85.026023,MoPR_LGD_and_ISRO_Bhuvan,LGD_2026_Bhuvan_2024,3529,MATCHED_AUTHORITATIVE_BOUNDARY
3530,Ranapur,Nayagada,Odisha,20.02377,85.297337,MoPR_LGD_and_ISRO_Bhuvan,LGD_2026_Bhuvan_2024,3530,MATCHED_AUTHORITATIVE_BOUNDARY
3531,Boden,Nuapada,Odisha,20.287246,82.557218,MoPR_LGD_and_ISRO_Bhuvan,LGD_2026_Bhuvan_2024,3531,MATCHED_AUTHORITATIVE_BOUNDARY
3532,Khariar,Nuapada,Odisha,20.265425,82.75007,MoPR_LGD_and_ISRO_Bhuvan,LGD_2026_Bhuvan_2024,3532,MATCHED_AUTHORITATIVE_BOUNDARY
3533,Komna,Nuapada,Odisha,20.568188,82.557389,MoPR_LGD_and_ISRO_Bhuvan,LGD_2026_Bhuvan_2024,3533,MATCHED_AUTHORITATIVE_BOUNDARY
3534,Nuapada,Nuapada,Odisha,20.834857,82.533308,MoPR_LGD_and_ISRO_Bhuvan,LGD_2026_Bhuvan_2024,3534,MATCHED_AUTHORITATIVE_BOUNDARY
3535,Sinapali,Nuapada,Odisha,20.0989,82.583634,MoPR_LGD_and_ISRO_Bhuvan,LGD_2026_Bhuvan_2024,3535,MATCHED_AUTHORITATIVE_BOUNDARY
3536,Astaranga,Puri,Odisha,19.974331,86.279936,MoPR_LGD_and_ISRO_Bhuvan,LGD_2026_Bhuvan_2024,3536,MATCHED_AUTHORITATIVE_BOUNDARY
3537,Brahmagiri,Puri,Odisha,19.768928,85.639511,MoPR_LGD_and_ISRO_Bhuvan,LGD_2026_Bhuvan_2024,3537,MATCHED_AUTHORITATIVE_BOUNDARY
3538,Delanga,Puri,Odisha,20.057556,85.736741,MoPR_LGD_and_ISRO_Bhuvan,LGD_2026_Bhuvan_2024,3538,MATCHED_AUTHORITATIVE_BOUNDARY
3539,Gop,Puri,Odisha,19.941464,86.044041,MoPR_LGD_and_ISRO_Bhuvan,LGD_2026_Bhuvan_2024,3539,MATCHED_AUTHORITATIVE_BOUNDARY
3540,Kakat Pur,Puri,Odisha,19.94975,86.191408,MoPR_LGD_and_ISRO_Bhuvan,LGD_2026_Bhuvan_2024,3540,MATCHED_AUTHORITATIVE_BOUNDARY
3541,Kanas,Puri,Odisha,19.973062,85.628221,MoPR_LGD_and_ISRO_Bhuvan,LGD_2026_Bhuvan_2024,3541,MATCHED_AUTHORITATIVE_BOUNDARY
3542,Krushnaprasad,Puri,Odisha,19.709677,85.367647,MoPR_LGD_and_ISRO_Bhuvan,LGD_2026_Bhuvan_2024,3542,MATCHED_AUTHORITATIVE_BOUNDARY
3543,Nimapada,Puri,Odisha,20.051314,85.984966,MoPR_LGD_and_ISRO_Bhuvan,LGD_2026_Bhuvan_2024,3543,MATCHED_AUTHORITATIVE_BOUNDARY
3544,Pipili,Puri,Odisha,20.089559,85.833628,MoPR_LGD_and_ISRO_Bhuvan,LGD_2026_Bhuvan_2024,3544,MATCHED_AUTHORITATIVE_BOUNDARY
3545,Sadar,Puri,Odisha,19.872867,85.817704,MoPR_LGD_and_ISRO_Bhuvan,LGD_2026_Bhuvan_2024,3545,MATCHED_AUTHORITATIVE_BOUNDARY
3546,Satyabadi,Puri,Odisha,19.949775,85.805056,MoPR_LGD_and_ISRO_Bhuvan,LGD_2026_Bhuvan_2024,3546,MATCHED_AUTHORITATIVE_BOUNDARY
3547,Bissamcuttack,Rayagada,Odisha,19.481019,83.519892,MoPR_LGD_and_ISRO_Bhuvan,LGD_2026_Bhuvan_2024,3547,MATCHED_AUTHORITATIVE_BOUNDARY
3548,Chandrapur,Rayagada,Odisha,19.579969,83.766174,MoPR_LGD_and_ISRO_Bhuvan,LGD_2026_Bhuvan_2024,3548,MATCHED_AUTHORITATIVE_BOUNDARY
3549,Gudari,Rayagada,Odisha,19.402861,83.779725,MoPR_LGD_and_ISRO_Bhuvan,LGD_2026_Bhuvan_2024,3549,MATCHED_AUTHORITATIVE_BOUNDARY
3550,Gunupur,Rayagada,Odisha,19.098224,83.875275,MoPR_LGD_and_ISRO_Bhuvan,LGD_2026_Bhuvan_2024,3550,MATCHED_AUTHORITATIVE_BOUNDARY
3551,Kalyansingpur,Rayagada,Odisha,19.441965,83.321832,MoPR_LGD_and_ISRO_Bhuvan,LGD_2026_Bhuvan_2024,3551,MATCHED_AUTHORITATIVE_BOUNDARY
3552,Kasipur,Rayagada,Odisha,19.302808,83.083361,MoPR_LGD_and_ISRO_Bhuvan,LGD_2026_Bhuvan_2024,3552,MATCHED_AUTHORITATIVE_BOUNDARY
3553,Kolnara,Rayagada,Odisha,19.254937,83.514921,MoPR_LGD_and_ISRO_Bhuvan,LGD_2026_Bhuvan_2024,3553,MATCHED_AUTHORITATIVE_BOUNDARY
3554,Muniguda,Rayagada,Odisha,19.778619,83.526514,MoPR_LGD_and_ISRO_Bhuvan,LGD_2026_Bhuvan_2024,3554,MATCHED_AUTHORITATIVE_BOUNDARY
3555,Padmapur,Rayagada,Odisha,19.290911,83.882483,MoPR_LGD_and_ISRO_Bhuvan,LGD_2026_Bhuvan_2024,3555,MATCHED_AUTHORITATIVE_BOUNDARY
3556,Ramanaguda,Rayagada,Odisha,19.192729,83.702681,MoPR_LGD_and_ISRO_Bhuvan,LGD_2026_Bhuvan_2024,3556,MATCHED_AUTHORITATIVE_BOUNDARY
3557,Rayagada,Rayagada,Odisha,19.129416,83.378896,MoPR_LGD_and_ISRO_Bhuvan,LGD_2026_Bhuvan_2024,3557,MATCHED_AUTHORITATIVE_BOUNDARY
3558,Bamra,Sambalpur,Odisha,22.00947,84.420224,MoPR_LGD_and_ISRO_Bhuvan,LGD_2026_Bhuvan_2024,3558,MATCHED_AUTHORITATIVE_BOUNDARY
3559,Dhankauda,Sambalpur,Odisha,21.488706,83.940778,MoPR_LGD_and_ISRO_Bhuvan,LGD_2026_Bhuvan_2024,3559,MATCHED_AUTHORITATIVE_BOUNDARY
3560,Jamankira,Sambalpur,Odisha,21.554521,84.328068,MoPR_LGD_and_ISRO_Bhuvan,LGD_2026_Bhuvan_2024,3560,MATCHED_AUTHORITATIVE_BOUNDARY
3561,Jujomura,Sambalpur,Odisha,21.321675,84.132621,MoPR_LGD_and_ISRO_Bhuvan,LGD_2026_Bhuvan_2024,3561,MATCHED_AUTHORITATIVE_BOUNDARY
3562,Kuchinda,Sambalpur,Odisha,21.759434,84.437834,MoPR_LGD_and_ISRO_Bhuvan,LGD_2026_Bhuvan_2024,3562,MATCHED_AUTHORITATIVE_BOUNDARY
3563,Maneswar,Sambalpur,Odisha,21.350762,84.008569,MoPR_LGD_and_ISRO_Bhuvan,LGD_2026_Bhuvan_2024,3563,MATCHED_AUTHORITATIVE_BOUNDARY
3564,Naktideul,Sambalpur,Odisha,21.229783,84.511763,MoPR_LGD_and_ISRO_Bhuvan,LGD_2026_Bhuvan_2024,3564,MATCHED_AUTHORITATIVE_BOUNDARY
3565,Rairakhol,Sambalpur,Odisha,21.094278,84.238989,MoPR_LGD_and_ISRO_Bhuvan,LGD_2026_Bhuvan_2024,3565,MATCHED_AUTHORITATIVE_BOUNDARY
3566,Rengali,Sambalpur,Odisha,21.679549,84.092069,MoPR_LGD_and_ISRO_Bhuvan,LGD_2026_Bhuvan_2024,3566,MATCHED_AUTHORITATIVE_BOUNDARY
3567,Binika,Subarnapur,Odisha,21.019247,83.753251,MoPR_LGD_and_ISRO_Bhuvan,LGD_2026_Bhuvan_2024,3567,MATCHED_AUTHORITATIVE_BOUNDARY
3568,Birmaharajpur,Subarnapur,Odisha,20.937357,84.102032,MoPR_LGD_and_ISRO_Bhuvan,LGD_2026_Bhuvan_2024,3568,MATCHED_AUTHORITATIVE_BOUNDARY
3569,Dunguripali,Subarnapur,Odisha,21.046103,83.591487,MoPR_LGD_and_ISRO_Bhuvan,LGD_2026_Bhuvan_2024,3569,MATCHED_AUTHORITATIVE_BOUNDARY
3570,Sonepur,Subarnapur,Odisha,20.862835,83.737553,MoPR_LGD_and_ISRO_Bhuvan,LGD_2026_Bhuvan_2024,3570,MATCHED_AUTHORITATIVE_BOUNDARY
3571,Tarbha,Subarnapur,Odisha,20.689026,83.667961,MoPR_LGD_and_ISRO_Bhuvan,LGD_2026_Bhuvan_2024,3571,MATCHED_AUTHORITATIVE_BOUNDARY
3572,Ullunda,Subarnapur,Odisha,20.996112,83.919685,MoPR_LGD_and_ISRO_Bhuvan,LGD_2026_Bhuvan_2024,3572,MATCHED_AUTHORITATIVE_BOUNDARY
3573,Balisankara,Sundaragada,Odisha,22.330615,84.011258,MoPR_LGD_and_ISRO_Bhuvan,LGD_2026_Bhuvan_2024,3573,MATCHED_AUTHORITATIVE_BOUNDARY
3574,Bargaon,Sundaragada,Odisha,22.212166,84.26421,MoPR_LGD_and_ISRO_Bhuvan,LGD_2026_Bhuvan_2024,3574,MATCHED_AUTHORITATIVE_BOUNDARY
3575,Bisra,Sundaragada,Odisha,22.246395,84.963346,MoPR_LGD_and_ISRO_Bhuvan,LGD_2026_Bhuvan_2024,3575,MATCHED_AUTHORITATIVE_BOUNDARY
3576,Bonaigarh,Sundaragada,Odisha,21.727979,84.864696,MoPR_LGD_and_ISRO_Bhuvan,LGD_2026_Bhuvan_2024,3576,MATCHED_AUTHORITATIVE_BOUNDARY
3577,Gurundia,Sundaragada,Odisha,21.923668,84.724962,MoPR_LGD_and_ISRO_Bhuvan,LGD_2026_Bhuvan_2024,3577,MATCHED_AUTHORITATIVE_BOUNDARY
3578,Hemgir,Sundaragada,Odisha,21.968102,83.699592,MoPR_LGD_and_ISRO_Bhuvan,LGD_2026_Bhuvan_2024,3578,MATCHED_AUTHORITATIVE_BOUNDARY
3579,Koida,Sundaragada,Odisha,21.954798,85.154431,MoPR_LGD_and_ISRO_Bhuvan,LGD_2026_Bhuvan_2024,3579,MATCHED_AUTHORITATIVE_BOUNDARY
3580,Kuarmunda,Sundaragada,Odisha,22.340354,84.69017,MoPR_LGD_and_ISRO_Bhuvan,LGD_2026_Bhuvan_2024,3580,MATCHED_AUTHORITATIVE_BOUNDARY
3581,Kutra,Sundaragada,Odisha,22.26892,84.433928,MoPR_LGD_and_ISRO_Bhuvan,LGD_2026_Bhuvan_2024,3581,MATCHED_AUTHORITATIVE_BOUNDARY
3582,Lahunipara,Sundaragada,Odisha,21.797043,85.047545,MoPR_LGD_and_ISRO_Bhuvan,LGD_2026_Bhuvan_2024,3582,MATCHED_AUTHORITATIVE_BOUNDARY
3583,Lathikata,Sundaragada,Odisha,22.12913,84.828106,MoPR_LGD_and_ISRO_Bhuvan,LGD_2026_Bhuvan_2024,3583,MATCHED_AUTHORITATIVE_BOUNDARY
3584,Lephripara,Sundaragada,Odisha,22.11774,83.795363,MoPR_LGD_and_ISRO_Bhuvan,LGD_2026_Bhuvan_2024,3584,MATCHED_AUTHORITATIVE_BOUNDARY
3585,Nuagaon,Sundaragada,Odisha,22.385902,84.943534,MoPR_LGD_and_ISRO_Bhuvan,LGD_2026_Bhuvan_2024,3585,MATCHED_AUTHORITATIVE_BOUNDARY
3586,Rajgangpur,Sundaragada,Odisha,22.164039,84.605756,MoPR_LGD_and_ISRO_Bhuvan,LGD_2026_Bhuvan_2024,3586,MATCHED_AUTHORITATIVE_BOUNDARY
3587,Subdega,Sundaragada,Odisha,22.23679,84.099944,MoPR_LGD_and_ISRO_Bhuvan,LGD_2026_Bhuvan_2024,3587,MATCHED_AUTHORITATIVE_BOUNDARY
3588,Sundargarh,Sundaragada,Odisha,22.045856,84.125954,MoPR_LGD_and_ISRO_Bhuvan,LGD_2026_Bhuvan_2024,3588,MATCHED_AUTHORITATIVE_BOUNDARY
3589,Tangarpali,Sundaragada,Odisha,22.099773,83.96092,MoPR_LGD_and_ISRO_Bhuvan,LGD_2026_Bhuvan_2024,3589,MATCHED_AUTHORITATIVE_BOUNDARY
6486,Karaikal,Karaikal,Puducherry,10.933424,79.802948,MoPR_LGD_and_ISRO_Bhuvan,LGD_2026_Bhuvan_2024,6486,MATCHED_AUTHORITATIVE_BOUNDARY
6488,Ariankuppam,Puducherry,Puducherry,11.809753,79.768103,MoPR_LGD_and_ISRO_Bhuvan,LGD_2026_Bhuvan_2024,6488,MATCHED_AUTHORITATIVE_BOUNDARY
6489,Ozhukarai,Puducherry,Puducherry,11.974539,79.816995,MoPR_LGD_and_ISRO_Bhuvan,LGD_2026_Bhuvan_2024,6489,MATCHED_AUTHORITATIVE_BOUNDARY
6490,Villianur,Puducherry,Puducherry,11.951059,79.697988,MoPR_LGD_and_ISRO_Bhuvan,LGD_2026_Bhuvan_2024,6490,MATCHED_AUTHORITATIVE_BOUNDARY
210,Ajnala,Amritsar,Punjab,31.900421,74.817707,MoPR_LGD_and_ISRO_Bhuvan,LGD_2026_Bhuvan_2024,210,MATCHED_AUTHORITATIVE_BOUNDARY
6621,Attari,Amritsar,Punjab,31.583648,74.640579,MoPR_LGD_and_ISRO_Bhuvan,LGD_2026_Bhuvan_2024,6621,MATCHED_AUTHORITATIVE_BOUNDARY
212,Chogawan,Amritsar,Punjab,31.731633,74.626264,MoPR_LGD_and_ISRO_Bhuvan,LGD_2026_Bhuvan_2024,212,MATCHED_AUTHORITATIVE_BOUNDARY
215,Harshe Chhina,Amritsar,Punjab,31.760868,74.783391,MoPR_LGD_and_ISRO_Bhuvan,LGD_2026_Bhuvan_2024,215,MATCHED_AUTHORITATIVE_BOUNDARY
216,Jandiala Guru,Amritsar,Punjab,31.577669,75.010161,MoPR_LGD_and_ISRO_Bhuvan,LGD_2026_Bhuvan_2024,216,MATCHED_AUTHORITATIVE_BOUNDARY
218,Majitha-1,Amritsar,Punjab,31.752796,75.009454,MoPR_LGD_and_ISRO_Bhuvan,LGD_2026_Bhuvan_2024,218,MATCHED_AUTHORITATIVE_BOUNDARY
7607,Majitha-2,Amritsar,Punjab,,,MoPR_LGD_and_ISRO_Bhuvan,LGD_2026_Bhuvan_2024,7607,PENDING_OFFICIAL_BOUNDARY_MATCH
7562,Ramdas,Amritsar,Punjab,,,MoPR_LGD_and_ISRO_Bhuvan,LGD_2026_Bhuvan_2024,7562,PENDING_OFFICIAL_BOUNDARY_MATCH
221,Rayya,Amritsar,Punjab,31.580617,75.263881,MoPR_LGD_and_ISRO_Bhuvan,LGD_2026_Bhuvan_2024,221,MATCHED_AUTHORITATIVE_BOUNDARY
223,Tarsikka,Amritsar,Punjab,31.650083,75.144215,MoPR_LGD_and_ISRO_Bhuvan,LGD_2026_Bhuvan_2024,223,MATCHED_AUTHORITATIVE_BOUNDARY
225,Verka,Amritsar,Punjab,31.637219,74.85367,MoPR_LGD_and_ISRO_Bhuvan,LGD_2026_Bhuvan_2024,225,MATCHED_AUTHORITATIVE_BOUNDARY
341,Barnala,Barnala,Punjab,30.312944,75.550945,MoPR_LGD_and_ISRO_Bhuvan,LGD_2026_Bhuvan_2024,341,MATCHED_AUTHORITATIVE_BOUNDARY
346,Mehal Kalan,Barnala,Punjab,30.524288,75.542162,MoPR_LGD_and_ISRO_Bhuvan,LGD_2026_Bhuvan_2024,346,MATCHED_AUTHORITATIVE_BOUNDARY
348,Sehna,Barnala,Punjab,30.411436,75.380127,MoPR_LGD_and_ISRO_Bhuvan,LGD_2026_Bhuvan_2024,348,MATCHED_AUTHORITATIVE_BOUNDARY
226,Bathinda,Bathinda,Punjab,30.189975,74.876362,MoPR_LGD_and_ISRO_Bhuvan,LGD_2026_Bhuvan_2024,226,MATCHED_AUTHORITATIVE_BOUNDARY
227,Bhagta Bhaika,Bathinda,Punjab,30.482566,75.117806,MoPR_LGD_and_ISRO_Bhuvan,LGD_2026_Bhuvan_2024,227,MATCHED_AUTHORITATIVE_BOUNDARY
7333,Goniana,Bathinda,Punjab,30.326385,74.894596,MoPR_LGD_and_ISRO_Bhuvan,LGD_2026_Bhuvan_2024,7333,MATCHED_AUTHORITATIVE_BOUNDARY
228,Maur,Bathinda,Punjab,30.07163,75.184717,MoPR_LGD_and_ISRO_Bhuvan,LGD_2026_Bhuvan_2024,228,MATCHED_AUTHORITATIVE_BOUNDARY
229,Nathana,Bathinda,Punjab,30.259819,75.078457,MoPR_LGD_and_ISRO_Bhuvan,LGD_2026_Bhuvan_2024,229,MATCHED_AUTHORITATIVE_BOUNDARY
230,Phul,Bathinda,Punjab,30.378433,75.223897,MoPR_LGD_and_ISRO_Bhuvan,LGD_2026_Bhuvan_2024,230,MATCHED_AUTHORITATIVE_BOUNDARY
231,Rampura,Bathinda,Punjab,30.204374,75.265604,MoPR_LGD_and_ISRO_Bhuvan,LGD_2026_Bhuvan_2024,231,MATCHED_AUTHORITATIVE_BOUNDARY
232,Sangat,Bathinda,Punjab,30.07097,74.797652,MoPR_LGD_and_ISRO_Bhuvan,LGD_2026_Bhuvan_2024,232,MATCHED_AUTHORITATIVE_BOUNDARY
233,Talwandi Sabo,Bathinda,Punjab,29.95559,75.055365,MoPR_LGD_and_ISRO_Bhuvan,LGD_2026_Bhuvan_2024,233,MATCHED_AUTHORITATIVE_BOUNDARY
234,Faridkot,Faridkot,Punjab,30.716448,74.686741,MoPR_LGD_and_ISRO_Bhuvan,LGD_2026_Bhuvan_2024,234,MATCHED_AUTHORITATIVE_BOUNDARY
7091,Jaitu,Faridkot,Punjab,30.456457,74.900683,MoPR_LGD_and_ISRO_Bhuvan,LGD_2026_Bhuvan_2024,7091,MATCHED_AUTHORITATIVE_BOUNDARY
235,Kot Kapura,Faridkot,Punjab,30.582716,74.82258,MoPR_LGD_and_ISRO_Bhuvan,LGD_2026_Bhuvan_2024,235,MATCHED_AUTHORITATIVE_BOUNDARY
236,Amloh,Fatehgarh Sahib,Punjab,30.614051,76.2155,MoPR_LGD_and_ISRO_Bhuvan,LGD_2026_Bhuvan_2024,236,MATCHED_AUTHORITATIVE_BOUNDARY
237,Bassi Pathana,Fatehgarh Sahib,Punjab,30.692193,76.429905,MoPR_LGD_and_ISRO_Bhuvan,LGD_2026_Bhuvan_2024,237,MATCHED_AUTHORITATIVE_BOUNDARY
238,Khamano,Fatehgarh Sahib,Punjab,30.793165,76.351251,MoPR_LGD_and_ISRO_Bhuvan,LGD_2026_Bhuvan_2024,238,MATCHED_AUTHORITATIVE_BOUNDARY
239,Khera,Fatehgarh Sahib,Punjab,30.620547,76.519379,MoPR_LGD_and_ISRO_Bhuvan,LGD_2026_Bhuvan_2024,239,MATCHED_AUTHORITATIVE_BOUNDARY
240,Sirhind,Fatehgarh Sahib,Punjab,30.543766,76.390779,MoPR_LGD_and_ISRO_Bhuvan,LGD_2026_Bhuvan_2024,240,MATCHED_AUTHORITATIVE_BOUNDARY
241,Abohar,Fazilka,Punjab,30.091762,74.247734,MoPR_LGD_and_ISRO_Bhuvan,LGD_2026_Bhuvan_2024,241,MATCHED_AUTHORITATIVE_BOUNDARY
6735,Arniwala Shiekh Subhan,Fazilka,Punjab,30.391984,74.216169,MoPR_LGD_and_ISRO_Bhuvan,LGD_2026_Bhuvan_2024,6735,MATCHED_AUTHORITATIVE_BOUNDARY
242,Fazilka,Fazilka,Punjab,30.402836,74.030469,MoPR_LGD_and_ISRO_Bhuvan,LGD_2026_Bhuvan_2024,242,MATCHED_AUTHORITATIVE_BOUNDARY
246,Jalalabad,Fazilka,Punjab,30.562922,74.241839,MoPR_LGD_and_ISRO_Bhuvan,LGD_2026_Bhuvan_2024,246,MATCHED_AUTHORITATIVE_BOUNDARY
247,Khuian Sarwar,Fazilka,Punjab,30.157128,74.043618,MoPR_LGD_and_ISRO_Bhuvan,LGD_2026_Bhuvan_2024,247,MATCHED_AUTHORITATIVE_BOUNDARY
243,Firozpur,Ferozepur,Punjab,30.969707,74.63206,MoPR_LGD_and_ISRO_Bhuvan,LGD_2026_Bhuvan_2024,243,MATCHED_AUTHORITATIVE_BOUNDARY
244,Ghall Khurd,Ferozepur,Punjab,30.880832,74.785743,MoPR_LGD_and_ISRO_Bhuvan,LGD_2026_Bhuvan_2024,244,MATCHED_AUTHORITATIVE_BOUNDARY
245,Guru Har Sahai,Ferozepur,Punjab,30.699014,74.372545,MoPR_LGD_and_ISRO_Bhuvan,LGD_2026_Bhuvan_2024,245,MATCHED_AUTHORITATIVE_BOUNDARY
248,Makhu,Ferozepur,Punjab,31.094473,74.96139,MoPR_LGD_and_ISRO_Bhuvan,LGD_2026_Bhuvan_2024,248,MATCHED_AUTHORITATIVE_BOUNDARY
249,Mamdot,Ferozepur,Punjab,30.84669,74.4373,MoPR_LGD_and_ISRO_Bhuvan,LGD_2026_Bhuvan_2024,249,MATCHED_AUTHORITATIVE_BOUNDARY
250,Zira,Ferozepur,Punjab,30.973453,74.947101,MoPR_LGD_and_ISRO_Bhuvan,LGD_2026_Bhuvan_2024,250,MATCHED_AUTHORITATIVE_BOUNDARY
252,Batala,Gurdaspur,Punjab,31.806906,75.202942,MoPR_LGD_and_ISRO_Bhuvan,LGD_2026_Bhuvan_2024,252,MATCHED_AUTHORITATIVE_BOUNDARY
253,Dera Baba Nanak,Gurdaspur,Punjab,31.982213,75.040949,MoPR_LGD_and_ISRO_Bhuvan,LGD_2026_Bhuvan_2024,253,MATCHED_AUTHORITATIVE_BOUNDARY
254,Dhariwal,Gurdaspur,Punjab,31.929268,75.297468,MoPR_LGD_and_ISRO_Bhuvan,LGD_2026_Bhuvan_2024,254,MATCHED_AUTHORITATIVE_BOUNDARY
256,Dinanagar,Gurdaspur,Punjab,32.121647,75.465843,MoPR_LGD_and_ISRO_Bhuvan,LGD_2026_Bhuvan_2024,256,MATCHED_AUTHORITATIVE_BOUNDARY
257,Dorangla,Gurdaspur,Punjab,32.119263,75.318601,MoPR_LGD_and_ISRO_Bhuvan,LGD_2026_Bhuvan_2024,257,MATCHED_AUTHORITATIVE_BOUNDARY
258,Fatehgarh Churian,Gurdaspur,Punjab,31.868751,75.028832,MoPR_LGD_and_ISRO_Bhuvan,LGD_2026_Bhuvan_2024,258,MATCHED_AUTHORITATIVE_BOUNDARY
259,Gurdaspur,Gurdaspur,Punjab,32.03149,75.412386,MoPR_LGD_and_ISRO_Bhuvan,LGD_2026_Bhuvan_2024,259,MATCHED_AUTHORITATIVE_BOUNDARY
260,Kahnuwan,Gurdaspur,Punjab,31.879729,75.466726,MoPR_LGD_and_ISRO_Bhuvan,LGD_2026_Bhuvan_2024,260,MATCHED_AUTHORITATIVE_BOUNDARY
261,Kalanaur,Gurdaspur,Punjab,32.025002,75.195761,MoPR_LGD_and_ISRO_Bhuvan,LGD_2026_Bhuvan_2024,261,MATCHED_AUTHORITATIVE_BOUNDARY
264,Qadian,Gurdaspur,Punjab,31.785408,75.379683,MoPR_LGD_and_ISRO_Bhuvan,LGD_2026_Bhuvan_2024,264,MATCHED_AUTHORITATIVE_BOUNDARY
265,Sri Hargobindpur,Gurdaspur,Punjab,31.692633,75.397162,MoPR_LGD_and_ISRO_Bhuvan,LGD_2026_Bhuvan_2024,265,MATCHED_AUTHORITATIVE_BOUNDARY
267,Bhunga,Hoshiarpur,Punjab,31.714538,75.84519,MoPR_LGD_and_ISRO_Bhuvan,LGD_2026_Bhuvan_2024,267,MATCHED_AUTHORITATIVE_BOUNDARY
268,Dasuya,Hoshiarpur,Punjab,31.825226,75.677934,MoPR_LGD_and_ISRO_Bhuvan,LGD_2026_Bhuvan_2024,268,MATCHED_AUTHORITATIVE_BOUNDARY
269,Garhshankar,Hoshiarpur,Punjab,31.247496,76.153152,MoPR_LGD_and_ISRO_Bhuvan,LGD_2026_Bhuvan_2024,269,MATCHED_AUTHORITATIVE_BOUNDARY
270,Hajipur,Hoshiarpur,Punjab,31.965491,75.718064,MoPR_LGD_and_ISRO_Bhuvan,LGD_2026_Bhuvan_2024,270,MATCHED_AUTHORITATIVE_BOUNDARY
271,Hoshiarpur-I,Hoshiarpur,Punjab,31.551442,75.836864,MoPR_LGD_and_ISRO_Bhuvan,LGD_2026_Bhuvan_2024,271,MATCHED_AUTHORITATIVE_BOUNDARY
272,Hoshiarpur-Ii,Hoshiarpur,Punjab,31.485228,75.949055,MoPR_LGD_and_ISRO_Bhuvan,LGD_2026_Bhuvan_2024,272,MATCHED_AUTHORITATIVE_BOUNDARY
273,Mahilpur,Hoshiarpur,Punjab,31.371838,76.036836,MoPR_LGD_and_ISRO_Bhuvan,LGD_2026_Bhuvan_2024,273,MATCHED_AUTHORITATIVE_BOUNDARY
274,Mukerian,Hoshiarpur,Punjab,31.980332,75.610884,MoPR_LGD_and_ISRO_Bhuvan,LGD_2026_Bhuvan_2024,274,MATCHED_AUTHORITATIVE_BOUNDARY
275,Talwara,Hoshiarpur,Punjab,31.89684,75.865558,MoPR_LGD_and_ISRO_Bhuvan,LGD_2026_Bhuvan_2024,275,MATCHED_AUTHORITATIVE_BOUNDARY
276,Tanda,Hoshiarpur,Punjab,31.671021,75.616272,MoPR_LGD_and_ISRO_Bhuvan,LGD_2026_Bhuvan_2024,276,MATCHED_AUTHORITATIVE_BOUNDARY
277,Adampur,Jalandhar,Punjab,31.414776,75.710143,MoPR_LGD_and_ISRO_Bhuvan,LGD_2026_Bhuvan_2024,277,MATCHED_AUTHORITATIVE_BOUNDARY
278,Bhogpur,Jalandhar,Punjab,31.523706,75.649485,MoPR_LGD_and_ISRO_Bhuvan,LGD_2026_Bhuvan_2024,278,MATCHED_AUTHORITATIVE_BOUNDARY
280,Jalandhar-East,Jalandhar,Punjab,31.295152,75.611944,MoPR_LGD_and_ISRO_Bhuvan,LGD_2026_Bhuvan_2024,280,MATCHED_AUTHORITATIVE_BOUNDARY
279,Jalandhar - West,Jalandhar,Punjab,31.398335,75.519812,MoPR_LGD_and_ISRO_Bhuvan,LGD_2026_Bhuvan_2024,279,MATCHED_AUTHORITATIVE_BOUNDARY
281,Lohian,Jalandhar,Punjab,31.125818,75.24093,MoPR_LGD_and_ISRO_Bhuvan,LGD_2026_Bhuvan_2024,281,MATCHED_AUTHORITATIVE_BOUNDARY
6906,Mehatpur,Jalandhar,Punjab,31.043088,75.471391,MoPR_LGD_and_ISRO_Bhuvan,LGD_2026_Bhuvan_2024,6906,MATCHED_AUTHORITATIVE_BOUNDARY
282,Nakodar,Jalandhar,Punjab,31.169194,75.476164,MoPR_LGD_and_ISRO_Bhuvan,LGD_2026_Bhuvan_2024,282,MATCHED_AUTHORITATIVE_BOUNDARY
283,Nurmahal,Jalandhar,Punjab,31.049817,75.619324,MoPR_LGD_and_ISRO_Bhuvan,LGD_2026_Bhuvan_2024,283,MATCHED_AUTHORITATIVE_BOUNDARY
284,Phillaur,Jalandhar,Punjab,31.078821,75.838405,MoPR_LGD_and_ISRO_Bhuvan,LGD_2026_Bhuvan_2024,284,MATCHED_AUTHORITATIVE_BOUNDARY
285,Rurka Kalan,Jalandhar,Punjab,31.143492,75.6925,MoPR_LGD_and_ISRO_Bhuvan,LGD_2026_Bhuvan_2024,285,MATCHED_AUTHORITATIVE_BOUNDARY
286,Shahkot,Jalandhar,Punjab,31.065725,75.356161,MoPR_LGD_and_ISRO_Bhuvan,LGD_2026_Bhuvan_2024,286,MATCHED_AUTHORITATIVE_BOUNDARY
287,Fattu Dhinga At Dhilwan,Kapurthala,Punjab,31.458211,75.320451,MoPR_LGD_and_ISRO_Bhuvan,LGD_2026_Bhuvan_2024,287,MATCHED_AUTHORITATIVE_BOUNDARY
288,Kapurthala,Kapurthala,Punjab,31.33375,75.367815,MoPR_LGD_and_ISRO_Bhuvan,LGD_2026_Bhuvan_2024,288,MATCHED_AUTHORITATIVE_BOUNDARY
289,Nadala,Kapurthala,Punjab,31.569308,75.489561,MoPR_LGD_and_ISRO_Bhuvan,LGD_2026_Bhuvan_2024,289,MATCHED_AUTHORITATIVE_BOUNDARY
290,Phagwara,Kapurthala,Punjab,31.272243,75.777453,MoPR_LGD_and_ISRO_Bhuvan,LGD_2026_Bhuvan_2024,290,MATCHED_AUTHORITATIVE_BOUNDARY
291,Sultanpur Lodhi,Kapurthala,Punjab,31.241497,75.173337,MoPR_LGD_and_ISRO_Bhuvan,LGD_2026_Bhuvan_2024,291,MATCHED_AUTHORITATIVE_BOUNDARY
292,Dehlon,Ludhiana,Punjab,30.764691,75.886588,MoPR_LGD_and_ISRO_Bhuvan,LGD_2026_Bhuvan_2024,292,MATCHED_AUTHORITATIVE_BOUNDARY
293,Doraha,Ludhiana,Punjab,30.74918,76.022102,MoPR_LGD_and_ISRO_Bhuvan,LGD_2026_Bhuvan_2024,293,MATCHED_AUTHORITATIVE_BOUNDARY
294,Jagraon,Ludhiana,Punjab,30.790325,75.466044,MoPR_LGD_and_ISRO_Bhuvan,LGD_2026_Bhuvan_2024,294,MATCHED_AUTHORITATIVE_BOUNDARY
295,Khanna,Ludhiana,Punjab,30.681181,76.154473,MoPR_LGD_and_ISRO_Bhuvan,LGD_2026_Bhuvan_2024,295,MATCHED_AUTHORITATIVE_BOUNDARY
7625,Koom Kalan,Ludhiana,Punjab,,,MoPR_LGD_and_ISRO_Bhuvan,LGD_2026_Bhuvan_2024,7625,PENDING_OFFICIAL_BOUNDARY_MATCH
296,Ludhiana-1,Ludhiana,Punjab,30.890042,75.746086,MoPR_LGD_and_ISRO_Bhuvan,LGD_2026_Bhuvan_2024,296,MATCHED_AUTHORITATIVE_BOUNDARY
297,Ludhiana-2,Ludhiana,Punjab,30.920542,75.970145,MoPR_LGD_and_ISRO_Bhuvan,LGD_2026_Bhuvan_2024,297,MATCHED_AUTHORITATIVE_BOUNDARY
298,Machhiwara,Ludhiana,Punjab,30.915003,76.227604,MoPR_LGD_and_ISRO_Bhuvan,LGD_2026_Bhuvan_2024,298,MATCHED_AUTHORITATIVE_BOUNDARY
7085,Maloud,Ludhiana,Punjab,30.648498,75.951931,MoPR_LGD_and_ISRO_Bhuvan,LGD_2026_Bhuvan_2024,7085,MATCHED_AUTHORITATIVE_BOUNDARY
302,Mullanpur,Ludhiana,Punjab,30.915094,75.576915,MoPR_LGD_and_ISRO_Bhuvan,LGD_2026_Bhuvan_2024,302,MATCHED_AUTHORITATIVE_BOUNDARY
299,Pakhowal,Ludhiana,Punjab,30.717845,75.753337,MoPR_LGD_and_ISRO_Bhuvan,LGD_2026_Bhuvan_2024,299,MATCHED_AUTHORITATIVE_BOUNDARY
300,Raikot,Ludhiana,Punjab,30.643718,75.586073,MoPR_LGD_and_ISRO_Bhuvan,LGD_2026_Bhuvan_2024,300,MATCHED_AUTHORITATIVE_BOUNDARY
301,Samrala,Ludhiana,Punjab,30.794017,76.179522,MoPR_LGD_and_ISRO_Bhuvan,LGD_2026_Bhuvan_2024,301,MATCHED_AUTHORITATIVE_BOUNDARY
303,Sudhar,Ludhiana,Punjab,30.798879,75.6675,MoPR_LGD_and_ISRO_Bhuvan,LGD_2026_Bhuvan_2024,303,MATCHED_AUTHORITATIVE_BOUNDARY
7487,Ahmedgarh,Malerkotla,Punjab,30.618092,75.837499,MoPR_LGD_and_ISRO_Bhuvan,LGD_2026_Bhuvan_2024,7487,MATCHED_AUTHORITATIVE_BOUNDARY
345,Amargarh,Malerkotla,Punjab,30.491036,75.954951,MoPR_LGD_and_ISRO_Bhuvan,LGD_2026_Bhuvan_2024,345,MATCHED_AUTHORITATIVE_BOUNDARY
339,Malerkotla (Head Quarter),Malerkotla,Punjab,30.564121,75.769517,MoPR_LGD_and_ISRO_Bhuvan,LGD_2026_Bhuvan_2024,339,MATCHED_AUTHORITATIVE_BOUNDARY
304,Bhikhi,Mansa,Punjab,30.097572,75.492034,MoPR_LGD_and_ISRO_Bhuvan,LGD_2026_Bhuvan_2024,304,MATCHED_AUTHORITATIVE_BOUNDARY
305,Budhlada,Mansa,Punjab,29.876828,75.585032,MoPR_LGD_and_ISRO_Bhuvan,LGD_2026_Bhuvan_2024,305,MATCHED_AUTHORITATIVE_BOUNDARY
306,Jhunir,Mansa,Punjab,29.870184,75.296984,MoPR_LGD_and_ISRO_Bhuvan,LGD_2026_Bhuvan_2024,306,MATCHED_AUTHORITATIVE_BOUNDARY
307,Mansa,Mansa,Punjab,29.999272,75.378748,MoPR_LGD_and_ISRO_Bhuvan,LGD_2026_Bhuvan_2024,307,MATCHED_AUTHORITATIVE_BOUNDARY
308,Sardulgarh,Mansa,Punjab,29.696331,75.274782,MoPR_LGD_and_ISRO_Bhuvan,LGD_2026_Bhuvan_2024,308,MATCHED_AUTHORITATIVE_BOUNDARY
309,Baghapurana,Moga,Punjab,30.636386,75.050012,MoPR_LGD_and_ISRO_Bhuvan,LGD_2026_Bhuvan_2024,309,MATCHED_AUTHORITATIVE_BOUNDARY
7608,Dharmkot,Moga,Punjab,,,MoPR_LGD_and_ISRO_Bhuvan,LGD_2026_Bhuvan_2024,7608,PENDING_OFFICIAL_BOUNDARY_MATCH
310,Kot-Ise-Khan,Moga,Punjab,30.953749,75.211907,MoPR_LGD_and_ISRO_Bhuvan,LGD_2026_Bhuvan_2024,310,MATCHED_AUTHORITATIVE_BOUNDARY
312,Moga,Moga,Punjab,30.811336,75.052172,MoPR_LGD_and_ISRO_Bhuvan,LGD_2026_Bhuvan_2024,312,MATCHED_AUTHORITATIVE_BOUNDARY
311,Moga-I,Moga,Punjab,30.779641,75.263169,MoPR_LGD_and_ISRO_Bhuvan,LGD_2026_Bhuvan_2024,311,MATCHED_AUTHORITATIVE_BOUNDARY
313,Nihal Singh Wala,Moga,Punjab,30.602117,75.292256,MoPR_LGD_and_ISRO_Bhuvan,LGD_2026_Bhuvan_2024,313,MATCHED_AUTHORITATIVE_BOUNDARY
251,Bamial,Pathankot,Punjab,32.308172,75.370052,MoPR_LGD_and_ISRO_Bhuvan,LGD_2026_Bhuvan_2024,251,MATCHED_AUTHORITATIVE_BOUNDARY
255,Dharkalan,Pathankot,Punjab,32.39,75.778326,MoPR_LGD_and_ISRO_Bhuvan,LGD_2026_Bhuvan_2024,255,MATCHED_AUTHORITATIVE_BOUNDARY
6779,Gharota,Pathankot,Punjab,32.189771,75.532382,MoPR_LGD_and_ISRO_Bhuvan,LGD_2026_Bhuvan_2024,6779,MATCHED_AUTHORITATIVE_BOUNDARY
262,Narot Jaimal Singh,Pathankot,Punjab,32.247181,75.441088,MoPR_LGD_and_ISRO_Bhuvan,LGD_2026_Bhuvan_2024,262,MATCHED_AUTHORITATIVE_BOUNDARY
263,Pathankot,Pathankot,Punjab,32.216234,75.622251,MoPR_LGD_and_ISRO_Bhuvan,LGD_2026_Bhuvan_2024,263,MATCHED_AUTHORITATIVE_BOUNDARY
266,Sujanpur,Pathankot,Punjab,32.32059,75.600739,MoPR_LGD_and_ISRO_Bhuvan,LGD_2026_Bhuvan_2024,266,MATCHED_AUTHORITATIVE_BOUNDARY
323,Bhuner Heri,Patiala,Punjab,30.188456,76.526566,MoPR_LGD_and_ISRO_Bhuvan,LGD_2026_Bhuvan_2024,323,MATCHED_AUTHORITATIVE_BOUNDARY
325,Ghanaur,Patiala,Punjab,30.358789,76.619262,MoPR_LGD_and_ISRO_Bhuvan,LGD_2026_Bhuvan_2024,325,MATCHED_AUTHORITATIVE_BOUNDARY
326,Nabha,Patiala,Punjab,30.432205,76.164827,MoPR_LGD_and_ISRO_Bhuvan,LGD_2026_Bhuvan_2024,326,MATCHED_AUTHORITATIVE_BOUNDARY
327,Patiala,Patiala,Punjab,30.343868,76.354546,MoPR_LGD_and_ISRO_Bhuvan,LGD_2026_Bhuvan_2024,327,MATCHED_AUTHORITATIVE_BOUNDARY
7479,Patiala Rural,Patiala,Punjab,30.422009,76.323903,MoPR_LGD_and_ISRO_Bhuvan,LGD_2026_Bhuvan_2024,7479,MATCHED_AUTHORITATIVE_BOUNDARY
328,Patran,Patiala,Punjab,29.931435,76.103646,MoPR_LGD_and_ISRO_Bhuvan,LGD_2026_Bhuvan_2024,328,MATCHED_AUTHORITATIVE_BOUNDARY
329,Rajpura,Patiala,Punjab,30.537734,76.639797,MoPR_LGD_and_ISRO_Bhuvan,LGD_2026_Bhuvan_2024,329,MATCHED_AUTHORITATIVE_BOUNDARY
330,Samana,Patiala,Punjab,30.13757,76.170958,MoPR_LGD_and_ISRO_Bhuvan,LGD_2026_Bhuvan_2024,330,MATCHED_AUTHORITATIVE_BOUNDARY
331,Sanour,Patiala,Punjab,30.23207,76.38078,MoPR_LGD_and_ISRO_Bhuvan,LGD_2026_Bhuvan_2024,331,MATCHED_AUTHORITATIVE_BOUNDARY
7337,Shambu Kalan,Patiala,Punjab,30.456416,76.623211,MoPR_LGD_and_ISRO_Bhuvan,LGD_2026_Bhuvan_2024,7337,MATCHED_AUTHORITATIVE_BOUNDARY
332,Anandpur Sahib,Rupnagar,Punjab,31.276884,76.457171,MoPR_LGD_and_ISRO_Bhuvan,LGD_2026_Bhuvan_2024,332,MATCHED_AUTHORITATIVE_BOUNDARY
333,Chamkaur Sahib,Rupnagar,Punjab,30.914267,76.398525,MoPR_LGD_and_ISRO_Bhuvan,LGD_2026_Bhuvan_2024,333,MATCHED_AUTHORITATIVE_BOUNDARY
336,Morinda,Rupnagar,Punjab,30.814597,76.495053,MoPR_LGD_and_ISRO_Bhuvan,LGD_2026_Bhuvan_2024,336,MATCHED_AUTHORITATIVE_BOUNDARY
7606,Nangal,Rupnagar,Punjab,,,MoPR_LGD_and_ISRO_Bhuvan,LGD_2026_Bhuvan_2024,7606,PENDING_OFFICIAL_BOUNDARY_MATCH
337,Nurpur Bedi,Rupnagar,Punjab,31.147786,76.45846,MoPR_LGD_and_ISRO_Bhuvan,LGD_2026_Bhuvan_2024,337,MATCHED_AUTHORITATIVE_BOUNDARY
338,Rupnagar,Rupnagar,Punjab,30.978628,76.579305,MoPR_LGD_and_ISRO_Bhuvan,LGD_2026_Bhuvan_2024,338,MATCHED_AUTHORITATIVE_BOUNDARY
340,Andana,Sangrur,Punjab,29.810429,75.974772,MoPR_LGD_and_ISRO_Bhuvan,LGD_2026_Bhuvan_2024,340,MATCHED_AUTHORITATIVE_BOUNDARY
342,Bhawani Garh,Sangrur,Punjab,30.250073,76.041039,MoPR_LGD_and_ISRO_Bhuvan,LGD_2026_Bhuvan_2024,342,MATCHED_AUTHORITATIVE_BOUNDARY
7624,Chhajli,Sangrur,Punjab,,,MoPR_LGD_and_ISRO_Bhuvan,LGD_2026_Bhuvan_2024,7624,PENDING_OFFICIAL_BOUNDARY_MATCH
343,Dhuri,Sangrur,Punjab,30.371931,75.871867,MoPR_LGD_and_ISRO_Bhuvan,LGD_2026_Bhuvan_2024,343,MATCHED_AUTHORITATIVE_BOUNDARY
6736,Dirba,Sangrur,Punjab,30.078299,75.969161,MoPR_LGD_and_ISRO_Bhuvan,LGD_2026_Bhuvan_2024,6736,MATCHED_AUTHORITATIVE_BOUNDARY
344,Lehragaga,Sangrur,Punjab,29.920895,75.827804,MoPR_LGD_and_ISRO_Bhuvan,LGD_2026_Bhuvan_2024,344,MATCHED_AUTHORITATIVE_BOUNDARY
347,Sangrur,Sangrur,Punjab,30.226946,75.780531,MoPR_LGD_and_ISRO_Bhuvan,LGD_2026_Bhuvan_2024,347,MATCHED_AUTHORITATIVE_BOUNDARY
349,Sherpur,Sangrur,Punjab,30.421702,75.725267,MoPR_LGD_and_ISRO_Bhuvan,LGD_2026_Bhuvan_2024,349,MATCHED_AUTHORITATIVE_BOUNDARY
350,Sunam,Sangrur,Punjab,30.078466,75.777213,MoPR_LGD_and_ISRO_Bhuvan,LGD_2026_Bhuvan_2024,350,MATCHED_AUTHORITATIVE_BOUNDARY
7626,Sunam Udham Singh Wala-2 At Sangrur,Sangrur,Punjab,,,MoPR_LGD_and_ISRO_Bhuvan,LGD_2026_Bhuvan_2024,7626,PENDING_OFFICIAL_BOUNDARY_MATCH
324,Dera Bassi,S.A.S Nagar,Punjab,30.528745,76.843011,MoPR_LGD_and_ISRO_Bhuvan,LGD_2026_Bhuvan_2024,324,MATCHED_AUTHORITATIVE_BOUNDARY
334,Kharar,S.A.S Nagar,Punjab,30.729863,76.603913,MoPR_LGD_and_ISRO_Bhuvan,LGD_2026_Bhuvan_2024,334,MATCHED_AUTHORITATIVE_BOUNDARY
335,Majri,S.A.S Nagar,Punjab,30.84103,76.710156,MoPR_LGD_and_ISRO_Bhuvan,LGD_2026_Bhuvan_2024,335,MATCHED_AUTHORITATIVE_BOUNDARY
7486,Mohali,S.A.S Nagar,Punjab,30.662968,76.707428,MoPR_LGD_and_ISRO_Bhuvan,LGD_2026_Bhuvan_2024,7486,MATCHED_AUTHORITATIVE_BOUNDARY
318,Aur,Shahid Bhagat Singh Nagar,Punjab,31.074972,75.999399,MoPR_LGD_and_ISRO_Bhuvan,LGD_2026_Bhuvan_2024,318,MATCHED_AUTHORITATIVE_BOUNDARY
319,Balachaur,Shahid Bhagat Singh Nagar,Punjab,31.052251,76.367836,MoPR_LGD_and_ISRO_Bhuvan,LGD_2026_Bhuvan_2024,319,MATCHED_AUTHORITATIVE_BOUNDARY
320,Banga,Shahid Bhagat Singh Nagar,Punjab,31.204458,75.951157,MoPR_LGD_and_ISRO_Bhuvan,LGD_2026_Bhuvan_2024,320,MATCHED_AUTHORITATIVE_BOUNDARY
321,Nawanshahr,Shahid Bhagat Singh Nagar,Punjab,31.079864,76.14731,MoPR_LGD_and_ISRO_Bhuvan,LGD_2026_Bhuvan_2024,321,MATCHED_AUTHORITATIVE_BOUNDARY
322,Saroya,Shahid Bhagat Singh Nagar,Punjab,31.163955,76.278008,MoPR_LGD_and_ISRO_Bhuvan,LGD_2026_Bhuvan_2024,322,MATCHED_AUTHORITATIVE_BOUNDARY
314,Gidderbaha,Sri Muktsar Sahib,Punjab,30.315553,74.649697,MoPR_LGD_and_ISRO_Bhuvan,LGD_2026_Bhuvan_2024,314,MATCHED_AUTHORITATIVE_BOUNDARY
315,Lambi,Sri Muktsar Sahib,Punjab,30.039391,74.560963,MoPR_LGD_and_ISRO_Bhuvan,LGD_2026_Bhuvan_2024,315,MATCHED_AUTHORITATIVE_BOUNDARY
316,Malout,Sri Muktsar Sahib,Punjab,30.251033,74.426029,MoPR_LGD_and_ISRO_Bhuvan,LGD_2026_Bhuvan_2024,316,MATCHED_AUTHORITATIVE_BOUNDARY
317,Sri Muktsar Sahib,Sri Muktsar Sahib,Punjab,30.505787,74.515036,MoPR_LGD_and_ISRO_Bhuvan,LGD_2026_Bhuvan_2024,317,MATCHED_AUTHORITATIVE_BOUNDARY
211,Bhikhi Wind-13,Tarn Taran,Punjab,31.336729,74.6695,MoPR_LGD_and_ISRO_Bhuvan,LGD_2026_Bhuvan_2024,211,MATCHED_AUTHORITATIVE_BOUNDARY
213,Chohla Sahib-8,Tarn Taran,Punjab,31.27683,75.019591,MoPR_LGD_and_ISRO_Bhuvan,LGD_2026_Bhuvan_2024,213,MATCHED_AUTHORITATIVE_BOUNDARY
214,Gandiwind-9,Tarn Taran,Punjab,31.496403,74.715663,MoPR_LGD_and_ISRO_Bhuvan,LGD_2026_Bhuvan_2024,214,MATCHED_AUTHORITATIVE_BOUNDARY
217,Khadur-Sahib-10,Tarn Taran,Punjab,31.452642,75.117595,MoPR_LGD_and_ISRO_Bhuvan,LGD_2026_Bhuvan_2024,217,MATCHED_AUTHORITATIVE_BOUNDARY
7609,Nagoke,Tarn Taran,Punjab,,,MoPR_LGD_and_ISRO_Bhuvan,LGD_2026_Bhuvan_2024,7609,PENDING_OFFICIAL_BOUNDARY_MATCH
219,Naushehra Pannuan-11,Tarn Taran,Punjab,31.371404,74.951717,MoPR_LGD_and_ISRO_Bhuvan,LGD_2026_Bhuvan_2024,219,MATCHED_AUTHORITATIVE_BOUNDARY
220,Patti-14,Tarn Taran,Punjab,31.231114,74.833209,MoPR_LGD_and_ISRO_Bhuvan,LGD_2026_Bhuvan_2024,220,MATCHED_AUTHORITATIVE_BOUNDARY
222,Tarn Taran-12,Tarn Taran,Punjab,31.451712,74.863326,MoPR_LGD_and_ISRO_Bhuvan,LGD_2026_Bhuvan_2024,222,MATCHED_AUTHORITATIVE_BOUNDARY
224,Valtoha-15,Tarn Taran,Punjab,31.185556,74.618723,MoPR_LGD_and_ISRO_Bhuvan,LGD_2026_Bhuvan_2024,224,MATCHED_AUTHORITATIVE_BOUNDARY
7382,Ajmer Rural,Ajmer,Rajasthan,26.500592,74.746314,MoPR_LGD_and_ISRO_Bhuvan,LGD_2026_Bhuvan_2024,7382,MATCHED_AUTHORITATIVE_BOUNDARY
566,Arain,Ajmer,Rajasthan,26.412442,75.044397,MoPR_LGD_and_ISRO_Bhuvan,LGD_2026_Bhuvan_2024,566,MATCHED_AUTHORITATIVE_BOUNDARY
567,Bhinay,Ajmer,Rajasthan,26.034181,74.806667,MoPR_LGD_and_ISRO_Bhuvan,LGD_2026_Bhuvan_2024,567,MATCHED_AUTHORITATIVE_BOUNDARY
569,Kekri,Ajmer,Rajasthan,25.893543,75.192281,MoPR_LGD_and_ISRO_Bhuvan,LGD_2026_Bhuvan_2024,569,MATCHED_AUTHORITATIVE_BOUNDARY
570,Kishangarh Silora,Ajmer,Rajasthan,26.795125,74.860493,MoPR_LGD_and_ISRO_Bhuvan,LGD_2026_Bhuvan_2024,570,MATCHED_AUTHORITATIVE_BOUNDARY
572,Pisangan,Ajmer,Rajasthan,26.313148,74.509723,MoPR_LGD_and_ISRO_Bhuvan,LGD_2026_Bhuvan_2024,572,MATCHED_AUTHORITATIVE_BOUNDARY
6860,Sarwar,Ajmer,Rajasthan,26.112979,75.032033,MoPR_LGD_and_ISRO_Bhuvan,LGD_2026_Bhuvan_2024,6860,MATCHED_AUTHORITATIVE_BOUNDARY
7384,Sawar,Ajmer,Rajasthan,26.576606,74.916849,MoPR_LGD_and_ISRO_Bhuvan,LGD_2026_Bhuvan_2024,7384,MATCHED_AUTHORITATIVE_BOUNDARY
573,Srinagar,Ajmer,Rajasthan,26.362536,74.80557,MoPR_LGD_and_ISRO_Bhuvan,LGD_2026_Bhuvan_2024,573,MATCHED_AUTHORITATIVE_BOUNDARY
789,Todaraisingh,Ajmer,Rajasthan,26.082853,75.465801,MoPR_LGD_and_ISRO_Bhuvan,LGD_2026_Bhuvan_2024,789,MATCHED_AUTHORITATIVE_BOUNDARY
7397,Govindgarh,Alwar,Rajasthan,27.507942,76.992122,MoPR_LGD_and_ISRO_Bhuvan,LGD_2026_Bhuvan_2024,7397,MATCHED_AUTHORITATIVE_BOUNDARY
576,Kathumar,Alwar,Rajasthan,27.283809,77.004836,MoPR_LGD_and_ISRO_Bhuvan,LGD_2026_Bhuvan_2024,576,MATCHED_AUTHORITATIVE_BOUNDARY
579,Laxmangarh,Alwar,Rajasthan,27.39367,76.850103,MoPR_LGD_and_ISRO_Bhuvan,LGD_2026_Bhuvan_2024,579,MATCHED_AUTHORITATIVE_BOUNDARY
7391,Malkheda,Alwar,Rajasthan,27.392439,76.569907,MoPR_LGD_and_ISRO_Bhuvan,LGD_2026_Bhuvan_2024,7391,MATCHED_AUTHORITATIVE_BOUNDARY
582,Rajgarh,Alwar,Rajasthan,27.215089,76.457902,MoPR_LGD_and_ISRO_Bhuvan,LGD_2026_Bhuvan_2024,582,MATCHED_AUTHORITATIVE_BOUNDARY
583,Ramgarh,Alwar,Rajasthan,27.601328,76.816317,MoPR_LGD_and_ISRO_Bhuvan,LGD_2026_Bhuvan_2024,583,MATCHED_AUTHORITATIVE_BOUNDARY
584,Reni,Alwar,Rajasthan,27.207384,76.729638,MoPR_LGD_and_ISRO_Bhuvan,LGD_2026_Bhuvan_2024,584,MATCHED_AUTHORITATIVE_BOUNDARY
585,Thanagazi,Alwar,Rajasthan,27.313235,76.261136,MoPR_LGD_and_ISRO_Bhuvan,LGD_2026_Bhuvan_2024,585,MATCHED_AUTHORITATIVE_BOUNDARY
587,Umren,Alwar,Rajasthan,27.580594,76.588757,MoPR_LGD_and_ISRO_Bhuvan,LGD_2026_Bhuvan_2024,587,MATCHED_AUTHORITATIVE_BOUNDARY
603,Baltora,Balotra,Rajasthan,25.837948,72.16607,MoPR_LGD_and_ISRO_Bhuvan,LGD_2026_Bhuvan_2024,603,MATCHED_AUTHORITATIVE_BOUNDARY
605,Baytoo,Balotra,Rajasthan,25.992274,71.664983,MoPR_LGD_and_ISRO_Bhuvan,LGD_2026_Bhuvan_2024,605,MATCHED_AUTHORITATIVE_BOUNDARY
607,Dhorimanna,Balotra,Rajasthan,25.168769,71.424308,MoPR_LGD_and_ISRO_Bhuvan,LGD_2026_Bhuvan_2024,607,MATCHED_AUTHORITATIVE_BOUNDARY
6839,Gira,Balotra,Rajasthan,26.172077,71.921575,MoPR_LGD_and_ISRO_Bhuvan,LGD_2026_Bhuvan_2024,6839,MATCHED_AUTHORITATIVE_BOUNDARY
6842,Gudhamalani,Balotra,Rajasthan,25.191705,71.726551,MoPR_LGD_and_ISRO_Bhuvan,LGD_2026_Bhuvan_2024,6842,MATCHED_AUTHORITATIVE_BOUNDARY
6825,Kalyanpur,Balotra,Rajasthan,26.061989,72.517241,MoPR_LGD_and_ISRO_Bhuvan,LGD_2026_Bhuvan_2024,6825,MATCHED_AUTHORITATIVE_BOUNDARY
7472,Panyla Kla,Balotra,Rajasthan,25.451004,71.865115,MoPR_LGD_and_ISRO_Bhuvan,LGD_2026_Bhuvan_2024,7472,MATCHED_AUTHORITATIVE_BOUNDARY
6830,Patodi,Balotra,Rajasthan,26.117929,72.262467,MoPR_LGD_and_ISRO_Bhuvan,LGD_2026_Bhuvan_2024,6830,MATCHED_AUTHORITATIVE_BOUNDARY
6833,Samdari,Balotra,Rajasthan,25.780076,72.625147,MoPR_LGD_and_ISRO_Bhuvan,LGD_2026_Bhuvan_2024,6833,MATCHED_AUTHORITATIVE_BOUNDARY
609,Sindhari,Balotra,Rajasthan,25.63566,71.908413,MoPR_LGD_and_ISRO_Bhuvan,LGD_2026_Bhuvan_2024,609,MATCHED_AUTHORITATIVE_BOUNDARY
610,Siwana,Balotra,Rajasthan,25.574142,72.353634,MoPR_LGD_and_ISRO_Bhuvan,LGD_2026_Bhuvan_2024,610,MATCHED_AUTHORITATIVE_BOUNDARY
588,Anandpuri,Banswara,Rajasthan,23.382922,74.097723,MoPR_LGD_and_ISRO_Bhuvan,LGD_2026_Bhuvan_2024,588,MATCHED_AUTHORITATIVE_BOUNDARY
6827,Arthuna,Banswara,Rajasthan,23.50305,74.113014,MoPR_LGD_and_ISRO_Bhuvan,LGD_2026_Bhuvan_2024,6827,MATCHED_AUTHORITATIVE_BOUNDARY
589,Bagidora,Banswara,Rajasthan,23.415713,74.307568,MoPR_LGD_and_ISRO_Bhuvan,LGD_2026_Bhuvan_2024,589,MATCHED_AUTHORITATIVE_BOUNDARY
590,Banswara,Banswara,Rajasthan,23.472158,74.492429,MoPR_LGD_and_ISRO_Bhuvan,LGD_2026_Bhuvan_2024,590,MATCHED_AUTHORITATIVE_BOUNDARY
7547,Chhoti Sarwa,Banswara,Rajasthan,,,MoPR_LGD_and_ISRO_Bhuvan,LGD_2026_Bhuvan_2024,7547,PENDING_OFFICIAL_BOUNDARY_MATCH
6606,Chhoti Sarwan,Banswara,Rajasthan,23.56824,74.653431,MoPR_LGD_and_ISRO_Bhuvan,LGD_2026_Bhuvan_2024,6606,MATCHED_AUTHORITATIVE_BOUNDARY
6822,Gangar Talai,Banswara,Rajasthan,23.262467,74.178735,MoPR_LGD_and_ISRO_Bhuvan,LGD_2026_Bhuvan_2024,6822,MATCHED_AUTHORITATIVE_BOUNDARY
7550,Ganoda,Banswara,Rajasthan,,,MoPR_LGD_and_ISRO_Bhuvan,LGD_2026_Bhuvan_2024,7550,PENDING_OFFICIAL_BOUNDARY_MATCH
591,Garhi,Banswara,Rajasthan,23.647048,74.203687,MoPR_LGD_and_ISRO_Bhuvan,LGD_2026_Bhuvan_2024,591,MATCHED_AUTHORITATIVE_BOUNDARY
592,Ghatol,Banswara,Rajasthan,23.771108,74.402424,MoPR_LGD_and_ISRO_Bhuvan,LGD_2026_Bhuvan_2024,592,MATCHED_AUTHORITATIVE_BOUNDARY
593,Kushalgarh,Banswara,Rajasthan,23.212229,74.511838,MoPR_LGD_and_ISRO_Bhuvan,LGD_2026_Bhuvan_2024,593,MATCHED_AUTHORITATIVE_BOUNDARY
595,Sajjangarh,Banswara,Rajasthan,23.222493,74.310475,MoPR_LGD_and_ISRO_Bhuvan,LGD_2026_Bhuvan_2024,595,MATCHED_AUTHORITATIVE_BOUNDARY
6828,Talwara,Banswara,Rajasthan,23.565621,74.366652,MoPR_LGD_and_ISRO_Bhuvan,LGD_2026_Bhuvan_2024,6828,MATCHED_AUTHORITATIVE_BOUNDARY
596,Anta,Baran,Rajasthan,25.137173,76.322229,MoPR_LGD_and_ISRO_Bhuvan,LGD_2026_Bhuvan_2024,596,MATCHED_AUTHORITATIVE_BOUNDARY
597,Atru,Baran,Rajasthan,24.832464,76.586697,MoPR_LGD_and_ISRO_Bhuvan,LGD_2026_Bhuvan_2024,597,MATCHED_AUTHORITATIVE_BOUNDARY
598,Baran (Full),Baran,Rajasthan,25.101272,76.503931,MoPR_LGD_and_ISRO_Bhuvan,LGD_2026_Bhuvan_2024,598,MATCHED_AUTHORITATIVE_BOUNDARY
599,Chhabra,Baran,Rajasthan,24.646266,76.905656,MoPR_LGD_and_ISRO_Bhuvan,LGD_2026_Bhuvan_2024,599,MATCHED_AUTHORITATIVE_BOUNDARY
600,Chhipabarod,Baran,Rajasthan,24.569685,76.673087,MoPR_LGD_and_ISRO_Bhuvan,LGD_2026_Bhuvan_2024,600,MATCHED_AUTHORITATIVE_BOUNDARY
601,Kishanganj,Baran,Rajasthan,25.115275,76.750782,MoPR_LGD_and_ISRO_Bhuvan,LGD_2026_Bhuvan_2024,601,MATCHED_AUTHORITATIVE_BOUNDARY
7401,Mangrol,Baran,Rajasthan,25.330134,76.46116,MoPR_LGD_and_ISRO_Bhuvan,LGD_2026_Bhuvan_2024,7401,MATCHED_AUTHORITATIVE_BOUNDARY
602,Shahbad,Baran,Rajasthan,25.208114,77.141299,MoPR_LGD_and_ISRO_Bhuvan,LGD_2026_Bhuvan_2024,602,MATCHED_AUTHORITATIVE_BOUNDARY
7474,Aadel,Barmer,Rajasthan,25.404578,71.64372,MoPR_LGD_and_ISRO_Bhuvan,LGD_2026_Bhuvan_2024,7474,MATCHED_AUTHORITATIVE_BOUNDARY
604,Barmer,Barmer,Rajasthan,25.729432,71.284426,MoPR_LGD_and_ISRO_Bhuvan,LGD_2026_Bhuvan_2024,604,MATCHED_AUTHORITATIVE_BOUNDARY
7475,Barmer Rural,Barmer,Rajasthan,25.729774,71.538026,MoPR_LGD_and_ISRO_Bhuvan,LGD_2026_Bhuvan_2024,7475,MATCHED_AUTHORITATIVE_BOUNDARY
606,Chohtan,Barmer,Rajasthan,25.424086,70.898806,MoPR_LGD_and_ISRO_Bhuvan,LGD_2026_Bhuvan_2024,606,MATCHED_AUTHORITATIVE_BOUNDARY
6844,Dhanau,Barmer,Rajasthan,25.285841,71.115465,MoPR_LGD_and_ISRO_Bhuvan,LGD_2026_Bhuvan_2024,6844,MATCHED_AUTHORITATIVE_BOUNDARY
7473,Fagliya,Barmer,Rajasthan,24.851556,71.187238,MoPR_LGD_and_ISRO_Bhuvan,LGD_2026_Bhuvan_2024,7473,MATCHED_AUTHORITATIVE_BOUNDARY
6834,Gadra Road,Barmer,Rajasthan,25.952222,70.52762,MoPR_LGD_and_ISRO_Bhuvan,LGD_2026_Bhuvan_2024,6834,MATCHED_AUTHORITATIVE_BOUNDARY
6843,Ramsar,Barmer,Rajasthan,25.682317,70.926096,MoPR_LGD_and_ISRO_Bhuvan,LGD_2026_Bhuvan_2024,6843,MATCHED_AUTHORITATIVE_BOUNDARY
6840,Sedwa,Barmer,Rajasthan,25.029622,71.067123,MoPR_LGD_and_ISRO_Bhuvan,LGD_2026_Bhuvan_2024,6840,MATCHED_AUTHORITATIVE_BOUNDARY
608,Sheo,Barmer,Rajasthan,26.242297,71.336548,MoPR_LGD_and_ISRO_Bhuvan,LGD_2026_Bhuvan_2024,608,MATCHED_AUTHORITATIVE_BOUNDARY
7419,Badnor,Beawar,Rajasthan,25.841083,74.325533,MoPR_LGD_and_ISRO_Bhuvan,LGD_2026_Bhuvan_2024,7419,MATCHED_AUTHORITATIVE_BOUNDARY
762,Bhim,Beawar,Rajasthan,25.711579,74.050796,MoPR_LGD_and_ISRO_Bhuvan,LGD_2026_Bhuvan_2024,762,MATCHED_AUTHORITATIVE_BOUNDARY
753,Jaitaran,Beawar,Rajasthan,26.289798,74.021085,MoPR_LGD_and_ISRO_Bhuvan,LGD_2026_Bhuvan_2024,753,MATCHED_AUTHORITATIVE_BOUNDARY
568,Jawaja,Beawar,Rajasthan,25.938864,74.172261,MoPR_LGD_and_ISRO_Bhuvan,LGD_2026_Bhuvan_2024,568,MATCHED_AUTHORITATIVE_BOUNDARY
571,Masooda,Beawar,Rajasthan,26.060837,74.519502,MoPR_LGD_and_ISRO_Bhuvan,LGD_2026_Bhuvan_2024,571,MATCHED_AUTHORITATIVE_BOUNDARY
756,Raipur,Beawar,Rajasthan,26.080409,74.100672,MoPR_LGD_and_ISRO_Bhuvan,LGD_2026_Bhuvan_2024,756,MATCHED_AUTHORITATIVE_BOUNDARY
611,Bayana,Bharatpur,Rajasthan,26.893137,77.290086,MoPR_LGD_and_ISRO_Bhuvan,LGD_2026_Bhuvan_2024,611,MATCHED_AUTHORITATIVE_BOUNDARY
7404,Bhusawar,Bharatpur,Rajasthan,27.054663,77.039518,MoPR_LGD_and_ISRO_Bhuvan,LGD_2026_Bhuvan_2024,7404,MATCHED_AUTHORITATIVE_BOUNDARY
615,Nadbai,Bharatpur,Rajasthan,27.19415,77.216648,MoPR_LGD_and_ISRO_Bhuvan,LGD_2026_Bhuvan_2024,615,MATCHED_AUTHORITATIVE_BOUNDARY
617,Rupbas,Bharatpur,Rajasthan,26.981955,77.535746,MoPR_LGD_and_ISRO_Bhuvan,LGD_2026_Bhuvan_2024,617,MATCHED_AUTHORITATIVE_BOUNDARY
618,Sewar,Bharatpur,Rajasthan,27.201209,77.50901,MoPR_LGD_and_ISRO_Bhuvan,LGD_2026_Bhuvan_2024,618,MATCHED_AUTHORITATIVE_BOUNDARY
7402,Uchain,Bharatpur,Rajasthan,27.07663,77.420286,MoPR_LGD_and_ISRO_Bhuvan,LGD_2026_Bhuvan_2024,7402,MATCHED_AUTHORITATIVE_BOUNDARY
619,Weir,Bharatpur,Rajasthan,27.045432,77.164893,MoPR_LGD_and_ISRO_Bhuvan,LGD_2026_Bhuvan_2024,619,MATCHED_AUTHORITATIVE_BOUNDARY
620,Asind,Bhilwara,Rajasthan,25.671295,74.391451,MoPR_LGD_and_ISRO_Bhuvan,LGD_2026_Bhuvan_2024,620,MATCHED_AUTHORITATIVE_BOUNDARY
621,Banera,Bhilwara,Rajasthan,25.589713,74.679826,MoPR_LGD_and_ISRO_Bhuvan,LGD_2026_Bhuvan_2024,621,MATCHED_AUTHORITATIVE_BOUNDARY
6819,Bijoliya,Bhilwara,Rajasthan,25.163862,75.320579,MoPR_LGD_and_ISRO_Bhuvan,LGD_2026_Bhuvan_2024,6819,MATCHED_AUTHORITATIVE_BOUNDARY
622,Hurda,Bhilwara,Rajasthan,25.811778,74.602862,MoPR_LGD_and_ISRO_Bhuvan,LGD_2026_Bhuvan_2024,622,MATCHED_AUTHORITATIVE_BOUNDARY
623,Jahazpur,Bhilwara,Rajasthan,25.580866,75.251006,MoPR_LGD_and_ISRO_Bhuvan,LGD_2026_Bhuvan_2024,623,MATCHED_AUTHORITATIVE_BOUNDARY
7418,Kareda,Bhilwara,Rajasthan,25.565546,74.187645,MoPR_LGD_and_ISRO_Bhuvan,LGD_2026_Bhuvan_2024,7418,MATCHED_AUTHORITATIVE_BOUNDARY
624,Kotri,Bhilwara,Rajasthan,25.377396,74.933915,MoPR_LGD_and_ISRO_Bhuvan,LGD_2026_Bhuvan_2024,624,MATCHED_AUTHORITATIVE_BOUNDARY
625,Mandal,Bhilwara,Rajasthan,25.451063,74.445585,MoPR_LGD_and_ISRO_Bhuvan,LGD_2026_Bhuvan_2024,625,MATCHED_AUTHORITATIVE_BOUNDARY
626,Mandalgarh,Bhilwara,Rajasthan,25.259494,75.102674,MoPR_LGD_and_ISRO_Bhuvan,LGD_2026_Bhuvan_2024,626,MATCHED_AUTHORITATIVE_BOUNDARY
627,Raipur,Bhilwara,Rajasthan,25.368905,74.161227,MoPR_LGD_and_ISRO_Bhuvan,LGD_2026_Bhuvan_2024,627,MATCHED_AUTHORITATIVE_BOUNDARY
628,Sahara,Bhilwara,Rajasthan,25.207118,74.245263,MoPR_LGD_and_ISRO_Bhuvan,LGD_2026_Bhuvan_2024,628,MATCHED_AUTHORITATIVE_BOUNDARY
629,Shahpura,Bhilwara,Rajasthan,25.688301,74.905738,MoPR_LGD_and_ISRO_Bhuvan,LGD_2026_Bhuvan_2024,629,MATCHED_AUTHORITATIVE_BOUNDARY
630,Suwana,Bhilwara,Rajasthan,25.295838,74.616049,MoPR_LGD_and_ISRO_Bhuvan,LGD_2026_Bhuvan_2024,630,MATCHED_AUTHORITATIVE_BOUNDARY
7424,Bajju Khalsa,Bikaner,Rajasthan,,,MoPR_LGD_and_ISRO_Bhuvan,LGD_2026_Bhuvan_2024,7424,PENDING_OFFICIAL_BOUNDARY_MATCH
631,Bikaner,Bikaner,Rajasthan,28.08286,73.375564,MoPR_LGD_and_ISRO_Bhuvan,LGD_2026_Bhuvan_2024,631,MATCHED_AUTHORITATIVE_BOUNDARY
7551,Hadan,Bikaner,Rajasthan,,,MoPR_LGD_and_ISRO_Bhuvan,LGD_2026_Bhuvan_2024,7551,PENDING_OFFICIAL_BOUNDARY_MATCH
6715,Khajuwala,Bikaner,Rajasthan,28.671254,73.113547,MoPR_LGD_and_ISRO_Bhuvan,LGD_2026_Bhuvan_2024,6715,MATCHED_AUTHORITATIVE_BOUNDARY
632,Kolayat,Bikaner,Rajasthan,27.933987,72.55381,MoPR_LGD_and_ISRO_Bhuvan,LGD_2026_Bhuvan_2024,632,MATCHED_AUTHORITATIVE_BOUNDARY
633,Lunkaransar,Bikaner,Rajasthan,28.652503,73.73692,MoPR_LGD_and_ISRO_Bhuvan,LGD_2026_Bhuvan_2024,633,MATCHED_AUTHORITATIVE_BOUNDARY
634,Nokha,Bikaner,Rajasthan,27.687678,73.591805,MoPR_LGD_and_ISRO_Bhuvan,LGD_2026_Bhuvan_2024,634,MATCHED_AUTHORITATIVE_BOUNDARY
7063,Panchoo,Bikaner,Rajasthan,27.474301,73.257441,MoPR_LGD_and_ISRO_Bhuvan,LGD_2026_Bhuvan_2024,7063,MATCHED_AUTHORITATIVE_BOUNDARY
7435,Poogal,Bikaner,Rajasthan,28.413685,72.842323,MoPR_LGD_and_ISRO_Bhuvan,LGD_2026_Bhuvan_2024,7435,MATCHED_AUTHORITATIVE_BOUNDARY
635,Sri Dungargarh,Bikaner,Rajasthan,28.068063,74.008803,MoPR_LGD_and_ISRO_Bhuvan,LGD_2026_Bhuvan_2024,635,MATCHED_AUTHORITATIVE_BOUNDARY
6907,Bundi,Bundi,Rajasthan,25.366381,75.643824,MoPR_LGD_and_ISRO_Bhuvan,LGD_2026_Bhuvan_2024,6907,MATCHED_AUTHORITATIVE_BOUNDARY
636,Hindoli,Bundi,Rajasthan,25.544689,75.543435,MoPR_LGD_and_ISRO_Bhuvan,LGD_2026_Bhuvan_2024,636,MATCHED_AUTHORITATIVE_BOUNDARY
637,Keshoraipatan,Bundi,Rajasthan,25.522692,76.102334,MoPR_LGD_and_ISRO_Bhuvan,LGD_2026_Bhuvan_2024,637,MATCHED_AUTHORITATIVE_BOUNDARY
638,Nainwa,Bundi,Rajasthan,25.707637,75.940076,MoPR_LGD_and_ISRO_Bhuvan,LGD_2026_Bhuvan_2024,638,MATCHED_AUTHORITATIVE_BOUNDARY
639,Talera,Bundi,Rajasthan,25.18786,75.660817,MoPR_LGD_and_ISRO_Bhuvan,LGD_2026_Bhuvan_2024,639,MATCHED_AUTHORITATIVE_BOUNDARY
641,Bari Sadri,Chittorgarh,Rajasthan,24.401929,74.463637,MoPR_LGD_and_ISRO_Bhuvan,LGD_2026_Bhuvan_2024,641,MATCHED_AUTHORITATIVE_BOUNDARY
642,Begun,Chittorgarh,Rajasthan,25.019023,74.986283,MoPR_LGD_and_ISRO_Bhuvan,LGD_2026_Bhuvan_2024,642,MATCHED_AUTHORITATIVE_BOUNDARY
643,Bhadesar,Chittorgarh,Rajasthan,24.700741,74.45676,MoPR_LGD_and_ISRO_Bhuvan,LGD_2026_Bhuvan_2024,643,MATCHED_AUTHORITATIVE_BOUNDARY
644,Bhainsrorgarh,Chittorgarh,Rajasthan,24.842376,75.501446,MoPR_LGD_and_ISRO_Bhuvan,LGD_2026_Bhuvan_2024,644,MATCHED_AUTHORITATIVE_BOUNDARY
645,Bhopalsagar,Chittorgarh,Rajasthan,24.820868,74.196121,MoPR_LGD_and_ISRO_Bhuvan,LGD_2026_Bhuvan_2024,645,MATCHED_AUTHORITATIVE_BOUNDARY
647,Chittorgarh,Chittorgarh,Rajasthan,24.883829,74.680029,MoPR_LGD_and_ISRO_Bhuvan,LGD_2026_Bhuvan_2024,647,MATCHED_AUTHORITATIVE_BOUNDARY
648,Dungla,Chittorgarh,Rajasthan,24.554729,74.327292,MoPR_LGD_and_ISRO_Bhuvan,LGD_2026_Bhuvan_2024,648,MATCHED_AUTHORITATIVE_BOUNDARY
649,Gangrar,Chittorgarh,Rajasthan,25.074152,74.636891,MoPR_LGD_and_ISRO_Bhuvan,LGD_2026_Bhuvan_2024,649,MATCHED_AUTHORITATIVE_BOUNDARY
650,Kapasan,Chittorgarh,Rajasthan,24.865202,74.349563,MoPR_LGD_and_ISRO_Bhuvan,LGD_2026_Bhuvan_2024,650,MATCHED_AUTHORITATIVE_BOUNDARY
651,Nimbahera,Chittorgarh,Rajasthan,24.651236,74.734584,MoPR_LGD_and_ISRO_Bhuvan,LGD_2026_Bhuvan_2024,651,MATCHED_AUTHORITATIVE_BOUNDARY
653,Rashmi,Chittorgarh,Rajasthan,25.08056,74.408883,MoPR_LGD_and_ISRO_Bhuvan,LGD_2026_Bhuvan_2024,653,MATCHED_AUTHORITATIVE_BOUNDARY
6858,Bidasar,Churu,Rajasthan,27.719284,74.110517,MoPR_LGD_and_ISRO_Bhuvan,LGD_2026_Bhuvan_2024,6858,MATCHED_AUTHORITATIVE_BOUNDARY
654,Churu,Churu,Rajasthan,28.36855,74.926443,MoPR_LGD_and_ISRO_Bhuvan,LGD_2026_Bhuvan_2024,654,MATCHED_AUTHORITATIVE_BOUNDARY
655,Rajgarh,Churu,Rajasthan,28.649256,75.385853,MoPR_LGD_and_ISRO_Bhuvan,LGD_2026_Bhuvan_2024,655,MATCHED_AUTHORITATIVE_BOUNDARY
656,Ratangarh,Churu,Rajasthan,28.075459,74.562049,MoPR_LGD_and_ISRO_Bhuvan,LGD_2026_Bhuvan_2024,656,MATCHED_AUTHORITATIVE_BOUNDARY
657,Sardarshahar,Churu,Rajasthan,28.536808,74.416585,MoPR_LGD_and_ISRO_Bhuvan,LGD_2026_Bhuvan_2024,657,MATCHED_AUTHORITATIVE_BOUNDARY
7555,Sidhmukh,Churu,Rajasthan,,,MoPR_LGD_and_ISRO_Bhuvan,LGD_2026_Bhuvan_2024,7555,PENDING_OFFICIAL_BOUNDARY_MATCH
658,Sujangarh,Churu,Rajasthan,27.738242,74.452591,MoPR_LGD_and_ISRO_Bhuvan,LGD_2026_Bhuvan_2024,658,MATCHED_AUTHORITATIVE_BOUNDARY
659,Taranagar,Churu,Rajasthan,28.706529,74.960359,MoPR_LGD_and_ISRO_Bhuvan,LGD_2026_Bhuvan_2024,659,MATCHED_AUTHORITATIVE_BOUNDARY
7436,Baijupada,Dausa,Rajasthan,,,MoPR_LGD_and_ISRO_Bhuvan,LGD_2026_Bhuvan_2024,7436,PENDING_OFFICIAL_BOUNDARY_MATCH
660,Bandikui,Dausa,Rajasthan,27.051216,76.750744,MoPR_LGD_and_ISRO_Bhuvan,LGD_2026_Bhuvan_2024,660,MATCHED_AUTHORITATIVE_BOUNDARY
7437,Baswa,Dausa,Rajasthan,27.052833,76.553002,MoPR_LGD_and_ISRO_Bhuvan,LGD_2026_Bhuvan_2024,7437,MATCHED_AUTHORITATIVE_BOUNDARY
661,Dausa,Dausa,Rajasthan,26.918901,76.372121,MoPR_LGD_and_ISRO_Bhuvan,LGD_2026_Bhuvan_2024,661,MATCHED_AUTHORITATIVE_BOUNDARY
662,Lalsot,Dausa,Rajasthan,26.56388,76.330496,MoPR_LGD_and_ISRO_Bhuvan,LGD_2026_Bhuvan_2024,662,MATCHED_AUTHORITATIVE_BOUNDARY
6823,Lawan,Dausa,Rajasthan,26.793727,76.265975,MoPR_LGD_and_ISRO_Bhuvan,LGD_2026_Bhuvan_2024,6823,MATCHED_AUTHORITATIVE_BOUNDARY
663,Mahwa,Dausa,Rajasthan,27.035006,76.921297,MoPR_LGD_and_ISRO_Bhuvan,LGD_2026_Bhuvan_2024,663,MATCHED_AUTHORITATIVE_BOUNDARY
7553,Mandaawar,Dausa,Rajasthan,,,MoPR_LGD_and_ISRO_Bhuvan,LGD_2026_Bhuvan_2024,7553,PENDING_OFFICIAL_BOUNDARY_MATCH
7441,Nangal Rajawatan,Dausa,Rajasthan,26.750205,76.375787,MoPR_LGD_and_ISRO_Bhuvan,LGD_2026_Bhuvan_2024,7441,MATCHED_AUTHORITATIVE_BOUNDARY
7444,Ramgarh Pachwara,Dausa,Rajasthan,26.643935,76.231139,MoPR_LGD_and_ISRO_Bhuvan,LGD_2026_Bhuvan_2024,7444,MATCHED_AUTHORITATIVE_BOUNDARY
7439,Sikandara,Dausa,Rajasthan,26.876797,76.558386,MoPR_LGD_and_ISRO_Bhuvan,LGD_2026_Bhuvan_2024,7439,MATCHED_AUTHORITATIVE_BOUNDARY
664,Sikrai,Dausa,Rajasthan,26.907311,76.691482,MoPR_LGD_and_ISRO_Bhuvan,LGD_2026_Bhuvan_2024,664,MATCHED_AUTHORITATIVE_BOUNDARY
612,Deeg,Deeg,Rajasthan,27.46067,77.291035,MoPR_LGD_and_ISRO_Bhuvan,LGD_2026_Bhuvan_2024,612,MATCHED_AUTHORITATIVE_BOUNDARY
613,Kaman,Deeg,Rajasthan,27.674977,77.249175,MoPR_LGD_and_ISRO_Bhuvan,LGD_2026_Bhuvan_2024,613,MATCHED_AUTHORITATIVE_BOUNDARY
614,Kumher,Deeg,Rajasthan,27.306027,77.379588,MoPR_LGD_and_ISRO_Bhuvan,LGD_2026_Bhuvan_2024,614,MATCHED_AUTHORITATIVE_BOUNDARY
616,Nagar Pahari,Deeg,Rajasthan,27.492424,77.067879,MoPR_LGD_and_ISRO_Bhuvan,LGD_2026_Bhuvan_2024,616,MATCHED_AUTHORITATIVE_BOUNDARY
7024,Pahari,Deeg,Rajasthan,27.695161,77.098495,MoPR_LGD_and_ISRO_Bhuvan,LGD_2026_Bhuvan_2024,7024,MATCHED_AUTHORITATIVE_BOUNDARY
665,Bari,Dholpur,Rajasthan,26.615952,77.647285,MoPR_LGD_and_ISRO_Bhuvan,LGD_2026_Bhuvan_2024,665,MATCHED_AUTHORITATIVE_BOUNDARY
666,Baseri,Dholpur,Rajasthan,26.747444,77.529289,MoPR_LGD_and_ISRO_Bhuvan,LGD_2026_Bhuvan_2024,666,MATCHED_AUTHORITATIVE_BOUNDARY
667,Dhaulpur,Dholpur,Rajasthan,26.725458,77.862399,MoPR_LGD_and_ISRO_Bhuvan,LGD_2026_Bhuvan_2024,667,MATCHED_AUTHORITATIVE_BOUNDARY
668,Rajakhera,Dholpur,Rajasthan,26.813076,78.06303,MoPR_LGD_and_ISRO_Bhuvan,LGD_2026_Bhuvan_2024,668,MATCHED_AUTHORITATIVE_BOUNDARY
6871,Saipau,Dholpur,Rajasthan,26.834147,77.788154,MoPR_LGD_and_ISRO_Bhuvan,LGD_2026_Bhuvan_2024,6871,MATCHED_AUTHORITATIVE_BOUNDARY
7438,Sarmathura,Dholpur,Rajasthan,26.504869,77.403342,MoPR_LGD_and_ISRO_Bhuvan,LGD_2026_Bhuvan_2024,7438,MATCHED_AUTHORITATIVE_BOUNDARY
741,Didwana,Didwana-Kuchaman,Rajasthan,27.361683,74.534749,MoPR_LGD_and_ISRO_Bhuvan,LGD_2026_Bhuvan_2024,741,MATCHED_AUTHORITATIVE_BOUNDARY
743,Kuchaman,Didwana-Kuchaman,Rajasthan,27.18393,74.886461,MoPR_LGD_and_ISRO_Bhuvan,LGD_2026_Bhuvan_2024,743,MATCHED_AUTHORITATIVE_BOUNDARY
744,Ladnu,Didwana-Kuchaman,Rajasthan,27.533944,74.438638,MoPR_LGD_and_ISRO_Bhuvan,LGD_2026_Bhuvan_2024,744,MATCHED_AUTHORITATIVE_BOUNDARY
745,Makrana,Didwana-Kuchaman,Rajasthan,27.053071,74.56772,MoPR_LGD_and_ISRO_Bhuvan,LGD_2026_Bhuvan_2024,745,MATCHED_AUTHORITATIVE_BOUNDARY
6859,Molasar,Didwana-Kuchaman,Rajasthan,27.272841,74.664117,MoPR_LGD_and_ISRO_Bhuvan,LGD_2026_Bhuvan_2024,6859,MATCHED_AUTHORITATIVE_BOUNDARY
6854,Nawa,Didwana-Kuchaman,Rajasthan,27.108162,75.073888,MoPR_LGD_and_ISRO_Bhuvan,LGD_2026_Bhuvan_2024,6854,MATCHED_AUTHORITATIVE_BOUNDARY
749,Parbatsar,Didwana-Kuchaman,Rajasthan,26.813886,74.634664,MoPR_LGD_and_ISRO_Bhuvan,LGD_2026_Bhuvan_2024,749,MATCHED_AUTHORITATIVE_BOUNDARY
669,Aspur,Dungarpur,Rajasthan,23.908354,74.024834,MoPR_LGD_and_ISRO_Bhuvan,LGD_2026_Bhuvan_2024,669,MATCHED_AUTHORITATIVE_BOUNDARY
670,Bichiwara,Dungarpur,Rajasthan,23.775658,73.546271,MoPR_LGD_and_ISRO_Bhuvan,LGD_2026_Bhuvan_2024,670,MATCHED_AUTHORITATIVE_BOUNDARY
6836,Chikhali,Dungarpur,Rajasthan,23.436015,73.891233,MoPR_LGD_and_ISRO_Bhuvan,LGD_2026_Bhuvan_2024,6836,MATCHED_AUTHORITATIVE_BOUNDARY
6838,Dovada,Dungarpur,Rajasthan,23.841077,73.841787,MoPR_LGD_and_ISRO_Bhuvan,LGD_2026_Bhuvan_2024,6838,MATCHED_AUTHORITATIVE_BOUNDARY
671,Dungarpur,Dungarpur,Rajasthan,23.863815,73.681052,MoPR_LGD_and_ISRO_Bhuvan,LGD_2026_Bhuvan_2024,671,MATCHED_AUTHORITATIVE_BOUNDARY
6837,Galiyakoat,Dungarpur,Rajasthan,23.518373,73.956459,MoPR_LGD_and_ISRO_Bhuvan,LGD_2026_Bhuvan_2024,6837,MATCHED_AUTHORITATIVE_BOUNDARY
7549,Gamdi Ahara,Dungarpur,Rajasthan,,,MoPR_LGD_and_ISRO_Bhuvan,LGD_2026_Bhuvan_2024,7549,PENDING_OFFICIAL_BOUNDARY_MATCH
6826,Jothari,Dungarpur,Rajasthan,23.674209,73.754812,MoPR_LGD_and_ISRO_Bhuvan,LGD_2026_Bhuvan_2024,6826,MATCHED_AUTHORITATIVE_BOUNDARY
7554,Paldeval,Dungarpur,Rajasthan,,,MoPR_LGD_and_ISRO_Bhuvan,LGD_2026_Bhuvan_2024,7554,PENDING_OFFICIAL_BOUNDARY_MATCH
6835,Sabla,Dungarpur,Rajasthan,23.879435,74.202717,MoPR_LGD_and_ISRO_Bhuvan,LGD_2026_Bhuvan_2024,6835,MATCHED_AUTHORITATIVE_BOUNDARY
672,Sagwara,Dungarpur,Rajasthan,23.690957,74.001254,MoPR_LGD_and_ISRO_Bhuvan,LGD_2026_Bhuvan_2024,672,MATCHED_AUTHORITATIVE_BOUNDARY
673,Simalwara,Dungarpur,Rajasthan,23.541172,73.751897,MoPR_LGD_and_ISRO_Bhuvan,LGD_2026_Bhuvan_2024,673,MATCHED_AUTHORITATIVE_BOUNDARY
674,Anupgarh,Ganganagar,Rajasthan,29.160924,73.209463,MoPR_LGD_and_ISRO_Bhuvan,LGD_2026_Bhuvan_2024,674,MATCHED_AUTHORITATIVE_BOUNDARY
675,Ganganagar,Ganganagar,Rajasthan,29.921879,73.825484,MoPR_LGD_and_ISRO_Bhuvan,LGD_2026_Bhuvan_2024,675,MATCHED_AUTHORITATIVE_BOUNDARY
6719,Gharsana,Ganganagar,Rajasthan,28.890693,72.971515,MoPR_LGD_and_ISRO_Bhuvan,LGD_2026_Bhuvan_2024,6719,MATCHED_AUTHORITATIVE_BOUNDARY
676,Karanpur,Ganganagar,Rajasthan,29.862446,73.513024,MoPR_LGD_and_ISRO_Bhuvan,LGD_2026_Bhuvan_2024,676,MATCHED_AUTHORITATIVE_BOUNDARY
677,Padampur,Ganganagar,Rajasthan,29.665483,73.684171,MoPR_LGD_and_ISRO_Bhuvan,LGD_2026_Bhuvan_2024,677,MATCHED_AUTHORITATIVE_BOUNDARY
678,Raisinghnagar,Ganganagar,Rajasthan,29.497816,73.43955,MoPR_LGD_and_ISRO_Bhuvan,LGD_2026_Bhuvan_2024,678,MATCHED_AUTHORITATIVE_BOUNDARY
679,Sadulshahar,Ganganagar,Rajasthan,29.84481,74.088775,MoPR_LGD_and_ISRO_Bhuvan,LGD_2026_Bhuvan_2024,679,MATCHED_AUTHORITATIVE_BOUNDARY
680,Suratgarh,Ganganagar,Rajasthan,29.214223,73.8536,MoPR_LGD_and_ISRO_Bhuvan,LGD_2026_Bhuvan_2024,680,MATCHED_AUTHORITATIVE_BOUNDARY
6869,Vijainagar,Ganganagar,Rajasthan,29.239061,73.493599,MoPR_LGD_and_ISRO_Bhuvan,LGD_2026_Bhuvan_2024,6869,MATCHED_AUTHORITATIVE_BOUNDARY
681,Bhadra,Hanumangarh,Rajasthan,29.059258,75.186295,MoPR_LGD_and_ISRO_Bhuvan,LGD_2026_Bhuvan_2024,681,MATCHED_AUTHORITATIVE_BOUNDARY
682,Hanumangarh,Hanumangarh,Rajasthan,29.553231,74.276236,MoPR_LGD_and_ISRO_Bhuvan,LGD_2026_Bhuvan_2024,682,MATCHED_AUTHORITATIVE_BOUNDARY
683,Nohar,Hanumangarh,Rajasthan,29.091475,74.720756,MoPR_LGD_and_ISRO_Bhuvan,LGD_2026_Bhuvan_2024,683,MATCHED_AUTHORITATIVE_BOUNDARY
6614,Pilibanga,Hanumangarh,Rajasthan,29.486279,74.049666,MoPR_LGD_and_ISRO_Bhuvan,LGD_2026_Bhuvan_2024,6614,MATCHED_AUTHORITATIVE_BOUNDARY
6617,Rawatsar,Hanumangarh,Rajasthan,29.077518,74.314718,MoPR_LGD_and_ISRO_Bhuvan,LGD_2026_Bhuvan_2024,6617,MATCHED_AUTHORITATIVE_BOUNDARY
6615,Sangaria,Hanumangarh,Rajasthan,29.823652,74.389889,MoPR_LGD_and_ISRO_Bhuvan,LGD_2026_Bhuvan_2024,6615,MATCHED_AUTHORITATIVE_BOUNDARY
6616,Tibbi,Hanumangarh,Rajasthan,29.528494,74.52393,MoPR_LGD_and_ISRO_Bhuvan,LGD_2026_Bhuvan_2024,6616,MATCHED_AUTHORITATIVE_BOUNDARY
684,Amber,Jaipur,Rajasthan,27.118372,75.900484,MoPR_LGD_and_ISRO_Bhuvan,LGD_2026_Bhuvan_2024,684,MATCHED_AUTHORITATIVE_BOUNDARY
7440,Andhi,Jaipur,Rajasthan,27.062562,76.160948,MoPR_LGD_and_ISRO_Bhuvan,LGD_2026_Bhuvan_2024,7440,MATCHED_AUTHORITATIVE_BOUNDARY
685,Bassi,Jaipur,Rajasthan,26.858203,76.073761,MoPR_LGD_and_ISRO_Bhuvan,LGD_2026_Bhuvan_2024,685,MATCHED_AUTHORITATIVE_BOUNDARY
686,Chaksu,Jaipur,Rajasthan,26.617544,75.905296,MoPR_LGD_and_ISRO_Bhuvan,LGD_2026_Bhuvan_2024,686,MATCHED_AUTHORITATIVE_BOUNDARY
687,Dudu,Jaipur,Rajasthan,26.675492,75.104768,MoPR_LGD_and_ISRO_Bhuvan,LGD_2026_Bhuvan_2024,687,MATCHED_AUTHORITATIVE_BOUNDARY
688,Govindgarh,Jaipur,Rajasthan,27.233137,75.668239,MoPR_LGD_and_ISRO_Bhuvan,LGD_2026_Bhuvan_2024,688,MATCHED_AUTHORITATIVE_BOUNDARY
6820,Jalsu,Jaipur,Rajasthan,27.082621,75.658182,MoPR_LGD_and_ISRO_Bhuvan,LGD_2026_Bhuvan_2024,6820,MATCHED_AUTHORITATIVE_BOUNDARY
689,Jamwa Ramgarh,Jaipur,Rajasthan,27.061722,76.023301,MoPR_LGD_and_ISRO_Bhuvan,LGD_2026_Bhuvan_2024,689,MATCHED_AUTHORITATIVE_BOUNDARY
690,Jhotwara,Jaipur,Rajasthan,26.938991,75.698823,MoPR_LGD_and_ISRO_Bhuvan,LGD_2026_Bhuvan_2024,690,MATCHED_AUTHORITATIVE_BOUNDARY
7442,Jobner,Jaipur,Rajasthan,,,MoPR_LGD_and_ISRO_Bhuvan,LGD_2026_Bhuvan_2024,7442,PENDING_OFFICIAL_BOUNDARY_MATCH
7448,Kishangarh Renwal,Jaipur,Rajasthan,27.117557,75.412017,MoPR_LGD_and_ISRO_Bhuvan,LGD_2026_Bhuvan_2024,7448,MATCHED_AUTHORITATIVE_BOUNDARY
7445,Kotkhawda,Jaipur,Rajasthan,26.611795,76.086237,MoPR_LGD_and_ISRO_Bhuvan,LGD_2026_Bhuvan_2024,7445,MATCHED_AUTHORITATIVE_BOUNDARY
7447,Madhorajpura,Jaipur,Rajasthan,26.607497,75.690742,MoPR_LGD_and_ISRO_Bhuvan,LGD_2026_Bhuvan_2024,7447,MATCHED_AUTHORITATIVE_BOUNDARY
7443,Mauzamabad,Jaipur,Rajasthan,26.715981,75.35568,MoPR_LGD_and_ISRO_Bhuvan,LGD_2026_Bhuvan_2024,7443,MATCHED_AUTHORITATIVE_BOUNDARY
692,Phagi,Jaipur,Rajasthan,26.587032,75.51144,MoPR_LGD_and_ISRO_Bhuvan,LGD_2026_Bhuvan_2024,692,MATCHED_AUTHORITATIVE_BOUNDARY
693,Sambhar,Jaipur,Rajasthan,26.906023,75.246397,MoPR_LGD_and_ISRO_Bhuvan,LGD_2026_Bhuvan_2024,693,MATCHED_AUTHORITATIVE_BOUNDARY
694,Sanganer,Jaipur,Rajasthan,26.79893,75.725277,MoPR_LGD_and_ISRO_Bhuvan,LGD_2026_Bhuvan_2024,694,MATCHED_AUTHORITATIVE_BOUNDARY
695,Shahpura,Jaipur,Rajasthan,27.350193,75.907546,MoPR_LGD_and_ISRO_Bhuvan,LGD_2026_Bhuvan_2024,695,MATCHED_AUTHORITATIVE_BOUNDARY
7446,Tunga,Jaipur,Rajasthan,26.75764,76.097264,MoPR_LGD_and_ISRO_Bhuvan,LGD_2026_Bhuvan_2024,7446,MATCHED_AUTHORITATIVE_BOUNDARY
696,Viratnagar,Jaipur,Rajasthan,27.416225,76.110932,MoPR_LGD_and_ISRO_Bhuvan,LGD_2026_Bhuvan_2024,696,MATCHED_AUTHORITATIVE_BOUNDARY
7449,Bhaniyana,Jaisalmer,Rajasthan,26.523213,71.872126,MoPR_LGD_and_ISRO_Bhuvan,LGD_2026_Bhuvan_2024,7449,MATCHED_AUTHORITATIVE_BOUNDARY
7450,Fatehgarh,Jaisalmer,Rajasthan,26.49037,71.003341,MoPR_LGD_and_ISRO_Bhuvan,LGD_2026_Bhuvan_2024,7450,MATCHED_AUTHORITATIVE_BOUNDARY
697,Jaisalmer,Jaisalmer,Rajasthan,26.985558,71.015119,MoPR_LGD_and_ISRO_Bhuvan,LGD_2026_Bhuvan_2024,697,MATCHED_AUTHORITATIVE_BOUNDARY
7451,Mohangarh,Jaisalmer,Rajasthan,27.420884,71.171669,MoPR_LGD_and_ISRO_Bhuvan,LGD_2026_Bhuvan_2024,7451,MATCHED_AUTHORITATIVE_BOUNDARY
7452,Nachana,Jaisalmer,Rajasthan,27.64073,71.782019,MoPR_LGD_and_ISRO_Bhuvan,LGD_2026_Bhuvan_2024,7452,MATCHED_AUTHORITATIVE_BOUNDARY
698,Sam,Jaisalmer,Rajasthan,27.095515,70.262504,MoPR_LGD_and_ISRO_Bhuvan,LGD_2026_Bhuvan_2024,698,MATCHED_AUTHORITATIVE_BOUNDARY
699,Sankra,Jaisalmer,Rajasthan,26.904329,71.727159,MoPR_LGD_and_ISRO_Bhuvan,LGD_2026_Bhuvan_2024,699,MATCHED_AUTHORITATIVE_BOUNDARY
700,Ahore,Jalore,Rajasthan,25.509984,72.847652,MoPR_LGD_and_ISRO_Bhuvan,LGD_2026_Bhuvan_2024,700,MATCHED_AUTHORITATIVE_BOUNDARY
7453,Bagoda,Jalore,Rajasthan,25.176944,72.006526,MoPR_LGD_and_ISRO_Bhuvan,LGD_2026_Bhuvan_2024,7453,MATCHED_AUTHORITATIVE_BOUNDARY
701,Bhinmal,Jalore,Rajasthan,25.052476,72.212772,MoPR_LGD_and_ISRO_Bhuvan,LGD_2026_Bhuvan_2024,701,MATCHED_AUTHORITATIVE_BOUNDARY
6732,Chitalwana,Jalore,Rajasthan,24.868174,71.541529,MoPR_LGD_and_ISRO_Bhuvan,LGD_2026_Bhuvan_2024,6732,MATCHED_AUTHORITATIVE_BOUNDARY
702,Jalore,Jalore,Rajasthan,25.264163,72.642799,MoPR_LGD_and_ISRO_Bhuvan,LGD_2026_Bhuvan_2024,702,MATCHED_AUTHORITATIVE_BOUNDARY
703,Jaswantpura,Jalore,Rajasthan,24.983085,72.434393,MoPR_LGD_and_ISRO_Bhuvan,LGD_2026_Bhuvan_2024,703,MATCHED_AUTHORITATIVE_BOUNDARY
704,Raniwara,Jalore,Rajasthan,24.797755,72.188371,MoPR_LGD_and_ISRO_Bhuvan,LGD_2026_Bhuvan_2024,704,MATCHED_AUTHORITATIVE_BOUNDARY
705,Sanchore,Jalore,Rajasthan,24.802343,71.767908,MoPR_LGD_and_ISRO_Bhuvan,LGD_2026_Bhuvan_2024,705,MATCHED_AUTHORITATIVE_BOUNDARY
7454,Sarnau,Jalore,Rajasthan,24.775872,71.964549,MoPR_LGD_and_ISRO_Bhuvan,LGD_2026_Bhuvan_2024,7454,MATCHED_AUTHORITATIVE_BOUNDARY
706,Sayla,Jalore,Rajasthan,25.332867,72.296155,MoPR_LGD_and_ISRO_Bhuvan,LGD_2026_Bhuvan_2024,706,MATCHED_AUTHORITATIVE_BOUNDARY
6853,Aklera,Jhalawar,Rajasthan,24.331596,76.51853,MoPR_LGD_and_ISRO_Bhuvan,LGD_2026_Bhuvan_2024,6853,MATCHED_AUTHORITATIVE_BOUNDARY
707,Bakani,Jhalawar,Rajasthan,24.339823,76.288204,MoPR_LGD_and_ISRO_Bhuvan,LGD_2026_Bhuvan_2024,707,MATCHED_AUTHORITATIVE_BOUNDARY
6845,Bhawani Mandi,Jhalawar,Rajasthan,24.32668,75.868401,MoPR_LGD_and_ISRO_Bhuvan,LGD_2026_Bhuvan_2024,6845,MATCHED_AUTHORITATIVE_BOUNDARY
708,Dag,Jhalawar,Rajasthan,23.937213,75.728942,MoPR_LGD_and_ISRO_Bhuvan,LGD_2026_Bhuvan_2024,708,MATCHED_AUTHORITATIVE_BOUNDARY
709,Jhalrapatan,Jhalawar,Rajasthan,24.551045,76.194151,MoPR_LGD_and_ISRO_Bhuvan,LGD_2026_Bhuvan_2024,709,MATCHED_AUTHORITATIVE_BOUNDARY
710,Khanpur,Jhalawar,Rajasthan,24.672139,76.364439,MoPR_LGD_and_ISRO_Bhuvan,LGD_2026_Bhuvan_2024,710,MATCHED_AUTHORITATIVE_BOUNDARY
711,Manoharthana,Jhalawar,Rajasthan,24.278898,76.784399,MoPR_LGD_and_ISRO_Bhuvan,LGD_2026_Bhuvan_2024,711,MATCHED_AUTHORITATIVE_BOUNDARY
712,Pirawa (Sunel),Jhalawar,Rajasthan,24.252927,76.027635,MoPR_LGD_and_ISRO_Bhuvan,LGD_2026_Bhuvan_2024,712,MATCHED_AUTHORITATIVE_BOUNDARY
713,Alsisar,Jhunjhunu,Rajasthan,28.28686,75.263598,MoPR_LGD_and_ISRO_Bhuvan,LGD_2026_Bhuvan_2024,713,MATCHED_AUTHORITATIVE_BOUNDARY
714,Buhana,Jhunjhunu,Rajasthan,28.216732,75.940679,MoPR_LGD_and_ISRO_Bhuvan,LGD_2026_Bhuvan_2024,714,MATCHED_AUTHORITATIVE_BOUNDARY
715,Chirawa,Jhunjhunu,Rajasthan,28.21197,75.558306,MoPR_LGD_and_ISRO_Bhuvan,LGD_2026_Bhuvan_2024,715,MATCHED_AUTHORITATIVE_BOUNDARY
716,Jhunjhunu,Jhunjhunu,Rajasthan,28.108076,75.436725,MoPR_LGD_and_ISRO_Bhuvan,LGD_2026_Bhuvan_2024,716,MATCHED_AUTHORITATIVE_BOUNDARY
717,Khetri,Jhunjhunu,Rajasthan,27.970802,75.796446,MoPR_LGD_and_ISRO_Bhuvan,LGD_2026_Bhuvan_2024,717,MATCHED_AUTHORITATIVE_BOUNDARY
7455,Mandawa,Jhunjhunu,Rajasthan,28.108119,75.187103,MoPR_LGD_and_ISRO_Bhuvan,LGD_2026_Bhuvan_2024,7455,MATCHED_AUTHORITATIVE_BOUNDARY
718,Nawalgarh,Jhunjhunu,Rajasthan,27.890019,75.419929,MoPR_LGD_and_ISRO_Bhuvan,LGD_2026_Bhuvan_2024,718,MATCHED_AUTHORITATIVE_BOUNDARY
7456,Pilani,Jhunjhunu,Rajasthan,28.398204,75.651453,MoPR_LGD_and_ISRO_Bhuvan,LGD_2026_Bhuvan_2024,7456,MATCHED_AUTHORITATIVE_BOUNDARY
7457,Singhana,Jhunjhunu,Rajasthan,28.131138,75.794303,MoPR_LGD_and_ISRO_Bhuvan,LGD_2026_Bhuvan_2024,7457,MATCHED_AUTHORITATIVE_BOUNDARY
719,Surajgarh,Jhunjhunu,Rajasthan,28.299808,75.77813,MoPR_LGD_and_ISRO_Bhuvan,LGD_2026_Bhuvan_2024,719,MATCHED_AUTHORITATIVE_BOUNDARY
720,Udaipurwati,Jhunjhunu,Rajasthan,27.769311,75.551928,MoPR_LGD_and_ISRO_Bhuvan,LGD_2026_Bhuvan_2024,720,MATCHED_AUTHORITATIVE_BOUNDARY
721,Balesar,Jodhpur,Rajasthan,26.409823,72.608905,MoPR_LGD_and_ISRO_Bhuvan,LGD_2026_Bhuvan_2024,721,MATCHED_AUTHORITATIVE_BOUNDARY
6718,Bawadi,Jodhpur,Rajasthan,26.650892,73.187931,MoPR_LGD_and_ISRO_Bhuvan,LGD_2026_Bhuvan_2024,6718,MATCHED_AUTHORITATIVE_BOUNDARY
723,Bhopalgarh,Jodhpur,Rajasthan,26.681127,73.488693,MoPR_LGD_and_ISRO_Bhuvan,LGD_2026_Bhuvan_2024,723,MATCHED_AUTHORITATIVE_BOUNDARY
724,Bilara,Jodhpur,Rajasthan,26.230303,73.625261,MoPR_LGD_and_ISRO_Bhuvan,LGD_2026_Bhuvan_2024,724,MATCHED_AUTHORITATIVE_BOUNDARY
7459,Chamu,Jodhpur,Rajasthan,,,MoPR_LGD_and_ISRO_Bhuvan,LGD_2026_Bhuvan_2024,7459,PENDING_OFFICIAL_BOUNDARY_MATCH
7460,Dhawa,Jodhpur,Rajasthan,26.08685,72.789006,MoPR_LGD_and_ISRO_Bhuvan,LGD_2026_Bhuvan_2024,7460,MATCHED_AUTHORITATIVE_BOUNDARY
7462,Keru,Jodhpur,Rajasthan,26.36682,72.900229,MoPR_LGD_and_ISRO_Bhuvan,LGD_2026_Bhuvan_2024,7462,MATCHED_AUTHORITATIVE_BOUNDARY
725,Luni,Jodhpur,Rajasthan,26.091882,73.081888,MoPR_LGD_and_ISRO_Bhuvan,LGD_2026_Bhuvan_2024,725,MATCHED_AUTHORITATIVE_BOUNDARY
726,Mandor,Jodhpur,Rajasthan,26.327539,73.17144,MoPR_LGD_and_ISRO_Bhuvan,LGD_2026_Bhuvan_2024,726,MATCHED_AUTHORITATIVE_BOUNDARY
727,Osian,Jodhpur,Rajasthan,26.796175,72.881049,MoPR_LGD_and_ISRO_Bhuvan,LGD_2026_Bhuvan_2024,727,MATCHED_AUTHORITATIVE_BOUNDARY
6852,Peepad Sahar,Jodhpur,Rajasthan,26.421144,73.565147,MoPR_LGD_and_ISRO_Bhuvan,LGD_2026_Bhuvan_2024,6852,MATCHED_AUTHORITATIVE_BOUNDARY
6831,Sekhala,Jodhpur,Rajasthan,26.653163,72.473684,MoPR_LGD_and_ISRO_Bhuvan,LGD_2026_Bhuvan_2024,6831,MATCHED_AUTHORITATIVE_BOUNDARY
729,Shergarh,Jodhpur,Rajasthan,26.403864,72.251171,MoPR_LGD_and_ISRO_Bhuvan,LGD_2026_Bhuvan_2024,729,MATCHED_AUTHORITATIVE_BOUNDARY
6855,Tinwari,Jodhpur,Rajasthan,26.578593,72.812826,MoPR_LGD_and_ISRO_Bhuvan,LGD_2026_Bhuvan_2024,6855,MATCHED_AUTHORITATIVE_BOUNDARY
730,Hindaun,Karauli,Rajasthan,26.755679,77.086685,MoPR_LGD_and_ISRO_Bhuvan,LGD_2026_Bhuvan_2024,730,MATCHED_AUTHORITATIVE_BOUNDARY
731,Karauli,Karauli,Rajasthan,26.448067,76.969668,MoPR_LGD_and_ISRO_Bhuvan,LGD_2026_Bhuvan_2024,731,MATCHED_AUTHORITATIVE_BOUNDARY
7064,Mandrayal,Karauli,Rajasthan,26.366015,77.207169,MoPR_LGD_and_ISRO_Bhuvan,LGD_2026_Bhuvan_2024,7064,MATCHED_AUTHORITATIVE_BOUNDARY
7403,Masalpur,Karauli,Rajasthan,26.654433,77.242621,MoPR_LGD_and_ISRO_Bhuvan,LGD_2026_Bhuvan_2024,7403,MATCHED_AUTHORITATIVE_BOUNDARY
732,Nadauti,Karauli,Rajasthan,26.706948,76.687806,MoPR_LGD_and_ISRO_Bhuvan,LGD_2026_Bhuvan_2024,732,MATCHED_AUTHORITATIVE_BOUNDARY
733,Sapotra,Karauli,Rajasthan,26.257012,76.850639,MoPR_LGD_and_ISRO_Bhuvan,LGD_2026_Bhuvan_2024,733,MATCHED_AUTHORITATIVE_BOUNDARY
7405,Sri Mahaveer Ji,Karauli,Rajasthan,26.674092,76.99268,MoPR_LGD_and_ISRO_Bhuvan,LGD_2026_Bhuvan_2024,7405,MATCHED_AUTHORITATIVE_BOUNDARY
734,Todabhim,Karauli,Rajasthan,26.84557,76.859346,MoPR_LGD_and_ISRO_Bhuvan,LGD_2026_Bhuvan_2024,734,MATCHED_AUTHORITATIVE_BOUNDARY
577,Kishangarh Bas,Khairthal-Tijara,Rajasthan,27.794931,76.729758,MoPR_LGD_and_ISRO_Bhuvan,LGD_2026_Bhuvan_2024,577,MATCHED_AUTHORITATIVE_BOUNDARY
578,Kotkasim,Khairthal-Tijara,Rajasthan,27.99215,76.701762,MoPR_LGD_and_ISRO_Bhuvan,LGD_2026_Bhuvan_2024,578,MATCHED_AUTHORITATIVE_BOUNDARY
580,Mandawar,Khairthal-Tijara,Rajasthan,27.873953,76.518994,MoPR_LGD_and_ISRO_Bhuvan,LGD_2026_Bhuvan_2024,580,MATCHED_AUTHORITATIVE_BOUNDARY
586,Tijara,Khairthal-Tijara,Rajasthan,28.000693,76.856798,MoPR_LGD_and_ISRO_Bhuvan,LGD_2026_Bhuvan_2024,586,MATCHED_AUTHORITATIVE_BOUNDARY
735,Itawa,Kota,Rajasthan,25.582871,76.419844,MoPR_LGD_and_ISRO_Bhuvan,LGD_2026_Bhuvan_2024,735,MATCHED_AUTHORITATIVE_BOUNDARY
736,Khairabad,Kota,Rajasthan,24.710142,75.946089,MoPR_LGD_and_ISRO_Bhuvan,LGD_2026_Bhuvan_2024,736,MATCHED_AUTHORITATIVE_BOUNDARY
737,Ladpura,Kota,Rajasthan,25.046856,75.876666,MoPR_LGD_and_ISRO_Bhuvan,LGD_2026_Bhuvan_2024,737,MATCHED_AUTHORITATIVE_BOUNDARY
738,Sangod,Kota,Rajasthan,24.920008,76.211734,MoPR_LGD_and_ISRO_Bhuvan,LGD_2026_Bhuvan_2024,738,MATCHED_AUTHORITATIVE_BOUNDARY
739,Sultanpur,Kota,Rajasthan,25.289733,76.176023,MoPR_LGD_and_ISRO_Bhuvan,LGD_2026_Bhuvan_2024,739,MATCHED_AUTHORITATIVE_BOUNDARY
574,Bansur,Kotputli-Behror,Rajasthan,27.645698,76.359099,MoPR_LGD_and_ISRO_Bhuvan,LGD_2026_Bhuvan_2024,574,MATCHED_AUTHORITATIVE_BOUNDARY
575,Behror,Kotputli-Behror,Rajasthan,27.910698,76.274782,MoPR_LGD_and_ISRO_Bhuvan,LGD_2026_Bhuvan_2024,575,MATCHED_AUTHORITATIVE_BOUNDARY
691,Kotputli,Kotputli-Behror,Rajasthan,27.733193,76.163085,MoPR_LGD_and_ISRO_Bhuvan,LGD_2026_Bhuvan_2024,691,MATCHED_AUTHORITATIVE_BOUNDARY
581,Neemrana,Kotputli-Behror,Rajasthan,28.04462,76.372995,MoPR_LGD_and_ISRO_Bhuvan,LGD_2026_Bhuvan_2024,581,MATCHED_AUTHORITATIVE_BOUNDARY
6821,Paota,Kotputli-Behror,Rajasthan,27.595101,76.069402,MoPR_LGD_and_ISRO_Bhuvan,LGD_2026_Bhuvan_2024,6821,MATCHED_AUTHORITATIVE_BOUNDARY
7383,Bherunda,Nagaur,Rajasthan,26.624488,74.396849,MoPR_LGD_and_ISRO_Bhuvan,LGD_2026_Bhuvan_2024,7383,MATCHED_AUTHORITATIVE_BOUNDARY
740,Degana,Nagaur,Rajasthan,26.893957,74.204778,MoPR_LGD_and_ISRO_Bhuvan,LGD_2026_Bhuvan_2024,740,MATCHED_AUTHORITATIVE_BOUNDARY
742,Jayal,Nagaur,Rajasthan,27.24764,74.076434,MoPR_LGD_and_ISRO_Bhuvan,LGD_2026_Bhuvan_2024,742,MATCHED_AUTHORITATIVE_BOUNDARY
6857,Khinvsar,Nagaur,Rajasthan,27.079593,73.305339,MoPR_LGD_and_ISRO_Bhuvan,LGD_2026_Bhuvan_2024,6857,MATCHED_AUTHORITATIVE_BOUNDARY
746,Merta,Nagaur,Rajasthan,26.669756,73.900862,MoPR_LGD_and_ISRO_Bhuvan,LGD_2026_Bhuvan_2024,746,MATCHED_AUTHORITATIVE_BOUNDARY
747,Mundwa,Nagaur,Rajasthan,26.942382,73.725804,MoPR_LGD_and_ISRO_Bhuvan,LGD_2026_Bhuvan_2024,747,MATCHED_AUTHORITATIVE_BOUNDARY
748,Nagaur,Nagaur,Rajasthan,27.26915,73.689815,MoPR_LGD_and_ISRO_Bhuvan,LGD_2026_Bhuvan_2024,748,MATCHED_AUTHORITATIVE_BOUNDARY
750,Riyan Badi,Nagaur,Rajasthan,26.554815,74.149324,MoPR_LGD_and_ISRO_Bhuvan,LGD_2026_Bhuvan_2024,750,MATCHED_AUTHORITATIVE_BOUNDARY
7512,Bagari,Pali,Rajasthan,,,MoPR_LGD_and_ISRO_Bhuvan,LGD_2026_Bhuvan_2024,7512,PENDING_OFFICIAL_BOUNDARY_MATCH
751,Bali,Pali,Rajasthan,25.057545,73.238167,MoPR_LGD_and_ISRO_Bhuvan,LGD_2026_Bhuvan_2024,751,MATCHED_AUTHORITATIVE_BOUNDARY
752,Desuri,Pali,Rajasthan,25.307114,73.538682,MoPR_LGD_and_ISRO_Bhuvan,LGD_2026_Bhuvan_2024,752,MATCHED_AUTHORITATIVE_BOUNDARY
754,Kharchi(Mar.Jun),Pali,Rajasthan,25.675865,73.688973,MoPR_LGD_and_ISRO_Bhuvan,LGD_2026_Bhuvan_2024,754,MATCHED_AUTHORITATIVE_BOUNDARY
755,Pali,Pali,Rajasthan,25.695103,73.280656,MoPR_LGD_and_ISRO_Bhuvan,LGD_2026_Bhuvan_2024,755,MATCHED_AUTHORITATIVE_BOUNDARY
757,Rani Station,Pali,Rajasthan,25.468595,73.407946,MoPR_LGD_and_ISRO_Bhuvan,LGD_2026_Bhuvan_2024,757,MATCHED_AUTHORITATIVE_BOUNDARY
758,Rohat,Pali,Rajasthan,25.858391,73.087142,MoPR_LGD_and_ISRO_Bhuvan,LGD_2026_Bhuvan_2024,758,MATCHED_AUTHORITATIVE_BOUNDARY
759,Sojat,Pali,Rajasthan,25.961783,73.659068,MoPR_LGD_and_ISRO_Bhuvan,LGD_2026_Bhuvan_2024,759,MATCHED_AUTHORITATIVE_BOUNDARY
760,Sumerpur,Pali,Rajasthan,25.31459,73.105368,MoPR_LGD_and_ISRO_Bhuvan,LGD_2026_Bhuvan_2024,760,MATCHED_AUTHORITATIVE_BOUNDARY
7458,Aau,Phalodi,Rajasthan,27.143886,72.667701,MoPR_LGD_and_ISRO_Bhuvan,LGD_2026_Bhuvan_2024,7458,MATCHED_AUTHORITATIVE_BOUNDARY
722,Bap,Phalodi,Rajasthan,27.375717,72.263359,MoPR_LGD_and_ISRO_Bhuvan,LGD_2026_Bhuvan_2024,722,MATCHED_AUTHORITATIVE_BOUNDARY
6847,Bapini,Phalodi,Rajasthan,26.990948,72.949078,MoPR_LGD_and_ISRO_Bhuvan,LGD_2026_Bhuvan_2024,6847,MATCHED_AUTHORITATIVE_BOUNDARY
6832,Dechu,Phalodi,Rajasthan,26.760235,72.247214,MoPR_LGD_and_ISRO_Bhuvan,LGD_2026_Bhuvan_2024,6832,MATCHED_AUTHORITATIVE_BOUNDARY
7461,Ghantiyali,Phalodi,Rajasthan,27.322999,72.840074,MoPR_LGD_and_ISRO_Bhuvan,LGD_2026_Bhuvan_2024,7461,MATCHED_AUTHORITATIVE_BOUNDARY
6846,Lohawat,Phalodi,Rajasthan,26.980655,72.59129,MoPR_LGD_and_ISRO_Bhuvan,LGD_2026_Bhuvan_2024,6846,MATCHED_AUTHORITATIVE_BOUNDARY
728,Phalodi,Phalodi,Rajasthan,27.047635,72.22793,MoPR_LGD_and_ISRO_Bhuvan,LGD_2026_Bhuvan_2024,728,MATCHED_AUTHORITATIVE_BOUNDARY
640,Arnod,Pratapgarh,Rajasthan,23.824947,74.838137,MoPR_LGD_and_ISRO_Bhuvan,LGD_2026_Bhuvan_2024,640,MATCHED_AUTHORITATIVE_BOUNDARY
646,Chhoti Sadri,Pratapgarh,Rajasthan,24.369171,74.668782,MoPR_LGD_and_ISRO_Bhuvan,LGD_2026_Bhuvan_2024,646,MATCHED_AUTHORITATIVE_BOUNDARY
7466,Dalot,Pratapgarh,Rajasthan,23.649717,74.825105,MoPR_LGD_and_ISRO_Bhuvan,LGD_2026_Bhuvan_2024,7466,MATCHED_AUTHORITATIVE_BOUNDARY
7467,Dhamotar,Pratapgarh,Rajasthan,24.148828,74.656869,MoPR_LGD_and_ISRO_Bhuvan,LGD_2026_Bhuvan_2024,7467,MATCHED_AUTHORITATIVE_BOUNDARY
794,Dhariawad,Pratapgarh,Rajasthan,24.067316,74.393392,MoPR_LGD_and_ISRO_Bhuvan,LGD_2026_Bhuvan_2024,794,MATCHED_AUTHORITATIVE_BOUNDARY
594,Peepal Khoont,Pratapgarh,Rajasthan,23.746138,74.639965,MoPR_LGD_and_ISRO_Bhuvan,LGD_2026_Bhuvan_2024,594,MATCHED_AUTHORITATIVE_BOUNDARY
652,Pratapgarh,Pratapgarh,Rajasthan,24.03063,74.817525,MoPR_LGD_and_ISRO_Bhuvan,LGD_2026_Bhuvan_2024,652,MATCHED_AUTHORITATIVE_BOUNDARY
7468,Suhagpura,Pratapgarh,Rajasthan,23.904244,74.653329,MoPR_LGD_and_ISRO_Bhuvan,LGD_2026_Bhuvan_2024,7468,MATCHED_AUTHORITATIVE_BOUNDARY
761,Amet,Rajsamand,Rajasthan,25.275198,73.954253,MoPR_LGD_and_ISRO_Bhuvan,LGD_2026_Bhuvan_2024,761,MATCHED_AUTHORITATIVE_BOUNDARY
7463,Delwada,Rajsamand,Rajasthan,24.809266,73.737455,MoPR_LGD_and_ISRO_Bhuvan,LGD_2026_Bhuvan_2024,7463,MATCHED_AUTHORITATIVE_BOUNDARY
763,Deogarh,Rajsamand,Rajasthan,25.50099,73.967503,MoPR_LGD_and_ISRO_Bhuvan,LGD_2026_Bhuvan_2024,763,MATCHED_AUTHORITATIVE_BOUNDARY
764,Khamnor,Rajsamand,Rajasthan,24.949409,73.766351,MoPR_LGD_and_ISRO_Bhuvan,LGD_2026_Bhuvan_2024,764,MATCHED_AUTHORITATIVE_BOUNDARY
765,Kumbhalgarh,Rajsamand,Rajasthan,25.168577,73.662407,MoPR_LGD_and_ISRO_Bhuvan,LGD_2026_Bhuvan_2024,765,MATCHED_AUTHORITATIVE_BOUNDARY
766,Railmagra,Rajsamand,Rajasthan,25.007187,74.119546,MoPR_LGD_and_ISRO_Bhuvan,LGD_2026_Bhuvan_2024,766,MATCHED_AUTHORITATIVE_BOUNDARY
767,Rajsamand,Rajsamand,Rajasthan,25.093318,73.884451,MoPR_LGD_and_ISRO_Bhuvan,LGD_2026_Bhuvan_2024,767,MATCHED_AUTHORITATIVE_BOUNDARY
7385,Jaisamand,Salumbar,Rajasthan,24.312475,73.846969,MoPR_LGD_and_ISRO_Bhuvan,LGD_2026_Bhuvan_2024,7385,MATCHED_AUTHORITATIVE_BOUNDARY
7113,Jhallara,Salumbar,Rajasthan,24.044952,74.137023,MoPR_LGD_and_ISRO_Bhuvan,LGD_2026_Bhuvan_2024,7113,MATCHED_AUTHORITATIVE_BOUNDARY
6620,Lasadiya,Salumbar,Rajasthan,24.28259,74.252508,MoPR_LGD_and_ISRO_Bhuvan,LGD_2026_Bhuvan_2024,6620,MATCHED_AUTHORITATIVE_BOUNDARY
801,Salumbar,Salumbar,Rajasthan,24.165459,73.999866,MoPR_LGD_and_ISRO_Bhuvan,LGD_2026_Bhuvan_2024,801,MATCHED_AUTHORITATIVE_BOUNDARY
802,Sarada,Salumbar,Rajasthan,24.186624,73.792268,MoPR_LGD_and_ISRO_Bhuvan,LGD_2026_Bhuvan_2024,802,MATCHED_AUTHORITATIVE_BOUNDARY
6848,Semari,Salumbar,Rajasthan,24.059109,73.894732,MoPR_LGD_and_ISRO_Bhuvan,LGD_2026_Bhuvan_2024,6848,MATCHED_AUTHORITATIVE_BOUNDARY
768,Bamanwas,Sawai Madhopur,Rajasthan,26.513546,76.530383,MoPR_LGD_and_ISRO_Bhuvan,LGD_2026_Bhuvan_2024,768,MATCHED_AUTHORITATIVE_BOUNDARY
769,Bonli,Sawai Madhopur,Rajasthan,26.331992,76.236069,MoPR_LGD_and_ISRO_Bhuvan,LGD_2026_Bhuvan_2024,769,MATCHED_AUTHORITATIVE_BOUNDARY
6824,Chauth Ka Barwara,Sawai Madhopur,Rajasthan,26.118305,76.139294,MoPR_LGD_and_ISRO_Bhuvan,LGD_2026_Bhuvan_2024,6824,MATCHED_AUTHORITATIVE_BOUNDARY
770,Gangapur City,Sawai Madhopur,Rajasthan,26.511802,76.764096,MoPR_LGD_and_ISRO_Bhuvan,LGD_2026_Bhuvan_2024,770,MATCHED_AUTHORITATIVE_BOUNDARY
771,Khandar,Sawai Madhopur,Rajasthan,25.975064,76.55717,MoPR_LGD_and_ISRO_Bhuvan,LGD_2026_Bhuvan_2024,771,MATCHED_AUTHORITATIVE_BOUNDARY
7429,Malarna Doongar,Sawai Madhopur,Rajasthan,26.265759,76.433898,MoPR_LGD_and_ISRO_Bhuvan,LGD_2026_Bhuvan_2024,7429,MATCHED_AUTHORITATIVE_BOUNDARY
772,Sawai Madhopur,Sawai Madhopur,Rajasthan,26.072878,76.383973,MoPR_LGD_and_ISRO_Bhuvan,LGD_2026_Bhuvan_2024,772,MATCHED_AUTHORITATIVE_BOUNDARY
7469,Ajeetgarh,Sikar,Rajasthan,27.532977,75.860301,MoPR_LGD_and_ISRO_Bhuvan,LGD_2026_Bhuvan_2024,7469,MATCHED_AUTHORITATIVE_BOUNDARY
773,Danta Ramgarh,Sikar,Rajasthan,27.29993,75.190903,MoPR_LGD_and_ISRO_Bhuvan,LGD_2026_Bhuvan_2024,773,MATCHED_AUTHORITATIVE_BOUNDARY
774,Dhod,Sikar,Rajasthan,27.568062,75.045283,MoPR_LGD_and_ISRO_Bhuvan,LGD_2026_Bhuvan_2024,774,MATCHED_AUTHORITATIVE_BOUNDARY
775,Fatehpur,Sikar,Rajasthan,27.999691,74.960675,MoPR_LGD_and_ISRO_Bhuvan,LGD_2026_Bhuvan_2024,775,MATCHED_AUTHORITATIVE_BOUNDARY
776,Khandela,Sikar,Rajasthan,27.557111,75.541498,MoPR_LGD_and_ISRO_Bhuvan,LGD_2026_Bhuvan_2024,776,MATCHED_AUTHORITATIVE_BOUNDARY
777,Lachhmangarh,Sikar,Rajasthan,27.798075,75.027368,MoPR_LGD_and_ISRO_Bhuvan,LGD_2026_Bhuvan_2024,777,MATCHED_AUTHORITATIVE_BOUNDARY
7470,Nechwa,Sikar,Rajasthan,27.639576,74.817041,MoPR_LGD_and_ISRO_Bhuvan,LGD_2026_Bhuvan_2024,7470,MATCHED_AUTHORITATIVE_BOUNDARY
778,Neem Ka Thana,Sikar,Rajasthan,27.698026,75.774064,MoPR_LGD_and_ISRO_Bhuvan,LGD_2026_Bhuvan_2024,778,MATCHED_AUTHORITATIVE_BOUNDARY
7471,Palsana,Sikar,Rajasthan,27.470261,75.311633,MoPR_LGD_and_ISRO_Bhuvan,LGD_2026_Bhuvan_2024,7471,MATCHED_AUTHORITATIVE_BOUNDARY
6856,Patan,Sikar,Rajasthan,27.798522,75.95356,MoPR_LGD_and_ISRO_Bhuvan,LGD_2026_Bhuvan_2024,6856,MATCHED_AUTHORITATIVE_BOUNDARY
779,Piprali,Sikar,Rajasthan,27.65867,75.289929,MoPR_LGD_and_ISRO_Bhuvan,LGD_2026_Bhuvan_2024,779,MATCHED_AUTHORITATIVE_BOUNDARY
780,Sri Madhopur,Sikar,Rajasthan,27.409227,75.610594,MoPR_LGD_and_ISRO_Bhuvan,LGD_2026_Bhuvan_2024,780,MATCHED_AUTHORITATIVE_BOUNDARY
781,Abu Road,Sirohi,Rajasthan,24.499817,72.804482,MoPR_LGD_and_ISRO_Bhuvan,LGD_2026_Bhuvan_2024,781,MATCHED_AUTHORITATIVE_BOUNDARY
782,Pindwara,Sirohi,Rajasthan,24.710638,72.979021,MoPR_LGD_and_ISRO_Bhuvan,LGD_2026_Bhuvan_2024,782,MATCHED_AUTHORITATIVE_BOUNDARY
783,Reodar,Sirohi,Rajasthan,24.628071,72.507361,MoPR_LGD_and_ISRO_Bhuvan,LGD_2026_Bhuvan_2024,783,MATCHED_AUTHORITATIVE_BOUNDARY
784,Sheoganj,Sirohi,Rajasthan,25.094932,72.906945,MoPR_LGD_and_ISRO_Bhuvan,LGD_2026_Bhuvan_2024,784,MATCHED_AUTHORITATIVE_BOUNDARY
785,Sirohi,Sirohi,Rajasthan,24.87743,72.712074,MoPR_LGD_and_ISRO_Bhuvan,LGD_2026_Bhuvan_2024,785,MATCHED_AUTHORITATIVE_BOUNDARY
786,Deoli,Tonk,Rajasthan,25.855858,75.543175,MoPR_LGD_and_ISRO_Bhuvan,LGD_2026_Bhuvan_2024,786,MATCHED_AUTHORITATIVE_BOUNDARY
787,Malpura,Tonk,Rajasthan,26.349655,75.354474,MoPR_LGD_and_ISRO_Bhuvan,LGD_2026_Bhuvan_2024,787,MATCHED_AUTHORITATIVE_BOUNDARY
788,Newai,Tonk,Rajasthan,26.402103,75.962332,MoPR_LGD_and_ISRO_Bhuvan,LGD_2026_Bhuvan_2024,788,MATCHED_AUTHORITATIVE_BOUNDARY
7464,Peeplu,Tonk,Rajasthan,26.295996,75.701849,MoPR_LGD_and_ISRO_Bhuvan,LGD_2026_Bhuvan_2024,7464,MATCHED_AUTHORITATIVE_BOUNDARY
790,Tonk,Tonk,Rajasthan,26.114411,75.830702,MoPR_LGD_and_ISRO_Bhuvan,LGD_2026_Bhuvan_2024,790,MATCHED_AUTHORITATIVE_BOUNDARY
791,Uniara,Tonk,Rajasthan,25.944052,76.036108,MoPR_LGD_and_ISRO_Bhuvan,LGD_2026_Bhuvan_2024,791,MATCHED_AUTHORITATIVE_BOUNDARY
792,Bargaon,Udaipur,Rajasthan,24.719027,73.649025,MoPR_LGD_and_ISRO_Bhuvan,LGD_2026_Bhuvan_2024,792,MATCHED_AUTHORITATIVE_BOUNDARY
793,Bhinder,Udaipur,Rajasthan,24.434118,74.199903,MoPR_LGD_and_ISRO_Bhuvan,LGD_2026_Bhuvan_2024,793,MATCHED_AUTHORITATIVE_BOUNDARY
7548,Devla,Udaipur,Rajasthan,,,MoPR_LGD_and_ISRO_Bhuvan,LGD_2026_Bhuvan_2024,7548,PENDING_OFFICIAL_BOUNDARY_MATCH
795,Girwa,Udaipur,Rajasthan,24.442399,73.658415,MoPR_LGD_and_ISRO_Bhuvan,LGD_2026_Bhuvan_2024,795,MATCHED_AUTHORITATIVE_BOUNDARY
796,Gogunda,Udaipur,Rajasthan,24.704084,73.497901,MoPR_LGD_and_ISRO_Bhuvan,LGD_2026_Bhuvan_2024,796,MATCHED_AUTHORITATIVE_BOUNDARY
797,Jhadol,Udaipur,Rajasthan,24.414446,73.44627,MoPR_LGD_and_ISRO_Bhuvan,LGD_2026_Bhuvan_2024,797,MATCHED_AUTHORITATIVE_BOUNDARY
7552,Khemli,Udaipur,Rajasthan,,,MoPR_LGD_and_ISRO_Bhuvan,LGD_2026_Bhuvan_2024,7552,PENDING_OFFICIAL_BOUNDARY_MATCH
798,Kherwara,Udaipur,Rajasthan,24.002429,73.484767,MoPR_LGD_and_ISRO_Bhuvan,LGD_2026_Bhuvan_2024,798,MATCHED_AUTHORITATIVE_BOUNDARY
799,Kotra,Udaipur,Rajasthan,24.514832,73.22762,MoPR_LGD_and_ISRO_Bhuvan,LGD_2026_Bhuvan_2024,799,MATCHED_AUTHORITATIVE_BOUNDARY
7114,Kurabad,Udaipur,Rajasthan,24.456296,73.919728,MoPR_LGD_and_ISRO_Bhuvan,LGD_2026_Bhuvan_2024,7114,MATCHED_AUTHORITATIVE_BOUNDARY
800,Mavli,Udaipur,Rajasthan,24.766836,73.9487,MoPR_LGD_and_ISRO_Bhuvan,LGD_2026_Bhuvan_2024,800,MATCHED_AUTHORITATIVE_BOUNDARY
7386,Nayagaon,Udaipur,Rajasthan,24.561807,74.141908,MoPR_LGD_and_ISRO_Bhuvan,LGD_2026_Bhuvan_2024,7386,MATCHED_AUTHORITATIVE_BOUNDARY
6850,Phalasiya,Udaipur,Rajasthan,24.210777,73.353718,MoPR_LGD_and_ISRO_Bhuvan,LGD_2026_Bhuvan_2024,6850,MATCHED_AUTHORITATIVE_BOUNDARY
6851,Rishbhdeo,Udaipur,Rajasthan,24.06682,73.695252,MoPR_LGD_and_ISRO_Bhuvan,LGD_2026_Bhuvan_2024,6851,MATCHED_AUTHORITATIVE_BOUNDARY
6849,Sayra,Udaipur,Rajasthan,24.932733,73.427861,MoPR_LGD_and_ISRO_Bhuvan,LGD_2026_Bhuvan_2024,6849,MATCHED_AUTHORITATIVE_BOUNDARY
7387,Vallabhnagar,Udaipur,Rajasthan,24.615567,73.994101,MoPR_LGD_and_ISRO_Bhuvan,LGD_2026_Bhuvan_2024,7387,MATCHED_AUTHORITATIVE_BOUNDARY
6532,Khamdong,Gangtok,Sikkim,27.268058,88.484777,MoPR_LGD_and_ISRO_Bhuvan,LGD_2026_Bhuvan_2024,6532,MATCHED_AUTHORITATIVE_BOUNDARY
6562,Martam,Gangtok,Sikkim,,,MoPR_LGD_and_ISRO_Bhuvan,LGD_2026_Bhuvan_2024,6562,PENDING_OFFICIAL_BOUNDARY_MATCH
2153,Nandok,Gangtok,Sikkim,27.343956,88.730469,MoPR_LGD_and_ISRO_Bhuvan,LGD_2026_Bhuvan_2024,2153,MATCHED_AUTHORITATIVE_BOUNDARY
6534,Rakdong Tintek,Gangtok,Sikkim,27.333913,88.506912,MoPR_LGD_and_ISRO_Bhuvan,LGD_2026_Bhuvan_2024,6534,MATCHED_AUTHORITATIVE_BOUNDARY
6535,Ranka,Gangtok,Sikkim,27.332987,88.56977,MoPR_LGD_and_ISRO_Bhuvan,LGD_2026_Bhuvan_2024,6535,MATCHED_AUTHORITATIVE_BOUNDARY
7138,Arithang Chongrang,Gyalshing,Sikkim,27.366381,88.30595,MoPR_LGD_and_ISRO_Bhuvan,LGD_2026_Bhuvan_2024,7138,MATCHED_AUTHORITATIVE_BOUNDARY
6529,Dentam,Gyalshing,Sikkim,27.274982,88.135988,MoPR_LGD_and_ISRO_Bhuvan,LGD_2026_Bhuvan_2024,6529,MATCHED_AUTHORITATIVE_BOUNDARY
2159,Gyalshing,Gyalshing,Sikkim,27.337716,88.105952,MoPR_LGD_and_ISRO_Bhuvan,LGD_2026_Bhuvan_2024,2159,MATCHED_AUTHORITATIVE_BOUNDARY
7139,Hee Martam,Gyalshing,Sikkim,,,MoPR_LGD_and_ISRO_Bhuvan,LGD_2026_Bhuvan_2024,7139,PENDING_OFFICIAL_BOUNDARY_MATCH
6528,Yuksom,Gyalshing,Sikkim,27.458243,88.171033,MoPR_LGD_and_ISRO_Bhuvan,LGD_2026_Bhuvan_2024,6528,MATCHED_AUTHORITATIVE_BOUNDARY
2155,Chungthang,Mangan,Sikkim,27.822206,88.554311,MoPR_LGD_and_ISRO_Bhuvan,LGD_2026_Bhuvan_2024,2155,MATCHED_AUTHORITATIVE_BOUNDARY
6523,Kabi Tingda,Mangan,Sikkim,27.433605,88.654391,MoPR_LGD_and_ISRO_Bhuvan,LGD_2026_Bhuvan_2024,6523,MATCHED_AUTHORITATIVE_BOUNDARY
2156,Mangan,Mangan,Sikkim,27.493737,88.633579,MoPR_LGD_and_ISRO_Bhuvan,LGD_2026_Bhuvan_2024,2156,MATCHED_AUTHORITATIVE_BOUNDARY
6522,Passingdang,Mangan,Sikkim,27.574371,88.362712,MoPR_LGD_and_ISRO_Bhuvan,LGD_2026_Bhuvan_2024,6522,MATCHED_AUTHORITATIVE_BOUNDARY
6563,Jorethang,Namchi,Sikkim,,,MoPR_LGD_and_ISRO_Bhuvan,LGD_2026_Bhuvan_2024,6563,PENDING_OFFICIAL_BOUNDARY_MATCH
2157,Namchi,Namchi,Sikkim,27.157178,88.400574,MoPR_LGD_and_ISRO_Bhuvan,LGD_2026_Bhuvan_2024,2157,MATCHED_AUTHORITATIVE_BOUNDARY
6564,Namthang,Namchi,Sikkim,,,MoPR_LGD_and_ISRO_Bhuvan,LGD_2026_Bhuvan_2024,6564,PENDING_OFFICIAL_BOUNDARY_MATCH
2158,Ravangla,Namchi,Sikkim,27.415305,88.354665,MoPR_LGD_and_ISRO_Bhuvan,LGD_2026_Bhuvan_2024,2158,MATCHED_AUTHORITATIVE_BOUNDARY
6527,Sumbuk,Namchi,Sikkim,27.103717,88.423803,MoPR_LGD_and_ISRO_Bhuvan,LGD_2026_Bhuvan_2024,6527,MATCHED_AUTHORITATIVE_BOUNDARY
6524,Temi,Namchi,Sikkim,27.227324,88.435319,MoPR_LGD_and_ISRO_Bhuvan,LGD_2026_Bhuvan_2024,6524,MATCHED_AUTHORITATIVE_BOUNDARY
6525,Wok,Namchi,Sikkim,27.259821,88.33933,MoPR_LGD_and_ISRO_Bhuvan,LGD_2026_Bhuvan_2024,6525,MATCHED_AUTHORITATIVE_BOUNDARY
6526,Yangang,Namchi,Sikkim,27.340449,88.433926,MoPR_LGD_and_ISRO_Bhuvan,LGD_2026_Bhuvan_2024,6526,MATCHED_AUTHORITATIVE_BOUNDARY
6533,Duga,Pakyong,Sikkim,27.21297,88.54226,MoPR_LGD_and_ISRO_Bhuvan,LGD_2026_Bhuvan_2024,6533,MATCHED_AUTHORITATIVE_BOUNDARY
7556,Namcheybong,Pakyong,Sikkim,,,MoPR_LGD_and_ISRO_Bhuvan,LGD_2026_Bhuvan_2024,7556,PENDING_OFFICIAL_BOUNDARY_MATCH
2154,Pakyong,Pakyong,Sikkim,27.262723,88.655831,MoPR_LGD_and_ISRO_Bhuvan,LGD_2026_Bhuvan_2024,2154,MATCHED_AUTHORITATIVE_BOUNDARY
7137,Parkha,Pakyong,Sikkim,,,MoPR_LGD_and_ISRO_Bhuvan,LGD_2026_Bhuvan_2024,7137,PENDING_OFFICIAL_BOUNDARY_MATCH
6537,Reghu,Pakyong,Sikkim,27.240997,88.774743,MoPR_LGD_and_ISRO_Bhuvan,LGD_2026_Bhuvan_2024,6537,MATCHED_AUTHORITATIVE_BOUNDARY
6536,Rhenock,Pakyong,Sikkim,27.1999,88.643728,MoPR_LGD_and_ISRO_Bhuvan,LGD_2026_Bhuvan_2024,6536,MATCHED_AUTHORITATIVE_BOUNDARY
7501,Baiguney,Soreng,Sikkim,,,MoPR_LGD_and_ISRO_Bhuvan,LGD_2026_Bhuvan_2024,7501,PENDING_OFFICIAL_BOUNDARY_MATCH
7140,Chumbong Chakung,Soreng,Sikkim,27.149846,88.238625,MoPR_LGD_and_ISRO_Bhuvan,LGD_2026_Bhuvan_2024,7140,MATCHED_AUTHORITATIVE_BOUNDARY
6531,Daramdin,Soreng,Sikkim,27.147724,88.124892,MoPR_LGD_and_ISRO_Bhuvan,LGD_2026_Bhuvan_2024,6531,MATCHED_AUTHORITATIVE_BOUNDARY
6530,Kaluk,Soreng,Sikkim,27.216481,88.172847,MoPR_LGD_and_ISRO_Bhuvan,LGD_2026_Bhuvan_2024,6530,MATCHED_AUTHORITATIVE_BOUNDARY
7141,Mangalbarey,Soreng,Sikkim,,,MoPR_LGD_and_ISRO_Bhuvan,LGD_2026_Bhuvan_2024,7141,PENDING_OFFICIAL_BOUNDARY_MATCH
2160,Soreng,Soreng,Sikkim,27.167168,88.227455,MoPR_LGD_and_ISRO_Bhuvan,LGD_2026_Bhuvan_2024,2160,MATCHED_AUTHORITATIVE_BOUNDARY
6255,Andimadam,Ariyalur,Tamil Nadu,11.326872,79.342965,MoPR_LGD_and_ISRO_Bhuvan,LGD_2026_Bhuvan_2024,6255,MATCHED_AUTHORITATIVE_BOUNDARY
6256,Ariyalur,Ariyalur,Tamil Nadu,11.119902,79.140652,MoPR_LGD_and_ISRO_Bhuvan,LGD_2026_Bhuvan_2024,6256,MATCHED_AUTHORITATIVE_BOUNDARY
6257,Jayamkondam,Ariyalur,Tamil Nadu,11.220095,79.399493,MoPR_LGD_and_ISRO_Bhuvan,LGD_2026_Bhuvan_2024,6257,MATCHED_AUTHORITATIVE_BOUNDARY
6259,Sendurai,Ariyalur,Tamil Nadu,11.276437,79.209716,MoPR_LGD_and_ISRO_Bhuvan,LGD_2026_Bhuvan_2024,6259,MATCHED_AUTHORITATIVE_BOUNDARY
6261,Thirumanur,Ariyalur,Tamil Nadu,10.986262,79.087694,MoPR_LGD_and_ISRO_Bhuvan,LGD_2026_Bhuvan_2024,6261,MATCHED_AUTHORITATIVE_BOUNDARY
6260,T. Palur,Ariyalur,Tamil Nadu,11.092604,79.306542,MoPR_LGD_and_ISRO_Bhuvan,LGD_2026_Bhuvan_2024,6260,MATCHED_AUTHORITATIVE_BOUNDARY
6175,Acharapakkam,Chengalpattu,Tamil Nadu,12.444826,79.770983,MoPR_LGD_and_ISRO_Bhuvan,LGD_2026_Bhuvan_2024,6175,MATCHED_AUTHORITATIVE_BOUNDARY
6176,Chithamur,Chengalpattu,Tamil Nadu,12.329642,79.920405,MoPR_LGD_and_ISRO_Bhuvan,LGD_2026_Bhuvan_2024,6176,MATCHED_AUTHORITATIVE_BOUNDARY
6178,Kattankolathur,Chengalpattu,Tamil Nadu,12.842718,80.071015,MoPR_LGD_and_ISRO_Bhuvan,LGD_2026_Bhuvan_2024,6178,MATCHED_AUTHORITATIVE_BOUNDARY
6180,Lathur,Chengalpattu,Tamil Nadu,12.445946,80.052041,MoPR_LGD_and_ISRO_Bhuvan,LGD_2026_Bhuvan_2024,6180,MATCHED_AUTHORITATIVE_BOUNDARY
6181,Madurantakam,Chengalpattu,Tamil Nadu,12.508816,79.92257,MoPR_LGD_and_ISRO_Bhuvan,LGD_2026_Bhuvan_2024,6181,MATCHED_AUTHORITATIVE_BOUNDARY
6183,St.Thomas Mount,Chengalpattu,Tamil Nadu,,,MoPR_LGD_and_ISRO_Bhuvan,LGD_2026_Bhuvan_2024,6183,PENDING_OFFICIAL_BOUNDARY_MATCH
6184,Thiruporur,Chengalpattu,Tamil Nadu,12.731867,80.152423,MoPR_LGD_and_ISRO_Bhuvan,LGD_2026_Bhuvan_2024,6184,MATCHED_AUTHORITATIVE_BOUNDARY
6185,Tirukkalukunram,Chengalpattu,Tamil Nadu,12.577091,80.075352,MoPR_LGD_and_ISRO_Bhuvan,LGD_2026_Bhuvan_2024,6185,MATCHED_AUTHORITATIVE_BOUNDARY
6101,Anamalai,Coimbatore,Tamil Nadu,10.43565,76.94729,MoPR_LGD_and_ISRO_Bhuvan,LGD_2026_Bhuvan_2024,6101,MATCHED_AUTHORITATIVE_BOUNDARY
6102,Annur,Coimbatore,Tamil Nadu,11.233413,77.08352,MoPR_LGD_and_ISRO_Bhuvan,LGD_2026_Bhuvan_2024,6102,MATCHED_AUTHORITATIVE_BOUNDARY
6105,Karamadai,Coimbatore,Tamil Nadu,11.268827,76.89849,MoPR_LGD_and_ISRO_Bhuvan,LGD_2026_Bhuvan_2024,6105,MATCHED_AUTHORITATIVE_BOUNDARY
6106,Kinathukadavu,Coimbatore,Tamil Nadu,10.802581,77.051606,MoPR_LGD_and_ISRO_Bhuvan,LGD_2026_Bhuvan_2024,6106,MATCHED_AUTHORITATIVE_BOUNDARY
6108,Madukkarai,Coimbatore,Tamil Nadu,10.903196,76.971786,MoPR_LGD_and_ISRO_Bhuvan,LGD_2026_Bhuvan_2024,6108,MATCHED_AUTHORITATIVE_BOUNDARY
6110,Periyanayakkanpalayam,Coimbatore,Tamil Nadu,11.120699,76.881739,MoPR_LGD_and_ISRO_Bhuvan,LGD_2026_Bhuvan_2024,6110,MATCHED_AUTHORITATIVE_BOUNDARY
6111,Pollachi North,Coimbatore,Tamil Nadu,10.700703,77.001827,MoPR_LGD_and_ISRO_Bhuvan,LGD_2026_Bhuvan_2024,6111,MATCHED_AUTHORITATIVE_BOUNDARY
6112,Pollachi South,Coimbatore,Tamil Nadu,10.615394,77.073243,MoPR_LGD_and_ISRO_Bhuvan,LGD_2026_Bhuvan_2024,6112,MATCHED_AUTHORITATIVE_BOUNDARY
6114,Sarcarsamakulam,Coimbatore,Tamil Nadu,11.078661,77.00207,MoPR_LGD_and_ISRO_Bhuvan,LGD_2026_Bhuvan_2024,6114,MATCHED_AUTHORITATIVE_BOUNDARY
6115,Sultanpet,Coimbatore,Tamil Nadu,10.880526,77.177308,MoPR_LGD_and_ISRO_Bhuvan,LGD_2026_Bhuvan_2024,6115,MATCHED_AUTHORITATIVE_BOUNDARY
6116,Sulur,Coimbatore,Tamil Nadu,11.070595,77.132217,MoPR_LGD_and_ISRO_Bhuvan,LGD_2026_Bhuvan_2024,6116,MATCHED_AUTHORITATIVE_BOUNDARY
6117,Thondamuthur,Coimbatore,Tamil Nadu,10.961124,76.814041,MoPR_LGD_and_ISRO_Bhuvan,LGD_2026_Bhuvan_2024,6117,MATCHED_AUTHORITATIVE_BOUNDARY
6120,Annagramam,Cuddalore,Tamil Nadu,11.801418,79.580669,MoPR_LGD_and_ISRO_Bhuvan,LGD_2026_Bhuvan_2024,6120,MATCHED_AUTHORITATIVE_BOUNDARY
6121,Cuddalore,Cuddalore,Tamil Nadu,11.756601,79.719997,MoPR_LGD_and_ISRO_Bhuvan,LGD_2026_Bhuvan_2024,6121,MATCHED_AUTHORITATIVE_BOUNDARY
6122,Kammapuram,Cuddalore,Tamil Nadu,11.548519,79.430149,MoPR_LGD_and_ISRO_Bhuvan,LGD_2026_Bhuvan_2024,6122,MATCHED_AUTHORITATIVE_BOUNDARY
6123,Kattumannarkoil,Cuddalore,Tamil Nadu,11.276401,79.519755,MoPR_LGD_and_ISRO_Bhuvan,LGD_2026_Bhuvan_2024,6123,MATCHED_AUTHORITATIVE_BOUNDARY
6124,Keerapalayam,Cuddalore,Tamil Nadu,11.398664,79.597692,MoPR_LGD_and_ISRO_Bhuvan,LGD_2026_Bhuvan_2024,6124,MATCHED_AUTHORITATIVE_BOUNDARY
6125,Komaratchi,Cuddalore,Tamil Nadu,11.329018,79.643816,MoPR_LGD_and_ISRO_Bhuvan,LGD_2026_Bhuvan_2024,6125,MATCHED_AUTHORITATIVE_BOUNDARY
6126,Kurinjipadi,Cuddalore,Tamil Nadu,11.585318,79.647218,MoPR_LGD_and_ISRO_Bhuvan,LGD_2026_Bhuvan_2024,6126,MATCHED_AUTHORITATIVE_BOUNDARY
6127,Mangalur,Cuddalore,Tamil Nadu,11.482268,79.031186,MoPR_LGD_and_ISRO_Bhuvan,LGD_2026_Bhuvan_2024,6127,MATCHED_AUTHORITATIVE_BOUNDARY
6128,Melbhuvanagiri,Cuddalore,Tamil Nadu,11.466828,79.583463,MoPR_LGD_and_ISRO_Bhuvan,LGD_2026_Bhuvan_2024,6128,MATCHED_AUTHORITATIVE_BOUNDARY
6129,Nallur,Cuddalore,Tamil Nadu,11.500345,79.186501,MoPR_LGD_and_ISRO_Bhuvan,LGD_2026_Bhuvan_2024,6129,MATCHED_AUTHORITATIVE_BOUNDARY
6130,Panruti,Cuddalore,Tamil Nadu,11.686959,79.528514,MoPR_LGD_and_ISRO_Bhuvan,LGD_2026_Bhuvan_2024,6130,MATCHED_AUTHORITATIVE_BOUNDARY
6131,Parangipettai,Cuddalore,Tamil Nadu,11.468292,79.735084,MoPR_LGD_and_ISRO_Bhuvan,LGD_2026_Bhuvan_2024,6131,MATCHED_AUTHORITATIVE_BOUNDARY
7476,Srimushnam,Cuddalore,Tamil Nadu,11.407593,79.446555,MoPR_LGD_and_ISRO_Bhuvan,LGD_2026_Bhuvan_2024,7476,MATCHED_AUTHORITATIVE_BOUNDARY
6132,Vriddhachalam,Cuddalore,Tamil Nadu,11.552447,79.302437,MoPR_LGD_and_ISRO_Bhuvan,LGD_2026_Bhuvan_2024,6132,MATCHED_AUTHORITATIVE_BOUNDARY
6133,Dharmapuri,Dharmapuri,Tamil Nadu,12.112004,78.193777,MoPR_LGD_and_ISRO_Bhuvan,LGD_2026_Bhuvan_2024,6133,MATCHED_AUTHORITATIVE_BOUNDARY
7477,Eriyur,Dharmapuri,Tamil Nadu,,,MoPR_LGD_and_ISRO_Bhuvan,LGD_2026_Bhuvan_2024,7477,PENDING_OFFICIAL_BOUNDARY_MATCH
6134,Harur,Dharmapuri,Tamil Nadu,12.049903,78.578801,MoPR_LGD_and_ISRO_Bhuvan,LGD_2026_Bhuvan_2024,6134,MATCHED_AUTHORITATIVE_BOUNDARY
7478,Kadathur,Dharmapuri,Tamil Nadu,12.049544,78.318727,MoPR_LGD_and_ISRO_Bhuvan,LGD_2026_Bhuvan_2024,7478,MATCHED_AUTHORITATIVE_BOUNDARY
6135,Karimangalam,Dharmapuri,Tamil Nadu,12.324959,78.14987,MoPR_LGD_and_ISRO_Bhuvan,LGD_2026_Bhuvan_2024,6135,MATCHED_AUTHORITATIVE_BOUNDARY
6136,Morappur,Dharmapuri,Tamil Nadu,12.179017,78.342494,MoPR_LGD_and_ISRO_Bhuvan,LGD_2026_Bhuvan_2024,6136,MATCHED_AUTHORITATIVE_BOUNDARY
6137,Nallampalli,Dharmapuri,Tamil Nadu,12.034898,78.051794,MoPR_LGD_and_ISRO_Bhuvan,LGD_2026_Bhuvan_2024,6137,MATCHED_AUTHORITATIVE_BOUNDARY
6138,Palakkodu,Dharmapuri,Tamil Nadu,12.338111,78.027851,MoPR_LGD_and_ISRO_Bhuvan,LGD_2026_Bhuvan_2024,6138,MATCHED_AUTHORITATIVE_BOUNDARY
6139,Pappireddipatty,Dharmapuri,Tamil Nadu,11.916441,78.447827,MoPR_LGD_and_ISRO_Bhuvan,LGD_2026_Bhuvan_2024,6139,MATCHED_AUTHORITATIVE_BOUNDARY
6140,Pennagaram,Dharmapuri,Tamil Nadu,12.09556,77.879626,MoPR_LGD_and_ISRO_Bhuvan,LGD_2026_Bhuvan_2024,6140,MATCHED_AUTHORITATIVE_BOUNDARY
6141,Athoor,Dindigul,Tamil Nadu,10.280939,77.824113,MoPR_LGD_and_ISRO_Bhuvan,LGD_2026_Bhuvan_2024,6141,MATCHED_AUTHORITATIVE_BOUNDARY
6142,Dindigul,Dindigul,Tamil Nadu,10.389733,77.978029,MoPR_LGD_and_ISRO_Bhuvan,LGD_2026_Bhuvan_2024,6142,MATCHED_AUTHORITATIVE_BOUNDARY
6143,Guziliamparai,Dindigul,Tamil Nadu,10.691617,78.080307,MoPR_LGD_and_ISRO_Bhuvan,LGD_2026_Bhuvan_2024,6143,MATCHED_AUTHORITATIVE_BOUNDARY
6144,Kodaikanal,Dindigul,Tamil Nadu,10.270977,77.503378,MoPR_LGD_and_ISRO_Bhuvan,LGD_2026_Bhuvan_2024,6144,MATCHED_AUTHORITATIVE_BOUNDARY
6145,Nattam,Dindigul,Tamil Nadu,10.263009,78.238058,MoPR_LGD_and_ISRO_Bhuvan,LGD_2026_Bhuvan_2024,6145,MATCHED_AUTHORITATIVE_BOUNDARY
6146,Nilakottai,Dindigul,Tamil Nadu,10.167212,77.872828,MoPR_LGD_and_ISRO_Bhuvan,LGD_2026_Bhuvan_2024,6146,MATCHED_AUTHORITATIVE_BOUNDARY
6147,Oddanchatram,Dindigul,Tamil Nadu,10.532602,77.758543,MoPR_LGD_and_ISRO_Bhuvan,LGD_2026_Bhuvan_2024,6147,MATCHED_AUTHORITATIVE_BOUNDARY
6148,Palani,Dindigul,Tamil Nadu,10.434672,77.471639,MoPR_LGD_and_ISRO_Bhuvan,LGD_2026_Bhuvan_2024,6148,MATCHED_AUTHORITATIVE_BOUNDARY
6149,Reddiyarchatiram,Dindigul,Tamil Nadu,10.411248,77.827109,MoPR_LGD_and_ISRO_Bhuvan,LGD_2026_Bhuvan_2024,6149,MATCHED_AUTHORITATIVE_BOUNDARY
6150,Shanarpatti,Dindigul,Tamil Nadu,10.2687,78.064979,MoPR_LGD_and_ISRO_Bhuvan,LGD_2026_Bhuvan_2024,6150,MATCHED_AUTHORITATIVE_BOUNDARY
6151,Thoppampatti,Dindigul,Tamil Nadu,10.582486,77.56035,MoPR_LGD_and_ISRO_Bhuvan,LGD_2026_Bhuvan_2024,6151,MATCHED_AUTHORITATIVE_BOUNDARY
6152,Vadamadurai,Dindigul,Tamil Nadu,10.461015,78.120779,MoPR_LGD_and_ISRO_Bhuvan,LGD_2026_Bhuvan_2024,6152,MATCHED_AUTHORITATIVE_BOUNDARY
6153,Vattalkundu,Dindigul,Tamil Nadu,10.122057,77.759377,MoPR_LGD_and_ISRO_Bhuvan,LGD_2026_Bhuvan_2024,6153,MATCHED_AUTHORITATIVE_BOUNDARY
6154,Vedasandur,Dindigul,Tamil Nadu,10.561974,77.981783,MoPR_LGD_and_ISRO_Bhuvan,LGD_2026_Bhuvan_2024,6154,MATCHED_AUTHORITATIVE_BOUNDARY
6155,Ammapet,Erode,Tamil Nadu,11.628092,77.617644,MoPR_LGD_and_ISRO_Bhuvan,LGD_2026_Bhuvan_2024,6155,MATCHED_AUTHORITATIVE_BOUNDARY
6156,Andiyur,Erode,Tamil Nadu,11.752299,77.463302,MoPR_LGD_and_ISRO_Bhuvan,LGD_2026_Bhuvan_2024,6156,MATCHED_AUTHORITATIVE_BOUNDARY
6157,Bhavani,Erode,Tamil Nadu,11.46583,77.613885,MoPR_LGD_and_ISRO_Bhuvan,LGD_2026_Bhuvan_2024,6157,MATCHED_AUTHORITATIVE_BOUNDARY
6158,Bhavanisagar,Erode,Tamil Nadu,11.432829,77.111725,MoPR_LGD_and_ISRO_Bhuvan,LGD_2026_Bhuvan_2024,6158,MATCHED_AUTHORITATIVE_BOUNDARY
6159,Chennimalai,Erode,Tamil Nadu,11.191305,77.586198,MoPR_LGD_and_ISRO_Bhuvan,LGD_2026_Bhuvan_2024,6159,MATCHED_AUTHORITATIVE_BOUNDARY
6161,Erode,Erode,Tamil Nadu,11.36206,77.671181,MoPR_LGD_and_ISRO_Bhuvan,LGD_2026_Bhuvan_2024,6161,MATCHED_AUTHORITATIVE_BOUNDARY
6162,Gopichettipalaiyam,Erode,Tamil Nadu,11.444891,77.458082,MoPR_LGD_and_ISRO_Bhuvan,LGD_2026_Bhuvan_2024,6162,MATCHED_AUTHORITATIVE_BOUNDARY
6164,Kodumudi,Erode,Tamil Nadu,11.100828,77.821589,MoPR_LGD_and_ISRO_Bhuvan,LGD_2026_Bhuvan_2024,6164,MATCHED_AUTHORITATIVE_BOUNDARY
6166,Modakurichi,Erode,Tamil Nadu,11.214348,77.746758,MoPR_LGD_and_ISRO_Bhuvan,LGD_2026_Bhuvan_2024,6166,MATCHED_AUTHORITATIVE_BOUNDARY
6168,Nambiyur,Erode,Tamil Nadu,11.362688,77.341986,MoPR_LGD_and_ISRO_Bhuvan,LGD_2026_Bhuvan_2024,6168,MATCHED_AUTHORITATIVE_BOUNDARY
6169,Perundurai,Erode,Tamil Nadu,11.315741,77.53979,MoPR_LGD_and_ISRO_Bhuvan,LGD_2026_Bhuvan_2024,6169,MATCHED_AUTHORITATIVE_BOUNDARY
6170,Satyamangalam,Erode,Tamil Nadu,11.59938,77.311875,MoPR_LGD_and_ISRO_Bhuvan,LGD_2026_Bhuvan_2024,6170,MATCHED_AUTHORITATIVE_BOUNDARY
6171,Talavadi,Erode,Tamil Nadu,11.660527,77.05705,MoPR_LGD_and_ISRO_Bhuvan,LGD_2026_Bhuvan_2024,6171,MATCHED_AUTHORITATIVE_BOUNDARY
6172,Thoockanaickenpalaiyam,Erode,Tamil Nadu,11.501874,77.382539,MoPR_LGD_and_ISRO_Bhuvan,LGD_2026_Bhuvan_2024,6172,MATCHED_AUTHORITATIVE_BOUNDARY
6453,Chinnasalem,Kallakurichi,Tamil Nadu,11.646139,78.877301,MoPR_LGD_and_ISRO_Bhuvan,LGD_2026_Bhuvan_2024,6453,MATCHED_AUTHORITATIVE_BOUNDARY
6455,Kallakkurichi,Kallakurichi,Tamil Nadu,11.744177,78.942581,MoPR_LGD_and_ISRO_Bhuvan,LGD_2026_Bhuvan_2024,6455,MATCHED_AUTHORITATIVE_BOUNDARY
6456,Kalrayanhills,Kallakurichi,Tamil Nadu,11.838816,78.745587,MoPR_LGD_and_ISRO_Bhuvan,LGD_2026_Bhuvan_2024,6456,MATCHED_AUTHORITATIVE_BOUNDARY
6465,Rishivandiam,Kallakurichi,Tamil Nadu,11.907698,79.029524,MoPR_LGD_and_ISRO_Bhuvan,LGD_2026_Bhuvan_2024,6465,MATCHED_AUTHORITATIVE_BOUNDARY
6466,Sankarapuram,Kallakurichi,Tamil Nadu,11.929465,78.914308,MoPR_LGD_and_ISRO_Bhuvan,LGD_2026_Bhuvan_2024,6466,MATCHED_AUTHORITATIVE_BOUNDARY
6467,Thiagadurgam,Kallakurichi,Tamil Nadu,11.690427,79.094751,MoPR_LGD_and_ISRO_Bhuvan,LGD_2026_Bhuvan_2024,6467,MATCHED_AUTHORITATIVE_BOUNDARY
6469,Tirukkoyilur,Kallakurichi,Tamil Nadu,11.940935,79.151384,MoPR_LGD_and_ISRO_Bhuvan,LGD_2026_Bhuvan_2024,6469,MATCHED_AUTHORITATIVE_BOUNDARY
6470,Tirunavalur,Kallakurichi,Tamil Nadu,11.745042,79.351039,MoPR_LGD_and_ISRO_Bhuvan,LGD_2026_Bhuvan_2024,6470,MATCHED_AUTHORITATIVE_BOUNDARY
6471,Ulundurpet,Kallakurichi,Tamil Nadu,11.74633,79.2093,MoPR_LGD_and_ISRO_Bhuvan,LGD_2026_Bhuvan_2024,6471,MATCHED_AUTHORITATIVE_BOUNDARY
6177,Kanchipuram,Kancheepuram,Tamil Nadu,12.818529,79.692209,MoPR_LGD_and_ISRO_Bhuvan,LGD_2026_Bhuvan_2024,6177,MATCHED_AUTHORITATIVE_BOUNDARY
6179,Kunnattur,Kancheepuram,Tamil Nadu,12.940962,80.224956,MoPR_LGD_and_ISRO_Bhuvan,LGD_2026_Bhuvan_2024,6179,MATCHED_AUTHORITATIVE_BOUNDARY
6182,Sriperumbudur,Kancheepuram,Tamil Nadu,12.952968,79.916261,MoPR_LGD_and_ISRO_Bhuvan,LGD_2026_Bhuvan_2024,6182,MATCHED_AUTHORITATIVE_BOUNDARY
6186,Uttiramerur,Kancheepuram,Tamil Nadu,12.658291,79.796108,MoPR_LGD_and_ISRO_Bhuvan,LGD_2026_Bhuvan_2024,6186,MATCHED_AUTHORITATIVE_BOUNDARY
6187,Walajabad,Kancheepuram,Tamil Nadu,12.870985,79.782903,MoPR_LGD_and_ISRO_Bhuvan,LGD_2026_Bhuvan_2024,6187,MATCHED_AUTHORITATIVE_BOUNDARY
6188,Agastiswaram,Kanniyakumari,Tamil Nadu,8.146875,77.511477,MoPR_LGD_and_ISRO_Bhuvan,LGD_2026_Bhuvan_2024,6188,MATCHED_AUTHORITATIVE_BOUNDARY
6189,Killiyoor,Kanniyakumari,Tamil Nadu,8.266562,77.221678,MoPR_LGD_and_ISRO_Bhuvan,LGD_2026_Bhuvan_2024,6189,MATCHED_AUTHORITATIVE_BOUNDARY
6190,Kurunthancode,Kanniyakumari,Tamil Nadu,8.190353,77.322176,MoPR_LGD_and_ISRO_Bhuvan,LGD_2026_Bhuvan_2024,6190,MATCHED_AUTHORITATIVE_BOUNDARY
6191,Melpuram,Kanniyakumari,Tamil Nadu,8.445602,77.251278,MoPR_LGD_and_ISRO_Bhuvan,LGD_2026_Bhuvan_2024,6191,MATCHED_AUTHORITATIVE_BOUNDARY
6192,Munchira,Kanniyakumari,Tamil Nadu,8.301964,77.161054,MoPR_LGD_and_ISRO_Bhuvan,LGD_2026_Bhuvan_2024,6192,MATCHED_AUTHORITATIVE_BOUNDARY
6193,Rajakkamangalam,Kanniyakumari,Tamil Nadu,8.150513,77.412343,MoPR_LGD_and_ISRO_Bhuvan,LGD_2026_Bhuvan_2024,6193,MATCHED_AUTHORITATIVE_BOUNDARY
6194,Thackalai,Kanniyakumari,Tamil Nadu,8.267153,77.317565,MoPR_LGD_and_ISRO_Bhuvan,LGD_2026_Bhuvan_2024,6194,MATCHED_AUTHORITATIVE_BOUNDARY
6195,Thiruvattar,Kanniyakumari,Tamil Nadu,8.417221,77.346482,MoPR_LGD_and_ISRO_Bhuvan,LGD_2026_Bhuvan_2024,6195,MATCHED_AUTHORITATIVE_BOUNDARY
6196,Thovala,Kanniyakumari,Tamil Nadu,8.309794,77.467679,MoPR_LGD_and_ISRO_Bhuvan,LGD_2026_Bhuvan_2024,6196,MATCHED_AUTHORITATIVE_BOUNDARY
6197,Aravakurichi,Karur,Tamil Nadu,10.74594,77.920376,MoPR_LGD_and_ISRO_Bhuvan,LGD_2026_Bhuvan_2024,6197,MATCHED_AUTHORITATIVE_BOUNDARY
6199,Kadavur,Karur,Tamil Nadu,10.703003,78.21991,MoPR_LGD_and_ISRO_Bhuvan,LGD_2026_Bhuvan_2024,6199,MATCHED_AUTHORITATIVE_BOUNDARY
6200,Karur,Karur,Tamil Nadu,11.025611,78.060978,MoPR_LGD_and_ISRO_Bhuvan,LGD_2026_Bhuvan_2024,6200,MATCHED_AUTHORITATIVE_BOUNDARY
6198,K.Paramathy,Karur,Tamil Nadu,10.942549,77.883356,MoPR_LGD_and_ISRO_Bhuvan,LGD_2026_Bhuvan_2024,6198,MATCHED_AUTHORITATIVE_BOUNDARY
6201,Krishnarayapuram,Karur,Tamil Nadu,10.867328,78.301835,MoPR_LGD_and_ISRO_Bhuvan,LGD_2026_Bhuvan_2024,6201,MATCHED_AUTHORITATIVE_BOUNDARY
6202,Kulittalai,Karur,Tamil Nadu,10.879815,78.452292,MoPR_LGD_and_ISRO_Bhuvan,LGD_2026_Bhuvan_2024,6202,MATCHED_AUTHORITATIVE_BOUNDARY
6203,Thanthoni,Karur,Tamil Nadu,10.88422,78.095606,MoPR_LGD_and_ISRO_Bhuvan,LGD_2026_Bhuvan_2024,6203,MATCHED_AUTHORITATIVE_BOUNDARY
6204,Thogaimalai,Karur,Tamil Nadu,10.761812,78.462543,MoPR_LGD_and_ISRO_Bhuvan,LGD_2026_Bhuvan_2024,6204,MATCHED_AUTHORITATIVE_BOUNDARY
6205,Bargur,Krishnagiri,Tamil Nadu,12.484235,78.346421,MoPR_LGD_and_ISRO_Bhuvan,LGD_2026_Bhuvan_2024,6205,MATCHED_AUTHORITATIVE_BOUNDARY
6206,Hosur,Krishnagiri,Tamil Nadu,12.752172,77.845852,MoPR_LGD_and_ISRO_Bhuvan,LGD_2026_Bhuvan_2024,6206,MATCHED_AUTHORITATIVE_BOUNDARY
6207,Kaveripattinam,Krishnagiri,Tamil Nadu,12.369548,78.247099,MoPR_LGD_and_ISRO_Bhuvan,LGD_2026_Bhuvan_2024,6207,MATCHED_AUTHORITATIVE_BOUNDARY
6208,Kelamangalam,Krishnagiri,Tamil Nadu,12.500851,77.856819,MoPR_LGD_and_ISRO_Bhuvan,LGD_2026_Bhuvan_2024,6208,MATCHED_AUTHORITATIVE_BOUNDARY
6209,Krishnagiri,Krishnagiri,Tamil Nadu,12.544464,78.18649,MoPR_LGD_and_ISRO_Bhuvan,LGD_2026_Bhuvan_2024,6209,MATCHED_AUTHORITATIVE_BOUNDARY
6210,Mathur,Krishnagiri,Tamil Nadu,12.340697,78.447211,MoPR_LGD_and_ISRO_Bhuvan,LGD_2026_Bhuvan_2024,6210,MATCHED_AUTHORITATIVE_BOUNDARY
6211,Shoolagiri,Krishnagiri,Tamil Nadu,12.695314,77.999006,MoPR_LGD_and_ISRO_Bhuvan,LGD_2026_Bhuvan_2024,6211,MATCHED_AUTHORITATIVE_BOUNDARY
6212,Thally,Krishnagiri,Tamil Nadu,12.400933,77.700208,MoPR_LGD_and_ISRO_Bhuvan,LGD_2026_Bhuvan_2024,6212,MATCHED_AUTHORITATIVE_BOUNDARY
6213,Uthangarai,Krishnagiri,Tamil Nadu,12.248315,78.536122,MoPR_LGD_and_ISRO_Bhuvan,LGD_2026_Bhuvan_2024,6213,MATCHED_AUTHORITATIVE_BOUNDARY
6214,Veppanapalli,Krishnagiri,Tamil Nadu,12.68985,78.155764,MoPR_LGD_and_ISRO_Bhuvan,LGD_2026_Bhuvan_2024,6214,MATCHED_AUTHORITATIVE_BOUNDARY
6215,Alanganallur,Madurai,Tamil Nadu,10.087448,78.088069,MoPR_LGD_and_ISRO_Bhuvan,LGD_2026_Bhuvan_2024,6215,MATCHED_AUTHORITATIVE_BOUNDARY
6216,Chellampatti,Madurai,Tamil Nadu,9.965309,77.879904,MoPR_LGD_and_ISRO_Bhuvan,LGD_2026_Bhuvan_2024,6216,MATCHED_AUTHORITATIVE_BOUNDARY
6217,Kallikudi,Madurai,Tamil Nadu,9.710829,77.986204,MoPR_LGD_and_ISRO_Bhuvan,LGD_2026_Bhuvan_2024,6217,MATCHED_AUTHORITATIVE_BOUNDARY
6218,Kottampatti,Madurai,Tamil Nadu,10.167587,78.350081,MoPR_LGD_and_ISRO_Bhuvan,LGD_2026_Bhuvan_2024,6218,MATCHED_AUTHORITATIVE_BOUNDARY
6219,Madurai East,Madurai,Tamil Nadu,9.952035,78.216987,MoPR_LGD_and_ISRO_Bhuvan,LGD_2026_Bhuvan_2024,6219,MATCHED_AUTHORITATIVE_BOUNDARY
6220,Madurai West,Madurai,Tamil Nadu,9.989512,78.109669,MoPR_LGD_and_ISRO_Bhuvan,LGD_2026_Bhuvan_2024,6220,MATCHED_AUTHORITATIVE_BOUNDARY
6221,Melur,Madurai,Tamil Nadu,10.010315,78.343874,MoPR_LGD_and_ISRO_Bhuvan,LGD_2026_Bhuvan_2024,6221,MATCHED_AUTHORITATIVE_BOUNDARY
6222,Sedapatti,Madurai,Tamil Nadu,9.835031,77.724817,MoPR_LGD_and_ISRO_Bhuvan,LGD_2026_Bhuvan_2024,6222,MATCHED_AUTHORITATIVE_BOUNDARY
6224,Tirumangalam,Madurai,Tamil Nadu,9.844429,77.944699,MoPR_LGD_and_ISRO_Bhuvan,LGD_2026_Bhuvan_2024,6224,MATCHED_AUTHORITATIVE_BOUNDARY
6225,Tirupparangunram,Madurai,Tamil Nadu,9.867009,78.081873,MoPR_LGD_and_ISRO_Bhuvan,LGD_2026_Bhuvan_2024,6225,MATCHED_AUTHORITATIVE_BOUNDARY
6223,T.Kallupatti,Madurai,Tamil Nadu,9.71364,77.733688,MoPR_LGD_and_ISRO_Bhuvan,LGD_2026_Bhuvan_2024,6223,MATCHED_AUTHORITATIVE_BOUNDARY
6226,Usilampatti,Madurai,Tamil Nadu,9.967608,77.766808,MoPR_LGD_and_ISRO_Bhuvan,LGD_2026_Bhuvan_2024,6226,MATCHED_AUTHORITATIVE_BOUNDARY
6227,Vadipatti,Madurai,Tamil Nadu,10.087216,77.992869,MoPR_LGD_and_ISRO_Bhuvan,LGD_2026_Bhuvan_2024,6227,MATCHED_AUTHORITATIVE_BOUNDARY
6230,Kollidam,Mayiladuthurai,Tamil Nadu,11.303865,79.76142,MoPR_LGD_and_ISRO_Bhuvan,LGD_2026_Bhuvan_2024,6230,MATCHED_AUTHORITATIVE_BOUNDARY
6231,Kuttalam,Mayiladuthurai,Tamil Nadu,11.034426,79.59767,MoPR_LGD_and_ISRO_Bhuvan,LGD_2026_Bhuvan_2024,6231,MATCHED_AUTHORITATIVE_BOUNDARY
6232,Mayiladuthurai,Mayiladuthurai,Tamil Nadu,11.148525,79.628607,MoPR_LGD_and_ISRO_Bhuvan,LGD_2026_Bhuvan_2024,6232,MATCHED_AUTHORITATIVE_BOUNDARY
6234,Sembanar Koil,Mayiladuthurai,Tamil Nadu,11.076948,79.775452,MoPR_LGD_and_ISRO_Bhuvan,LGD_2026_Bhuvan_2024,6234,MATCHED_AUTHORITATIVE_BOUNDARY
6235,Sirkazhi,Mayiladuthurai,Tamil Nadu,11.201614,79.765753,MoPR_LGD_and_ISRO_Bhuvan,LGD_2026_Bhuvan_2024,6235,MATCHED_AUTHORITATIVE_BOUNDARY
6228,Keelaiyur,Nagapattinam,Tamil Nadu,10.62361,79.797455,MoPR_LGD_and_ISRO_Bhuvan,LGD_2026_Bhuvan_2024,6228,MATCHED_AUTHORITATIVE_BOUNDARY
6229,Kilvelur,Nagapattinam,Tamil Nadu,10.726382,79.727332,MoPR_LGD_and_ISRO_Bhuvan,LGD_2026_Bhuvan_2024,6229,MATCHED_AUTHORITATIVE_BOUNDARY
6233,Nagappattinam,Nagapattinam,Tamil Nadu,10.748943,79.809451,MoPR_LGD_and_ISRO_Bhuvan,LGD_2026_Bhuvan_2024,6233,MATCHED_AUTHORITATIVE_BOUNDARY
6236,Thalanayar,Nagapattinam,Tamil Nadu,10.545585,79.756434,MoPR_LGD_and_ISRO_Bhuvan,LGD_2026_Bhuvan_2024,6236,MATCHED_AUTHORITATIVE_BOUNDARY
6237,Thirumarugal,Nagapattinam,Tamil Nadu,10.864842,79.731783,MoPR_LGD_and_ISRO_Bhuvan,LGD_2026_Bhuvan_2024,6237,MATCHED_AUTHORITATIVE_BOUNDARY
6238,Vedaranyam,Nagapattinam,Tamil Nadu,10.382375,79.761846,MoPR_LGD_and_ISRO_Bhuvan,LGD_2026_Bhuvan_2024,6238,MATCHED_AUTHORITATIVE_BOUNDARY
6239,Elacipalayam,Namakkal,Tamil Nadu,11.344116,78.016419,MoPR_LGD_and_ISRO_Bhuvan,LGD_2026_Bhuvan_2024,6239,MATCHED_AUTHORITATIVE_BOUNDARY
6240,Erumapatty,Namakkal,Tamil Nadu,11.152876,78.285669,MoPR_LGD_and_ISRO_Bhuvan,LGD_2026_Bhuvan_2024,6240,MATCHED_AUTHORITATIVE_BOUNDARY
6241,Kabilamalai,Namakkal,Tamil Nadu,11.171379,77.919471,MoPR_LGD_and_ISRO_Bhuvan,LGD_2026_Bhuvan_2024,6241,MATCHED_AUTHORITATIVE_BOUNDARY
6242,Kolli Hills,Namakkal,Tamil Nadu,11.295843,78.368577,MoPR_LGD_and_ISRO_Bhuvan,LGD_2026_Bhuvan_2024,6242,MATCHED_AUTHORITATIVE_BOUNDARY
6243,Mallasamudram,Namakkal,Tamil Nadu,11.459644,78.034661,MoPR_LGD_and_ISRO_Bhuvan,LGD_2026_Bhuvan_2024,6243,MATCHED_AUTHORITATIVE_BOUNDARY
6244,Mohanur,Namakkal,Tamil Nadu,11.111448,78.144002,MoPR_LGD_and_ISRO_Bhuvan,LGD_2026_Bhuvan_2024,6244,MATCHED_AUTHORITATIVE_BOUNDARY
6245,Namagiripet,Namakkal,Tamil Nadu,11.479471,78.355626,MoPR_LGD_and_ISRO_Bhuvan,LGD_2026_Bhuvan_2024,6245,MATCHED_AUTHORITATIVE_BOUNDARY
6246,Namakkal,Namakkal,Tamil Nadu,11.22583,78.123604,MoPR_LGD_and_ISRO_Bhuvan,LGD_2026_Bhuvan_2024,6246,MATCHED_AUTHORITATIVE_BOUNDARY
6247,Pallipalayam,Namakkal,Tamil Nadu,11.400816,77.762975,MoPR_LGD_and_ISRO_Bhuvan,LGD_2026_Bhuvan_2024,6247,MATCHED_AUTHORITATIVE_BOUNDARY
6248,Paramathy,Namakkal,Tamil Nadu,11.210518,77.990437,MoPR_LGD_and_ISRO_Bhuvan,LGD_2026_Bhuvan_2024,6248,MATCHED_AUTHORITATIVE_BOUNDARY
6249,Puduchatram,Namakkal,Tamil Nadu,11.354383,78.163042,MoPR_LGD_and_ISRO_Bhuvan,LGD_2026_Bhuvan_2024,6249,MATCHED_AUTHORITATIVE_BOUNDARY
6250,Rasipuram,Namakkal,Tamil Nadu,11.451861,78.195513,MoPR_LGD_and_ISRO_Bhuvan,LGD_2026_Bhuvan_2024,6250,MATCHED_AUTHORITATIVE_BOUNDARY
6251,Sendamangalam,Namakkal,Tamil Nadu,11.324043,78.258865,MoPR_LGD_and_ISRO_Bhuvan,LGD_2026_Bhuvan_2024,6251,MATCHED_AUTHORITATIVE_BOUNDARY
6252,Tiruchengodu,Namakkal,Tamil Nadu,11.364397,77.877474,MoPR_LGD_and_ISRO_Bhuvan,LGD_2026_Bhuvan_2024,6252,MATCHED_AUTHORITATIVE_BOUNDARY
6253,Vennandur,Namakkal,Tamil Nadu,11.510402,78.154858,MoPR_LGD_and_ISRO_Bhuvan,LGD_2026_Bhuvan_2024,6253,MATCHED_AUTHORITATIVE_BOUNDARY
6254,Alathur,Perambalur,Tamil Nadu,11.136821,78.88422,MoPR_LGD_and_ISRO_Bhuvan,LGD_2026_Bhuvan_2024,6254,MATCHED_AUTHORITATIVE_BOUNDARY
6258,Perambalur,Perambalur,Tamil Nadu,11.230728,78.83006,MoPR_LGD_and_ISRO_Bhuvan,LGD_2026_Bhuvan_2024,6258,MATCHED_AUTHORITATIVE_BOUNDARY
6262,Veppanthattai,Perambalur,Tamil Nadu,11.385414,78.823799,MoPR_LGD_and_ISRO_Bhuvan,LGD_2026_Bhuvan_2024,6262,MATCHED_AUTHORITATIVE_BOUNDARY
6263,Veppur,Perambalur,Tamil Nadu,11.298309,79.037854,MoPR_LGD_and_ISRO_Bhuvan,LGD_2026_Bhuvan_2024,6263,MATCHED_AUTHORITATIVE_BOUNDARY
6264,Annavasal,Pudukkottai,Tamil Nadu,10.472285,78.690758,MoPR_LGD_and_ISRO_Bhuvan,LGD_2026_Bhuvan_2024,6264,MATCHED_AUTHORITATIVE_BOUNDARY
6265,Arantangi,Pudukkottai,Tamil Nadu,10.200039,79.04909,MoPR_LGD_and_ISRO_Bhuvan,LGD_2026_Bhuvan_2024,6265,MATCHED_AUTHORITATIVE_BOUNDARY
6266,Arimalam,Pudukkottai,Tamil Nadu,10.195676,78.876195,MoPR_LGD_and_ISRO_Bhuvan,LGD_2026_Bhuvan_2024,6266,MATCHED_AUTHORITATIVE_BOUNDARY
6267,Avadaiyarkovil,Pudukkottai,Tamil Nadu,10.004542,79.059412,MoPR_LGD_and_ISRO_Bhuvan,LGD_2026_Bhuvan_2024,6267,MATCHED_AUTHORITATIVE_BOUNDARY
6268,Gandaravakottai,Pudukkottai,Tamil Nadu,10.592921,79.040293,MoPR_LGD_and_ISRO_Bhuvan,LGD_2026_Bhuvan_2024,6268,MATCHED_AUTHORITATIVE_BOUNDARY
6269,Karambakudi,Pudukkottai,Tamil Nadu,10.452604,79.082786,MoPR_LGD_and_ISRO_Bhuvan,LGD_2026_Bhuvan_2024,6269,MATCHED_AUTHORITATIVE_BOUNDARY
6270,Kunnandarkoil,Pudukkottai,Tamil Nadu,10.581567,78.85513,MoPR_LGD_and_ISRO_Bhuvan,LGD_2026_Bhuvan_2024,6270,MATCHED_AUTHORITATIVE_BOUNDARY
6271,Manalmelkudi,Pudukkottai,Tamil Nadu,10.037486,79.169681,MoPR_LGD_and_ISRO_Bhuvan,LGD_2026_Bhuvan_2024,6271,MATCHED_AUTHORITATIVE_BOUNDARY
6272,Ponnamaravati,Pudukkottai,Tamil Nadu,10.332616,78.573377,MoPR_LGD_and_ISRO_Bhuvan,LGD_2026_Bhuvan_2024,6272,MATCHED_AUTHORITATIVE_BOUNDARY
6273,Pudukkottai,Pudukkottai,Tamil Nadu,10.455056,78.907581,MoPR_LGD_and_ISRO_Bhuvan,LGD_2026_Bhuvan_2024,6273,MATCHED_AUTHORITATIVE_BOUNDARY
6274,Thiruvarankulam,Pudukkottai,Tamil Nadu,10.330002,78.984777,MoPR_LGD_and_ISRO_Bhuvan,LGD_2026_Bhuvan_2024,6274,MATCHED_AUTHORITATIVE_BOUNDARY
6275,Tirumayam,Pudukkottai,Tamil Nadu,10.259773,78.7168,MoPR_LGD_and_ISRO_Bhuvan,LGD_2026_Bhuvan_2024,6275,MATCHED_AUTHORITATIVE_BOUNDARY
6276,Viralimalai,Pudukkottai,Tamil Nadu,10.613114,78.62398,MoPR_LGD_and_ISRO_Bhuvan,LGD_2026_Bhuvan_2024,6276,MATCHED_AUTHORITATIVE_BOUNDARY
6277,Bogalur,Ramanathapuram,Tamil Nadu,9.422169,78.70035,MoPR_LGD_and_ISRO_Bhuvan,LGD_2026_Bhuvan_2024,6277,MATCHED_AUTHORITATIVE_BOUNDARY
6278,Kadaladi,Ramanathapuram,Tamil Nadu,9.211401,78.505501,MoPR_LGD_and_ISRO_Bhuvan,LGD_2026_Bhuvan_2024,6278,MATCHED_AUTHORITATIVE_BOUNDARY
6279,Kamudi,Ramanathapuram,Tamil Nadu,9.368874,78.366564,MoPR_LGD_and_ISRO_Bhuvan,LGD_2026_Bhuvan_2024,6279,MATCHED_AUTHORITATIVE_BOUNDARY
6280,Mandapam,Ramanathapuram,Tamil Nadu,9.283338,79.049663,MoPR_LGD_and_ISRO_Bhuvan,LGD_2026_Bhuvan_2024,6280,MATCHED_AUTHORITATIVE_BOUNDARY
6281,Mudukulathur,Ramanathapuram,Tamil Nadu,9.390121,78.557646,MoPR_LGD_and_ISRO_Bhuvan,LGD_2026_Bhuvan_2024,6281,MATCHED_AUTHORITATIVE_BOUNDARY
6282,Nainarkoil,Ramanathapuram,Tamil Nadu,9.521827,78.758684,MoPR_LGD_and_ISRO_Bhuvan,LGD_2026_Bhuvan_2024,6282,MATCHED_AUTHORITATIVE_BOUNDARY
6283,Paramakkudi,Ramanathapuram,Tamil Nadu,9.538091,78.518471,MoPR_LGD_and_ISRO_Bhuvan,LGD_2026_Bhuvan_2024,6283,MATCHED_AUTHORITATIVE_BOUNDARY
6284,Rajasingamangalam,Ramanathapuram,Tamil Nadu,9.668594,78.857231,MoPR_LGD_and_ISRO_Bhuvan,LGD_2026_Bhuvan_2024,6284,MATCHED_AUTHORITATIVE_BOUNDARY
6285,Ramanathapuram,Ramanathapuram,Tamil Nadu,9.416571,78.855187,MoPR_LGD_and_ISRO_Bhuvan,LGD_2026_Bhuvan_2024,6285,MATCHED_AUTHORITATIVE_BOUNDARY
6286,Tiruppullani,Ramanathapuram,Tamil Nadu,9.289625,78.782455,MoPR_LGD_and_ISRO_Bhuvan,LGD_2026_Bhuvan_2024,6286,MATCHED_AUTHORITATIVE_BOUNDARY
6287,Tiruvadanai,Ramanathapuram,Tamil Nadu,9.815646,78.970014,MoPR_LGD_and_ISRO_Bhuvan,LGD_2026_Bhuvan_2024,6287,MATCHED_AUTHORITATIVE_BOUNDARY
6435,Arakkonam,Ranipet,Tamil Nadu,13.096121,79.696958,MoPR_LGD_and_ISRO_Bhuvan,LGD_2026_Bhuvan_2024,6435,MATCHED_AUTHORITATIVE_BOUNDARY
6436,Arcot,Ranipet,Tamil Nadu,12.867791,79.346183,MoPR_LGD_and_ISRO_Bhuvan,LGD_2026_Bhuvan_2024,6436,MATCHED_AUTHORITATIVE_BOUNDARY
6443,Kaveripakkam,Ranipet,Tamil Nadu,13.002163,79.496915,MoPR_LGD_and_ISRO_Bhuvan,LGD_2026_Bhuvan_2024,6443,MATCHED_AUTHORITATIVE_BOUNDARY
6446,Nemili,Ranipet,Tamil Nadu,12.983459,79.608331,MoPR_LGD_and_ISRO_Bhuvan,LGD_2026_Bhuvan_2024,6446,MATCHED_AUTHORITATIVE_BOUNDARY
6448,Sholinghur,Ranipet,Tamil Nadu,13.036655,79.391402,MoPR_LGD_and_ISRO_Bhuvan,LGD_2026_Bhuvan_2024,6448,MATCHED_AUTHORITATIVE_BOUNDARY
6449,Timiri,Ranipet,Tamil Nadu,12.780644,79.333272,MoPR_LGD_and_ISRO_Bhuvan,LGD_2026_Bhuvan_2024,6449,MATCHED_AUTHORITATIVE_BOUNDARY
6452,Walajapet,Ranipet,Tamil Nadu,12.948103,79.355303,MoPR_LGD_and_ISRO_Bhuvan,LGD_2026_Bhuvan_2024,6452,MATCHED_AUTHORITATIVE_BOUNDARY
6288,Attur,Salem,Tamil Nadu,11.568191,78.559928,MoPR_LGD_and_ISRO_Bhuvan,LGD_2026_Bhuvan_2024,6288,MATCHED_AUTHORITATIVE_BOUNDARY
6289,Ayodhiyapattinam,Salem,Tamil Nadu,11.71472,78.30208,MoPR_LGD_and_ISRO_Bhuvan,LGD_2026_Bhuvan_2024,6289,MATCHED_AUTHORITATIVE_BOUNDARY
6290,Gangavalli,Salem,Tamil Nadu,11.438822,78.583607,MoPR_LGD_and_ISRO_Bhuvan,LGD_2026_Bhuvan_2024,6290,MATCHED_AUTHORITATIVE_BOUNDARY
6291,Idappadi,Salem,Tamil Nadu,11.642409,77.817133,MoPR_LGD_and_ISRO_Bhuvan,LGD_2026_Bhuvan_2024,6291,MATCHED_AUTHORITATIVE_BOUNDARY
6292,Kadaiyampatty,Salem,Tamil Nadu,11.890936,78.106273,MoPR_LGD_and_ISRO_Bhuvan,LGD_2026_Bhuvan_2024,6292,MATCHED_AUTHORITATIVE_BOUNDARY
6293,Kolathur,Salem,Tamil Nadu,11.810123,77.745237,MoPR_LGD_and_ISRO_Bhuvan,LGD_2026_Bhuvan_2024,6293,MATCHED_AUTHORITATIVE_BOUNDARY
6294,Konganapuram,Salem,Tamil Nadu,11.594849,77.902527,MoPR_LGD_and_ISRO_Bhuvan,LGD_2026_Bhuvan_2024,6294,MATCHED_AUTHORITATIVE_BOUNDARY
6295,Macdonalds Choultry,Salem,Tamil Nadu,11.567529,77.974113,MoPR_LGD_and_ISRO_Bhuvan,LGD_2026_Bhuvan_2024,6295,MATCHED_AUTHORITATIVE_BOUNDARY
6296,Mecheri,Salem,Tamil Nadu,11.839109,77.934306,MoPR_LGD_and_ISRO_Bhuvan,LGD_2026_Bhuvan_2024,6296,MATCHED_AUTHORITATIVE_BOUNDARY
6297,Nangavalli,Salem,Tamil Nadu,11.76859,77.863038,MoPR_LGD_and_ISRO_Bhuvan,LGD_2026_Bhuvan_2024,6297,MATCHED_AUTHORITATIVE_BOUNDARY
6298,Omalur,Salem,Tamil Nadu,11.752871,78.068831,MoPR_LGD_and_ISRO_Bhuvan,LGD_2026_Bhuvan_2024,6298,MATCHED_AUTHORITATIVE_BOUNDARY
6299,Panamarathupatti,Salem,Tamil Nadu,11.591319,78.205222,MoPR_LGD_and_ISRO_Bhuvan,LGD_2026_Bhuvan_2024,6299,MATCHED_AUTHORITATIVE_BOUNDARY
6300,Peddanaickenpalayam,Salem,Tamil Nadu,11.726288,78.543802,MoPR_LGD_and_ISRO_Bhuvan,LGD_2026_Bhuvan_2024,6300,MATCHED_AUTHORITATIVE_BOUNDARY
6301,Salem,Salem,Tamil Nadu,11.67329,78.146117,MoPR_LGD_and_ISRO_Bhuvan,LGD_2026_Bhuvan_2024,6301,MATCHED_AUTHORITATIVE_BOUNDARY
6302,Sankari,Salem,Tamil Nadu,11.499062,77.826971,MoPR_LGD_and_ISRO_Bhuvan,LGD_2026_Bhuvan_2024,6302,MATCHED_AUTHORITATIVE_BOUNDARY
6303,Talavasal,Salem,Tamil Nadu,11.56396,78.746526,MoPR_LGD_and_ISRO_Bhuvan,LGD_2026_Bhuvan_2024,6303,MATCHED_AUTHORITATIVE_BOUNDARY
6304,Taramangalam,Salem,Tamil Nadu,11.692557,77.960004,MoPR_LGD_and_ISRO_Bhuvan,LGD_2026_Bhuvan_2024,6304,MATCHED_AUTHORITATIVE_BOUNDARY
6305,Valapady,Salem,Tamil Nadu,11.694169,78.385902,MoPR_LGD_and_ISRO_Bhuvan,LGD_2026_Bhuvan_2024,6305,MATCHED_AUTHORITATIVE_BOUNDARY
6306,Veerapandi,Salem,Tamil Nadu,11.601286,78.057963,MoPR_LGD_and_ISRO_Bhuvan,LGD_2026_Bhuvan_2024,6306,MATCHED_AUTHORITATIVE_BOUNDARY
6307,Yercaud,Salem,Tamil Nadu,11.828269,78.245053,MoPR_LGD_and_ISRO_Bhuvan,LGD_2026_Bhuvan_2024,6307,MATCHED_AUTHORITATIVE_BOUNDARY
6308,Devakottai,Sivaganga,Tamil Nadu,9.874467,78.793505,MoPR_LGD_and_ISRO_Bhuvan,LGD_2026_Bhuvan_2024,6308,MATCHED_AUTHORITATIVE_BOUNDARY
6309,Ilayankudi,Sivaganga,Tamil Nadu,9.633095,78.668145,MoPR_LGD_and_ISRO_Bhuvan,LGD_2026_Bhuvan_2024,6309,MATCHED_AUTHORITATIVE_BOUNDARY
6310,Kalaiyarkoil,Sivaganga,Tamil Nadu,9.824657,78.610366,MoPR_LGD_and_ISRO_Bhuvan,LGD_2026_Bhuvan_2024,6310,MATCHED_AUTHORITATIVE_BOUNDARY
6311,Kallal,Sivaganga,Tamil Nadu,10.015874,78.66151,MoPR_LGD_and_ISRO_Bhuvan,LGD_2026_Bhuvan_2024,6311,MATCHED_AUTHORITATIVE_BOUNDARY
6312,Kannankudi,Sivaganga,Tamil Nadu,9.975592,78.901158,MoPR_LGD_and_ISRO_Bhuvan,LGD_2026_Bhuvan_2024,6312,MATCHED_AUTHORITATIVE_BOUNDARY
6313,Manamadurai,Sivaganga,Tamil Nadu,9.694792,78.440099,MoPR_LGD_and_ISRO_Bhuvan,LGD_2026_Bhuvan_2024,6313,MATCHED_AUTHORITATIVE_BOUNDARY
6315,Sakkottai,Sivaganga,Tamil Nadu,10.093521,78.820283,MoPR_LGD_and_ISRO_Bhuvan,LGD_2026_Bhuvan_2024,6315,MATCHED_AUTHORITATIVE_BOUNDARY
6316,Singampunari,Sivaganga,Tamil Nadu,10.141694,78.472201,MoPR_LGD_and_ISRO_Bhuvan,LGD_2026_Bhuvan_2024,6316,MATCHED_AUTHORITATIVE_BOUNDARY
6317,Sivaganga,Sivaganga,Tamil Nadu,9.886141,78.447778,MoPR_LGD_and_ISRO_Bhuvan,LGD_2026_Bhuvan_2024,6317,MATCHED_AUTHORITATIVE_BOUNDARY
6314,S. Pudur,Sivaganga,Tamil Nadu,10.323528,78.456006,MoPR_LGD_and_ISRO_Bhuvan,LGD_2026_Bhuvan_2024,6314,MATCHED_AUTHORITATIVE_BOUNDARY
6318,Tiruppathur,Sivaganga,Tamil Nadu,10.16384,78.586427,MoPR_LGD_and_ISRO_Bhuvan,LGD_2026_Bhuvan_2024,6318,MATCHED_AUTHORITATIVE_BOUNDARY
6319,Tiruppuvanam,Sivaganga,Tamil Nadu,9.79725,78.258986,MoPR_LGD_and_ISRO_Bhuvan,LGD_2026_Bhuvan_2024,6319,MATCHED_AUTHORITATIVE_BOUNDARY
6384,Alangulam,Tenkasi,Tamil Nadu,8.931045,77.533575,MoPR_LGD_and_ISRO_Bhuvan,LGD_2026_Bhuvan_2024,6384,MATCHED_AUTHORITATIVE_BOUNDARY
6387,Kadaiyanallur,Tenkasi,Tamil Nadu,9.076869,77.349838,MoPR_LGD_and_ISRO_Bhuvan,LGD_2026_Bhuvan_2024,6387,MATCHED_AUTHORITATIVE_BOUNDARY
6388,Kadayam,Tenkasi,Tamil Nadu,8.805209,77.369833,MoPR_LGD_and_ISRO_Bhuvan,LGD_2026_Bhuvan_2024,6388,MATCHED_AUTHORITATIVE_BOUNDARY
6390,Keelapavoor,Tenkasi,Tamil Nadu,8.887517,77.412712,MoPR_LGD_and_ISRO_Bhuvan,LGD_2026_Bhuvan_2024,6390,MATCHED_AUTHORITATIVE_BOUNDARY
6391,Kuruvikulam,Tenkasi,Tamil Nadu,9.193232,77.654307,MoPR_LGD_and_ISRO_Bhuvan,LGD_2026_Bhuvan_2024,6391,MATCHED_AUTHORITATIVE_BOUNDARY
6393,Melaneelithanallur,Tenkasi,Tamil Nadu,9.031994,77.652212,MoPR_LGD_and_ISRO_Bhuvan,LGD_2026_Bhuvan_2024,6393,MATCHED_AUTHORITATIVE_BOUNDARY
6398,Sankarankovil,Tenkasi,Tamil Nadu,9.209512,77.514958,MoPR_LGD_and_ISRO_Bhuvan,LGD_2026_Bhuvan_2024,6398,MATCHED_AUTHORITATIVE_BOUNDARY
6399,Shencottah,Tenkasi,Tamil Nadu,9.016976,77.233968,MoPR_LGD_and_ISRO_Bhuvan,LGD_2026_Bhuvan_2024,6399,MATCHED_AUTHORITATIVE_BOUNDARY
6400,Tenkasi,Tenkasi,Tamil Nadu,8.936717,77.300218,MoPR_LGD_and_ISRO_Bhuvan,LGD_2026_Bhuvan_2024,6400,MATCHED_AUTHORITATIVE_BOUNDARY
6402,Vasudevanallur,Tenkasi,Tamil Nadu,9.270087,77.395373,MoPR_LGD_and_ISRO_Bhuvan,LGD_2026_Bhuvan_2024,6402,MATCHED_AUTHORITATIVE_BOUNDARY
6320,Ammapettai,Thanjavur,Tamil Nadu,10.808044,79.262569,MoPR_LGD_and_ISRO_Bhuvan,LGD_2026_Bhuvan_2024,6320,MATCHED_AUTHORITATIVE_BOUNDARY
6321,Budalur,Thanjavur,Tamil Nadu,10.774492,78.925556,MoPR_LGD_and_ISRO_Bhuvan,LGD_2026_Bhuvan_2024,6321,MATCHED_AUTHORITATIVE_BOUNDARY
6322,Kumbakonam,Thanjavur,Tamil Nadu,10.984742,79.375805,MoPR_LGD_and_ISRO_Bhuvan,LGD_2026_Bhuvan_2024,6322,MATCHED_AUTHORITATIVE_BOUNDARY
6323,Madukkur,Thanjavur,Tamil Nadu,10.477302,79.410019,MoPR_LGD_and_ISRO_Bhuvan,LGD_2026_Bhuvan_2024,6323,MATCHED_AUTHORITATIVE_BOUNDARY
6324,Orattanadu,Thanjavur,Tamil Nadu,10.623919,79.265207,MoPR_LGD_and_ISRO_Bhuvan,LGD_2026_Bhuvan_2024,6324,MATCHED_AUTHORITATIVE_BOUNDARY
6325,Papanasam,Thanjavur,Tamil Nadu,10.938616,79.2403,MoPR_LGD_and_ISRO_Bhuvan,LGD_2026_Bhuvan_2024,6325,MATCHED_AUTHORITATIVE_BOUNDARY
6326,Pattukkottai,Thanjavur,Tamil Nadu,10.395359,79.363498,MoPR_LGD_and_ISRO_Bhuvan,LGD_2026_Bhuvan_2024,6326,MATCHED_AUTHORITATIVE_BOUNDARY
6327,Peravurani,Thanjavur,Tamil Nadu,10.340109,79.190467,MoPR_LGD_and_ISRO_Bhuvan,LGD_2026_Bhuvan_2024,6327,MATCHED_AUTHORITATIVE_BOUNDARY
6328,Sethubhavachatram,Thanjavur,Tamil Nadu,10.262063,79.247532,MoPR_LGD_and_ISRO_Bhuvan,LGD_2026_Bhuvan_2024,6328,MATCHED_AUTHORITATIVE_BOUNDARY
6329,Thanjavur,Thanjavur,Tamil Nadu,10.755039,79.106659,MoPR_LGD_and_ISRO_Bhuvan,LGD_2026_Bhuvan_2024,6329,MATCHED_AUTHORITATIVE_BOUNDARY
6330,Thiruppanandal,Thanjavur,Tamil Nadu,11.106769,79.494297,MoPR_LGD_and_ISRO_Bhuvan,LGD_2026_Bhuvan_2024,6330,MATCHED_AUTHORITATIVE_BOUNDARY
6331,Thiruvaiyaru,Thanjavur,Tamil Nadu,10.868084,79.05694,MoPR_LGD_and_ISRO_Bhuvan,LGD_2026_Bhuvan_2024,6331,MATCHED_AUTHORITATIVE_BOUNDARY
6332,Thiruvonam,Thanjavur,Tamil Nadu,10.497839,79.209915,MoPR_LGD_and_ISRO_Bhuvan,LGD_2026_Bhuvan_2024,6332,MATCHED_AUTHORITATIVE_BOUNDARY
6333,Tiruvidaimarudur,Thanjavur,Tamil Nadu,10.960802,79.463691,MoPR_LGD_and_ISRO_Bhuvan,LGD_2026_Bhuvan_2024,6333,MATCHED_AUTHORITATIVE_BOUNDARY
6338,Andipatti,Theni,Tamil Nadu,9.983051,77.611502,MoPR_LGD_and_ISRO_Bhuvan,LGD_2026_Bhuvan_2024,6338,MATCHED_AUTHORITATIVE_BOUNDARY
6339,Bodinayakkanur,Theni,Tamil Nadu,10.046157,77.352718,MoPR_LGD_and_ISRO_Bhuvan,LGD_2026_Bhuvan_2024,6339,MATCHED_AUTHORITATIVE_BOUNDARY
6340,Chinnamanur,Theni,Tamil Nadu,9.846693,77.386517,MoPR_LGD_and_ISRO_Bhuvan,LGD_2026_Bhuvan_2024,6340,MATCHED_AUTHORITATIVE_BOUNDARY
6341,Kadamalaikundru Myladumparai,Theni,Tamil Nadu,9.733608,77.48864,MoPR_LGD_and_ISRO_Bhuvan,LGD_2026_Bhuvan_2024,6341,MATCHED_AUTHORITATIVE_BOUNDARY
6342,Kambam,Theni,Tamil Nadu,9.66744,77.280208,MoPR_LGD_and_ISRO_Bhuvan,LGD_2026_Bhuvan_2024,6342,MATCHED_AUTHORITATIVE_BOUNDARY
6343,Periyakulam,Theni,Tamil Nadu,10.121167,77.594449,MoPR_LGD_and_ISRO_Bhuvan,LGD_2026_Bhuvan_2024,6343,MATCHED_AUTHORITATIVE_BOUNDARY
6344,Theni,Theni,Tamil Nadu,9.960316,77.458507,MoPR_LGD_and_ISRO_Bhuvan,LGD_2026_Bhuvan_2024,6344,MATCHED_AUTHORITATIVE_BOUNDARY
6345,Uttamapalaiyam,Theni,Tamil Nadu,9.823627,77.300075,MoPR_LGD_and_ISRO_Bhuvan,LGD_2026_Bhuvan_2024,6345,MATCHED_AUTHORITATIVE_BOUNDARY
6334,Coonoor,The Nilgiris,Tamil Nadu,11.329682,76.767789,MoPR_LGD_and_ISRO_Bhuvan,LGD_2026_Bhuvan_2024,6334,MATCHED_AUTHORITATIVE_BOUNDARY
6335,Gudalur,The Nilgiris,Tamil Nadu,11.542621,76.430443,MoPR_LGD_and_ISRO_Bhuvan,LGD_2026_Bhuvan_2024,6335,MATCHED_AUTHORITATIVE_BOUNDARY
6336,Kotagiri,The Nilgiris,Tamil Nadu,11.43564,76.894712,MoPR_LGD_and_ISRO_Bhuvan,LGD_2026_Bhuvan_2024,6336,MATCHED_AUTHORITATIVE_BOUNDARY
6337,Udhagamandalam,The Nilgiris,Tamil Nadu,11.426994,76.655117,MoPR_LGD_and_ISRO_Bhuvan,LGD_2026_Bhuvan_2024,6337,MATCHED_AUTHORITATIVE_BOUNDARY
6346,Ellapuram,Thiruvallur,Tamil Nadu,13.27585,80.02924,MoPR_LGD_and_ISRO_Bhuvan,LGD_2026_Bhuvan_2024,6346,MATCHED_AUTHORITATIVE_BOUNDARY
6347,Gummidipundi,Thiruvallur,Tamil Nadu,13.421309,80.066376,MoPR_LGD_and_ISRO_Bhuvan,LGD_2026_Bhuvan_2024,6347,MATCHED_AUTHORITATIVE_BOUNDARY
6348,Kadambathur,Thiruvallur,Tamil Nadu,13.043856,79.880798,MoPR_LGD_and_ISRO_Bhuvan,LGD_2026_Bhuvan_2024,6348,MATCHED_AUTHORITATIVE_BOUNDARY
6349,Minjur,Thiruvallur,Tamil Nadu,13.37061,80.260745,MoPR_LGD_and_ISRO_Bhuvan,LGD_2026_Bhuvan_2024,6349,MATCHED_AUTHORITATIVE_BOUNDARY
6350,Pallipattu,Thiruvallur,Tamil Nadu,13.284049,79.476927,MoPR_LGD_and_ISRO_Bhuvan,LGD_2026_Bhuvan_2024,6350,MATCHED_AUTHORITATIVE_BOUNDARY
6351,Poonamallee,Thiruvallur,Tamil Nadu,13.08041,80.060484,MoPR_LGD_and_ISRO_Bhuvan,LGD_2026_Bhuvan_2024,6351,MATCHED_AUTHORITATIVE_BOUNDARY
6352,Poondi,Thiruvallur,Tamil Nadu,13.237474,79.859428,MoPR_LGD_and_ISRO_Bhuvan,LGD_2026_Bhuvan_2024,6352,MATCHED_AUTHORITATIVE_BOUNDARY
6353,Puzhal,Thiruvallur,Tamil Nadu,13.17707,80.186973,MoPR_LGD_and_ISRO_Bhuvan,LGD_2026_Bhuvan_2024,6353,MATCHED_AUTHORITATIVE_BOUNDARY
6354,R.K.Pet,Thiruvallur,Tamil Nadu,13.13682,79.401895,MoPR_LGD_and_ISRO_Bhuvan,LGD_2026_Bhuvan_2024,6354,MATCHED_AUTHORITATIVE_BOUNDARY
6355,Sholavaram,Thiruvallur,Tamil Nadu,13.265255,80.168131,MoPR_LGD_and_ISRO_Bhuvan,LGD_2026_Bhuvan_2024,6355,MATCHED_AUTHORITATIVE_BOUNDARY
6356,Tiruttani,Thiruvallur,Tamil Nadu,13.187965,79.561791,MoPR_LGD_and_ISRO_Bhuvan,LGD_2026_Bhuvan_2024,6356,MATCHED_AUTHORITATIVE_BOUNDARY
6357,Tiruvallur,Thiruvallur,Tamil Nadu,13.155082,79.962936,MoPR_LGD_and_ISRO_Bhuvan,LGD_2026_Bhuvan_2024,6357,MATCHED_AUTHORITATIVE_BOUNDARY
6358,Tiruvelangadu,Thiruvallur,Tamil Nadu,13.174409,79.721993,MoPR_LGD_and_ISRO_Bhuvan,LGD_2026_Bhuvan_2024,6358,MATCHED_AUTHORITATIVE_BOUNDARY
6359,Villivakkam,Thiruvallur,Tamil Nadu,13.148305,80.104516,MoPR_LGD_and_ISRO_Bhuvan,LGD_2026_Bhuvan_2024,6359,MATCHED_AUTHORITATIVE_BOUNDARY
6360,Kodavasal,Thiruvarur,Tamil Nadu,10.905838,79.540748,MoPR_LGD_and_ISRO_Bhuvan,LGD_2026_Bhuvan_2024,6360,MATCHED_AUTHORITATIVE_BOUNDARY
6361,Koradacherry,Thiruvarur,Tamil Nadu,10.791289,79.543322,MoPR_LGD_and_ISRO_Bhuvan,LGD_2026_Bhuvan_2024,6361,MATCHED_AUTHORITATIVE_BOUNDARY
6362,Kottur,Thiruvarur,Tamil Nadu,10.568977,79.528588,MoPR_LGD_and_ISRO_Bhuvan,LGD_2026_Bhuvan_2024,6362,MATCHED_AUTHORITATIVE_BOUNDARY
6363,Mannargudi,Thiruvarur,Tamil Nadu,10.652846,79.479784,MoPR_LGD_and_ISRO_Bhuvan,LGD_2026_Bhuvan_2024,6363,MATCHED_AUTHORITATIVE_BOUNDARY
6364,Muthupettai,Thiruvarur,Tamil Nadu,10.399507,79.57515,MoPR_LGD_and_ISRO_Bhuvan,LGD_2026_Bhuvan_2024,6364,MATCHED_AUTHORITATIVE_BOUNDARY
6365,Nannilam,Thiruvarur,Tamil Nadu,10.924506,79.648635,MoPR_LGD_and_ISRO_Bhuvan,LGD_2026_Bhuvan_2024,6365,MATCHED_AUTHORITATIVE_BOUNDARY
6366,Nidamangalam,Thiruvarur,Tamil Nadu,10.691371,79.356185,MoPR_LGD_and_ISRO_Bhuvan,LGD_2026_Bhuvan_2024,6366,MATCHED_AUTHORITATIVE_BOUNDARY
6367,Thiruvarur,Thiruvarur,Tamil Nadu,10.749018,79.656777,MoPR_LGD_and_ISRO_Bhuvan,LGD_2026_Bhuvan_2024,6367,MATCHED_AUTHORITATIVE_BOUNDARY
6368,Tirutturaippundi,Thiruvarur,Tamil Nadu,10.556944,79.63882,MoPR_LGD_and_ISRO_Bhuvan,LGD_2026_Bhuvan_2024,6368,MATCHED_AUTHORITATIVE_BOUNDARY
6369,Valangaiman,Thiruvarur,Tamil Nadu,10.854215,79.366167,MoPR_LGD_and_ISRO_Bhuvan,LGD_2026_Bhuvan_2024,6369,MATCHED_AUTHORITATIVE_BOUNDARY
6421,Alwarthirunagari,Thoothukkudi,Tamil Nadu,8.568576,77.963187,MoPR_LGD_and_ISRO_Bhuvan,LGD_2026_Bhuvan_2024,6421,MATCHED_AUTHORITATIVE_BOUNDARY
6422,Karungulam,Thoothukkudi,Tamil Nadu,8.708919,77.874259,MoPR_LGD_and_ISRO_Bhuvan,LGD_2026_Bhuvan_2024,6422,MATCHED_AUTHORITATIVE_BOUNDARY
6423,Kayathar,Thoothukkudi,Tamil Nadu,9.032506,77.819687,MoPR_LGD_and_ISRO_Bhuvan,LGD_2026_Bhuvan_2024,6423,MATCHED_AUTHORITATIVE_BOUNDARY
6424,Kovilpatti,Thoothukkudi,Tamil Nadu,9.153551,77.893878,MoPR_LGD_and_ISRO_Bhuvan,LGD_2026_Bhuvan_2024,6424,MATCHED_AUTHORITATIVE_BOUNDARY
6425,Ottapidaram,Thoothukkudi,Tamil Nadu,8.923638,78.008735,MoPR_LGD_and_ISRO_Bhuvan,LGD_2026_Bhuvan_2024,6425,MATCHED_AUTHORITATIVE_BOUNDARY
6426,Pudur,Thoothukkudi,Tamil Nadu,9.261361,78.140894,MoPR_LGD_and_ISRO_Bhuvan,LGD_2026_Bhuvan_2024,6426,MATCHED_AUTHORITATIVE_BOUNDARY
6427,Sattankulam,Thoothukkudi,Tamil Nadu,8.42095,77.919945,MoPR_LGD_and_ISRO_Bhuvan,LGD_2026_Bhuvan_2024,6427,MATCHED_AUTHORITATIVE_BOUNDARY
6428,Srivaikundam,Thoothukkudi,Tamil Nadu,8.660316,77.997821,MoPR_LGD_and_ISRO_Bhuvan,LGD_2026_Bhuvan_2024,6428,MATCHED_AUTHORITATIVE_BOUNDARY
6429,Thoothukkudi,Thoothukkudi,Tamil Nadu,8.770019,78.062037,MoPR_LGD_and_ISRO_Bhuvan,LGD_2026_Bhuvan_2024,6429,MATCHED_AUTHORITATIVE_BOUNDARY
6430,Tiruchendur,Thoothukkudi,Tamil Nadu,8.529809,78.061699,MoPR_LGD_and_ISRO_Bhuvan,LGD_2026_Bhuvan_2024,6430,MATCHED_AUTHORITATIVE_BOUNDARY
6431,Udangudi,Thoothukkudi,Tamil Nadu,8.439785,78.021711,MoPR_LGD_and_ISRO_Bhuvan,LGD_2026_Bhuvan_2024,6431,MATCHED_AUTHORITATIVE_BOUNDARY
6432,Vilathikulam,Thoothukkudi,Tamil Nadu,9.096992,78.184117,MoPR_LGD_and_ISRO_Bhuvan,LGD_2026_Bhuvan_2024,6432,MATCHED_AUTHORITATIVE_BOUNDARY
6370,Andanallur,Tiruchirappalli,Tamil Nadu,10.85716,78.619901,MoPR_LGD_and_ISRO_Bhuvan,LGD_2026_Bhuvan_2024,6370,MATCHED_AUTHORITATIVE_BOUNDARY
6371,Lalgudi,Tiruchirappalli,Tamil Nadu,10.893256,78.82732,MoPR_LGD_and_ISRO_Bhuvan,LGD_2026_Bhuvan_2024,6371,MATCHED_AUTHORITATIVE_BOUNDARY
6372,Manachanellur,Tiruchirappalli,Tamil Nadu,10.980489,78.713147,MoPR_LGD_and_ISRO_Bhuvan,LGD_2026_Bhuvan_2024,6372,MATCHED_AUTHORITATIVE_BOUNDARY
6373,Manapparai,Tiruchirappalli,Tamil Nadu,10.58997,78.407176,MoPR_LGD_and_ISRO_Bhuvan,LGD_2026_Bhuvan_2024,6373,MATCHED_AUTHORITATIVE_BOUNDARY
6374,Manikandam,Tiruchirappalli,Tamil Nadu,10.740178,78.618262,MoPR_LGD_and_ISRO_Bhuvan,LGD_2026_Bhuvan_2024,6374,MATCHED_AUTHORITATIVE_BOUNDARY
6375,Marungapuri,Tiruchirappalli,Tamil Nadu,10.430225,78.414735,MoPR_LGD_and_ISRO_Bhuvan,LGD_2026_Bhuvan_2024,6375,MATCHED_AUTHORITATIVE_BOUNDARY
6376,Musiri,Tiruchirappalli,Tamil Nadu,10.999877,78.579388,MoPR_LGD_and_ISRO_Bhuvan,LGD_2026_Bhuvan_2024,6376,MATCHED_AUTHORITATIVE_BOUNDARY
6377,Pullambadi,Tiruchirappalli,Tamil Nadu,11.004132,78.907158,MoPR_LGD_and_ISRO_Bhuvan,LGD_2026_Bhuvan_2024,6377,MATCHED_AUTHORITATIVE_BOUNDARY
6378,Tattayyangarpettai,Tiruchirappalli,Tamil Nadu,11.084129,78.434115,MoPR_LGD_and_ISRO_Bhuvan,LGD_2026_Bhuvan_2024,6378,MATCHED_AUTHORITATIVE_BOUNDARY
6379,Thiruverambur,Tiruchirappalli,Tamil Nadu,10.759985,78.773277,MoPR_LGD_and_ISRO_Bhuvan,LGD_2026_Bhuvan_2024,6379,MATCHED_AUTHORITATIVE_BOUNDARY
6380,Thottiam,Tiruchirappalli,Tamil Nadu,11.013874,78.289958,MoPR_LGD_and_ISRO_Bhuvan,LGD_2026_Bhuvan_2024,6380,MATCHED_AUTHORITATIVE_BOUNDARY
6381,Turaiyur,Tiruchirappalli,Tamil Nadu,11.182721,78.611229,MoPR_LGD_and_ISRO_Bhuvan,LGD_2026_Bhuvan_2024,6381,MATCHED_AUTHORITATIVE_BOUNDARY
6382,Uppiliapuram,Tiruchirappalli,Tamil Nadu,11.280011,78.52191,MoPR_LGD_and_ISRO_Bhuvan,LGD_2026_Bhuvan_2024,6382,MATCHED_AUTHORITATIVE_BOUNDARY
6383,Vaiyampatti,Tiruchirappalli,Tamil Nadu,10.590104,78.294508,MoPR_LGD_and_ISRO_Bhuvan,LGD_2026_Bhuvan_2024,6383,MATCHED_AUTHORITATIVE_BOUNDARY
6385,Ambasamudram,Tirunelveli,Tamil Nadu,8.685014,77.336327,MoPR_LGD_and_ISRO_Bhuvan,LGD_2026_Bhuvan_2024,6385,MATCHED_AUTHORITATIVE_BOUNDARY
6386,Cheranmahadevi,Tirunelveli,Tamil Nadu,8.65113,77.557746,MoPR_LGD_and_ISRO_Bhuvan,LGD_2026_Bhuvan_2024,6386,MATCHED_AUTHORITATIVE_BOUNDARY
6389,Kalakadu,Tirunelveli,Tamil Nadu,8.506333,77.532023,MoPR_LGD_and_ISRO_Bhuvan,LGD_2026_Bhuvan_2024,6389,MATCHED_AUTHORITATIVE_BOUNDARY
6392,Manur,Tirunelveli,Tamil Nadu,8.820259,77.673549,MoPR_LGD_and_ISRO_Bhuvan,LGD_2026_Bhuvan_2024,6392,MATCHED_AUTHORITATIVE_BOUNDARY
6394,Nanguneri,Tirunelveli,Tamil Nadu,8.489872,77.734537,MoPR_LGD_and_ISRO_Bhuvan,LGD_2026_Bhuvan_2024,6394,MATCHED_AUTHORITATIVE_BOUNDARY
6395,Palayamkottai,Tirunelveli,Tamil Nadu,8.691418,77.749244,MoPR_LGD_and_ISRO_Bhuvan,LGD_2026_Bhuvan_2024,6395,MATCHED_AUTHORITATIVE_BOUNDARY
6396,Pappakudi,Tirunelveli,Tamil Nadu,8.754717,77.510195,MoPR_LGD_and_ISRO_Bhuvan,LGD_2026_Bhuvan_2024,6396,MATCHED_AUTHORITATIVE_BOUNDARY
6397,Radhapuram,Tirunelveli,Tamil Nadu,8.290302,77.767346,MoPR_LGD_and_ISRO_Bhuvan,LGD_2026_Bhuvan_2024,6397,MATCHED_AUTHORITATIVE_BOUNDARY
6401,Valliyoor,Tirunelveli,Tamil Nadu,8.290452,77.617303,MoPR_LGD_and_ISRO_Bhuvan,LGD_2026_Bhuvan_2024,6401,MATCHED_AUTHORITATIVE_BOUNDARY
6433,Alangayan,Tirupathur,Tamil Nadu,12.561942,78.803269,MoPR_LGD_and_ISRO_Bhuvan,LGD_2026_Bhuvan_2024,6433,MATCHED_AUTHORITATIVE_BOUNDARY
6438,Jolarpet,Tirupathur,Tamil Nadu,12.566401,78.532114,MoPR_LGD_and_ISRO_Bhuvan,LGD_2026_Bhuvan_2024,6438,MATCHED_AUTHORITATIVE_BOUNDARY
6440,Kandili,Tirupathur,Tamil Nadu,12.436056,78.529148,MoPR_LGD_and_ISRO_Bhuvan,LGD_2026_Bhuvan_2024,6440,MATCHED_AUTHORITATIVE_BOUNDARY
6444,Madhanur,Tirupathur,Tamil Nadu,12.765718,78.794213,MoPR_LGD_and_ISRO_Bhuvan,LGD_2026_Bhuvan_2024,6444,MATCHED_AUTHORITATIVE_BOUNDARY
6445,Natrampalli,Tirupathur,Tamil Nadu,12.639781,78.508057,MoPR_LGD_and_ISRO_Bhuvan,LGD_2026_Bhuvan_2024,6445,MATCHED_AUTHORITATIVE_BOUNDARY
6450,Tiruppattur,Tirupathur,Tamil Nadu,12.523864,78.668839,MoPR_LGD_and_ISRO_Bhuvan,LGD_2026_Bhuvan_2024,6450,MATCHED_AUTHORITATIVE_BOUNDARY
6103,Avanashi,Tiruppur,Tamil Nadu,11.231314,77.234929,MoPR_LGD_and_ISRO_Bhuvan,LGD_2026_Bhuvan_2024,6103,MATCHED_AUTHORITATIVE_BOUNDARY
6160,Dharapuram,Tiruppur,Tamil Nadu,10.710065,77.472417,MoPR_LGD_and_ISRO_Bhuvan,LGD_2026_Bhuvan_2024,6160,MATCHED_AUTHORITATIVE_BOUNDARY
6104,Gudimangalam,Tiruppur,Tamil Nadu,10.709103,77.226275,MoPR_LGD_and_ISRO_Bhuvan,LGD_2026_Bhuvan_2024,6104,MATCHED_AUTHORITATIVE_BOUNDARY
6163,Kangayam,Tiruppur,Tamil Nadu,11.040597,77.574542,MoPR_LGD_and_ISRO_Bhuvan,LGD_2026_Bhuvan_2024,6163,MATCHED_AUTHORITATIVE_BOUNDARY
6165,Kundadam,Tiruppur,Tamil Nadu,10.846135,77.455043,MoPR_LGD_and_ISRO_Bhuvan,LGD_2026_Bhuvan_2024,6165,MATCHED_AUTHORITATIVE_BOUNDARY
6107,Madathukulam,Tiruppur,Tamil Nadu,10.581259,77.349541,MoPR_LGD_and_ISRO_Bhuvan,LGD_2026_Bhuvan_2024,6107,MATCHED_AUTHORITATIVE_BOUNDARY
6167,Mulanur,Tiruppur,Tamil Nadu,10.774256,77.716704,MoPR_LGD_and_ISRO_Bhuvan,LGD_2026_Bhuvan_2024,6167,MATCHED_AUTHORITATIVE_BOUNDARY
6109,Palladam,Tiruppur,Tamil Nadu,11.005797,77.251748,MoPR_LGD_and_ISRO_Bhuvan,LGD_2026_Bhuvan_2024,6109,MATCHED_AUTHORITATIVE_BOUNDARY
6113,Pongalur,Tiruppur,Tamil Nadu,10.962755,77.37792,MoPR_LGD_and_ISRO_Bhuvan,LGD_2026_Bhuvan_2024,6113,MATCHED_AUTHORITATIVE_BOUNDARY
6118,Tiruppur,Tiruppur,Tamil Nadu,11.145094,77.355622,MoPR_LGD_and_ISRO_Bhuvan,LGD_2026_Bhuvan_2024,6118,MATCHED_AUTHORITATIVE_BOUNDARY
6119,Udumalpet,Tiruppur,Tamil Nadu,10.45139,77.209645,MoPR_LGD_and_ISRO_Bhuvan,LGD_2026_Bhuvan_2024,6119,MATCHED_AUTHORITATIVE_BOUNDARY
6173,Uttukkuli,Tiruppur,Tamil Nadu,11.216644,77.434768,MoPR_LGD_and_ISRO_Bhuvan,LGD_2026_Bhuvan_2024,6173,MATCHED_AUTHORITATIVE_BOUNDARY
6174,Vellakoil,Tiruppur,Tamil Nadu,10.960206,77.694263,MoPR_LGD_and_ISRO_Bhuvan,LGD_2026_Bhuvan_2024,6174,MATCHED_AUTHORITATIVE_BOUNDARY
6403,Anakkavur,Tiruvannamalai,Tamil Nadu,12.616166,79.589528,MoPR_LGD_and_ISRO_Bhuvan,LGD_2026_Bhuvan_2024,6403,MATCHED_AUTHORITATIVE_BOUNDARY
6404,Arani,Tiruvannamalai,Tamil Nadu,12.704762,79.291736,MoPR_LGD_and_ISRO_Bhuvan,LGD_2026_Bhuvan_2024,6404,MATCHED_AUTHORITATIVE_BOUNDARY
6405,Chengam,Tiruvannamalai,Tamil Nadu,12.254313,78.779334,MoPR_LGD_and_ISRO_Bhuvan,LGD_2026_Bhuvan_2024,6405,MATCHED_AUTHORITATIVE_BOUNDARY
6406,Chetput,Tiruvannamalai,Tamil Nadu,12.490573,79.188838,MoPR_LGD_and_ISRO_Bhuvan,LGD_2026_Bhuvan_2024,6406,MATCHED_AUTHORITATIVE_BOUNDARY
6407,Cheyyar,Tiruvannamalai,Tamil Nadu,12.669749,79.551051,MoPR_LGD_and_ISRO_Bhuvan,LGD_2026_Bhuvan_2024,6407,MATCHED_AUTHORITATIVE_BOUNDARY
6408,Jawathu Hills,Tiruvannamalai,Tamil Nadu,12.557299,78.936916,MoPR_LGD_and_ISRO_Bhuvan,LGD_2026_Bhuvan_2024,6408,MATCHED_AUTHORITATIVE_BOUNDARY
6409,Kalasapakkam,Tiruvannamalai,Tamil Nadu,12.45316,79.032827,MoPR_LGD_and_ISRO_Bhuvan,LGD_2026_Bhuvan_2024,6409,MATCHED_AUTHORITATIVE_BOUNDARY
6410,Keelpennathur,Tiruvannamalai,Tamil Nadu,12.201056,79.199674,MoPR_LGD_and_ISRO_Bhuvan,LGD_2026_Bhuvan_2024,6410,MATCHED_AUTHORITATIVE_BOUNDARY
6411,Pernamallur,Tiruvannamalai,Tamil Nadu,12.524252,79.411198,MoPR_LGD_and_ISRO_Bhuvan,LGD_2026_Bhuvan_2024,6411,MATCHED_AUTHORITATIVE_BOUNDARY
6412,Polur,Tiruvannamalai,Tamil Nadu,12.605194,79.187758,MoPR_LGD_and_ISRO_Bhuvan,LGD_2026_Bhuvan_2024,6412,MATCHED_AUTHORITATIVE_BOUNDARY
6413,Pudupalayam,Tiruvannamalai,Tamil Nadu,12.338972,78.926259,MoPR_LGD_and_ISRO_Bhuvan,LGD_2026_Bhuvan_2024,6413,MATCHED_AUTHORITATIVE_BOUNDARY
6414,Thandrampet,Tiruvannamalai,Tamil Nadu,12.117125,78.86436,MoPR_LGD_and_ISRO_Bhuvan,LGD_2026_Bhuvan_2024,6414,MATCHED_AUTHORITATIVE_BOUNDARY
6415,Thellar,Tiruvannamalai,Tamil Nadu,12.425287,79.53817,MoPR_LGD_and_ISRO_Bhuvan,LGD_2026_Bhuvan_2024,6415,MATCHED_AUTHORITATIVE_BOUNDARY
6416,Thurinjapuram,Tiruvannamalai,Tamil Nadu,12.349253,79.120013,MoPR_LGD_and_ISRO_Bhuvan,LGD_2026_Bhuvan_2024,6416,MATCHED_AUTHORITATIVE_BOUNDARY
6417,Tiruvannamalai,Tiruvannamalai,Tamil Nadu,12.149885,79.091346,MoPR_LGD_and_ISRO_Bhuvan,LGD_2026_Bhuvan_2024,6417,MATCHED_AUTHORITATIVE_BOUNDARY
6418,Vandavasi,Tiruvannamalai,Tamil Nadu,12.494282,79.645936,MoPR_LGD_and_ISRO_Bhuvan,LGD_2026_Bhuvan_2024,6418,MATCHED_AUTHORITATIVE_BOUNDARY
6419,Vembakkam,Tiruvannamalai,Tamil Nadu,12.776619,79.586535,MoPR_LGD_and_ISRO_Bhuvan,LGD_2026_Bhuvan_2024,6419,MATCHED_AUTHORITATIVE_BOUNDARY
6420,West Arani,Tiruvannamalai,Tamil Nadu,12.627899,79.255756,MoPR_LGD_and_ISRO_Bhuvan,LGD_2026_Bhuvan_2024,6420,MATCHED_AUTHORITATIVE_BOUNDARY
6434,Anaicut,Vellore,Tamil Nadu,12.789543,78.963521,MoPR_LGD_and_ISRO_Bhuvan,LGD_2026_Bhuvan_2024,6434,MATCHED_AUTHORITATIVE_BOUNDARY
6437,Gudiyattam,Vellore,Tamil Nadu,12.998826,78.874652,MoPR_LGD_and_ISRO_Bhuvan,LGD_2026_Bhuvan_2024,6437,MATCHED_AUTHORITATIVE_BOUNDARY
6441,Kaniyambadi,Vellore,Tamil Nadu,12.823413,79.143764,MoPR_LGD_and_ISRO_Bhuvan,LGD_2026_Bhuvan_2024,6441,MATCHED_AUTHORITATIVE_BOUNDARY
6442,Katpadi,Vellore,Tamil Nadu,13.026035,79.206452,MoPR_LGD_and_ISRO_Bhuvan,LGD_2026_Bhuvan_2024,6442,MATCHED_AUTHORITATIVE_BOUNDARY
6439,K.V.Kuppam,Vellore,Tamil Nadu,12.981567,79.006953,MoPR_LGD_and_ISRO_Bhuvan,LGD_2026_Bhuvan_2024,6439,MATCHED_AUTHORITATIVE_BOUNDARY
6447,Peranambattu,Vellore,Tamil Nadu,12.942211,78.72231,MoPR_LGD_and_ISRO_Bhuvan,LGD_2026_Bhuvan_2024,6447,MATCHED_AUTHORITATIVE_BOUNDARY
6451,Vellore,Vellore,Tamil Nadu,12.904282,79.109926,MoPR_LGD_and_ISRO_Bhuvan,LGD_2026_Bhuvan_2024,6451,MATCHED_AUTHORITATIVE_BOUNDARY
6454,Gingee,Viluppuram,Tamil Nadu,12.188614,79.339949,MoPR_LGD_and_ISRO_Bhuvan,LGD_2026_Bhuvan_2024,6454,MATCHED_AUTHORITATIVE_BOUNDARY
6457,Kanai,Viluppuram,Tamil Nadu,12.023454,79.392281,MoPR_LGD_and_ISRO_Bhuvan,LGD_2026_Bhuvan_2024,6457,MATCHED_AUTHORITATIVE_BOUNDARY
6458,Kandamangalam,Viluppuram,Tamil Nadu,11.898632,79.640145,MoPR_LGD_and_ISRO_Bhuvan,LGD_2026_Bhuvan_2024,6458,MATCHED_AUTHORITATIVE_BOUNDARY
6459,Koliyanur,Viluppuram,Tamil Nadu,11.922058,79.501426,MoPR_LGD_and_ISRO_Bhuvan,LGD_2026_Bhuvan_2024,6459,MATCHED_AUTHORITATIVE_BOUNDARY
6460,Mailam,Viluppuram,Tamil Nadu,12.172611,79.58346,MoPR_LGD_and_ISRO_Bhuvan,LGD_2026_Bhuvan_2024,6460,MATCHED_AUTHORITATIVE_BOUNDARY
6461,Marakkanam,Viluppuram,Tamil Nadu,12.188924,79.805116,MoPR_LGD_and_ISRO_Bhuvan,LGD_2026_Bhuvan_2024,6461,MATCHED_AUTHORITATIVE_BOUNDARY
6462,Melmalayanur,Viluppuram,Tamil Nadu,12.360492,79.323467,MoPR_LGD_and_ISRO_Bhuvan,LGD_2026_Bhuvan_2024,6462,MATCHED_AUTHORITATIVE_BOUNDARY
6463,Mugaiyur,Viluppuram,Tamil Nadu,12.003776,79.271052,MoPR_LGD_and_ISRO_Bhuvan,LGD_2026_Bhuvan_2024,6463,MATCHED_AUTHORITATIVE_BOUNDARY
6464,Olakkur,Viluppuram,Tamil Nadu,12.29503,79.701066,MoPR_LGD_and_ISRO_Bhuvan,LGD_2026_Bhuvan_2024,6464,MATCHED_AUTHORITATIVE_BOUNDARY
6468,Thiruvennainallur,Viluppuram,Tamil Nadu,11.863857,79.365753,MoPR_LGD_and_ISRO_Bhuvan,LGD_2026_Bhuvan_2024,6468,MATCHED_AUTHORITATIVE_BOUNDARY
6472,Vallam,Viluppuram,Tamil Nadu,12.270664,79.482125,MoPR_LGD_and_ISRO_Bhuvan,LGD_2026_Bhuvan_2024,6472,MATCHED_AUTHORITATIVE_BOUNDARY
6473,Vanur,Viluppuram,Tamil Nadu,12.068404,79.753344,MoPR_LGD_and_ISRO_Bhuvan,LGD_2026_Bhuvan_2024,6473,MATCHED_AUTHORITATIVE_BOUNDARY
6474,Vikravandi,Viluppuram,Tamil Nadu,12.044659,79.517052,MoPR_LGD_and_ISRO_Bhuvan,LGD_2026_Bhuvan_2024,6474,MATCHED_AUTHORITATIVE_BOUNDARY
6475,Aruppukottai,Virudhunagar,Tamil Nadu,9.48668,78.071482,MoPR_LGD_and_ISRO_Bhuvan,LGD_2026_Bhuvan_2024,6475,MATCHED_AUTHORITATIVE_BOUNDARY
6476,Kariapatti,Virudhunagar,Tamil Nadu,9.650864,78.125851,MoPR_LGD_and_ISRO_Bhuvan,LGD_2026_Bhuvan_2024,6476,MATCHED_AUTHORITATIVE_BOUNDARY
6477,Narikudi,Virudhunagar,Tamil Nadu,9.606691,78.297437,MoPR_LGD_and_ISRO_Bhuvan,LGD_2026_Bhuvan_2024,6477,MATCHED_AUTHORITATIVE_BOUNDARY
6478,Rajapalaiyam,Virudhunagar,Tamil Nadu,9.416037,77.510637,MoPR_LGD_and_ISRO_Bhuvan,LGD_2026_Bhuvan_2024,6478,MATCHED_AUTHORITATIVE_BOUNDARY
6479,Sattur,Virudhunagar,Tamil Nadu,9.322946,77.943965,MoPR_LGD_and_ISRO_Bhuvan,LGD_2026_Bhuvan_2024,6479,MATCHED_AUTHORITATIVE_BOUNDARY
6480,Sivakasi,Virudhunagar,Tamil Nadu,9.516875,77.803647,MoPR_LGD_and_ISRO_Bhuvan,LGD_2026_Bhuvan_2024,6480,MATCHED_AUTHORITATIVE_BOUNDARY
6481,Srivilliputtur,Virudhunagar,Tamil Nadu,9.496259,77.640688,MoPR_LGD_and_ISRO_Bhuvan,LGD_2026_Bhuvan_2024,6481,MATCHED_AUTHORITATIVE_BOUNDARY
6482,Tiruchuli,Virudhunagar,Tamil Nadu,9.435267,78.174105,MoPR_LGD_and_ISRO_Bhuvan,LGD_2026_Bhuvan_2024,6482,MATCHED_AUTHORITATIVE_BOUNDARY
6483,Vembakottai,Virudhunagar,Tamil Nadu,9.351845,77.760559,MoPR_LGD_and_ISRO_Bhuvan,LGD_2026_Bhuvan_2024,6483,MATCHED_AUTHORITATIVE_BOUNDARY
6484,Virudhunagar,Virudhunagar,Tamil Nadu,9.522494,77.934843,MoPR_LGD_and_ISRO_Bhuvan,LGD_2026_Bhuvan_2024,6484,MATCHED_AUTHORITATIVE_BOUNDARY
6485,Watrap,Virudhunagar,Tamil Nadu,9.606344,77.611653,MoPR_LGD_and_ISRO_Bhuvan,LGD_2026_Bhuvan_2024,6485,MATCHED_AUTHORITATIVE_BOUNDARY
7142,Adilabad Rural,Adilabad,Telangana,19.618487,78.617315,MoPR_LGD_and_ISRO_Bhuvan,LGD_2026_Bhuvan_2024,7142,MATCHED_AUTHORITATIVE_BOUNDARY
4634,Adilabad Urban,Adilabad,Telangana,19.691585,78.549829,MoPR_LGD_and_ISRO_Bhuvan,LGD_2026_Bhuvan_2024,4634,MATCHED_AUTHORITATIVE_BOUNDARY
4636,Bazarhatnoor,Adilabad,Telangana,19.497506,78.372826,MoPR_LGD_and_ISRO_Bhuvan,LGD_2026_Bhuvan_2024,4636,MATCHED_AUTHORITATIVE_BOUNDARY
4638,Bela,Adilabad,Telangana,19.689768,78.769503,MoPR_LGD_and_ISRO_Bhuvan,LGD_2026_Bhuvan_2024,4638,MATCHED_AUTHORITATIVE_BOUNDARY
7189,Bheempur,Adilabad,Telangana,19.805692,78.393065,MoPR_LGD_and_ISRO_Bhuvan,LGD_2026_Bhuvan_2024,7189,MATCHED_AUTHORITATIVE_BOUNDARY
7569,Bhoraj,Adilabad,Telangana,,,MoPR_LGD_and_ISRO_Bhuvan,LGD_2026_Bhuvan_2024,7569,PENDING_OFFICIAL_BOUNDARY_MATCH
4642,Boath,Adilabad,Telangana,19.36492,78.286878,MoPR_LGD_and_ISRO_Bhuvan,LGD_2026_Bhuvan_2024,4642,MATCHED_AUTHORITATIVE_BOUNDARY
7191,Gadiguda,Adilabad,Telangana,19.603598,78.873783,MoPR_LGD_and_ISRO_Bhuvan,LGD_2026_Bhuvan_2024,7191,MATCHED_AUTHORITATIVE_BOUNDARY
4647,Gudihatnur,Adilabad,Telangana,19.524256,78.512939,MoPR_LGD_and_ISRO_Bhuvan,LGD_2026_Bhuvan_2024,4647,MATCHED_AUTHORITATIVE_BOUNDARY
4648,Ichoda,Adilabad,Telangana,19.37943,78.51118,MoPR_LGD_and_ISRO_Bhuvan,LGD_2026_Bhuvan_2024,4648,MATCHED_AUTHORITATIVE_BOUNDARY
4649,Indervelly,Adilabad,Telangana,19.492122,78.651203,MoPR_LGD_and_ISRO_Bhuvan,LGD_2026_Bhuvan_2024,4649,MATCHED_AUTHORITATIVE_BOUNDARY
4650,Jainath,Adilabad,Telangana,19.740853,78.621737,MoPR_LGD_and_ISRO_Bhuvan,LGD_2026_Bhuvan_2024,4650,MATCHED_AUTHORITATIVE_BOUNDARY
7143,Mavala,Adilabad,Telangana,19.648038,78.523354,MoPR_LGD_and_ISRO_Bhuvan,LGD_2026_Bhuvan_2024,7143,MATCHED_AUTHORITATIVE_BOUNDARY
4670,Narnoor,Adilabad,Telangana,19.501191,78.851653,MoPR_LGD_and_ISRO_Bhuvan,LGD_2026_Bhuvan_2024,4670,MATCHED_AUTHORITATIVE_BOUNDARY
4672,Neradigonda,Adilabad,Telangana,19.270201,78.418102,MoPR_LGD_and_ISRO_Bhuvan,LGD_2026_Bhuvan_2024,4672,MATCHED_AUTHORITATIVE_BOUNDARY
7570,Sathnala,Adilabad,Telangana,,,MoPR_LGD_and_ISRO_Bhuvan,LGD_2026_Bhuvan_2024,7570,PENDING_OFFICIAL_BOUNDARY_MATCH
7190,Sirikonda,Adilabad,Telangana,19.366806,78.619102,MoPR_LGD_and_ISRO_Bhuvan,LGD_2026_Bhuvan_2024,7190,MATCHED_AUTHORITATIVE_BOUNDARY
7571,Sonala,Adilabad,Telangana,,,MoPR_LGD_and_ISRO_Bhuvan,LGD_2026_Bhuvan_2024,7571,PENDING_OFFICIAL_BOUNDARY_MATCH
4678,Talamadugu,Adilabad,Telangana,19.633279,78.388142,MoPR_LGD_and_ISRO_Bhuvan,LGD_2026_Bhuvan_2024,4678,MATCHED_AUTHORITATIVE_BOUNDARY
4679,Tamsi,Adilabad,Telangana,19.713917,78.438241,MoPR_LGD_and_ISRO_Bhuvan,LGD_2026_Bhuvan_2024,4679,MATCHED_AUTHORITATIVE_BOUNDARY
4683,Utnoor,Adilabad,Telangana,19.370218,78.76361,MoPR_LGD_and_ISRO_Bhuvan,LGD_2026_Bhuvan_2024,4683,MATCHED_AUTHORITATIVE_BOUNDARY
7259,Allapalli,Bhadradri Kothagudem,Telangana,17.893454,80.519264,MoPR_LGD_and_ISRO_Bhuvan,LGD_2026_Bhuvan_2024,7259,MATCHED_AUTHORITATIVE_BOUNDARY
7260,Annapureddypalli,Bhadradri Kothagudem,Telangana,17.355247,80.758371,MoPR_LGD_and_ISRO_Bhuvan,LGD_2026_Bhuvan_2024,7260,MATCHED_AUTHORITATIVE_BOUNDARY
5053,Aswapuram,Bhadradri Kothagudem,Telangana,17.805819,80.791398,MoPR_LGD_and_ISRO_Bhuvan,LGD_2026_Bhuvan_2024,5053,MATCHED_AUTHORITATIVE_BOUNDARY
5054,Aswaraopeta,Bhadradri Kothagudem,Telangana,17.38064,81.130163,MoPR_LGD_and_ISRO_Bhuvan,LGD_2026_Bhuvan_2024,5054,MATCHED_AUTHORITATIVE_BOUNDARY
5056,Bhadrachalam,Bhadradri Kothagudem,Telangana,,,MoPR_LGD_and_ISRO_Bhuvan,LGD_2026_Bhuvan_2024,5056,PENDING_OFFICIAL_BOUNDARY_MATCH
5058,Burgampahad,Bhadradri Kothagudem,Telangana,17.661385,80.839456,MoPR_LGD_and_ISRO_Bhuvan,LGD_2026_Bhuvan_2024,5058,MATCHED_AUTHORITATIVE_BOUNDARY
5059,Chandrugonda,Bhadradri Kothagudem,Telangana,17.390022,80.628701,MoPR_LGD_and_ISRO_Bhuvan,LGD_2026_Bhuvan_2024,5059,MATCHED_AUTHORITATIVE_BOUNDARY
5060,Cherla,Bhadradri Kothagudem,Telangana,18.073274,80.868136,MoPR_LGD_and_ISRO_Bhuvan,LGD_2026_Bhuvan_2024,5060,MATCHED_AUTHORITATIVE_BOUNDARY
7232,Chunchupalli,Bhadradri Kothagudem,Telangana,17.473905,80.656205,MoPR_LGD_and_ISRO_Bhuvan,LGD_2026_Bhuvan_2024,7232,MATCHED_AUTHORITATIVE_BOUNDARY
5063,Dammapeta,Bhadradri Kothagudem,Telangana,17.334467,80.967007,MoPR_LGD_and_ISRO_Bhuvan,LGD_2026_Bhuvan_2024,5063,MATCHED_AUTHORITATIVE_BOUNDARY
5064,Dummugudem,Bhadradri Kothagudem,Telangana,17.836224,80.953516,MoPR_LGD_and_ISRO_Bhuvan,LGD_2026_Bhuvan_2024,5064,MATCHED_AUTHORITATIVE_BOUNDARY
5067,Gundala,Bhadradri Kothagudem,Telangana,17.896011,80.361691,MoPR_LGD_and_ISRO_Bhuvan,LGD_2026_Bhuvan_2024,5067,MATCHED_AUTHORITATIVE_BOUNDARY
5068,Julurupadu,Bhadradri Kothagudem,Telangana,17.356174,80.551953,MoPR_LGD_and_ISRO_Bhuvan,LGD_2026_Bhuvan_2024,5068,MATCHED_AUTHORITATIVE_BOUNDARY
7261,Karakagudem,Bhadradri Kothagudem,Telangana,18.002062,80.557587,MoPR_LGD_and_ISRO_Bhuvan,LGD_2026_Bhuvan_2024,7261,MATCHED_AUTHORITATIVE_BOUNDARY
5074,Kothagudem,Bhadradri Kothagudem,Telangana,17.546967,80.62573,MoPR_LGD_and_ISRO_Bhuvan,LGD_2026_Bhuvan_2024,5074,MATCHED_AUTHORITATIVE_BOUNDARY
7233,Laxmidevipalli,Bhadradri Kothagudem,Telangana,17.680651,80.601279,MoPR_LGD_and_ISRO_Bhuvan,LGD_2026_Bhuvan_2024,7233,MATCHED_AUTHORITATIVE_BOUNDARY
5079,Manugur,Bhadradri Kothagudem,Telangana,17.932143,80.756089,MoPR_LGD_and_ISRO_Bhuvan,LGD_2026_Bhuvan_2024,5079,MATCHED_AUTHORITATIVE_BOUNDARY
5081,Mulakalapally,Bhadradri Kothagudem,Telangana,17.489657,80.829995,MoPR_LGD_and_ISRO_Bhuvan,LGD_2026_Bhuvan_2024,5081,MATCHED_AUTHORITATIVE_BOUNDARY
5083,Palwancha,Bhadradri Kothagudem,Telangana,17.687961,80.692192,MoPR_LGD_and_ISRO_Bhuvan,LGD_2026_Bhuvan_2024,5083,MATCHED_AUTHORITATIVE_BOUNDARY
5085,Pinapaka,Bhadradri Kothagudem,Telangana,18.06412,80.683822,MoPR_LGD_and_ISRO_Bhuvan,LGD_2026_Bhuvan_2024,5085,MATCHED_AUTHORITATIVE_BOUNDARY
7234,Sujathanagar,Bhadradri Kothagudem,Telangana,17.487276,80.518651,MoPR_LGD_and_ISRO_Bhuvan,LGD_2026_Bhuvan_2024,7234,MATCHED_AUTHORITATIVE_BOUNDARY
5088,Tekulapally,Bhadradri Kothagudem,Telangana,17.642773,80.487519,MoPR_LGD_and_ISRO_Bhuvan,LGD_2026_Bhuvan_2024,5088,MATCHED_AUTHORITATIVE_BOUNDARY
5097,Yellandu,Bhadradri Kothagudem,Telangana,17.650121,80.32203,MoPR_LGD_and_ISRO_Bhuvan,LGD_2026_Bhuvan_2024,5097,MATCHED_AUTHORITATIVE_BOUNDARY
5657,Atmakur,Hanumakonda,Telangana,18.05911,79.733293,MoPR_LGD_and_ISRO_Bhuvan,LGD_2026_Bhuvan_2024,5657,MATCHED_AUTHORITATIVE_BOUNDARY
4997,Bheemadevarapalli,Hanumakonda,Telangana,18.074099,79.332154,MoPR_LGD_and_ISRO_Bhuvan,LGD_2026_Bhuvan_2024,4997,MATCHED_AUTHORITATIVE_BOUNDARY
7334,Damera,Hanumakonda,Telangana,18.07866,79.655312,MoPR_LGD_and_ISRO_Bhuvan,LGD_2026_Bhuvan_2024,7334,MATCHED_AUTHORITATIVE_BOUNDARY
5664,Dharmasagar,Hanumakonda,Telangana,17.967809,79.419183,MoPR_LGD_and_ISRO_Bhuvan,LGD_2026_Bhuvan_2024,5664,MATCHED_AUTHORITATIVE_BOUNDARY
5005,Elkathurthi,Hanumakonda,Telangana,18.11398,79.452145,MoPR_LGD_and_ISRO_Bhuvan,LGD_2026_Bhuvan_2024,5005,MATCHED_AUTHORITATIVE_BOUNDARY
5673,Hanamkonda,Hanumakonda,Telangana,18.012429,79.557738,MoPR_LGD_and_ISRO_Bhuvan,LGD_2026_Bhuvan_2024,5673,MATCHED_AUTHORITATIVE_BOUNDARY
5674,Hasanparthy,Hanumakonda,Telangana,18.071017,79.537484,MoPR_LGD_and_ISRO_Bhuvan,LGD_2026_Bhuvan_2024,5674,MATCHED_AUTHORITATIVE_BOUNDARY
7251,Inavole,Hanumakonda,Telangana,17.862736,79.547401,MoPR_LGD_and_ISRO_Bhuvan,LGD_2026_Bhuvan_2024,7251,MATCHED_AUTHORITATIVE_BOUNDARY
5016,Kamalapur,Hanumakonda,Telangana,18.189342,79.539254,MoPR_LGD_and_ISRO_Bhuvan,LGD_2026_Bhuvan_2024,5016,MATCHED_AUTHORITATIVE_BOUNDARY
7229,Khazipet,Hanumakonda,Telangana,17.963829,79.50633,MoPR_LGD_and_ISRO_Bhuvan,LGD_2026_Bhuvan_2024,7229,MATCHED_AUTHORITATIVE_BOUNDARY
7343,Nadikuda,Hanumakonda,Telangana,18.205022,79.629812,MoPR_LGD_and_ISRO_Bhuvan,LGD_2026_Bhuvan_2024,7343,MATCHED_AUTHORITATIVE_BOUNDARY
5695,Parkal,Hanumakonda,Telangana,18.199696,79.690614,MoPR_LGD_and_ISRO_Bhuvan,LGD_2026_Bhuvan_2024,5695,MATCHED_AUTHORITATIVE_BOUNDARY
5701,Shayampet,Hanumakonda,Telangana,18.136227,79.758586,MoPR_LGD_and_ISRO_Bhuvan,LGD_2026_Bhuvan_2024,5701,MATCHED_AUTHORITATIVE_BOUNDARY
7250,Velair,Hanumakonda,Telangana,17.979764,79.31974,MoPR_LGD_and_ISRO_Bhuvan,LGD_2026_Bhuvan_2024,7250,MATCHED_AUTHORITATIVE_BOUNDARY
4980,Amberpet,Hyderabad,Telangana,17.384753,78.51264,MoPR_LGD_and_ISRO_Bhuvan,LGD_2026_Bhuvan_2024,4980,MATCHED_AUTHORITATIVE_BOUNDARY
4981,Ameerpet,Hyderabad,Telangana,17.437949,78.449542,MoPR_LGD_and_ISRO_Bhuvan,LGD_2026_Bhuvan_2024,4981,MATCHED_AUTHORITATIVE_BOUNDARY
4982,Asifnagar,Hyderabad,Telangana,17.381599,78.45238,MoPR_LGD_and_ISRO_Bhuvan,LGD_2026_Bhuvan_2024,4982,MATCHED_AUTHORITATIVE_BOUNDARY
4983,Bahadurpura,Hyderabad,Telangana,17.352347,78.46363,MoPR_LGD_and_ISRO_Bhuvan,LGD_2026_Bhuvan_2024,4983,MATCHED_AUTHORITATIVE_BOUNDARY
4984,Bandlaguda,Hyderabad,Telangana,17.326491,78.47386,MoPR_LGD_and_ISRO_Bhuvan,LGD_2026_Bhuvan_2024,4984,MATCHED_AUTHORITATIVE_BOUNDARY
4985,Charminar,Hyderabad,Telangana,17.351589,78.493983,MoPR_LGD_and_ISRO_Bhuvan,LGD_2026_Bhuvan_2024,4985,MATCHED_AUTHORITATIVE_BOUNDARY
4986,Golconda,Hyderabad,Telangana,17.375748,78.412935,MoPR_LGD_and_ISRO_Bhuvan,LGD_2026_Bhuvan_2024,4986,MATCHED_AUTHORITATIVE_BOUNDARY
4987,Himayathnagar,Hyderabad,Telangana,17.402158,78.491724,MoPR_LGD_and_ISRO_Bhuvan,LGD_2026_Bhuvan_2024,4987,MATCHED_AUTHORITATIVE_BOUNDARY
4988,Khairthabad,Hyderabad,Telangana,17.426457,78.450433,MoPR_LGD_and_ISRO_Bhuvan,LGD_2026_Bhuvan_2024,4988,MATCHED_AUTHORITATIVE_BOUNDARY
4989,Marredpally,Hyderabad,Telangana,17.438027,78.516085,MoPR_LGD_and_ISRO_Bhuvan,LGD_2026_Bhuvan_2024,4989,MATCHED_AUTHORITATIVE_BOUNDARY
4990,Musheerabad,Hyderabad,Telangana,17.415674,78.511861,MoPR_LGD_and_ISRO_Bhuvan,LGD_2026_Bhuvan_2024,4990,MATCHED_AUTHORITATIVE_BOUNDARY
4991,Nampally,Hyderabad,Telangana,17.386451,78.476116,MoPR_LGD_and_ISRO_Bhuvan,LGD_2026_Bhuvan_2024,4991,MATCHED_AUTHORITATIVE_BOUNDARY
4992,Saidabad,Hyderabad,Telangana,17.360961,78.521778,MoPR_LGD_and_ISRO_Bhuvan,LGD_2026_Bhuvan_2024,4992,MATCHED_AUTHORITATIVE_BOUNDARY
4993,Secunderabad,Hyderabad,Telangana,17.436538,78.48079,MoPR_LGD_and_ISRO_Bhuvan,LGD_2026_Bhuvan_2024,4993,MATCHED_AUTHORITATIVE_BOUNDARY
4994,Shaikpet,Hyderabad,Telangana,17.4094,78.422718,MoPR_LGD_and_ISRO_Bhuvan,LGD_2026_Bhuvan_2024,4994,MATCHED_AUTHORITATIVE_BOUNDARY
4995,Tirumalagiry,Hyderabad,Telangana,17.462814,78.469798,MoPR_LGD_and_ISRO_Bhuvan,LGD_2026_Bhuvan_2024,4995,MATCHED_AUTHORITATIVE_BOUNDARY
7207,Beerpur,Jagitial,Telangana,19.027074,78.967186,MoPR_LGD_and_ISRO_Bhuvan,LGD_2026_Bhuvan_2024,7207,MATCHED_AUTHORITATIVE_BOUNDARY
7572,Bheemaram,Jagitial,Telangana,,,MoPR_LGD_and_ISRO_Bhuvan,LGD_2026_Bhuvan_2024,7572,PENDING_OFFICIAL_BOUNDARY_MATCH
7209,Buggaram,Jagitial,Telangana,18.872726,79.0673,MoPR_LGD_and_ISRO_Bhuvan,LGD_2026_Bhuvan_2024,7209,MATCHED_AUTHORITATIVE_BOUNDARY
5002,Dharmapuri,Jagitial,Telangana,18.953733,79.071569,MoPR_LGD_and_ISRO_Bhuvan,LGD_2026_Bhuvan_2024,5002,MATCHED_AUTHORITATIVE_BOUNDARY
7573,Endapalli,Jagitial,Telangana,,,MoPR_LGD_and_ISRO_Bhuvan,LGD_2026_Bhuvan_2024,7573,PENDING_OFFICIAL_BOUNDARY_MATCH
5009,Gollapalli,Jagitial,Telangana,18.798084,79.06247,MoPR_LGD_and_ISRO_Bhuvan,LGD_2026_Bhuvan_2024,5009,MATCHED_AUTHORITATIVE_BOUNDARY
5012,Ibrahimpatnam,Jagitial,Telangana,18.905013,78.581652,MoPR_LGD_and_ISRO_Bhuvan,LGD_2026_Bhuvan_2024,5012,MATCHED_AUTHORITATIVE_BOUNDARY
7208,Jagitial Rural,Jagitial,Telangana,18.815766,78.871776,MoPR_LGD_and_ISRO_Bhuvan,LGD_2026_Bhuvan_2024,7208,MATCHED_AUTHORITATIVE_BOUNDARY
5013,Jagtial,Jagitial,Telangana,18.792423,78.909831,MoPR_LGD_and_ISRO_Bhuvan,LGD_2026_Bhuvan_2024,5013,MATCHED_AUTHORITATIVE_BOUNDARY
5020,Kathalapur,Jagitial,Telangana,18.711437,78.692131,MoPR_LGD_and_ISRO_Bhuvan,LGD_2026_Bhuvan_2024,5020,MATCHED_AUTHORITATIVE_BOUNDARY
5021,Kodimial,Jagitial,Telangana,18.628933,78.887918,MoPR_LGD_and_ISRO_Bhuvan,LGD_2026_Bhuvan_2024,5021,MATCHED_AUTHORITATIVE_BOUNDARY
5024,Korutla,Jagitial,Telangana,18.835807,78.730765,MoPR_LGD_and_ISRO_Bhuvan,LGD_2026_Bhuvan_2024,5024,MATCHED_AUTHORITATIVE_BOUNDARY
5027,Mallapur,Jagitial,Telangana,18.960996,78.715316,MoPR_LGD_and_ISRO_Bhuvan,LGD_2026_Bhuvan_2024,5027,MATCHED_AUTHORITATIVE_BOUNDARY
5028,Mallial,Jagitial,Telangana,18.711908,78.929319,MoPR_LGD_and_ISRO_Bhuvan,LGD_2026_Bhuvan_2024,5028,MATCHED_AUTHORITATIVE_BOUNDARY
5031,Medipalli,Jagitial,Telangana,18.744714,78.795767,MoPR_LGD_and_ISRO_Bhuvan,LGD_2026_Bhuvan_2024,5031,MATCHED_AUTHORITATIVE_BOUNDARY
5032,Metpalli,Jagitial,Telangana,18.805258,78.615476,MoPR_LGD_and_ISRO_Bhuvan,LGD_2026_Bhuvan_2024,5032,MATCHED_AUTHORITATIVE_BOUNDARY
5038,Pegadapalli,Jagitial,Telangana,18.707037,79.071219,MoPR_LGD_and_ISRO_Bhuvan,LGD_2026_Bhuvan_2024,5038,MATCHED_AUTHORITATIVE_BOUNDARY
5039,Raikal,Jagitial,Telangana,18.951566,78.842766,MoPR_LGD_and_ISRO_Bhuvan,LGD_2026_Bhuvan_2024,5039,MATCHED_AUTHORITATIVE_BOUNDARY
5043,Sarangapur,Jagitial,Telangana,18.923452,78.945361,MoPR_LGD_and_ISRO_Bhuvan,LGD_2026_Bhuvan_2024,5043,MATCHED_AUTHORITATIVE_BOUNDARY
5050,Velgatoor,Jagitial,Telangana,18.799926,79.210533,MoPR_LGD_and_ISRO_Bhuvan,LGD_2026_Bhuvan_2024,5050,MATCHED_AUTHORITATIVE_BOUNDARY
5658,Bachannapeta,Jangoan,Telangana,17.813601,79.003946,MoPR_LGD_and_ISRO_Bhuvan,LGD_2026_Bhuvan_2024,5658,MATCHED_AUTHORITATIVE_BOUNDARY
7255,Chilpur,Jangoan,Telangana,17.915018,79.309615,MoPR_LGD_and_ISRO_Bhuvan,LGD_2026_Bhuvan_2024,7255,MATCHED_AUTHORITATIVE_BOUNDARY
5663,Devaruppula,Jangoan,Telangana,17.593341,79.324546,MoPR_LGD_and_ISRO_Bhuvan,LGD_2026_Bhuvan_2024,5663,MATCHED_AUTHORITATIVE_BOUNDARY
5670,Ghanpur(Station),Jangoan,Telangana,17.820031,79.35446,MoPR_LGD_and_ISRO_Bhuvan,LGD_2026_Bhuvan_2024,5670,MATCHED_AUTHORITATIVE_BOUNDARY
5675,Jangaon,Jangoan,Telangana,17.758136,79.131068,MoPR_LGD_and_ISRO_Bhuvan,LGD_2026_Bhuvan_2024,5675,MATCHED_AUTHORITATIVE_BOUNDARY
5678,Kodakandla,Jangoan,Telangana,17.540051,79.462308,MoPR_LGD_and_ISRO_Bhuvan,LGD_2026_Bhuvan_2024,5678,MATCHED_AUTHORITATIVE_BOUNDARY
5681,Lingalaghanpur,Jangoan,Telangana,17.657562,79.214613,MoPR_LGD_and_ISRO_Bhuvan,LGD_2026_Bhuvan_2024,5681,MATCHED_AUTHORITATIVE_BOUNDARY
5690,Narmetta,Jangoan,Telangana,17.875126,79.164503,MoPR_LGD_and_ISRO_Bhuvan,LGD_2026_Bhuvan_2024,5690,MATCHED_AUTHORITATIVE_BOUNDARY
5694,Palakurthi,Jangoan,Telangana,17.650584,79.435956,MoPR_LGD_and_ISRO_Bhuvan,LGD_2026_Bhuvan_2024,5694,MATCHED_AUTHORITATIVE_BOUNDARY
5697,Raghunathpalle,Jangoan,Telangana,17.769542,79.270188,MoPR_LGD_and_ISRO_Bhuvan,LGD_2026_Bhuvan_2024,5697,MATCHED_AUTHORITATIVE_BOUNDARY
7254,Tharigoppula,Jangoan,Telangana,17.950014,79.179539,MoPR_LGD_and_ISRO_Bhuvan,LGD_2026_Bhuvan_2024,7254,MATCHED_AUTHORITATIVE_BOUNDARY
5706,Zaffergadh,Jangoan,Telangana,17.795988,79.463058,MoPR_LGD_and_ISRO_Bhuvan,LGD_2026_Bhuvan_2024,5706,MATCHED_AUTHORITATIVE_BOUNDARY
5659,Bhupalpalle,Jayashankar Bhupalapally,Telangana,18.439887,79.920316,MoPR_LGD_and_ISRO_Bhuvan,LGD_2026_Bhuvan_2024,5659,MATCHED_AUTHORITATIVE_BOUNDARY
5662,Chityal,Jayashankar Bhupalapally,Telangana,18.39022,79.709714,MoPR_LGD_and_ISRO_Bhuvan,LGD_2026_Bhuvan_2024,5662,MATCHED_AUTHORITATIVE_BOUNDARY
5669,Ghanapur (Mulug),Jayashankar Bhupalapally,Telangana,18.337362,79.870187,MoPR_LGD_and_ISRO_Bhuvan,LGD_2026_Bhuvan_2024,5669,MATCHED_AUTHORITATIVE_BOUNDARY
5019,Kataram,Jayashankar Bhupalapally,Telangana,18.647767,79.91375,MoPR_LGD_and_ISRO_Bhuvan,LGD_2026_Bhuvan_2024,5019,MATCHED_AUTHORITATIVE_BOUNDARY
7574,Kothapallygori,Jayashankar Bhupalapally,Telangana,,,MoPR_LGD_and_ISRO_Bhuvan,LGD_2026_Bhuvan_2024,7574,PENDING_OFFICIAL_BOUNDARY_MATCH
5025,Mahadevpur,Jayashankar Bhupalapally,Telangana,18.736611,79.961297,MoPR_LGD_and_ISRO_Bhuvan,LGD_2026_Bhuvan_2024,5025,MATCHED_AUTHORITATIVE_BOUNDARY
5026,Malhar Rao,Jayashankar Bhupalapally,Telangana,18.527393,79.816455,MoPR_LGD_and_ISRO_Bhuvan,LGD_2026_Bhuvan_2024,5026,MATCHED_AUTHORITATIVE_BOUNDARY
5686,Mogullapalle,Jayashankar Bhupalapally,Telangana,18.313736,79.618701,MoPR_LGD_and_ISRO_Bhuvan,LGD_2026_Bhuvan_2024,5686,MATCHED_AUTHORITATIVE_BOUNDARY
5034,Mutharam (Mahadevpur),Jayashankar Bhupalapally,Telangana,18.516633,80.111355,MoPR_LGD_and_ISRO_Bhuvan,LGD_2026_Bhuvan_2024,5034,MATCHED_AUTHORITATIVE_BOUNDARY
7210,Palimela,Jayashankar Bhupalapally,Telangana,18.646117,80.224203,MoPR_LGD_and_ISRO_Bhuvan,LGD_2026_Bhuvan_2024,7210,MATCHED_AUTHORITATIVE_BOUNDARY
5699,Regonda,Jayashankar Bhupalapally,Telangana,18.245476,79.783789,MoPR_LGD_and_ISRO_Bhuvan,LGD_2026_Bhuvan_2024,5699,MATCHED_AUTHORITATIVE_BOUNDARY
7252,Tekumatla,Jayashankar Bhupalapally,Telangana,18.418714,79.629383,MoPR_LGD_and_ISRO_Bhuvan,LGD_2026_Bhuvan_2024,7252,MATCHED_AUTHORITATIVE_BOUNDARY
5206,Alampur,Jogulamba Gadwal,Telangana,15.918532,78.126314,MoPR_LGD_and_ISRO_Bhuvan,LGD_2026_Bhuvan_2024,5206,MATCHED_AUTHORITATIVE_BOUNDARY
5219,Dharur,Jogulamba Gadwal,Telangana,16.274551,77.665396,MoPR_LGD_and_ISRO_Bhuvan,LGD_2026_Bhuvan_2024,5219,MATCHED_AUTHORITATIVE_BOUNDARY
5222,Gadwal,Jogulamba Gadwal,Telangana,16.210246,77.808508,MoPR_LGD_and_ISRO_Bhuvan,LGD_2026_Bhuvan_2024,5222,MATCHED_AUTHORITATIVE_BOUNDARY
5224,Ghattu,Jogulamba Gadwal,Telangana,16.092778,77.567105,MoPR_LGD_and_ISRO_Bhuvan,LGD_2026_Bhuvan_2024,5224,MATCHED_AUTHORITATIVE_BOUNDARY
5205,Ieeja,Jogulamba Gadwal,Telangana,15.986124,77.640642,MoPR_LGD_and_ISRO_Bhuvan,LGD_2026_Bhuvan_2024,5205,MATCHED_AUTHORITATIVE_BOUNDARY
5227,Itikyal,Jogulamba Gadwal,Telangana,16.07645,77.877308,MoPR_LGD_and_ISRO_Bhuvan,LGD_2026_Bhuvan_2024,5227,MATCHED_AUTHORITATIVE_BOUNDARY
7286,Kaloor Thimmandoddi,Jogulamba Gadwal,Telangana,16.221193,77.547817,MoPR_LGD_and_ISRO_Bhuvan,LGD_2026_Bhuvan_2024,7286,MATCHED_AUTHORITATIVE_BOUNDARY
5245,Maldakal,Jogulamba Gadwal,Telangana,16.118565,77.711823,MoPR_LGD_and_ISRO_Bhuvan,LGD_2026_Bhuvan_2024,5245,MATCHED_AUTHORITATIVE_BOUNDARY
5246,Manopadu,Jogulamba Gadwal,Telangana,15.97517,77.949095,MoPR_LGD_and_ISRO_Bhuvan,LGD_2026_Bhuvan_2024,5246,MATCHED_AUTHORITATIVE_BOUNDARY
7211,Rajoli,Jogulamba Gadwal,Telangana,15.910945,77.747592,MoPR_LGD_and_ISRO_Bhuvan,LGD_2026_Bhuvan_2024,7211,MATCHED_AUTHORITATIVE_BOUNDARY
7285,Undavelly,Jogulamba Gadwal,Telangana,15.952019,78.016795,MoPR_LGD_and_ISRO_Bhuvan,LGD_2026_Bhuvan_2024,7285,MATCHED_AUTHORITATIVE_BOUNDARY
5265,Waddepalle,Jogulamba Gadwal,Telangana,15.966909,77.820358,MoPR_LGD_and_ISRO_Bhuvan,LGD_2026_Bhuvan_2024,5265,MATCHED_AUTHORITATIVE_BOUNDARY
7575,Yerravalli,Jogulamba Gadwal,Telangana,,,MoPR_LGD_and_ISRO_Bhuvan,LGD_2026_Bhuvan_2024,7575,PENDING_OFFICIAL_BOUNDARY_MATCH
5420,Banswada,Kamareddy,Telangana,18.388903,77.921463,MoPR_LGD_and_ISRO_Bhuvan,LGD_2026_Bhuvan_2024,5420,MATCHED_AUTHORITATIVE_BOUNDARY
5422,Bhiknur,Kamareddy,Telangana,18.184354,78.415706,MoPR_LGD_and_ISRO_Bhuvan,LGD_2026_Bhuvan_2024,5422,MATCHED_AUTHORITATIVE_BOUNDARY
7212,Bibipet,Kamareddy,Telangana,18.218669,78.522305,MoPR_LGD_and_ISRO_Bhuvan,LGD_2026_Bhuvan_2024,7212,MATCHED_AUTHORITATIVE_BOUNDARY
5423,Bichkunda,Kamareddy,Telangana,18.388487,77.744191,MoPR_LGD_and_ISRO_Bhuvan,LGD_2026_Bhuvan_2024,5423,MATCHED_AUTHORITATIVE_BOUNDARY
5424,Birkoor,Kamareddy,Telangana,18.450851,77.812229,MoPR_LGD_and_ISRO_Bhuvan,LGD_2026_Bhuvan_2024,5424,MATCHED_AUTHORITATIVE_BOUNDARY
5428,Domakonda,Kamareddy,Telangana,18.255425,78.443789,MoPR_LGD_and_ISRO_Bhuvan,LGD_2026_Bhuvan_2024,5428,MATCHED_AUTHORITATIVE_BOUNDARY
7576,Dongli,Kamareddy,Telangana,,,MoPR_LGD_and_ISRO_Bhuvan,LGD_2026_Bhuvan_2024,7576,PENDING_OFFICIAL_BOUNDARY_MATCH
5429,Gandhari,Kamareddy,Telangana,18.406396,78.081158,MoPR_LGD_and_ISRO_Bhuvan,LGD_2026_Bhuvan_2024,5429,MATCHED_AUTHORITATIVE_BOUNDARY
5431,Jukkal,Kamareddy,Telangana,18.350304,77.612108,MoPR_LGD_and_ISRO_Bhuvan,LGD_2026_Bhuvan_2024,5431,MATCHED_AUTHORITATIVE_BOUNDARY
5432,Kamareddy,Kamareddy,Telangana,18.323725,78.350886,MoPR_LGD_and_ISRO_Bhuvan,LGD_2026_Bhuvan_2024,5432,MATCHED_AUTHORITATIVE_BOUNDARY
5435,Lingampet,Kamareddy,Telangana,18.254648,78.124501,MoPR_LGD_and_ISRO_Bhuvan,LGD_2026_Bhuvan_2024,5435,MATCHED_AUTHORITATIVE_BOUNDARY
5436,Machareddy,Kamareddy,Telangana,18.350398,78.484403,MoPR_LGD_and_ISRO_Bhuvan,LGD_2026_Bhuvan_2024,5436,MATCHED_AUTHORITATIVE_BOUNDARY
5437,Madnur,Kamareddy,Telangana,18.482978,77.659411,MoPR_LGD_and_ISRO_Bhuvan,LGD_2026_Bhuvan_2024,5437,MATCHED_AUTHORITATIVE_BOUNDARY
7577,Mohammadnagar,Kamareddy,Telangana,,,MoPR_LGD_and_ISRO_Bhuvan,LGD_2026_Bhuvan_2024,7577,PENDING_OFFICIAL_BOUNDARY_MATCH
5440,Nagireddypet,Kamareddy,Telangana,18.123162,78.102835,MoPR_LGD_and_ISRO_Bhuvan,LGD_2026_Bhuvan_2024,5440,MATCHED_AUTHORITATIVE_BOUNDARY
7213,Nasurullabad,Kamareddy,Telangana,18.459457,77.899412,MoPR_LGD_and_ISRO_Bhuvan,LGD_2026_Bhuvan_2024,7213,MATCHED_AUTHORITATIVE_BOUNDARY
5444,Nizamsagar,Kamareddy,Telangana,18.22315,77.927211,MoPR_LGD_and_ISRO_Bhuvan,LGD_2026_Bhuvan_2024,5444,MATCHED_AUTHORITATIVE_BOUNDARY
7578,Palvancha,Kamareddy,Telangana,,,MoPR_LGD_and_ISRO_Bhuvan,LGD_2026_Bhuvan_2024,7578,PENDING_OFFICIAL_BOUNDARY_MATCH
7249,Pedda Kodapgal,Kamareddy,Telangana,18.287275,77.742317,MoPR_LGD_and_ISRO_Bhuvan,LGD_2026_Bhuvan_2024,7249,MATCHED_AUTHORITATIVE_BOUNDARY
5445,Pitlam,Kamareddy,Telangana,18.267814,77.821367,MoPR_LGD_and_ISRO_Bhuvan,LGD_2026_Bhuvan_2024,5445,MATCHED_AUTHORITATIVE_BOUNDARY
7214,Rajampet,Kamareddy,Telangana,18.211056,78.294236,MoPR_LGD_and_ISRO_Bhuvan,LGD_2026_Bhuvan_2024,7214,MATCHED_AUTHORITATIVE_BOUNDARY
7248,Ramareddy,Kamareddy,Telangana,18.423231,78.401072,MoPR_LGD_and_ISRO_Bhuvan,LGD_2026_Bhuvan_2024,7248,MATCHED_AUTHORITATIVE_BOUNDARY
5447,Sadasivanagar,Kamareddy,Telangana,18.414754,78.248125,MoPR_LGD_and_ISRO_Bhuvan,LGD_2026_Bhuvan_2024,5447,MATCHED_AUTHORITATIVE_BOUNDARY
5449,Tadwai,Kamareddy,Telangana,18.304795,78.237071,MoPR_LGD_and_ISRO_Bhuvan,LGD_2026_Bhuvan_2024,5449,MATCHED_AUTHORITATIVE_BOUNDARY
5453,Yellareddy,Kamareddy,Telangana,18.206125,78.02405,MoPR_LGD_and_ISRO_Bhuvan,LGD_2026_Bhuvan_2024,5453,MATCHED_AUTHORITATIVE_BOUNDARY
5000,Chigurumamidi,Karimnagar,Telangana,18.22395,79.18614,MoPR_LGD_and_ISRO_Bhuvan,LGD_2026_Bhuvan_2024,5000,MATCHED_AUTHORITATIVE_BOUNDARY
5001,Choppadandi,Karimnagar,Telangana,18.575361,79.158899,MoPR_LGD_and_ISRO_Bhuvan,LGD_2026_Bhuvan_2024,5001,MATCHED_AUTHORITATIVE_BOUNDARY
7206,Ellandakunta,Karimnagar,Telangana,18.306554,79.536964,MoPR_LGD_and_ISRO_Bhuvan,LGD_2026_Bhuvan_2024,7206,MATCHED_AUTHORITATIVE_BOUNDARY
5008,Gangadhara,Karimnagar,Telangana,18.553812,78.99768,MoPR_LGD_and_ISRO_Bhuvan,LGD_2026_Bhuvan_2024,5008,MATCHED_AUTHORITATIVE_BOUNDARY
7205,Ganneruvaram,Karimnagar,Telangana,18.360193,79.07935,MoPR_LGD_and_ISRO_Bhuvan,LGD_2026_Bhuvan_2024,7205,MATCHED_AUTHORITATIVE_BOUNDARY
5011,Huzurabad,Karimnagar,Telangana,18.215975,79.414682,MoPR_LGD_and_ISRO_Bhuvan,LGD_2026_Bhuvan_2024,5011,MATCHED_AUTHORITATIVE_BOUNDARY
5014,Jammikunta,Karimnagar,Telangana,18.330284,79.490017,MoPR_LGD_and_ISRO_Bhuvan,LGD_2026_Bhuvan_2024,5014,MATCHED_AUTHORITATIVE_BOUNDARY
5018,Karimnagar Rural,Karimnagar,Telangana,18.428336,79.118952,MoPR_LGD_and_ISRO_Bhuvan,LGD_2026_Bhuvan_2024,5018,MATCHED_AUTHORITATIVE_BOUNDARY
7215,Karimnagar Rural I,Karimnagar,Telangana,18.481576,79.174575,MoPR_LGD_and_ISRO_Bhuvan,LGD_2026_Bhuvan_2024,7215,MATCHED_AUTHORITATIVE_BOUNDARY
7204,Kothapally,Karimnagar,Telangana,18.452865,79.052335,MoPR_LGD_and_ISRO_Bhuvan,LGD_2026_Bhuvan_2024,7204,MATCHED_AUTHORITATIVE_BOUNDARY
5029,Manakondur,Karimnagar,Telangana,18.402524,79.259794,MoPR_LGD_and_ISRO_Bhuvan,LGD_2026_Bhuvan_2024,5029,MATCHED_AUTHORITATIVE_BOUNDARY
5040,Ramadugu,Karimnagar,Telangana,18.56238,79.071706,MoPR_LGD_and_ISRO_Bhuvan,LGD_2026_Bhuvan_2024,5040,MATCHED_AUTHORITATIVE_BOUNDARY
5044,Shankarapatnam,Karimnagar,Telangana,18.308151,79.332497,MoPR_LGD_and_ISRO_Bhuvan,LGD_2026_Bhuvan_2024,5044,MATCHED_AUTHORITATIVE_BOUNDARY
5048,Thimmapur (L.M.D.),Karimnagar,Telangana,18.321768,79.182469,MoPR_LGD_and_ISRO_Bhuvan,LGD_2026_Bhuvan_2024,5048,MATCHED_AUTHORITATIVE_BOUNDARY
5049,Veenavanka,Karimnagar,Telangana,18.37491,79.395525,MoPR_LGD_and_ISRO_Bhuvan,LGD_2026_Bhuvan_2024,5049,MATCHED_AUTHORITATIVE_BOUNDARY
5042,V. Saidapur,Karimnagar,Telangana,18.202058,79.30967,MoPR_LGD_and_ISRO_Bhuvan,LGD_2026_Bhuvan_2024,5042,MATCHED_AUTHORITATIVE_BOUNDARY
5057,Bonakal,Khammam,Telangana,17.032124,80.287981,MoPR_LGD_and_ISRO_Bhuvan,LGD_2026_Bhuvan_2024,5057,MATCHED_AUTHORITATIVE_BOUNDARY
5061,Chinthakani,Khammam,Telangana,17.122325,80.210952,MoPR_LGD_and_ISRO_Bhuvan,LGD_2026_Bhuvan_2024,5061,MATCHED_AUTHORITATIVE_BOUNDARY
5065,Enkoor,Khammam,Telangana,17.354484,80.413863,MoPR_LGD_and_ISRO_Bhuvan,LGD_2026_Bhuvan_2024,5065,MATCHED_AUTHORITATIVE_BOUNDARY
5069,Kallur,Khammam,Telangana,17.16612,80.529699,MoPR_LGD_and_ISRO_Bhuvan,LGD_2026_Bhuvan_2024,5069,MATCHED_AUTHORITATIVE_BOUNDARY
5070,Kamepally,Khammam,Telangana,17.415502,80.264801,MoPR_LGD_and_ISRO_Bhuvan,LGD_2026_Bhuvan_2024,5070,MATCHED_AUTHORITATIVE_BOUNDARY
5071,Khammam (Rural),Khammam,Telangana,17.286448,80.104054,MoPR_LGD_and_ISRO_Bhuvan,LGD_2026_Bhuvan_2024,5071,MATCHED_AUTHORITATIVE_BOUNDARY
5072,Khammam (Urban),Khammam,Telangana,17.238243,80.172754,MoPR_LGD_and_ISRO_Bhuvan,LGD_2026_Bhuvan_2024,5072,MATCHED_AUTHORITATIVE_BOUNDARY
5073,Konijerla,Khammam,Telangana,17.231886,80.307013,MoPR_LGD_and_ISRO_Bhuvan,LGD_2026_Bhuvan_2024,5073,MATCHED_AUTHORITATIVE_BOUNDARY
5077,Kusumanchi,Khammam,Telangana,17.215229,79.952744,MoPR_LGD_and_ISRO_Bhuvan,LGD_2026_Bhuvan_2024,5077,MATCHED_AUTHORITATIVE_BOUNDARY
5078,Madhira,Khammam,Telangana,16.930373,80.383375,MoPR_LGD_and_ISRO_Bhuvan,LGD_2026_Bhuvan_2024,5078,MATCHED_AUTHORITATIVE_BOUNDARY
5080,Mudigonda,Khammam,Telangana,17.112642,80.109186,MoPR_LGD_and_ISRO_Bhuvan,LGD_2026_Bhuvan_2024,5080,MATCHED_AUTHORITATIVE_BOUNDARY
5082,Nelakondapally,Khammam,Telangana,17.0847,80.044326,MoPR_LGD_and_ISRO_Bhuvan,LGD_2026_Bhuvan_2024,5082,MATCHED_AUTHORITATIVE_BOUNDARY
5084,Penubally,Khammam,Telangana,17.21509,80.686584,MoPR_LGD_and_ISRO_Bhuvan,LGD_2026_Bhuvan_2024,5084,MATCHED_AUTHORITATIVE_BOUNDARY
7258,Raghunadhapalem,Khammam,Telangana,17.326351,80.236513,MoPR_LGD_and_ISRO_Bhuvan,LGD_2026_Bhuvan_2024,7258,MATCHED_AUTHORITATIVE_BOUNDARY
5086,Sathupally,Khammam,Telangana,17.237515,80.833896,MoPR_LGD_and_ISRO_Bhuvan,LGD_2026_Bhuvan_2024,5086,MATCHED_AUTHORITATIVE_BOUNDARY
5087,Singareni,Khammam,Telangana,17.501838,80.311593,MoPR_LGD_and_ISRO_Bhuvan,LGD_2026_Bhuvan_2024,5087,MATCHED_AUTHORITATIVE_BOUNDARY
5089,Thallada,Khammam,Telangana,17.203744,80.445384,MoPR_LGD_and_ISRO_Bhuvan,LGD_2026_Bhuvan_2024,5089,MATCHED_AUTHORITATIVE_BOUNDARY
5090,Thirumalayapalem,Khammam,Telangana,17.323943,79.941644,MoPR_LGD_and_ISRO_Bhuvan,LGD_2026_Bhuvan_2024,5090,MATCHED_AUTHORITATIVE_BOUNDARY
5093,Vemsoor,Khammam,Telangana,17.109695,80.7738,MoPR_LGD_and_ISRO_Bhuvan,LGD_2026_Bhuvan_2024,5093,MATCHED_AUTHORITATIVE_BOUNDARY
5096,Wyra,Khammam,Telangana,17.131033,80.364324,MoPR_LGD_and_ISRO_Bhuvan,LGD_2026_Bhuvan_2024,5096,MATCHED_AUTHORITATIVE_BOUNDARY
5098,Yerrupalem,Khammam,Telangana,16.865023,80.518236,MoPR_LGD_and_ISRO_Bhuvan,LGD_2026_Bhuvan_2024,5098,MATCHED_AUTHORITATIVE_BOUNDARY
4635,Asifabad,Kumuram Bheem Asifabad,Telangana,19.34853,79.265489,MoPR_LGD_and_ISRO_Bhuvan,LGD_2026_Bhuvan_2024,4635,MATCHED_AUTHORITATIVE_BOUNDARY
4637,Bejjur,Kumuram Bheem Asifabad,Telangana,19.361094,79.852926,MoPR_LGD_and_ISRO_Bhuvan,LGD_2026_Bhuvan_2024,4637,MATCHED_AUTHORITATIVE_BOUNDARY
7203,Chintalamanepally,Kumuram Bheem Asifabad,Telangana,19.46279,79.859294,MoPR_LGD_and_ISRO_Bhuvan,LGD_2026_Bhuvan_2024,7203,MATCHED_AUTHORITATIVE_BOUNDARY
4644,Dahegaon,Kumuram Bheem Asifabad,Telangana,19.236647,79.723777,MoPR_LGD_and_ISRO_Bhuvan,LGD_2026_Bhuvan_2024,4644,MATCHED_AUTHORITATIVE_BOUNDARY
4651,Jainoor,Kumuram Bheem Asifabad,Telangana,19.408921,78.920151,MoPR_LGD_and_ISRO_Bhuvan,LGD_2026_Bhuvan_2024,4651,MATCHED_AUTHORITATIVE_BOUNDARY
4655,Kagaznagar,Kumuram Bheem Asifabad,Telangana,19.378011,79.543289,MoPR_LGD_and_ISRO_Bhuvan,LGD_2026_Bhuvan_2024,4655,MATCHED_AUTHORITATIVE_BOUNDARY
4657,Kerameri,Kumuram Bheem Asifabad,Telangana,19.45449,79.085524,MoPR_LGD_and_ISRO_Bhuvan,LGD_2026_Bhuvan_2024,4657,MATCHED_AUTHORITATIVE_BOUNDARY
4660,Kouthala,Kumuram Bheem Asifabad,Telangana,19.532319,79.729658,MoPR_LGD_and_ISRO_Bhuvan,LGD_2026_Bhuvan_2024,4660,MATCHED_AUTHORITATIVE_BOUNDARY
7201,Lingapur,Kumuram Bheem Asifabad,Telangana,19.266826,79.019801,MoPR_LGD_and_ISRO_Bhuvan,LGD_2026_Bhuvan_2024,7201,MATCHED_AUTHORITATIVE_BOUNDARY
7202,Penchicalpet,Kumuram Bheem Asifabad,Telangana,19.275546,79.826263,MoPR_LGD_and_ISRO_Bhuvan,LGD_2026_Bhuvan_2024,7202,MATCHED_AUTHORITATIVE_BOUNDARY
4674,Rebbena,Kumuram Bheem Asifabad,Telangana,19.255579,79.434003,MoPR_LGD_and_ISRO_Bhuvan,LGD_2026_Bhuvan_2024,4674,MATCHED_AUTHORITATIVE_BOUNDARY
4676,Sirpur (T),Kumuram Bheem Asifabad,Telangana,19.466554,79.603882,MoPR_LGD_and_ISRO_Bhuvan,LGD_2026_Bhuvan_2024,4676,MATCHED_AUTHORITATIVE_BOUNDARY
4677,Sirpur (U),Kumuram Bheem Asifabad,Telangana,19.335892,78.976183,MoPR_LGD_and_ISRO_Bhuvan,LGD_2026_Bhuvan_2024,4677,MATCHED_AUTHORITATIVE_BOUNDARY
4682,Tiryani,Kumuram Bheem Asifabad,Telangana,19.193959,79.204082,MoPR_LGD_and_ISRO_Bhuvan,LGD_2026_Bhuvan_2024,4682,MATCHED_AUTHORITATIVE_BOUNDARY
4685,Wankidi,Kumuram Bheem Asifabad,Telangana,19.49392,79.317358,MoPR_LGD_and_ISRO_Bhuvan,LGD_2026_Bhuvan_2024,4685,MATCHED_AUTHORITATIVE_BOUNDARY
5055,Bayyaram,Mahabubabad,Telangana,17.641001,80.149145,MoPR_LGD_and_ISRO_Bhuvan,LGD_2026_Bhuvan_2024,5055,MATCHED_AUTHORITATIVE_BOUNDARY
7256,Chinnagudur,Mahabubabad,Telangana,17.48902,79.896488,MoPR_LGD_and_ISRO_Bhuvan,LGD_2026_Bhuvan_2024,7256,MATCHED_AUTHORITATIVE_BOUNDARY
7257,Danthalapalle,Mahabubabad,Telangana,17.479427,79.72555,MoPR_LGD_and_ISRO_Bhuvan,LGD_2026_Bhuvan_2024,7257,MATCHED_AUTHORITATIVE_BOUNDARY
5665,Dornakal,Mahabubabad,Telangana,17.41558,80.098376,MoPR_LGD_and_ISRO_Bhuvan,LGD_2026_Bhuvan_2024,5665,MATCHED_AUTHORITATIVE_BOUNDARY
7216,Gangaram,Mahabubabad,Telangana,17.887003,80.215202,MoPR_LGD_and_ISRO_Bhuvan,LGD_2026_Bhuvan_2024,7216,MATCHED_AUTHORITATIVE_BOUNDARY
5066,Garla,Mahabubabad,Telangana,17.498524,80.165555,MoPR_LGD_and_ISRO_Bhuvan,LGD_2026_Bhuvan_2024,5066,MATCHED_AUTHORITATIVE_BOUNDARY
5672,Gudur,Mahabubabad,Telangana,17.773497,80.00892,MoPR_LGD_and_ISRO_Bhuvan,LGD_2026_Bhuvan_2024,5672,MATCHED_AUTHORITATIVE_BOUNDARY
7579,Inugurthy,Mahabubabad,Telangana,,,MoPR_LGD_and_ISRO_Bhuvan,LGD_2026_Bhuvan_2024,7579,PENDING_OFFICIAL_BOUNDARY_MATCH
5676,Kesamudram,Mahabubabad,Telangana,17.681275,79.887561,MoPR_LGD_and_ISRO_Bhuvan,LGD_2026_Bhuvan_2024,5676,MATCHED_AUTHORITATIVE_BOUNDARY
5679,Kothagudem,Mahabubabad,Telangana,17.954149,80.08406,MoPR_LGD_and_ISRO_Bhuvan,LGD_2026_Bhuvan_2024,5679,MATCHED_AUTHORITATIVE_BOUNDARY
5680,Kuravi,Mahabubabad,Telangana,17.48208,80.011534,MoPR_LGD_and_ISRO_Bhuvan,LGD_2026_Bhuvan_2024,5680,MATCHED_AUTHORITATIVE_BOUNDARY
5683,Mahbubabad,Mahabubabad,Telangana,17.602426,79.989579,MoPR_LGD_and_ISRO_Bhuvan,LGD_2026_Bhuvan_2024,5683,MATCHED_AUTHORITATIVE_BOUNDARY
5685,Maripeda,Mahabubabad,Telangana,17.405083,79.86703,MoPR_LGD_and_ISRO_Bhuvan,LGD_2026_Bhuvan_2024,5685,MATCHED_AUTHORITATIVE_BOUNDARY
5689,Nallikudur,Mahabubabad,Telangana,17.607892,79.799037,MoPR_LGD_and_ISRO_Bhuvan,LGD_2026_Bhuvan_2024,5689,MATCHED_AUTHORITATIVE_BOUNDARY
5692,Narsimhulapet,Mahabubabad,Telangana,17.503565,79.816257,MoPR_LGD_and_ISRO_Bhuvan,LGD_2026_Bhuvan_2024,5692,MATCHED_AUTHORITATIVE_BOUNDARY
7217,Peddavangara,Mahabubabad,Telangana,17.563956,79.559957,MoPR_LGD_and_ISRO_Bhuvan,LGD_2026_Bhuvan_2024,7217,MATCHED_AUTHORITATIVE_BOUNDARY
7580,Seerole,Mahabubabad,Telangana,,,MoPR_LGD_and_ISRO_Bhuvan,LGD_2026_Bhuvan_2024,7580,PENDING_OFFICIAL_BOUNDARY_MATCH
5703,Thorrur,Mahabubabad,Telangana,17.578331,79.66091,MoPR_LGD_and_ISRO_Bhuvan,LGD_2026_Bhuvan_2024,5703,MATCHED_AUTHORITATIVE_BOUNDARY
5204,Addakal,Mahabubnagar,Telangana,16.538657,77.938756,MoPR_LGD_and_ISRO_Bhuvan,LGD_2026_Bhuvan_2024,5204,MATCHED_AUTHORITATIVE_BOUNDARY
5210,Balanagar,Mahabubnagar,Telangana,16.935246,78.197591,MoPR_LGD_and_ISRO_Bhuvan,LGD_2026_Bhuvan_2024,5210,MATCHED_AUTHORITATIVE_BOUNDARY
5212,Bhoothpur,Mahabubnagar,Telangana,16.66978,78.062103,MoPR_LGD_and_ISRO_Bhuvan,LGD_2026_Bhuvan_2024,5212,MATCHED_AUTHORITATIVE_BOUNDARY
5215,Chinnachintakunta,Mahabubnagar,Telangana,16.478749,77.803048,MoPR_LGD_and_ISRO_Bhuvan,LGD_2026_Bhuvan_2024,5215,MATCHED_AUTHORITATIVE_BOUNDARY
5217,Devarakadara,Mahabubnagar,Telangana,16.601457,77.845225,MoPR_LGD_and_ISRO_Bhuvan,LGD_2026_Bhuvan_2024,5217,MATCHED_AUTHORITATIVE_BOUNDARY
5515,Gandeed,Mahabubnagar,Telangana,16.917519,77.82945,MoPR_LGD_and_ISRO_Bhuvan,LGD_2026_Bhuvan_2024,5515,MATCHED_AUTHORITATIVE_BOUNDARY
5226,Hanwada,Mahabubnagar,Telangana,16.823284,77.890183,MoPR_LGD_and_ISRO_Bhuvan,LGD_2026_Bhuvan_2024,5226,MATCHED_AUTHORITATIVE_BOUNDARY
5228,Jadcherla,Mahabubnagar,Telangana,16.789422,78.173325,MoPR_LGD_and_ISRO_Bhuvan,LGD_2026_Bhuvan_2024,5228,MATCHED_AUTHORITATIVE_BOUNDARY
5233,Koilkonda,Mahabubnagar,Telangana,16.775341,77.796433,MoPR_LGD_and_ISRO_Bhuvan,LGD_2026_Bhuvan_2024,5233,MATCHED_AUTHORITATIVE_BOUNDARY
7581,Koukuntla,Mahabubnagar,Telangana,,,MoPR_LGD_and_ISRO_Bhuvan,LGD_2026_Bhuvan_2024,7581,PENDING_OFFICIAL_BOUNDARY_MATCH
7329,Mahabubnagar Urban,Mahabubnagar,Telangana,16.754644,78.017943,MoPR_LGD_and_ISRO_Bhuvan,LGD_2026_Bhuvan_2024,7329,MATCHED_AUTHORITATIVE_BOUNDARY
5243,Mahbubnagar Rural,Mahabubnagar,Telangana,16.699018,77.911058,MoPR_LGD_and_ISRO_Bhuvan,LGD_2026_Bhuvan_2024,5243,MATCHED_AUTHORITATIVE_BOUNDARY
5247,Midjil,Mahabubnagar,Telangana,16.755077,78.298169,MoPR_LGD_and_ISRO_Bhuvan,LGD_2026_Bhuvan_2024,5247,MATCHED_AUTHORITATIVE_BOUNDARY
7505,Mohammadabad,Mahabubnagar,Telangana,,,MoPR_LGD_and_ISRO_Bhuvan,LGD_2026_Bhuvan_2024,7505,PENDING_OFFICIAL_BOUNDARY_MATCH
7219,Moosapet,Mahabubnagar,Telangana,16.610267,77.963015,MoPR_LGD_and_ISRO_Bhuvan,LGD_2026_Bhuvan_2024,7219,MATCHED_AUTHORITATIVE_BOUNDARY
5251,Nawabpet,Mahabubnagar,Telangana,16.898668,78.041247,MoPR_LGD_and_ISRO_Bhuvan,LGD_2026_Bhuvan_2024,5251,MATCHED_AUTHORITATIVE_BOUNDARY
7276,Rajapur,Mahabubnagar,Telangana,16.880889,78.160958,MoPR_LGD_and_ISRO_Bhuvan,LGD_2026_Bhuvan_2024,7276,MATCHED_AUTHORITATIVE_BOUNDARY
4639,Bellampally,Mancherial,Telangana,19.066241,79.51422,MoPR_LGD_and_ISRO_Bhuvan,LGD_2026_Bhuvan_2024,4639,MATCHED_AUTHORITATIVE_BOUNDARY
7192,Bheemaram,Mancherial,Telangana,18.859112,79.665072,MoPR_LGD_and_ISRO_Bhuvan,LGD_2026_Bhuvan_2024,7192,MATCHED_AUTHORITATIVE_BOUNDARY
4641,Bheemini,Mancherial,Telangana,19.197805,79.600148,MoPR_LGD_and_ISRO_Bhuvan,LGD_2026_Bhuvan_2024,4641,MATCHED_AUTHORITATIVE_BOUNDARY
4643,Chennur,Mancherial,Telangana,18.821595,79.761824,MoPR_LGD_and_ISRO_Bhuvan,LGD_2026_Bhuvan_2024,4643,MATCHED_AUTHORITATIVE_BOUNDARY
4645,Dandepally,Mancherial,Telangana,19.00195,79.161624,MoPR_LGD_and_ISRO_Bhuvan,LGD_2026_Bhuvan_2024,4645,MATCHED_AUTHORITATIVE_BOUNDARY
7194,Hajipur,Mancherial,Telangana,18.909644,79.345933,MoPR_LGD_and_ISRO_Bhuvan,LGD_2026_Bhuvan_2024,7194,MATCHED_AUTHORITATIVE_BOUNDARY
4652,Jaipur,Mancherial,Telangana,18.799341,79.603647,MoPR_LGD_and_ISRO_Bhuvan,LGD_2026_Bhuvan_2024,4652,MATCHED_AUTHORITATIVE_BOUNDARY
4653,Jannaram,Mancherial,Telangana,19.137697,79.012877,MoPR_LGD_and_ISRO_Bhuvan,LGD_2026_Bhuvan_2024,4653,MATCHED_AUTHORITATIVE_BOUNDARY
7195,Kannepally,Mancherial,Telangana,19.135291,79.644571,MoPR_LGD_and_ISRO_Bhuvan,LGD_2026_Bhuvan_2024,7195,MATCHED_AUTHORITATIVE_BOUNDARY
4656,Kasipet,Mancherial,Telangana,19.055904,79.358265,MoPR_LGD_and_ISRO_Bhuvan,LGD_2026_Bhuvan_2024,4656,MATCHED_AUTHORITATIVE_BOUNDARY
4659,Kotapally,Mancherial,Telangana,18.95175,79.846352,MoPR_LGD_and_ISRO_Bhuvan,LGD_2026_Bhuvan_2024,4659,MATCHED_AUTHORITATIVE_BOUNDARY
4665,Luxettipet,Mancherial,Telangana,18.923478,79.239751,MoPR_LGD_and_ISRO_Bhuvan,LGD_2026_Bhuvan_2024,4665,MATCHED_AUTHORITATIVE_BOUNDARY
4667,Mancherial,Mancherial,Telangana,18.882046,79.450302,MoPR_LGD_and_ISRO_Bhuvan,LGD_2026_Bhuvan_2024,4667,MATCHED_AUTHORITATIVE_BOUNDARY
4668,Mandamarri,Mancherial,Telangana,18.951029,79.486571,MoPR_LGD_and_ISRO_Bhuvan,LGD_2026_Bhuvan_2024,4668,MATCHED_AUTHORITATIVE_BOUNDARY
7193,Naspur,Mancherial,Telangana,18.857483,79.488803,MoPR_LGD_and_ISRO_Bhuvan,LGD_2026_Bhuvan_2024,7193,MATCHED_AUTHORITATIVE_BOUNDARY
4671,Nennel,Mancherial,Telangana,19.019632,79.632851,MoPR_LGD_and_ISRO_Bhuvan,LGD_2026_Bhuvan_2024,4671,MATCHED_AUTHORITATIVE_BOUNDARY
4680,Tandur,Mancherial,Telangana,19.157072,79.446904,MoPR_LGD_and_ISRO_Bhuvan,LGD_2026_Bhuvan_2024,4680,MATCHED_AUTHORITATIVE_BOUNDARY
4684,Vemanpally,Mancherial,Telangana,19.097644,79.803873,MoPR_LGD_and_ISRO_Bhuvan,LGD_2026_Bhuvan_2024,4684,MATCHED_AUTHORITATIVE_BOUNDARY
5267,Alladurg,Medak,Telangana,17.952061,77.947728,MoPR_LGD_and_ISRO_Bhuvan,LGD_2026_Bhuvan_2024,5267,MATCHED_AUTHORITATIVE_BOUNDARY
5269,Chegunta,Medak,Telangana,17.978444,78.508492,MoPR_LGD_and_ISRO_Bhuvan,LGD_2026_Bhuvan_2024,5269,MATCHED_AUTHORITATIVE_BOUNDARY
7266,Chilpched,Medak,Telangana,17.863008,78.11665,MoPR_LGD_and_ISRO_Bhuvan,LGD_2026_Bhuvan_2024,7266,MATCHED_AUTHORITATIVE_BOUNDARY
7262,Havelighanapur,Medak,Telangana,18.125241,78.242001,MoPR_LGD_and_ISRO_Bhuvan,LGD_2026_Bhuvan_2024,7262,MATCHED_AUTHORITATIVE_BOUNDARY
5283,Kowdipalli,Medak,Telangana,17.871292,78.209825,MoPR_LGD_and_ISRO_Bhuvan,LGD_2026_Bhuvan_2024,5283,MATCHED_AUTHORITATIVE_BOUNDARY
5284,Kulcharam,Medak,Telangana,17.95509,78.178143,MoPR_LGD_and_ISRO_Bhuvan,LGD_2026_Bhuvan_2024,5284,MATCHED_AUTHORITATIVE_BOUNDARY
7265,Manoharabad,Medak,Telangana,17.743345,78.481451,MoPR_LGD_and_ISRO_Bhuvan,LGD_2026_Bhuvan_2024,7265,MATCHED_AUTHORITATIVE_BOUNDARY
7504,Masaipet,Medak,Telangana,,,MoPR_LGD_and_ISRO_Bhuvan,LGD_2026_Bhuvan_2024,7504,PENDING_OFFICIAL_BOUNDARY_MATCH
5286,Medak,Medak,Telangana,18.03484,78.293146,MoPR_LGD_and_ISRO_Bhuvan,LGD_2026_Bhuvan_2024,5286,MATCHED_AUTHORITATIVE_BOUNDARY
5292,Narsapur,Medak,Telangana,17.762701,78.264431,MoPR_LGD_and_ISRO_Bhuvan,LGD_2026_Bhuvan_2024,5292,MATCHED_AUTHORITATIVE_BOUNDARY
7264,Narsingi,Medak,Telangana,18.045321,78.436959,MoPR_LGD_and_ISRO_Bhuvan,LGD_2026_Bhuvan_2024,7264,MATCHED_AUTHORITATIVE_BOUNDARY
7263,Nizampet,Medak,Telangana,18.120088,78.532411,MoPR_LGD_and_ISRO_Bhuvan,LGD_2026_Bhuvan_2024,7263,MATCHED_AUTHORITATIVE_BOUNDARY
5294,Papannapet,Medak,Telangana,18.033335,78.117154,MoPR_LGD_and_ISRO_Bhuvan,LGD_2026_Bhuvan_2024,5294,MATCHED_AUTHORITATIVE_BOUNDARY
5298,Ramayampet,Medak,Telangana,18.108982,78.419126,MoPR_LGD_and_ISRO_Bhuvan,LGD_2026_Bhuvan_2024,5298,MATCHED_AUTHORITATIVE_BOUNDARY
5300,Regode,Medak,Telangana,17.91454,77.838001,MoPR_LGD_and_ISRO_Bhuvan,LGD_2026_Bhuvan_2024,5300,MATCHED_AUTHORITATIVE_BOUNDARY
5303,Shankarampet[A],Medak,Telangana,18.057455,77.927288,MoPR_LGD_and_ISRO_Bhuvan,LGD_2026_Bhuvan_2024,5303,MATCHED_AUTHORITATIVE_BOUNDARY
5304,Shankarampet[R],Medak,Telangana,17.990554,78.387001,MoPR_LGD_and_ISRO_Bhuvan,LGD_2026_Bhuvan_2024,5304,MATCHED_AUTHORITATIVE_BOUNDARY
5305,Shivampet,Medak,Telangana,17.794286,78.385222,MoPR_LGD_and_ISRO_Bhuvan,LGD_2026_Bhuvan_2024,5305,MATCHED_AUTHORITATIVE_BOUNDARY
5307,Tekmal,Medak,Telangana,17.975997,78.021928,MoPR_LGD_and_ISRO_Bhuvan,LGD_2026_Bhuvan_2024,5307,MATCHED_AUTHORITATIVE_BOUNDARY
5309,Tupran,Medak,Telangana,17.846762,78.494936,MoPR_LGD_and_ISRO_Bhuvan,LGD_2026_Bhuvan_2024,5309,MATCHED_AUTHORITATIVE_BOUNDARY
5311,Yeldurthy,Medak,Telangana,17.906373,78.360337,MoPR_LGD_and_ISRO_Bhuvan,LGD_2026_Bhuvan_2024,5311,MATCHED_AUTHORITATIVE_BOUNDARY
7338,Alwal,Medchal Malkajgiri,Telangana,17.511401,78.517799,MoPR_LGD_and_ISRO_Bhuvan,LGD_2026_Bhuvan_2024,7338,MATCHED_AUTHORITATIVE_BOUNDARY
7298,Bachupally,Medchal Malkajgiri,Telangana,17.529986,78.376685,MoPR_LGD_and_ISRO_Bhuvan,LGD_2026_Bhuvan_2024,7298,MATCHED_AUTHORITATIVE_BOUNDARY
7339,Balanagar,Medchal Malkajgiri,Telangana,17.461628,78.444114,MoPR_LGD_and_ISRO_Bhuvan,LGD_2026_Bhuvan_2024,7339,MATCHED_AUTHORITATIVE_BOUNDARY
7220,Dundigal Gandimaisamma,Medchal Malkajgiri,Telangana,17.579223,78.422945,MoPR_LGD_and_ISRO_Bhuvan,LGD_2026_Bhuvan_2024,7220,MATCHED_AUTHORITATIVE_BOUNDARY
5516,Ghatkesar,Medchal Malkajgiri,Telangana,17.431284,78.689942,MoPR_LGD_and_ISRO_Bhuvan,LGD_2026_Bhuvan_2024,5516,MATCHED_AUTHORITATIVE_BOUNDARY
7297,Kapra,Medchal Malkajgiri,Telangana,17.49184,78.579529,MoPR_LGD_and_ISRO_Bhuvan,LGD_2026_Bhuvan_2024,7297,MATCHED_AUTHORITATIVE_BOUNDARY
5520,Keesara,Medchal Malkajgiri,Telangana,17.517692,78.646489,MoPR_LGD_and_ISRO_Bhuvan,LGD_2026_Bhuvan_2024,5520,MATCHED_AUTHORITATIVE_BOUNDARY
7341,Kukatpally,Medchal Malkajgiri,Telangana,17.482818,78.408854,MoPR_LGD_and_ISRO_Bhuvan,LGD_2026_Bhuvan_2024,7341,MATCHED_AUTHORITATIVE_BOUNDARY
7340,Malkajgiri,Medchal Malkajgiri,Telangana,17.468611,78.536318,MoPR_LGD_and_ISRO_Bhuvan,LGD_2026_Bhuvan_2024,7340,MATCHED_AUTHORITATIVE_BOUNDARY
5525,Medchal,Medchal Malkajgiri,Telangana,17.638224,78.488926,MoPR_LGD_and_ISRO_Bhuvan,LGD_2026_Bhuvan_2024,5525,MATCHED_AUTHORITATIVE_BOUNDARY
7221,Medipally,Medchal Malkajgiri,Telangana,17.418227,78.600372,MoPR_LGD_and_ISRO_Bhuvan,LGD_2026_Bhuvan_2024,7221,MATCHED_AUTHORITATIVE_BOUNDARY
7353,Muduchinthalapally,Medchal Malkajgiri,Telangana,17.641365,78.667213,MoPR_LGD_and_ISRO_Bhuvan,LGD_2026_Bhuvan_2024,7353,MATCHED_AUTHORITATIVE_BOUNDARY
5532,Quthbullapur,Medchal Malkajgiri,Telangana,17.519369,78.442311,MoPR_LGD_and_ISRO_Bhuvan,LGD_2026_Bhuvan_2024,5532,MATCHED_AUTHORITATIVE_BOUNDARY
5536,Shamirpet,Medchal Malkajgiri,Telangana,17.600087,78.580346,MoPR_LGD_and_ISRO_Bhuvan,LGD_2026_Bhuvan_2024,5536,MATCHED_AUTHORITATIVE_BOUNDARY
7342,Uppal,Medchal Malkajgiri,Telangana,17.40979,78.558614,MoPR_LGD_and_ISRO_Bhuvan,LGD_2026_Bhuvan_2024,7342,MATCHED_AUTHORITATIVE_BOUNDARY
5667,Eturnagaram,Mulugu,Telangana,18.350813,80.401807,MoPR_LGD_and_ISRO_Bhuvan,LGD_2026_Bhuvan_2024,5667,MATCHED_AUTHORITATIVE_BOUNDARY
5671,Govindaraopet,Mulugu,Telangana,18.221105,80.10613,MoPR_LGD_and_ISRO_Bhuvan,LGD_2026_Bhuvan_2024,5671,MATCHED_AUTHORITATIVE_BOUNDARY
7253,Kannaigudem,Mulugu,Telangana,18.481607,80.308709,MoPR_LGD_and_ISRO_Bhuvan,LGD_2026_Bhuvan_2024,7253,MATCHED_AUTHORITATIVE_BOUNDARY
7582,Mallampally,Mulugu,Telangana,,,MoPR_LGD_and_ISRO_Bhuvan,LGD_2026_Bhuvan_2024,7582,PENDING_OFFICIAL_BOUNDARY_MATCH
5684,Mangapet,Mulugu,Telangana,18.164833,80.536718,MoPR_LGD_and_ISRO_Bhuvan,LGD_2026_Bhuvan_2024,5684,MATCHED_AUTHORITATIVE_BOUNDARY
5687,Mulug,Mulugu,Telangana,18.144903,79.968388,MoPR_LGD_and_ISRO_Bhuvan,LGD_2026_Bhuvan_2024,5687,MATCHED_AUTHORITATIVE_BOUNDARY
5702,Tadvai,Mulugu,Telangana,18.194669,80.286736,MoPR_LGD_and_ISRO_Bhuvan,LGD_2026_Bhuvan_2024,5702,MATCHED_AUTHORITATIVE_BOUNDARY
5704,Venkatapur,Mulugu,Telangana,18.310376,79.985058,MoPR_LGD_and_ISRO_Bhuvan,LGD_2026_Bhuvan_2024,5704,MATCHED_AUTHORITATIVE_BOUNDARY
5094,Venkatapuram,Mulugu,Telangana,18.291635,80.651458,MoPR_LGD_and_ISRO_Bhuvan,LGD_2026_Bhuvan_2024,5094,MATCHED_AUTHORITATIVE_BOUNDARY
5095,Wazeed,Mulugu,Telangana,18.488142,80.513806,MoPR_LGD_and_ISRO_Bhuvan,LGD_2026_Bhuvan_2024,5095,MATCHED_AUTHORITATIVE_BOUNDARY
5203,Achampeta,Nagarkurnool,Telangana,16.442575,78.717765,MoPR_LGD_and_ISRO_Bhuvan,LGD_2026_Bhuvan_2024,5203,MATCHED_AUTHORITATIVE_BOUNDARY
5208,Amrabad,Nagarkurnool,Telangana,16.241323,78.778998,MoPR_LGD_and_ISRO_Bhuvan,LGD_2026_Bhuvan_2024,5208,MATCHED_AUTHORITATIVE_BOUNDARY
5211,Balmoor,Nagarkurnool,Telangana,16.356755,78.574172,MoPR_LGD_and_ISRO_Bhuvan,LGD_2026_Bhuvan_2024,5211,MATCHED_AUTHORITATIVE_BOUNDARY
5213,Bijinapalle,Nagarkurnool,Telangana,16.528353,78.190308,MoPR_LGD_and_ISRO_Bhuvan,LGD_2026_Bhuvan_2024,5213,MATCHED_AUTHORITATIVE_BOUNDARY
7283,Charakonda,Nagarkurnool,Telangana,16.698816,78.670168,MoPR_LGD_and_ISRO_Bhuvan,LGD_2026_Bhuvan_2024,7283,MATCHED_AUTHORITATIVE_BOUNDARY
5229,Kalwakurthy,Nagarkurnool,Telangana,16.623768,78.467478,MoPR_LGD_and_ISRO_Bhuvan,LGD_2026_Bhuvan_2024,5229,MATCHED_AUTHORITATIVE_BOUNDARY
5231,Kodair,Nagarkurnool,Telangana,16.253329,78.250439,MoPR_LGD_and_ISRO_Bhuvan,LGD_2026_Bhuvan_2024,5231,MATCHED_AUTHORITATIVE_BOUNDARY
5234,Kollapur,Nagarkurnool,Telangana,16.120758,78.431491,MoPR_LGD_and_ISRO_Bhuvan,LGD_2026_Bhuvan_2024,5234,MATCHED_AUTHORITATIVE_BOUNDARY
5239,Lingal,Nagarkurnool,Telangana,16.274003,78.510044,MoPR_LGD_and_ISRO_Bhuvan,LGD_2026_Bhuvan_2024,5239,MATCHED_AUTHORITATIVE_BOUNDARY
5248,Nagarkurnool,Nagarkurnool,Telangana,16.448443,78.316807,MoPR_LGD_and_ISRO_Bhuvan,LGD_2026_Bhuvan_2024,5248,MATCHED_AUTHORITATIVE_BOUNDARY
7284,Padara,Nagarkurnool,Telangana,16.335484,79.063756,MoPR_LGD_and_ISRO_Bhuvan,LGD_2026_Bhuvan_2024,7284,MATCHED_AUTHORITATIVE_BOUNDARY
5254,Peddakothapalle,Nagarkurnool,Telangana,16.263811,78.36567,MoPR_LGD_and_ISRO_Bhuvan,LGD_2026_Bhuvan_2024,5254,MATCHED_AUTHORITATIVE_BOUNDARY
7282,Pentlavelli,Nagarkurnool,Telangana,16.052476,78.263006,MoPR_LGD_and_ISRO_Bhuvan,LGD_2026_Bhuvan_2024,7282,MATCHED_AUTHORITATIVE_BOUNDARY
5256,Tadoor,Nagarkurnool,Telangana,16.574801,78.346542,MoPR_LGD_and_ISRO_Bhuvan,LGD_2026_Bhuvan_2024,5256,MATCHED_AUTHORITATIVE_BOUNDARY
5258,Telkapalle,Nagarkurnool,Telangana,16.414459,78.441231,MoPR_LGD_and_ISRO_Bhuvan,LGD_2026_Bhuvan_2024,5258,MATCHED_AUTHORITATIVE_BOUNDARY
5259,Thimmajipeta,Nagarkurnool,Telangana,16.658245,78.218345,MoPR_LGD_and_ISRO_Bhuvan,LGD_2026_Bhuvan_2024,5259,MATCHED_AUTHORITATIVE_BOUNDARY
5260,Uppununthala,Nagarkurnool,Telangana,16.485668,78.63284,MoPR_LGD_and_ISRO_Bhuvan,LGD_2026_Bhuvan_2024,5260,MATCHED_AUTHORITATIVE_BOUNDARY
7303,Urkonda,Nagarkurnool,Telangana,16.728359,78.400636,MoPR_LGD_and_ISRO_Bhuvan,LGD_2026_Bhuvan_2024,7303,MATCHED_AUTHORITATIVE_BOUNDARY
5262,Vangoor,Nagarkurnool,Telangana,16.574701,78.601534,MoPR_LGD_and_ISRO_Bhuvan,LGD_2026_Bhuvan_2024,5262,MATCHED_AUTHORITATIVE_BOUNDARY
5264,Veldanda,Nagarkurnool,Telangana,16.747461,78.560251,MoPR_LGD_and_ISRO_Bhuvan,LGD_2026_Bhuvan_2024,5264,MATCHED_AUTHORITATIVE_BOUNDARY
7287,Adavidevulapalli,Nalgonda,Telangana,16.668199,79.491726,MoPR_LGD_and_ISRO_Bhuvan,LGD_2026_Bhuvan_2024,7287,MATCHED_AUTHORITATIVE_BOUNDARY
5314,Anumula,Nalgonda,Telangana,16.827125,79.293504,MoPR_LGD_and_ISRO_Bhuvan,LGD_2026_Bhuvan_2024,5314,MATCHED_AUTHORITATIVE_BOUNDARY
5320,Chandampet,Nalgonda,Telangana,16.50676,79.029569,MoPR_LGD_and_ISRO_Bhuvan,LGD_2026_Bhuvan_2024,5320,MATCHED_AUTHORITATIVE_BOUNDARY
5321,Chandur,Nalgonda,Telangana,17.001582,79.005759,MoPR_LGD_and_ISRO_Bhuvan,LGD_2026_Bhuvan_2024,5321,MATCHED_AUTHORITATIVE_BOUNDARY
5323,Chintha Pally,Nalgonda,Telangana,16.856633,78.814674,MoPR_LGD_and_ISRO_Bhuvan,LGD_2026_Bhuvan_2024,5323,MATCHED_AUTHORITATIVE_BOUNDARY
5324,Chityala,Nalgonda,Telangana,17.213063,79.070075,MoPR_LGD_and_ISRO_Bhuvan,LGD_2026_Bhuvan_2024,5324,MATCHED_AUTHORITATIVE_BOUNDARY
5327,Dameracherla,Nalgonda,Telangana,16.734495,79.609349,MoPR_LGD_and_ISRO_Bhuvan,LGD_2026_Bhuvan_2024,5327,MATCHED_AUTHORITATIVE_BOUNDARY
5328,Devarakonda,Nalgonda,Telangana,16.691836,78.864538,MoPR_LGD_and_ISRO_Bhuvan,LGD_2026_Bhuvan_2024,5328,MATCHED_AUTHORITATIVE_BOUNDARY
7583,Gattuppal,Nalgonda,Telangana,,,MoPR_LGD_and_ISRO_Bhuvan,LGD_2026_Bhuvan_2024,7583,PENDING_OFFICIAL_BOUNDARY_MATCH
7584,Gudipally,Nalgonda,Telangana,,,MoPR_LGD_and_ISRO_Bhuvan,LGD_2026_Bhuvan_2024,7584,PENDING_OFFICIAL_BOUNDARY_MATCH
5331,Gundlapally (Dindi),Nalgonda,Telangana,16.605491,78.764442,MoPR_LGD_and_ISRO_Bhuvan,LGD_2026_Bhuvan_2024,5331,MATCHED_AUTHORITATIVE_BOUNDARY
5332,Gurrampode,Nalgonda,Telangana,16.848187,79.10113,MoPR_LGD_and_ISRO_Bhuvan,LGD_2026_Bhuvan_2024,5332,MATCHED_AUTHORITATIVE_BOUNDARY
5335,Kanagal,Nalgonda,Telangana,16.958905,79.206113,MoPR_LGD_and_ISRO_Bhuvan,LGD_2026_Bhuvan_2024,5335,MATCHED_AUTHORITATIVE_BOUNDARY
5336,Kattangoor,Nalgonda,Telangana,17.19103,79.314327,MoPR_LGD_and_ISRO_Bhuvan,LGD_2026_Bhuvan_2024,5336,MATCHED_AUTHORITATIVE_BOUNDARY
5337,Kethe Pally,Nalgonda,Telangana,17.149178,79.507382,MoPR_LGD_and_ISRO_Bhuvan,LGD_2026_Bhuvan_2024,5337,MATCHED_AUTHORITATIVE_BOUNDARY
7288,Konda Mallepally,Nalgonda,Telangana,16.695368,78.98683,MoPR_LGD_and_ISRO_Bhuvan,LGD_2026_Bhuvan_2024,7288,MATCHED_AUTHORITATIVE_BOUNDARY
7222,Madugulapally,Nalgonda,Telangana,16.988775,79.467886,MoPR_LGD_and_ISRO_Bhuvan,LGD_2026_Bhuvan_2024,7222,MATCHED_AUTHORITATIVE_BOUNDARY
5340,Marriguda,Nalgonda,Telangana,16.984413,78.866261,MoPR_LGD_and_ISRO_Bhuvan,LGD_2026_Bhuvan_2024,5340,MATCHED_AUTHORITATIVE_BOUNDARY
5343,Miryalaguda,Nalgonda,Telangana,16.866867,79.576667,MoPR_LGD_and_ISRO_Bhuvan,LGD_2026_Bhuvan_2024,5343,MATCHED_AUTHORITATIVE_BOUNDARY
5347,Munugode,Nalgonda,Telangana,17.096025,79.047259,MoPR_LGD_and_ISRO_Bhuvan,LGD_2026_Bhuvan_2024,5347,MATCHED_AUTHORITATIVE_BOUNDARY
5349,Nakrekal,Nalgonda,Telangana,17.16645,79.426469,MoPR_LGD_and_ISRO_Bhuvan,LGD_2026_Bhuvan_2024,5349,MATCHED_AUTHORITATIVE_BOUNDARY
5350,Nalgonda,Nalgonda,Telangana,17.06215,79.239026,MoPR_LGD_and_ISRO_Bhuvan,LGD_2026_Bhuvan_2024,5350,MATCHED_AUTHORITATIVE_BOUNDARY
5351,Nampally,Nalgonda,Telangana,16.86184,78.955898,MoPR_LGD_and_ISRO_Bhuvan,LGD_2026_Bhuvan_2024,5351,MATCHED_AUTHORITATIVE_BOUNDARY
5353,Narketpally,Nalgonda,Telangana,17.231563,79.221641,MoPR_LGD_and_ISRO_Bhuvan,LGD_2026_Bhuvan_2024,5353,MATCHED_AUTHORITATIVE_BOUNDARY
7289,Neredugommu,Nalgonda,Telangana,16.567644,79.035686,MoPR_LGD_and_ISRO_Bhuvan,LGD_2026_Bhuvan_2024,7289,MATCHED_AUTHORITATIVE_BOUNDARY
5355,Nidamanoor,Nalgonda,Telangana,16.828944,79.390729,MoPR_LGD_and_ISRO_Bhuvan,LGD_2026_Bhuvan_2024,5355,MATCHED_AUTHORITATIVE_BOUNDARY
5357,Pedda Adiserlapally,Nalgonda,Telangana,16.628981,79.138096,MoPR_LGD_and_ISRO_Bhuvan,LGD_2026_Bhuvan_2024,5357,MATCHED_AUTHORITATIVE_BOUNDARY
5358,Peddavoora,Nalgonda,Telangana,16.69695,79.238975,MoPR_LGD_and_ISRO_Bhuvan,LGD_2026_Bhuvan_2024,5358,MATCHED_AUTHORITATIVE_BOUNDARY
5363,Shali Gouraram,Nalgonda,Telangana,17.295014,79.391932,MoPR_LGD_and_ISRO_Bhuvan,LGD_2026_Bhuvan_2024,5363,MATCHED_AUTHORITATIVE_BOUNDARY
5365,Thipparthi,Nalgonda,Telangana,17.046996,79.392583,MoPR_LGD_and_ISRO_Bhuvan,LGD_2026_Bhuvan_2024,5365,MATCHED_AUTHORITATIVE_BOUNDARY
7223,Tirumalagiri Sagar,Nalgonda,Telangana,16.671028,79.36478,MoPR_LGD_and_ISRO_Bhuvan,LGD_2026_Bhuvan_2024,7223,MATCHED_AUTHORITATIVE_BOUNDARY
5367,Tripuraram,Nalgonda,Telangana,16.829912,79.473716,MoPR_LGD_and_ISRO_Bhuvan,LGD_2026_Bhuvan_2024,5367,MATCHED_AUTHORITATIVE_BOUNDARY
5370,Vemula Pally,Nalgonda,Telangana,16.980335,79.55501,MoPR_LGD_and_ISRO_Bhuvan,LGD_2026_Bhuvan_2024,5370,MATCHED_AUTHORITATIVE_BOUNDARY
5216,Damaragidda,Narayanpet,Telangana,16.851998,77.523658,MoPR_LGD_and_ISRO_Bhuvan,LGD_2026_Bhuvan_2024,5216,MATCHED_AUTHORITATIVE_BOUNDARY
5218,Dhanwada,Narayanpet,Telangana,16.667967,77.693144,MoPR_LGD_and_ISRO_Bhuvan,LGD_2026_Bhuvan_2024,5218,MATCHED_AUTHORITATIVE_BOUNDARY
7586,Gundumal,Narayanpet,Telangana,,,MoPR_LGD_and_ISRO_Bhuvan,LGD_2026_Bhuvan_2024,7586,PENDING_OFFICIAL_BOUNDARY_MATCH
5236,Kosgi,Narayanpet,Telangana,16.958674,77.697825,MoPR_LGD_and_ISRO_Bhuvan,LGD_2026_Bhuvan_2024,5236,MATCHED_AUTHORITATIVE_BOUNDARY
7585,Kothapalle,Narayanpet,Telangana,,,MoPR_LGD_and_ISRO_Bhuvan,LGD_2026_Bhuvan_2024,7585,PENDING_OFFICIAL_BOUNDARY_MATCH
7218,Krishna,Narayanpet,Telangana,16.430743,77.354944,MoPR_LGD_and_ISRO_Bhuvan,LGD_2026_Bhuvan_2024,7218,MATCHED_AUTHORITATIVE_BOUNDARY
5240,Maddur,Narayanpet,Telangana,16.854614,77.645084,MoPR_LGD_and_ISRO_Bhuvan,LGD_2026_Bhuvan_2024,5240,MATCHED_AUTHORITATIVE_BOUNDARY
5242,Maganoor,Narayanpet,Telangana,16.475966,77.449254,MoPR_LGD_and_ISRO_Bhuvan,LGD_2026_Bhuvan_2024,5242,MATCHED_AUTHORITATIVE_BOUNDARY
5244,Makthal,Narayanpet,Telangana,16.471762,77.56589,MoPR_LGD_and_ISRO_Bhuvan,LGD_2026_Bhuvan_2024,5244,MATCHED_AUTHORITATIVE_BOUNDARY
7277,Marikal,Narayanpet,Telangana,16.588783,77.730112,MoPR_LGD_and_ISRO_Bhuvan,LGD_2026_Bhuvan_2024,7277,MATCHED_AUTHORITATIVE_BOUNDARY
5249,Narayanpet,Narayanpet,Telangana,16.734683,77.588793,MoPR_LGD_and_ISRO_Bhuvan,LGD_2026_Bhuvan_2024,5249,MATCHED_AUTHORITATIVE_BOUNDARY
5250,Narva,Narayanpet,Telangana,16.468201,77.677244,MoPR_LGD_and_ISRO_Bhuvan,LGD_2026_Bhuvan_2024,5250,MATCHED_AUTHORITATIVE_BOUNDARY
5261,Utkoor,Narayanpet,Telangana,16.648755,77.526654,MoPR_LGD_and_ISRO_Bhuvan,LGD_2026_Bhuvan_2024,5261,MATCHED_AUTHORITATIVE_BOUNDARY
7200,Basar,Nirmal,Telangana,18.899869,77.949714,MoPR_LGD_and_ISRO_Bhuvan,LGD_2026_Bhuvan_2024,7200,MATCHED_AUTHORITATIVE_BOUNDARY
4640,Bhainsa,Nirmal,Telangana,19.111168,77.977557,MoPR_LGD_and_ISRO_Bhuvan,LGD_2026_Bhuvan_2024,4640,MATCHED_AUTHORITATIVE_BOUNDARY
7198,Dasturabad,Nirmal,Telangana,19.082622,78.887742,MoPR_LGD_and_ISRO_Bhuvan,LGD_2026_Bhuvan_2024,7198,MATCHED_AUTHORITATIVE_BOUNDARY
4646,Dilawarpur,Nirmal,Telangana,19.063894,78.25053,MoPR_LGD_and_ISRO_Bhuvan,LGD_2026_Bhuvan_2024,4646,MATCHED_AUTHORITATIVE_BOUNDARY
4654,Kaddam (Peddur),Nirmal,Telangana,19.169303,78.799424,MoPR_LGD_and_ISRO_Bhuvan,LGD_2026_Bhuvan_2024,4654,MATCHED_AUTHORITATIVE_BOUNDARY
4658,Khanapur,Nirmal,Telangana,19.101982,78.642415,MoPR_LGD_and_ISRO_Bhuvan,LGD_2026_Bhuvan_2024,4658,MATCHED_AUTHORITATIVE_BOUNDARY
4661,Kubeer,Nirmal,Telangana,19.240758,77.945619,MoPR_LGD_and_ISRO_Bhuvan,LGD_2026_Bhuvan_2024,4661,MATCHED_AUTHORITATIVE_BOUNDARY
4662,Kuntala,Nirmal,Telangana,19.17892,78.087133,MoPR_LGD_and_ISRO_Bhuvan,LGD_2026_Bhuvan_2024,4662,MATCHED_AUTHORITATIVE_BOUNDARY
4663,Laxmanchanda,Nirmal,Telangana,19.029628,78.451443,MoPR_LGD_and_ISRO_Bhuvan,LGD_2026_Bhuvan_2024,4663,MATCHED_AUTHORITATIVE_BOUNDARY
4664,Lokeswaram,Nirmal,Telangana,19.01691,78.0991,MoPR_LGD_and_ISRO_Bhuvan,LGD_2026_Bhuvan_2024,4664,MATCHED_AUTHORITATIVE_BOUNDARY
4666,Mamda,Nirmal,Telangana,19.089534,78.510839,MoPR_LGD_and_ISRO_Bhuvan,LGD_2026_Bhuvan_2024,4666,MATCHED_AUTHORITATIVE_BOUNDARY
4669,Mudhole,Nirmal,Telangana,18.982064,77.962669,MoPR_LGD_and_ISRO_Bhuvan,LGD_2026_Bhuvan_2024,4669,MATCHED_AUTHORITATIVE_BOUNDARY
7197,Narsapur G,Nirmal,Telangana,19.135443,78.16124,MoPR_LGD_and_ISRO_Bhuvan,LGD_2026_Bhuvan_2024,7197,MATCHED_AUTHORITATIVE_BOUNDARY
4673,Nirmal,Nirmal,Telangana,19.097824,78.345397,MoPR_LGD_and_ISRO_Bhuvan,LGD_2026_Bhuvan_2024,4673,MATCHED_AUTHORITATIVE_BOUNDARY
7336,Nirmal Rural,Nirmal,Telangana,19.081858,78.312834,MoPR_LGD_and_ISRO_Bhuvan,LGD_2026_Bhuvan_2024,7336,MATCHED_AUTHORITATIVE_BOUNDARY
7199,Pembi,Nirmal,Telangana,19.218887,78.615513,MoPR_LGD_and_ISRO_Bhuvan,LGD_2026_Bhuvan_2024,7199,MATCHED_AUTHORITATIVE_BOUNDARY
4675,Sarangapur,Nirmal,Telangana,19.209438,78.257852,MoPR_LGD_and_ISRO_Bhuvan,LGD_2026_Bhuvan_2024,4675,MATCHED_AUTHORITATIVE_BOUNDARY
7196,Soan,Nirmal,Telangana,19.002373,78.337758,MoPR_LGD_and_ISRO_Bhuvan,LGD_2026_Bhuvan_2024,7196,MATCHED_AUTHORITATIVE_BOUNDARY
4681,Tanur,Nirmal,Telangana,19.035684,77.843234,MoPR_LGD_and_ISRO_Bhuvan,LGD_2026_Bhuvan_2024,4681,MATCHED_AUTHORITATIVE_BOUNDARY
7587,Aloor,Nizamabad,Telangana,,,MoPR_LGD_and_ISRO_Bhuvan,LGD_2026_Bhuvan_2024,7587,PENDING_OFFICIAL_BOUNDARY_MATCH
5418,Armur,Nizamabad,Telangana,18.827301,78.265182,MoPR_LGD_and_ISRO_Bhuvan,LGD_2026_Bhuvan_2024,5418,MATCHED_AUTHORITATIVE_BOUNDARY
5419,Balkonda,Nizamabad,Telangana,18.884516,78.338542,MoPR_LGD_and_ISRO_Bhuvan,LGD_2026_Bhuvan_2024,5419,MATCHED_AUTHORITATIVE_BOUNDARY
5421,Bheemgal,Nizamabad,Telangana,18.677768,78.471704,MoPR_LGD_and_ISRO_Bhuvan,LGD_2026_Bhuvan_2024,5421,MATCHED_AUTHORITATIVE_BOUNDARY
5425,Bodhan,Nizamabad,Telangana,18.689172,77.864888,MoPR_LGD_and_ISRO_Bhuvan,LGD_2026_Bhuvan_2024,5425,MATCHED_AUTHORITATIVE_BOUNDARY
7351,Chandur,Nizamabad,Telangana,18.542303,77.984076,MoPR_LGD_and_ISRO_Bhuvan,LGD_2026_Bhuvan_2024,7351,MATCHED_AUTHORITATIVE_BOUNDARY
5426,Dharpalle,Nizamabad,Telangana,18.603749,78.351584,MoPR_LGD_and_ISRO_Bhuvan,LGD_2026_Bhuvan_2024,5426,MATCHED_AUTHORITATIVE_BOUNDARY
5427,Dichpalle,Nizamabad,Telangana,18.620069,78.232029,MoPR_LGD_and_ISRO_Bhuvan,LGD_2026_Bhuvan_2024,5427,MATCHED_AUTHORITATIVE_BOUNDARY
7588,Donkeshwar,Nizamabad,Telangana,,,MoPR_LGD_and_ISRO_Bhuvan,LGD_2026_Bhuvan_2024,7588,PENDING_OFFICIAL_BOUNDARY_MATCH
7243,Indalwai,Nizamabad,Telangana,18.519754,78.271683,MoPR_LGD_and_ISRO_Bhuvan,LGD_2026_Bhuvan_2024,7243,MATCHED_AUTHORITATIVE_BOUNDARY
5430,Jakranpalle,Nizamabad,Telangana,18.708771,78.282192,MoPR_LGD_and_ISRO_Bhuvan,LGD_2026_Bhuvan_2024,5430,MATCHED_AUTHORITATIVE_BOUNDARY
5433,Kammarapalle,Nizamabad,Telangana,18.757237,78.545106,MoPR_LGD_and_ISRO_Bhuvan,LGD_2026_Bhuvan_2024,5433,MATCHED_AUTHORITATIVE_BOUNDARY
5434,Kotgiri,Nizamabad,Telangana,18.578887,77.796046,MoPR_LGD_and_ISRO_Bhuvan,LGD_2026_Bhuvan_2024,5434,MATCHED_AUTHORITATIVE_BOUNDARY
5438,Makloor,Nizamabad,Telangana,18.758641,78.149511,MoPR_LGD_and_ISRO_Bhuvan,LGD_2026_Bhuvan_2024,5438,MATCHED_AUTHORITATIVE_BOUNDARY
7244,Mendora,Nizamabad,Telangana,18.958467,78.400295,MoPR_LGD_and_ISRO_Bhuvan,LGD_2026_Bhuvan_2024,7244,MATCHED_AUTHORITATIVE_BOUNDARY
5439,Mortad,Nizamabad,Telangana,18.822144,78.456248,MoPR_LGD_and_ISRO_Bhuvan,LGD_2026_Bhuvan_2024,5439,MATCHED_AUTHORITATIVE_BOUNDARY
7350,Mosara,Nizamabad,Telangana,18.58439,77.990521,MoPR_LGD_and_ISRO_Bhuvan,LGD_2026_Bhuvan_2024,7350,MATCHED_AUTHORITATIVE_BOUNDARY
7224,Mugpal,Nizamabad,Telangana,18.564912,78.118016,MoPR_LGD_and_ISRO_Bhuvan,LGD_2026_Bhuvan_2024,7224,MATCHED_AUTHORITATIVE_BOUNDARY
7245,Mupkal,Nizamabad,Telangana,18.908931,78.388769,MoPR_LGD_and_ISRO_Bhuvan,LGD_2026_Bhuvan_2024,7245,MATCHED_AUTHORITATIVE_BOUNDARY
5441,Nandipet,Nizamabad,Telangana,18.917067,78.176151,MoPR_LGD_and_ISRO_Bhuvan,LGD_2026_Bhuvan_2024,5441,MATCHED_AUTHORITATIVE_BOUNDARY
5442,Navipet,Nizamabad,Telangana,18.82567,78.023169,MoPR_LGD_and_ISRO_Bhuvan,LGD_2026_Bhuvan_2024,5442,MATCHED_AUTHORITATIVE_BOUNDARY
7242,Nizamabad North,Nizamabad,Telangana,18.689587,78.112506,MoPR_LGD_and_ISRO_Bhuvan,LGD_2026_Bhuvan_2024,7242,MATCHED_AUTHORITATIVE_BOUNDARY
5443,Nizamabad Rural,Nizamabad,Telangana,18.670894,78.065429,MoPR_LGD_and_ISRO_Bhuvan,LGD_2026_Bhuvan_2024,5443,MATCHED_AUTHORITATIVE_BOUNDARY
7330,Nizamabad South,Nizamabad,Telangana,18.665909,78.088235,MoPR_LGD_and_ISRO_Bhuvan,LGD_2026_Bhuvan_2024,7330,MATCHED_AUTHORITATIVE_BOUNDARY
7589,Pothangal,Nizamabad,Telangana,,,MoPR_LGD_and_ISRO_Bhuvan,LGD_2026_Bhuvan_2024,7589,PENDING_OFFICIAL_BOUNDARY_MATCH
5446,Renjal,Nizamabad,Telangana,18.772664,77.937327,MoPR_LGD_and_ISRO_Bhuvan,LGD_2026_Bhuvan_2024,5446,MATCHED_AUTHORITATIVE_BOUNDARY
7247,Rudrur,Nizamabad,Telangana,18.584141,77.870099,MoPR_LGD_and_ISRO_Bhuvan,LGD_2026_Bhuvan_2024,7247,MATCHED_AUTHORITATIVE_BOUNDARY
7590,Saloora,Nizamabad,Telangana,,,MoPR_LGD_and_ISRO_Bhuvan,LGD_2026_Bhuvan_2024,7590,PENDING_OFFICIAL_BOUNDARY_MATCH
5448,Sirkonda,Nizamabad,Telangana,18.548941,78.472464,MoPR_LGD_and_ISRO_Bhuvan,LGD_2026_Bhuvan_2024,5448,MATCHED_AUTHORITATIVE_BOUNDARY
5450,Varni,Nizamabad,Telangana,18.507215,77.946649,MoPR_LGD_and_ISRO_Bhuvan,LGD_2026_Bhuvan_2024,5450,MATCHED_AUTHORITATIVE_BOUNDARY
5451,Velpur,Nizamabad,Telangana,18.768927,78.384556,MoPR_LGD_and_ISRO_Bhuvan,LGD_2026_Bhuvan_2024,5451,MATCHED_AUTHORITATIVE_BOUNDARY
5452,Yedapalle,Nizamabad,Telangana,18.68,77.987883,MoPR_LGD_and_ISRO_Bhuvan,LGD_2026_Bhuvan_2024,5452,MATCHED_AUTHORITATIVE_BOUNDARY
7246,Yergatla,Nizamabad,Telangana,18.924202,78.483982,MoPR_LGD_and_ISRO_Bhuvan,LGD_2026_Bhuvan_2024,7246,MATCHED_AUTHORITATIVE_BOUNDARY
7235,Anthergaon,Peddapalli,Telangana,18.799513,79.395166,MoPR_LGD_and_ISRO_Bhuvan,LGD_2026_Bhuvan_2024,7235,MATCHED_AUTHORITATIVE_BOUNDARY
5003,Dharmaram,Peddapalli,Telangana,18.694806,79.214732,MoPR_LGD_and_ISRO_Bhuvan,LGD_2026_Bhuvan_2024,5003,MATCHED_AUTHORITATIVE_BOUNDARY
5004,Eligaid,Peddapalli,Telangana,18.560361,79.272446,MoPR_LGD_and_ISRO_Bhuvan,LGD_2026_Bhuvan_2024,5004,MATCHED_AUTHORITATIVE_BOUNDARY
5015,Julapalli,Peddapalli,Telangana,18.623233,79.256926,MoPR_LGD_and_ISRO_Bhuvan,LGD_2026_Bhuvan_2024,5015,MATCHED_AUTHORITATIVE_BOUNDARY
5017,Kamanpur,Peddapalli,Telangana,18.662028,79.496412,MoPR_LGD_and_ISRO_Bhuvan,LGD_2026_Bhuvan_2024,5017,MATCHED_AUTHORITATIVE_BOUNDARY
5030,Manthani,Peddapalli,Telangana,18.644694,79.697136,MoPR_LGD_and_ISRO_Bhuvan,LGD_2026_Bhuvan_2024,5030,MATCHED_AUTHORITATIVE_BOUNDARY
5035,Mutharam (Manthani),Peddapalli,Telangana,18.542498,79.634795,MoPR_LGD_and_ISRO_Bhuvan,LGD_2026_Bhuvan_2024,5035,MATCHED_AUTHORITATIVE_BOUNDARY
5036,Odela,Peddapalli,Telangana,18.45213,79.447158,MoPR_LGD_and_ISRO_Bhuvan,LGD_2026_Bhuvan_2024,5036,MATCHED_AUTHORITATIVE_BOUNDARY
7236,Palakurthy,Peddapalli,Telangana,18.728696,79.382919,MoPR_LGD_and_ISRO_Bhuvan,LGD_2026_Bhuvan_2024,7236,MATCHED_AUTHORITATIVE_BOUNDARY
5037,Peddapalli,Peddapalli,Telangana,18.618445,79.398054,MoPR_LGD_and_ISRO_Bhuvan,LGD_2026_Bhuvan_2024,5037,MATCHED_AUTHORITATIVE_BOUNDARY
7237,Ramagiri,Peddapalli,Telangana,18.651156,79.559092,MoPR_LGD_and_ISRO_Bhuvan,LGD_2026_Bhuvan_2024,7237,MATCHED_AUTHORITATIVE_BOUNDARY
5041,Ramagundam,Peddapalli,Telangana,18.752757,79.485366,MoPR_LGD_and_ISRO_Bhuvan,LGD_2026_Bhuvan_2024,5041,MATCHED_AUTHORITATIVE_BOUNDARY
5046,Srirampur,Peddapalli,Telangana,18.506058,79.521129,MoPR_LGD_and_ISRO_Bhuvan,LGD_2026_Bhuvan_2024,5046,MATCHED_AUTHORITATIVE_BOUNDARY
5047,Sulthanabad,Peddapalli,Telangana,18.511004,79.316773,MoPR_LGD_and_ISRO_Bhuvan,LGD_2026_Bhuvan_2024,5047,MATCHED_AUTHORITATIVE_BOUNDARY
4998,Boinpalli,Rajanna Sircilla,Telangana,18.487774,78.909345,MoPR_LGD_and_ISRO_Bhuvan,LGD_2026_Bhuvan_2024,4998,MATCHED_AUTHORITATIVE_BOUNDARY
4999,Chandurthi,Rajanna Sircilla,Telangana,18.576624,78.735103,MoPR_LGD_and_ISRO_Bhuvan,LGD_2026_Bhuvan_2024,4999,MATCHED_AUTHORITATIVE_BOUNDARY
5006,Ellanthakunta,Rajanna Sircilla,Telangana,18.307825,78.93604,MoPR_LGD_and_ISRO_Bhuvan,LGD_2026_Bhuvan_2024,5006,MATCHED_AUTHORITATIVE_BOUNDARY
5007,Gambhiraopet,Rajanna Sircilla,Telangana,18.318327,78.581089,MoPR_LGD_and_ISRO_Bhuvan,LGD_2026_Bhuvan_2024,5007,MATCHED_AUTHORITATIVE_BOUNDARY
5023,Konaraopet,Rajanna Sircilla,Telangana,18.488412,78.711054,MoPR_LGD_and_ISRO_Bhuvan,LGD_2026_Bhuvan_2024,5023,MATCHED_AUTHORITATIVE_BOUNDARY
5033,Mustabad,Rajanna Sircilla,Telangana,18.287524,78.70294,MoPR_LGD_and_ISRO_Bhuvan,LGD_2026_Bhuvan_2024,5033,MATCHED_AUTHORITATIVE_BOUNDARY
7240,Rudrangi,Rajanna Sircilla,Telangana,18.634421,78.62503,MoPR_LGD_and_ISRO_Bhuvan,LGD_2026_Bhuvan_2024,7240,MATCHED_AUTHORITATIVE_BOUNDARY
5045,Sircilla,Rajanna Sircilla,Telangana,18.393639,78.788786,MoPR_LGD_and_ISRO_Bhuvan,LGD_2026_Bhuvan_2024,5045,MATCHED_AUTHORITATIVE_BOUNDARY
7238,Thangallapalli,Rajanna Sircilla,Telangana,18.339255,78.83116,MoPR_LGD_and_ISRO_Bhuvan,LGD_2026_Bhuvan_2024,7238,MATCHED_AUTHORITATIVE_BOUNDARY
7241,Veernapalli,Rajanna Sircilla,Telangana,18.491415,78.58759,MoPR_LGD_and_ISRO_Bhuvan,LGD_2026_Bhuvan_2024,7241,MATCHED_AUTHORITATIVE_BOUNDARY
5051,Vemulawada,Rajanna Sircilla,Telangana,18.460885,78.867773,MoPR_LGD_and_ISRO_Bhuvan,LGD_2026_Bhuvan_2024,5051,MATCHED_AUTHORITATIVE_BOUNDARY
7239,Vemulawada Rural,Rajanna Sircilla,Telangana,18.538531,78.842973,MoPR_LGD_and_ISRO_Bhuvan,LGD_2026_Bhuvan_2024,7239,MATCHED_AUTHORITATIVE_BOUNDARY
5052,Yellareddipet,Rajanna Sircilla,Telangana,18.400121,78.659701,MoPR_LGD_and_ISRO_Bhuvan,LGD_2026_Bhuvan_2024,5052,MATCHED_AUTHORITATIVE_BOUNDARY
7299,Abdullapurmet,Ranga Reddy,Telangana,17.322001,78.711523,MoPR_LGD_and_ISRO_Bhuvan,LGD_2026_Bhuvan_2024,7299,MATCHED_AUTHORITATIVE_BOUNDARY
5207,Amangal,Ranga Reddy,Telangana,16.857821,78.5561,MoPR_LGD_and_ISRO_Bhuvan,LGD_2026_Bhuvan_2024,5207,MATCHED_AUTHORITATIVE_BOUNDARY
7305,Balapur,Ranga Reddy,Telangana,17.342713,78.543324,MoPR_LGD_and_ISRO_Bhuvan,LGD_2026_Bhuvan_2024,7305,MATCHED_AUTHORITATIVE_BOUNDARY
5512,Chevella,Ranga Reddy,Telangana,17.318465,78.11541,MoPR_LGD_and_ISRO_Bhuvan,LGD_2026_Bhuvan_2024,5512,MATCHED_AUTHORITATIVE_BOUNDARY
5221,Farooqnagar,Ranga Reddy,Telangana,17.034849,78.183558,MoPR_LGD_and_ISRO_Bhuvan,LGD_2026_Bhuvan_2024,5221,MATCHED_AUTHORITATIVE_BOUNDARY
7300,Gandipet,Ranga Reddy,Telangana,17.379919,78.342025,MoPR_LGD_and_ISRO_Bhuvan,LGD_2026_Bhuvan_2024,7300,MATCHED_AUTHORITATIVE_BOUNDARY
5517,Hayathnagar,Ranga Reddy,Telangana,17.336073,78.610517,MoPR_LGD_and_ISRO_Bhuvan,LGD_2026_Bhuvan_2024,5517,MATCHED_AUTHORITATIVE_BOUNDARY
5518,Ibrahimpatnam,Ranga Reddy,Telangana,17.199564,78.648831,MoPR_LGD_and_ISRO_Bhuvan,LGD_2026_Bhuvan_2024,5518,MATCHED_AUTHORITATIVE_BOUNDARY
7335,Jilled Chowdergudem,Ranga Reddy,Telangana,17.0588,77.98435,MoPR_LGD_and_ISRO_Bhuvan,LGD_2026_Bhuvan_2024,7335,MATCHED_AUTHORITATIVE_BOUNDARY
7225,Kadthal,Ranga Reddy,Telangana,16.949231,78.533443,MoPR_LGD_and_ISRO_Bhuvan,LGD_2026_Bhuvan_2024,7225,MATCHED_AUTHORITATIVE_BOUNDARY
5519,Kandukur,Ranga Reddy,Telangana,17.073593,78.504581,MoPR_LGD_and_ISRO_Bhuvan,LGD_2026_Bhuvan_2024,5519,MATCHED_AUTHORITATIVE_BOUNDARY
5230,Keshampeta,Ranga Reddy,Telangana,16.964358,78.336182,MoPR_LGD_and_ISRO_Bhuvan,LGD_2026_Bhuvan_2024,5230,MATCHED_AUTHORITATIVE_BOUNDARY
5235,Kondurg,Ranga Reddy,Telangana,17.09958,78.052402,MoPR_LGD_and_ISRO_Bhuvan,LGD_2026_Bhuvan_2024,5235,MATCHED_AUTHORITATIVE_BOUNDARY
5238,Kothur,Ranga Reddy,Telangana,17.134319,78.288113,MoPR_LGD_and_ISRO_Bhuvan,LGD_2026_Bhuvan_2024,5238,MATCHED_AUTHORITATIVE_BOUNDARY
5241,Madgul,Ranga Reddy,Telangana,16.835294,78.702801,MoPR_LGD_and_ISRO_Bhuvan,LGD_2026_Bhuvan_2024,5241,MATCHED_AUTHORITATIVE_BOUNDARY
5522,Maheshwaram,Ranga Reddy,Telangana,17.150343,78.419937,MoPR_LGD_and_ISRO_Bhuvan,LGD_2026_Bhuvan_2024,5522,MATCHED_AUTHORITATIVE_BOUNDARY
5523,Manchal,Ranga Reddy,Telangana,17.114034,78.748874,MoPR_LGD_and_ISRO_Bhuvan,LGD_2026_Bhuvan_2024,5523,MATCHED_AUTHORITATIVE_BOUNDARY
5526,Moinabad,Ranga Reddy,Telangana,17.318545,78.267476,MoPR_LGD_and_ISRO_Bhuvan,LGD_2026_Bhuvan_2024,5526,MATCHED_AUTHORITATIVE_BOUNDARY
7301,Nandigama,Ranga Reddy,Telangana,17.121588,78.240345,MoPR_LGD_and_ISRO_Bhuvan,LGD_2026_Bhuvan_2024,7301,MATCHED_AUTHORITATIVE_BOUNDARY
5533,Rajendranagar,Ranga Reddy,Telangana,17.321773,78.419692,MoPR_LGD_and_ISRO_Bhuvan,LGD_2026_Bhuvan_2024,5533,MATCHED_AUTHORITATIVE_BOUNDARY
5534,Saroornagar,Ranga Reddy,Telangana,17.274123,78.505605,MoPR_LGD_and_ISRO_Bhuvan,LGD_2026_Bhuvan_2024,5534,MATCHED_AUTHORITATIVE_BOUNDARY
7302,Serilingampally,Ranga Reddy,Telangana,17.46071,78.349567,MoPR_LGD_and_ISRO_Bhuvan,LGD_2026_Bhuvan_2024,7302,MATCHED_AUTHORITATIVE_BOUNDARY
5535,Shabad,Ranga Reddy,Telangana,17.183242,78.13998,MoPR_LGD_and_ISRO_Bhuvan,LGD_2026_Bhuvan_2024,5535,MATCHED_AUTHORITATIVE_BOUNDARY
5537,Shamshabad,Ranga Reddy,Telangana,17.235176,78.352551,MoPR_LGD_and_ISRO_Bhuvan,LGD_2026_Bhuvan_2024,5537,MATCHED_AUTHORITATIVE_BOUNDARY
5538,Shankarpally,Ranga Reddy,Telangana,17.430396,78.150836,MoPR_LGD_and_ISRO_Bhuvan,LGD_2026_Bhuvan_2024,5538,MATCHED_AUTHORITATIVE_BOUNDARY
5257,Talakondapalle,Ranga Reddy,Telangana,16.858872,78.417538,MoPR_LGD_and_ISRO_Bhuvan,LGD_2026_Bhuvan_2024,5257,MATCHED_AUTHORITATIVE_BOUNDARY
5541,Yacharam,Ranga Reddy,Telangana,17.021154,78.670245,MoPR_LGD_and_ISRO_Bhuvan,LGD_2026_Bhuvan_2024,5541,MATCHED_AUTHORITATIVE_BOUNDARY
7268,Ameenpur,Sangareddy,Telangana,17.543008,78.314602,MoPR_LGD_and_ISRO_Bhuvan,LGD_2026_Bhuvan_2024,7268,MATCHED_AUTHORITATIVE_BOUNDARY
5268,Andole,Sangareddy,Telangana,17.833158,78.036136,MoPR_LGD_and_ISRO_Bhuvan,LGD_2026_Bhuvan_2024,5268,MATCHED_AUTHORITATIVE_BOUNDARY
7502,Chowtakur,Sangareddy,Telangana,,,MoPR_LGD_and_ISRO_Bhuvan,LGD_2026_Bhuvan_2024,7502,PENDING_OFFICIAL_BOUNDARY_MATCH
7269,Gummadidala,Sangareddy,Telangana,17.688313,78.373071,MoPR_LGD_and_ISRO_Bhuvan,LGD_2026_Bhuvan_2024,7269,MATCHED_AUTHORITATIVE_BOUNDARY
5274,Hathnoora,Sangareddy,Telangana,17.716707,78.189322,MoPR_LGD_and_ISRO_Bhuvan,LGD_2026_Bhuvan_2024,5274,MATCHED_AUTHORITATIVE_BOUNDARY
5276,Jharasangam,Sangareddy,Telangana,17.749229,77.712224,MoPR_LGD_and_ISRO_Bhuvan,LGD_2026_Bhuvan_2024,5276,MATCHED_AUTHORITATIVE_BOUNDARY
5277,Jinnaram,Sangareddy,Telangana,17.610093,78.319949,MoPR_LGD_and_ISRO_Bhuvan,LGD_2026_Bhuvan_2024,5277,MATCHED_AUTHORITATIVE_BOUNDARY
5278,Kalher,Sangareddy,Telangana,18.151764,77.840795,MoPR_LGD_and_ISRO_Bhuvan,LGD_2026_Bhuvan_2024,5278,MATCHED_AUTHORITATIVE_BOUNDARY
7267,Kandi,Sangareddy,Telangana,17.561326,78.137112,MoPR_LGD_and_ISRO_Bhuvan,LGD_2026_Bhuvan_2024,7267,MATCHED_AUTHORITATIVE_BOUNDARY
5279,Kangti,Sangareddy,Telangana,18.212767,77.646427,MoPR_LGD_and_ISRO_Bhuvan,LGD_2026_Bhuvan_2024,5279,MATCHED_AUTHORITATIVE_BOUNDARY
5280,Kohir,Sangareddy,Telangana,17.598158,77.700324,MoPR_LGD_and_ISRO_Bhuvan,LGD_2026_Bhuvan_2024,5280,MATCHED_AUTHORITATIVE_BOUNDARY
5282,Kondapur,Sangareddy,Telangana,17.537729,78.015216,MoPR_LGD_and_ISRO_Bhuvan,LGD_2026_Bhuvan_2024,5282,MATCHED_AUTHORITATIVE_BOUNDARY
5285,Manoor,Sangareddy,Telangana,17.956754,77.746014,MoPR_LGD_and_ISRO_Bhuvan,LGD_2026_Bhuvan_2024,5285,MATCHED_AUTHORITATIVE_BOUNDARY
7270,Mogudampally,Sangareddy,Telangana,17.619191,77.503809,MoPR_LGD_and_ISRO_Bhuvan,LGD_2026_Bhuvan_2024,7270,MATCHED_AUTHORITATIVE_BOUNDARY
5289,Munipally,Sangareddy,Telangana,17.713981,77.847131,MoPR_LGD_and_ISRO_Bhuvan,LGD_2026_Bhuvan_2024,5289,MATCHED_AUTHORITATIVE_BOUNDARY
7272,Nagalgidda,Sangareddy,Telangana,18.051787,77.633411,MoPR_LGD_and_ISRO_Bhuvan,LGD_2026_Bhuvan_2024,7272,MATCHED_AUTHORITATIVE_BOUNDARY
5291,Narayankhed,Sangareddy,Telangana,18.060531,77.78225,MoPR_LGD_and_ISRO_Bhuvan,LGD_2026_Bhuvan_2024,5291,MATCHED_AUTHORITATIVE_BOUNDARY
7591,Nizampet,Sangareddy,Telangana,,,MoPR_LGD_and_ISRO_Bhuvan,LGD_2026_Bhuvan_2024,7591,PENDING_OFFICIAL_BOUNDARY_MATCH
5293,Nyalkal,Sangareddy,Telangana,17.844443,77.621718,MoPR_LGD_and_ISRO_Bhuvan,LGD_2026_Bhuvan_2024,5293,MATCHED_AUTHORITATIVE_BOUNDARY
5295,Patancheru,Sangareddy,Telangana,17.546033,78.217395,MoPR_LGD_and_ISRO_Bhuvan,LGD_2026_Bhuvan_2024,5295,MATCHED_AUTHORITATIVE_BOUNDARY
5296,Pulkal,Sangareddy,Telangana,17.732103,78.033706,MoPR_LGD_and_ISRO_Bhuvan,LGD_2026_Bhuvan_2024,5296,MATCHED_AUTHORITATIVE_BOUNDARY
5297,Raikode,Sangareddy,Telangana,17.845801,77.779449,MoPR_LGD_and_ISRO_Bhuvan,LGD_2026_Bhuvan_2024,5297,MATCHED_AUTHORITATIVE_BOUNDARY
5299,Ramchandrapuram,Sangareddy,Telangana,17.471526,78.2647,MoPR_LGD_and_ISRO_Bhuvan,LGD_2026_Bhuvan_2024,5299,MATCHED_AUTHORITATIVE_BOUNDARY
5301,Sadasivpet,Sangareddy,Telangana,17.645971,77.952538,MoPR_LGD_and_ISRO_Bhuvan,LGD_2026_Bhuvan_2024,5301,MATCHED_AUTHORITATIVE_BOUNDARY
5302,Sangareddy,Sangareddy,Telangana,17.620724,78.09719,MoPR_LGD_and_ISRO_Bhuvan,LGD_2026_Bhuvan_2024,5302,MATCHED_AUTHORITATIVE_BOUNDARY
7271,Sirgapoor,Sangareddy,Telangana,18.146891,77.721417,MoPR_LGD_and_ISRO_Bhuvan,LGD_2026_Bhuvan_2024,7271,MATCHED_AUTHORITATIVE_BOUNDARY
7304,Vatpally,Sangareddy,Telangana,17.884687,77.920732,MoPR_LGD_and_ISRO_Bhuvan,LGD_2026_Bhuvan_2024,7304,MATCHED_AUTHORITATIVE_BOUNDARY
5312,Zahirabad,Sangareddy,Telangana,17.66389,77.593647,MoPR_LGD_and_ISRO_Bhuvan,LGD_2026_Bhuvan_2024,5312,MATCHED_AUTHORITATIVE_BOUNDARY
7592,Akbarpet- Bhoompally,Siddipet,Telangana,,,MoPR_LGD_and_ISRO_Bhuvan,LGD_2026_Bhuvan_2024,7592,PENDING_OFFICIAL_BOUNDARY_MATCH
7332,Akkannapet,Siddipet,Telangana,18.049143,79.190327,MoPR_LGD_and_ISRO_Bhuvan,LGD_2026_Bhuvan_2024,7332,MATCHED_AUTHORITATIVE_BOUNDARY
4996,Bejjanki,Siddipet,Telangana,18.263798,79.039969,MoPR_LGD_and_ISRO_Bhuvan,LGD_2026_Bhuvan_2024,4996,MATCHED_AUTHORITATIVE_BOUNDARY
5661,Cheriyal,Siddipet,Telangana,17.928887,78.969206,MoPR_LGD_and_ISRO_Bhuvan,LGD_2026_Bhuvan_2024,5661,MATCHED_AUTHORITATIVE_BOUNDARY
5270,Chinnakodur,Siddipet,Telangana,18.180057,78.921359,MoPR_LGD_and_ISRO_Bhuvan,LGD_2026_Bhuvan_2024,5270,MATCHED_AUTHORITATIVE_BOUNDARY
7503,Dhoolmitta,Siddipet,Telangana,,,MoPR_LGD_and_ISRO_Bhuvan,LGD_2026_Bhuvan_2024,7503,PENDING_OFFICIAL_BOUNDARY_MATCH
5271,Doultabad,Siddipet,Telangana,17.967338,78.585763,MoPR_LGD_and_ISRO_Bhuvan,LGD_2026_Bhuvan_2024,5271,MATCHED_AUTHORITATIVE_BOUNDARY
5272,Dubbak,Siddipet,Telangana,18.176779,78.650089,MoPR_LGD_and_ISRO_Bhuvan,LGD_2026_Bhuvan_2024,5272,MATCHED_AUTHORITATIVE_BOUNDARY
5273,Gajwel,Siddipet,Telangana,17.869976,78.691613,MoPR_LGD_and_ISRO_Bhuvan,LGD_2026_Bhuvan_2024,5273,MATCHED_AUTHORITATIVE_BOUNDARY
5010,Husnabad,Siddipet,Telangana,18.129165,79.221523,MoPR_LGD_and_ISRO_Bhuvan,LGD_2026_Bhuvan_2024,5010,MATCHED_AUTHORITATIVE_BOUNDARY
5275,Jagdevpur,Siddipet,Telangana,17.80184,78.812469,MoPR_LGD_and_ISRO_Bhuvan,LGD_2026_Bhuvan_2024,5275,MATCHED_AUTHORITATIVE_BOUNDARY
5022,Koheda,Siddipet,Telangana,18.160423,79.082845,MoPR_LGD_and_ISRO_Bhuvan,LGD_2026_Bhuvan_2024,5022,MATCHED_AUTHORITATIVE_BOUNDARY
7273,Komuravelli,Siddipet,Telangana,17.922247,78.891954,MoPR_LGD_and_ISRO_Bhuvan,LGD_2026_Bhuvan_2024,7273,MATCHED_AUTHORITATIVE_BOUNDARY
5281,Kondapak,Siddipet,Telangana,17.970366,78.843288,MoPR_LGD_and_ISRO_Bhuvan,LGD_2026_Bhuvan_2024,5281,MATCHED_AUTHORITATIVE_BOUNDARY
7593,Kukunoorpally,Siddipet,Telangana,,,MoPR_LGD_and_ISRO_Bhuvan,LGD_2026_Bhuvan_2024,7593,PENDING_OFFICIAL_BOUNDARY_MATCH
5682,Maddur,Siddipet,Telangana,17.952142,79.071866,MoPR_LGD_and_ISRO_Bhuvan,LGD_2026_Bhuvan_2024,5682,MATCHED_AUTHORITATIVE_BOUNDARY
7274,Markook,Siddipet,Telangana,17.746812,78.730623,MoPR_LGD_and_ISRO_Bhuvan,LGD_2026_Bhuvan_2024,7274,MATCHED_AUTHORITATIVE_BOUNDARY
5287,Mirdoddi,Siddipet,Telangana,18.073721,78.642272,MoPR_LGD_and_ISRO_Bhuvan,LGD_2026_Bhuvan_2024,5287,MATCHED_AUTHORITATIVE_BOUNDARY
5288,Mulug,Siddipet,Telangana,17.716627,78.61944,MoPR_LGD_and_ISRO_Bhuvan,LGD_2026_Bhuvan_2024,5288,MATCHED_AUTHORITATIVE_BOUNDARY
5290,Nanganoor,Siddipet,Telangana,18.068263,79.009333,MoPR_LGD_and_ISRO_Bhuvan,LGD_2026_Bhuvan_2024,5290,MATCHED_AUTHORITATIVE_BOUNDARY
7352,Narayanaraopet,Siddipet,Telangana,18.222682,78.804332,MoPR_LGD_and_ISRO_Bhuvan,LGD_2026_Bhuvan_2024,7352,MATCHED_AUTHORITATIVE_BOUNDARY
7275,Raipole,Siddipet,Telangana,17.912328,78.622171,MoPR_LGD_and_ISRO_Bhuvan,LGD_2026_Bhuvan_2024,7275,MATCHED_AUTHORITATIVE_BOUNDARY
5306,Siddipet Rural,Siddipet,Telangana,18.145894,78.773594,MoPR_LGD_and_ISRO_Bhuvan,LGD_2026_Bhuvan_2024,5306,MATCHED_AUTHORITATIVE_BOUNDARY
7331,Siddipet Urban,Siddipet,Telangana,18.089793,78.856288,MoPR_LGD_and_ISRO_Bhuvan,LGD_2026_Bhuvan_2024,7331,MATCHED_AUTHORITATIVE_BOUNDARY
5308,Thoguta,Siddipet,Telangana,18.006092,78.742543,MoPR_LGD_and_ISRO_Bhuvan,LGD_2026_Bhuvan_2024,5308,MATCHED_AUTHORITATIVE_BOUNDARY
5310,Wargal,Siddipet,Telangana,17.790046,78.584566,MoPR_LGD_and_ISRO_Bhuvan,LGD_2026_Bhuvan_2024,5310,MATCHED_AUTHORITATIVE_BOUNDARY
7226,Ananthagiri,Suryapet,Telangana,17.055931,79.973933,MoPR_LGD_and_ISRO_Bhuvan,LGD_2026_Bhuvan_2024,7226,MATCHED_AUTHORITATIVE_BOUNDARY
5316,Atmakur(S),Suryapet,Telangana,17.256768,79.70179,MoPR_LGD_and_ISRO_Bhuvan,LGD_2026_Bhuvan_2024,5316,MATCHED_AUTHORITATIVE_BOUNDARY
5322,Chilkur,Suryapet,Telangana,16.967307,79.870882,MoPR_LGD_and_ISRO_Bhuvan,LGD_2026_Bhuvan_2024,5322,MATCHED_AUTHORITATIVE_BOUNDARY
7293,Chinthalapalem Mallareddygudem,Suryapet,Telangana,16.734383,79.987458,MoPR_LGD_and_ISRO_Bhuvan,LGD_2026_Bhuvan_2024,7293,MATCHED_AUTHORITATIVE_BOUNDARY
5325,Chivvemla,Suryapet,Telangana,17.143124,79.69388,MoPR_LGD_and_ISRO_Bhuvan,LGD_2026_Bhuvan_2024,5325,MATCHED_AUTHORITATIVE_BOUNDARY
5329,Garide Pally,Suryapet,Telangana,16.904327,79.758998,MoPR_LGD_and_ISRO_Bhuvan,LGD_2026_Bhuvan_2024,5329,MATCHED_AUTHORITATIVE_BOUNDARY
5333,Huzurnagar,Suryapet,Telangana,16.877788,79.856076,MoPR_LGD_and_ISRO_Bhuvan,LGD_2026_Bhuvan_2024,5333,MATCHED_AUTHORITATIVE_BOUNDARY
5334,Jaji Reddi Gudem (Arvapally),Suryapet,Telangana,17.316588,79.5468,MoPR_LGD_and_ISRO_Bhuvan,LGD_2026_Bhuvan_2024,5334,MATCHED_AUTHORITATIVE_BOUNDARY
5338,Kodad,Suryapet,Telangana,16.951591,79.984595,MoPR_LGD_and_ISRO_Bhuvan,LGD_2026_Bhuvan_2024,5338,MATCHED_AUTHORITATIVE_BOUNDARY
7291,Maddirala,Suryapet,Telangana,17.397621,79.714512,MoPR_LGD_and_ISRO_Bhuvan,LGD_2026_Bhuvan_2024,7291,MATCHED_AUTHORITATIVE_BOUNDARY
5341,Mattam Pally,Suryapet,Telangana,16.759191,79.853178,MoPR_LGD_and_ISRO_Bhuvan,LGD_2026_Bhuvan_2024,5341,MATCHED_AUTHORITATIVE_BOUNDARY
5342,Mella Chervu,Suryapet,Telangana,16.825784,79.953384,MoPR_LGD_and_ISRO_Bhuvan,LGD_2026_Bhuvan_2024,5342,MATCHED_AUTHORITATIVE_BOUNDARY
5344,Mothey,Suryapet,Telangana,17.201514,79.813589,MoPR_LGD_and_ISRO_Bhuvan,LGD_2026_Bhuvan_2024,5344,MATCHED_AUTHORITATIVE_BOUNDARY
5346,Munagala,Suryapet,Telangana,17.06236,79.820433,MoPR_LGD_and_ISRO_Bhuvan,LGD_2026_Bhuvan_2024,5346,MATCHED_AUTHORITATIVE_BOUNDARY
5348,Nadigudem,Suryapet,Telangana,17.106481,79.882895,MoPR_LGD_and_ISRO_Bhuvan,LGD_2026_Bhuvan_2024,5348,MATCHED_AUTHORITATIVE_BOUNDARY
7290,Nagaram,Suryapet,Telangana,17.403222,79.484272,MoPR_LGD_and_ISRO_Bhuvan,LGD_2026_Bhuvan_2024,7290,MATCHED_AUTHORITATIVE_BOUNDARY
5354,Nereducherla,Suryapet,Telangana,16.907844,79.669892,MoPR_LGD_and_ISRO_Bhuvan,LGD_2026_Bhuvan_2024,5354,MATCHED_AUTHORITATIVE_BOUNDARY
5356,Nuthankal,Suryapet,Telangana,17.333815,79.714264,MoPR_LGD_and_ISRO_Bhuvan,LGD_2026_Bhuvan_2024,5356,MATCHED_AUTHORITATIVE_BOUNDARY
7292,Palakeedu,Suryapet,Telangana,16.762336,79.717666,MoPR_LGD_and_ISRO_Bhuvan,LGD_2026_Bhuvan_2024,7292,MATCHED_AUTHORITATIVE_BOUNDARY
5359,Penpahad,Suryapet,Telangana,17.025333,79.6922,MoPR_LGD_and_ISRO_Bhuvan,LGD_2026_Bhuvan_2024,5359,MATCHED_AUTHORITATIVE_BOUNDARY
5364,Suryapet,Suryapet,Telangana,17.176091,79.586338,MoPR_LGD_and_ISRO_Bhuvan,LGD_2026_Bhuvan_2024,5364,MATCHED_AUTHORITATIVE_BOUNDARY
5366,Thirumalagiri,Suryapet,Telangana,17.479342,79.475189,MoPR_LGD_and_ISRO_Bhuvan,LGD_2026_Bhuvan_2024,5366,MATCHED_AUTHORITATIVE_BOUNDARY
5368,Thungathurthi,Suryapet,Telangana,17.423218,79.610549,MoPR_LGD_and_ISRO_Bhuvan,LGD_2026_Bhuvan_2024,5368,MATCHED_AUTHORITATIVE_BOUNDARY
5510,Bantwaram,Vikarabad,Telangana,17.437842,77.693377,MoPR_LGD_and_ISRO_Bhuvan,LGD_2026_Bhuvan_2024,5510,MATCHED_AUTHORITATIVE_BOUNDARY
5511,Basheerabad,Vikarabad,Telangana,17.193657,77.451167,MoPR_LGD_and_ISRO_Bhuvan,LGD_2026_Bhuvan_2024,5511,MATCHED_AUTHORITATIVE_BOUNDARY
5214,Bomraspeta,Vikarabad,Telangana,17.12468,77.715152,MoPR_LGD_and_ISRO_Bhuvan,LGD_2026_Bhuvan_2024,5214,MATCHED_AUTHORITATIVE_BOUNDARY
7506,Chowdapur,Vikarabad,Telangana,,,MoPR_LGD_and_ISRO_Bhuvan,LGD_2026_Bhuvan_2024,7506,PENDING_OFFICIAL_BOUNDARY_MATCH
5513,Dharur,Vikarabad,Telangana,17.305214,77.787897,MoPR_LGD_and_ISRO_Bhuvan,LGD_2026_Bhuvan_2024,5513,MATCHED_AUTHORITATIVE_BOUNDARY
5514,Doma,Vikarabad,Telangana,17.081959,77.823942,MoPR_LGD_and_ISRO_Bhuvan,LGD_2026_Bhuvan_2024,5514,MATCHED_AUTHORITATIVE_BOUNDARY
5220,Doulatabad,Vikarabad,Telangana,16.988439,77.561127,MoPR_LGD_and_ISRO_Bhuvan,LGD_2026_Bhuvan_2024,5220,MATCHED_AUTHORITATIVE_BOUNDARY
7594,Dudyal,Vikarabad,Telangana,,,MoPR_LGD_and_ISRO_Bhuvan,LGD_2026_Bhuvan_2024,7594,PENDING_OFFICIAL_BOUNDARY_MATCH
5232,Kodangal,Vikarabad,Telangana,17.097321,77.566925,MoPR_LGD_and_ISRO_Bhuvan,LGD_2026_Bhuvan_2024,5232,MATCHED_AUTHORITATIVE_BOUNDARY
7296,Kotepally,Vikarabad,Telangana,17.411888,77.774366,MoPR_LGD_and_ISRO_Bhuvan,LGD_2026_Bhuvan_2024,7296,MATCHED_AUTHORITATIVE_BOUNDARY
5521,Kulkacharla,Vikarabad,Telangana,16.977826,77.915492,MoPR_LGD_and_ISRO_Bhuvan,LGD_2026_Bhuvan_2024,5521,MATCHED_AUTHORITATIVE_BOUNDARY
5524,Marpally,Vikarabad,Telangana,17.540161,77.784356,MoPR_LGD_and_ISRO_Bhuvan,LGD_2026_Bhuvan_2024,5524,MATCHED_AUTHORITATIVE_BOUNDARY
5527,Mominpet,Vikarabad,Telangana,17.504612,77.897096,MoPR_LGD_and_ISRO_Bhuvan,LGD_2026_Bhuvan_2024,5527,MATCHED_AUTHORITATIVE_BOUNDARY
5528,Nawabpet,Vikarabad,Telangana,17.425617,77.977701,MoPR_LGD_and_ISRO_Bhuvan,LGD_2026_Bhuvan_2024,5528,MATCHED_AUTHORITATIVE_BOUNDARY
5529,Pargi,Vikarabad,Telangana,17.16765,77.88243,MoPR_LGD_and_ISRO_Bhuvan,LGD_2026_Bhuvan_2024,5529,MATCHED_AUTHORITATIVE_BOUNDARY
5530,Peddemul,Vikarabad,Telangana,17.367253,77.626413,MoPR_LGD_and_ISRO_Bhuvan,LGD_2026_Bhuvan_2024,5530,MATCHED_AUTHORITATIVE_BOUNDARY
5531,Pudur,Vikarabad,Telangana,17.232692,77.987173,MoPR_LGD_and_ISRO_Bhuvan,LGD_2026_Bhuvan_2024,5531,MATCHED_AUTHORITATIVE_BOUNDARY
5539,Tandur,Vikarabad,Telangana,17.300434,77.54516,MoPR_LGD_and_ISRO_Bhuvan,LGD_2026_Bhuvan_2024,5539,MATCHED_AUTHORITATIVE_BOUNDARY
5540,Vikarabad,Vikarabad,Telangana,17.340143,77.904493,MoPR_LGD_and_ISRO_Bhuvan,LGD_2026_Bhuvan_2024,5540,MATCHED_AUTHORITATIVE_BOUNDARY
5542,Yalal,Vikarabad,Telangana,17.212653,77.63655,MoPR_LGD_and_ISRO_Bhuvan,LGD_2026_Bhuvan_2024,5542,MATCHED_AUTHORITATIVE_BOUNDARY
7281,Amarachintha,Wanaparthy,Telangana,16.376094,77.739043,MoPR_LGD_and_ISRO_Bhuvan,LGD_2026_Bhuvan_2024,7281,MATCHED_AUTHORITATIVE_BOUNDARY
5209,Atmakur,Wanaparthy,Telangana,16.299903,77.836412,MoPR_LGD_and_ISRO_Bhuvan,LGD_2026_Bhuvan_2024,5209,MATCHED_AUTHORITATIVE_BOUNDARY
7279,Chinnambavi,Wanaparthy,Telangana,16.030494,78.169077,MoPR_LGD_and_ISRO_Bhuvan,LGD_2026_Bhuvan_2024,7279,MATCHED_AUTHORITATIVE_BOUNDARY
5223,Ghanpur,Wanaparthy,Telangana,16.540634,78.060115,MoPR_LGD_and_ISRO_Bhuvan,LGD_2026_Bhuvan_2024,5223,MATCHED_AUTHORITATIVE_BOUNDARY
5225,Gopalpeta,Wanaparthy,Telangana,16.391929,78.150421,MoPR_LGD_and_ISRO_Bhuvan,LGD_2026_Bhuvan_2024,5225,MATCHED_AUTHORITATIVE_BOUNDARY
5237,Kothakota,Wanaparthy,Telangana,16.343868,77.93625,MoPR_LGD_and_ISRO_Bhuvan,LGD_2026_Bhuvan_2024,5237,MATCHED_AUTHORITATIVE_BOUNDARY
7280,Madanapur,Wanaparthy,Telangana,16.376004,77.870704,MoPR_LGD_and_ISRO_Bhuvan,LGD_2026_Bhuvan_2024,7280,MATCHED_AUTHORITATIVE_BOUNDARY
5252,Pangal,Wanaparthy,Telangana,16.248036,78.132102,MoPR_LGD_and_ISRO_Bhuvan,LGD_2026_Bhuvan_2024,5252,MATCHED_AUTHORITATIVE_BOUNDARY
5253,Pebbair,Wanaparthy,Telangana,16.154109,77.991943,MoPR_LGD_and_ISRO_Bhuvan,LGD_2026_Bhuvan_2024,5253,MATCHED_AUTHORITATIVE_BOUNDARY
5255,Peddamandadi,Wanaparthy,Telangana,16.451862,77.995224,MoPR_LGD_and_ISRO_Bhuvan,LGD_2026_Bhuvan_2024,5255,MATCHED_AUTHORITATIVE_BOUNDARY
7278,Revally,Wanaparthy,Telangana,16.359736,78.24542,MoPR_LGD_and_ISRO_Bhuvan,LGD_2026_Bhuvan_2024,7278,MATCHED_AUTHORITATIVE_BOUNDARY
7228,Srirangapur,Wanaparthy,Telangana,16.194919,78.03795,MoPR_LGD_and_ISRO_Bhuvan,LGD_2026_Bhuvan_2024,7228,MATCHED_AUTHORITATIVE_BOUNDARY
5266,Wanaparthy,Wanaparthy,Telangana,16.337853,78.045741,MoPR_LGD_and_ISRO_Bhuvan,LGD_2026_Bhuvan_2024,5266,MATCHED_AUTHORITATIVE_BOUNDARY
5263,Weepangandla,Wanaparthy,Telangana,16.137343,78.136219,MoPR_LGD_and_ISRO_Bhuvan,LGD_2026_Bhuvan_2024,5263,MATCHED_AUTHORITATIVE_BOUNDARY
7595,Yedula,Wanaparthy,Telangana,,,MoPR_LGD_and_ISRO_Bhuvan,LGD_2026_Bhuvan_2024,7595,PENDING_OFFICIAL_BOUNDARY_MATCH
5660,Chennaraopet,Warangal,Telangana,17.855533,79.854801,MoPR_LGD_and_ISRO_Bhuvan,LGD_2026_Bhuvan_2024,5660,MATCHED_AUTHORITATIVE_BOUNDARY
5666,Duggondi,Warangal,Telangana,18.000284,79.80661,MoPR_LGD_and_ISRO_Bhuvan,LGD_2026_Bhuvan_2024,5666,MATCHED_AUTHORITATIVE_BOUNDARY
5668,Geesugonda,Warangal,Telangana,17.963965,79.699556,MoPR_LGD_and_ISRO_Bhuvan,LGD_2026_Bhuvan_2024,5668,MATCHED_AUTHORITATIVE_BOUNDARY
5677,Khanapur,Warangal,Telangana,17.923705,79.952408,MoPR_LGD_and_ISRO_Bhuvan,LGD_2026_Bhuvan_2024,5677,MATCHED_AUTHORITATIVE_BOUNDARY
7230,Khila Warangal,Warangal,Telangana,17.940024,79.595409,MoPR_LGD_and_ISRO_Bhuvan,LGD_2026_Bhuvan_2024,7230,MATCHED_AUTHORITATIVE_BOUNDARY
5688,Nalla Belli,Warangal,Telangana,18.056998,79.906701,MoPR_LGD_and_ISRO_Bhuvan,LGD_2026_Bhuvan_2024,5688,MATCHED_AUTHORITATIVE_BOUNDARY
5691,Narsampet,Warangal,Telangana,17.959253,79.887836,MoPR_LGD_and_ISRO_Bhuvan,LGD_2026_Bhuvan_2024,5691,MATCHED_AUTHORITATIVE_BOUNDARY
5693,Nekkonda,Warangal,Telangana,17.773675,79.811978,MoPR_LGD_and_ISRO_Bhuvan,LGD_2026_Bhuvan_2024,5693,MATCHED_AUTHORITATIVE_BOUNDARY
5696,Parvathagiri,Warangal,Telangana,17.770131,79.719632,MoPR_LGD_and_ISRO_Bhuvan,LGD_2026_Bhuvan_2024,5696,MATCHED_AUTHORITATIVE_BOUNDARY
5698,Raiparthy,Warangal,Telangana,17.684026,79.597901,MoPR_LGD_and_ISRO_Bhuvan,LGD_2026_Bhuvan_2024,5698,MATCHED_AUTHORITATIVE_BOUNDARY
5700,Sangem,Warangal,Telangana,17.882584,79.697207,MoPR_LGD_and_ISRO_Bhuvan,LGD_2026_Bhuvan_2024,5700,MATCHED_AUTHORITATIVE_BOUNDARY
7231,Warangal,Warangal,Telangana,18.009487,79.623236,MoPR_LGD_and_ISRO_Bhuvan,LGD_2026_Bhuvan_2024,7231,MATCHED_AUTHORITATIVE_BOUNDARY
5705,Wardhanna Pet,Warangal,Telangana,17.773164,79.586483,MoPR_LGD_and_ISRO_Bhuvan,LGD_2026_Bhuvan_2024,5705,MATCHED_AUTHORITATIVE_BOUNDARY
7295,Addaguduru,Yadadri Bhuvanagiri,Telangana,17.402067,79.373213,MoPR_LGD_and_ISRO_Bhuvan,LGD_2026_Bhuvan_2024,7295,MATCHED_AUTHORITATIVE_BOUNDARY
5313,Alair,Yadadri Bhuvanagiri,Telangana,17.648307,79.076865,MoPR_LGD_and_ISRO_Bhuvan,LGD_2026_Bhuvan_2024,5313,MATCHED_AUTHORITATIVE_BOUNDARY
5315,Atmakur(M),Yadadri Bhuvanagiri,Telangana,17.455344,79.161801,MoPR_LGD_and_ISRO_Bhuvan,LGD_2026_Bhuvan_2024,5315,MATCHED_AUTHORITATIVE_BOUNDARY
5317,Bhongir,Yadadri Bhuvanagiri,Telangana,17.494952,78.923888,MoPR_LGD_and_ISRO_Bhuvan,LGD_2026_Bhuvan_2024,5317,MATCHED_AUTHORITATIVE_BOUNDARY
5318,Bibinagar,Yadadri Bhuvanagiri,Telangana,17.458828,78.803275,MoPR_LGD_and_ISRO_Bhuvan,LGD_2026_Bhuvan_2024,5318,MATCHED_AUTHORITATIVE_BOUNDARY
5319,Bommala Ramaram,Yadadri Bhuvanagiri,Telangana,17.574813,78.753694,MoPR_LGD_and_ISRO_Bhuvan,LGD_2026_Bhuvan_2024,5319,MATCHED_AUTHORITATIVE_BOUNDARY
5360,B.Pochampally,Yadadri Bhuvanagiri,Telangana,17.350954,78.81606,MoPR_LGD_and_ISRO_Bhuvan,LGD_2026_Bhuvan_2024,5360,MATCHED_AUTHORITATIVE_BOUNDARY
5326,Choutuppal,Yadadri Bhuvanagiri,Telangana,17.266735,78.887174,MoPR_LGD_and_ISRO_Bhuvan,LGD_2026_Bhuvan_2024,5326,MATCHED_AUTHORITATIVE_BOUNDARY
5330,Gundala,Yadadri Bhuvanagiri,Telangana,17.52852,79.253854,MoPR_LGD_and_ISRO_Bhuvan,LGD_2026_Bhuvan_2024,5330,MATCHED_AUTHORITATIVE_BOUNDARY
7294,Motakonduru,Yadadri Bhuvanagiri,Telangana,17.538664,79.074907,MoPR_LGD_and_ISRO_Bhuvan,LGD_2026_Bhuvan_2024,7294,MATCHED_AUTHORITATIVE_BOUNDARY
5345,Mothkur,Yadadri Bhuvanagiri,Telangana,17.418859,79.264822,MoPR_LGD_and_ISRO_Bhuvan,LGD_2026_Bhuvan_2024,5345,MATCHED_AUTHORITATIVE_BOUNDARY
5352,Narayanapur,Yadadri Bhuvanagiri,Telangana,17.146463,78.878826,MoPR_LGD_and_ISRO_Bhuvan,LGD_2026_Bhuvan_2024,5352,MATCHED_AUTHORITATIVE_BOUNDARY
5361,Rajapet,Yadadri Bhuvanagiri,Telangana,17.736629,78.93232,MoPR_LGD_and_ISRO_Bhuvan,LGD_2026_Bhuvan_2024,5361,MATCHED_AUTHORITATIVE_BOUNDARY
5362,Ramannapeta,Yadadri Bhuvanagiri,Telangana,17.309536,79.122283,MoPR_LGD_and_ISRO_Bhuvan,LGD_2026_Bhuvan_2024,5362,MATCHED_AUTHORITATIVE_BOUNDARY
5339,Thurkapally,Yadadri Bhuvanagiri,Telangana,17.660253,78.823526,MoPR_LGD_and_ISRO_Bhuvan,LGD_2026_Bhuvan_2024,5339,MATCHED_AUTHORITATIVE_BOUNDARY
5369,Valigonda,Yadadri Bhuvanagiri,Telangana,17.391555,79.030419,MoPR_LGD_and_ISRO_Bhuvan,LGD_2026_Bhuvan_2024,5369,MATCHED_AUTHORITATIVE_BOUNDARY
5371,Yadagirigutta,Yadadri Bhuvanagiri,Telangana,17.608323,78.95462,MoPR_LGD_and_ISRO_Bhuvan,LGD_2026_Bhuvan_2024,5371,MATCHED_AUTHORITATIVE_BOUNDARY
4276,Dadra Nagar Haveli,Dadra And Nagar Haveli,The Dadra And Nagar Haveli And Daman And Diu,20.204326,73.006653,MoPR_LGD_and_ISRO_Bhuvan,LGD_2026_Bhuvan_2024,4276,MATCHED_AUTHORITATIVE_BOUNDARY
4274,Daman,Daman,The Dadra And Nagar Haveli And Daman And Diu,20.414235,72.852713,MoPR_LGD_and_ISRO_Bhuvan,LGD_2026_Bhuvan_2024,4274,MATCHED_AUTHORITATIVE_BOUNDARY
4275,Diu,Diu,The Dadra And Nagar Haveli And Daman And Diu,20.721261,70.937137,MoPR_LGD_and_ISRO_Bhuvan,LGD_2026_Bhuvan_2024,4275,MATCHED_AUTHORITATIVE_BOUNDARY
2410,Ambassa,Dhalai,Tripura,23.906123,91.860217,MoPR_LGD_and_ISRO_Bhuvan,LGD_2026_Bhuvan_2024,2410,MATCHED_AUTHORITATIVE_BOUNDARY
2411,Chawmanu,Dhalai,Tripura,23.797499,92.057305,MoPR_LGD_and_ISRO_Bhuvan,LGD_2026_Bhuvan_2024,2411,MATCHED_AUTHORITATIVE_BOUNDARY
2412,Dumburnagar,Dhalai,Tripura,23.615894,91.855126,MoPR_LGD_and_ISRO_Bhuvan,LGD_2026_Bhuvan_2024,2412,MATCHED_AUTHORITATIVE_BOUNDARY
6729,Durgachowmuhani,Dhalai,Tripura,24.159749,91.813901,MoPR_LGD_and_ISRO_Bhuvan,LGD_2026_Bhuvan_2024,6729,MATCHED_AUTHORITATIVE_BOUNDARY
6781,Ganganagar,Dhalai,Tripura,23.759846,91.867045,MoPR_LGD_and_ISRO_Bhuvan,LGD_2026_Bhuvan_2024,6781,MATCHED_AUTHORITATIVE_BOUNDARY
2413,Manu,Dhalai,Tripura,24.0037,92.000237,MoPR_LGD_and_ISRO_Bhuvan,LGD_2026_Bhuvan_2024,2413,MATCHED_AUTHORITATIVE_BOUNDARY
6780,Raishyabari,Dhalai,Tripura,23.488026,91.88572,MoPR_LGD_and_ISRO_Bhuvan,LGD_2026_Bhuvan_2024,6780,MATCHED_AUTHORITATIVE_BOUNDARY
2414,Salema,Dhalai,Tripura,24.045788,91.834986,MoPR_LGD_and_ISRO_Bhuvan,LGD_2026_Bhuvan_2024,2414,MATCHED_AUTHORITATIVE_BOUNDARY
2423,Amarpur,Gomati,Tripura,23.545815,91.691979,MoPR_LGD_and_ISRO_Bhuvan,LGD_2026_Bhuvan_2024,2423,MATCHED_AUTHORITATIVE_BOUNDARY
2426,Kakraban,Gomati,Tripura,23.449282,91.426887,MoPR_LGD_and_ISRO_Bhuvan,LGD_2026_Bhuvan_2024,2426,MATCHED_AUTHORITATIVE_BOUNDARY
2427,Karbook,Gomati,Tripura,23.37709,91.753992,MoPR_LGD_and_ISRO_Bhuvan,LGD_2026_Bhuvan_2024,2427,MATCHED_AUTHORITATIVE_BOUNDARY
2428,Killa,Gomati,Tripura,23.628649,91.534871,MoPR_LGD_and_ISRO_Bhuvan,LGD_2026_Bhuvan_2024,2428,MATCHED_AUTHORITATIVE_BOUNDARY
2429,Matabari,Gomati,Tripura,23.480288,91.529188,MoPR_LGD_and_ISRO_Bhuvan,LGD_2026_Bhuvan_2024,2429,MATCHED_AUTHORITATIVE_BOUNDARY
2430,Ompi,Gomati,Tripura,23.678643,91.640999,MoPR_LGD_and_ISRO_Bhuvan,LGD_2026_Bhuvan_2024,2430,MATCHED_AUTHORITATIVE_BOUNDARY
6725,Silachari,Gomati,Tripura,23.179514,91.785186,MoPR_LGD_and_ISRO_Bhuvan,LGD_2026_Bhuvan_2024,6725,MATCHED_AUTHORITATIVE_BOUNDARY
6782,Tepania,Gomati,Tripura,23.569481,91.44528,MoPR_LGD_and_ISRO_Bhuvan,LGD_2026_Bhuvan_2024,6782,MATCHED_AUTHORITATIVE_BOUNDARY
2440,Kalyanpur,Khowai,Tripura,23.928792,91.603912,MoPR_LGD_and_ISRO_Bhuvan,LGD_2026_Bhuvan_2024,2440,MATCHED_AUTHORITATIVE_BOUNDARY
2442,Khowai,Khowai,Tripura,24.039801,91.611646,MoPR_LGD_and_ISRO_Bhuvan,LGD_2026_Bhuvan_2024,2442,MATCHED_AUTHORITATIVE_BOUNDARY
2446,Mungiakami,Khowai,Tripura,23.848962,91.723749,MoPR_LGD_and_ISRO_Bhuvan,LGD_2026_Bhuvan_2024,2446,MATCHED_AUTHORITATIVE_BOUNDARY
2447,Padmabil,Khowai,Tripura,24.011852,91.534953,MoPR_LGD_and_ISRO_Bhuvan,LGD_2026_Bhuvan_2024,2447,MATCHED_AUTHORITATIVE_BOUNDARY
2448,Teliamura,Khowai,Tripura,23.823992,91.609948,MoPR_LGD_and_ISRO_Bhuvan,LGD_2026_Bhuvan_2024,2448,MATCHED_AUTHORITATIVE_BOUNDARY
2449,Tulashikhar,Khowai,Tripura,24.070528,91.69927,MoPR_LGD_and_ISRO_Bhuvan,LGD_2026_Bhuvan_2024,2449,MATCHED_AUTHORITATIVE_BOUNDARY
2415,Damcherra,North Tripura,Tripura,24.181544,92.264078,MoPR_LGD_and_ISRO_Bhuvan,LGD_2026_Bhuvan_2024,2415,MATCHED_AUTHORITATIVE_BOUNDARY
2416,Dasda,North Tripura,Tripura,23.87163,92.195261,MoPR_LGD_and_ISRO_Bhuvan,LGD_2026_Bhuvan_2024,2416,MATCHED_AUTHORITATIVE_BOUNDARY
2418,Jampui Hills,North Tripura,Tripura,23.973441,92.28209,MoPR_LGD_and_ISRO_Bhuvan,LGD_2026_Bhuvan_2024,2418,MATCHED_AUTHORITATIVE_BOUNDARY
6727,Jubarajnagar,North Tripura,Tripura,24.333214,92.145771,MoPR_LGD_and_ISRO_Bhuvan,LGD_2026_Bhuvan_2024,6727,MATCHED_AUTHORITATIVE_BOUNDARY
2419,Kadamtala,North Tripura,Tripura,24.465269,92.198799,MoPR_LGD_and_ISRO_Bhuvan,LGD_2026_Bhuvan_2024,2419,MATCHED_AUTHORITATIVE_BOUNDARY
6783,Kalacherra,North Tripura,Tripura,24.388068,92.196951,MoPR_LGD_and_ISRO_Bhuvan,LGD_2026_Bhuvan_2024,6783,MATCHED_AUTHORITATIVE_BOUNDARY
6784,Laljuri,North Tripura,Tripura,24.084346,92.209078,MoPR_LGD_and_ISRO_Bhuvan,LGD_2026_Bhuvan_2024,6784,MATCHED_AUTHORITATIVE_BOUNDARY
2421,Panisagar,North Tripura,Tripura,24.277645,92.177882,MoPR_LGD_and_ISRO_Bhuvan,LGD_2026_Bhuvan_2024,2421,MATCHED_AUTHORITATIVE_BOUNDARY
2434,Bishalgarh,Sepahijala,Tripura,23.700696,91.248936,MoPR_LGD_and_ISRO_Bhuvan,LGD_2026_Bhuvan_2024,2434,MATCHED_AUTHORITATIVE_BOUNDARY
2435,Boxanagar,Sepahijala,Tripura,23.575416,91.215715,MoPR_LGD_and_ISRO_Bhuvan,LGD_2026_Bhuvan_2024,2435,MATCHED_AUTHORITATIVE_BOUNDARY
6786,Charilam,Sepahijala,Tripura,23.619177,91.2959,MoPR_LGD_and_ISRO_Bhuvan,LGD_2026_Bhuvan_2024,6786,MATCHED_AUTHORITATIVE_BOUNDARY
2438,Jampuijala,Sepahijala,Tripura,23.695858,91.4342,MoPR_LGD_and_ISRO_Bhuvan,LGD_2026_Bhuvan_2024,2438,MATCHED_AUTHORITATIVE_BOUNDARY
2441,Kathalia,Sepahijala,Tripura,23.3679,91.33092,MoPR_LGD_and_ISRO_Bhuvan,LGD_2026_Bhuvan_2024,2441,MATCHED_AUTHORITATIVE_BOUNDARY
6787,Mohanbhog,Sepahijala,Tripura,23.455072,91.348795,MoPR_LGD_and_ISRO_Bhuvan,LGD_2026_Bhuvan_2024,6787,MATCHED_AUTHORITATIVE_BOUNDARY
2444,Nalchar,Sepahijala,Tripura,23.531477,91.321325,MoPR_LGD_and_ISRO_Bhuvan,LGD_2026_Bhuvan_2024,2444,MATCHED_AUTHORITATIVE_BOUNDARY
6789,Bharat Chandra Nagar,South Tripura,Tripura,23.307524,91.466492,MoPR_LGD_and_ISRO_Bhuvan,LGD_2026_Bhuvan_2024,6789,MATCHED_AUTHORITATIVE_BOUNDARY
2424,Bokafa,South Tripura,Tripura,23.346574,91.555709,MoPR_LGD_and_ISRO_Bhuvan,LGD_2026_Bhuvan_2024,2424,MATCHED_AUTHORITATIVE_BOUNDARY
2425,Hrishyamukh,South Tripura,Tripura,23.171795,91.532598,MoPR_LGD_and_ISRO_Bhuvan,LGD_2026_Bhuvan_2024,2425,MATCHED_AUTHORITATIVE_BOUNDARY
6723,Jolaibari,South Tripura,Tripura,23.268152,91.652118,MoPR_LGD_and_ISRO_Bhuvan,LGD_2026_Bhuvan_2024,6723,MATCHED_AUTHORITATIVE_BOUNDARY
6788,Poangbari,South Tripura,Tripura,23.029753,91.585209,MoPR_LGD_and_ISRO_Bhuvan,LGD_2026_Bhuvan_2024,6788,MATCHED_AUTHORITATIVE_BOUNDARY
2431,Rajnagar,South Tripura,Tripura,23.207294,91.369263,MoPR_LGD_and_ISRO_Bhuvan,LGD_2026_Bhuvan_2024,2431,MATCHED_AUTHORITATIVE_BOUNDARY
2432,Rupaichari,South Tripura,Tripura,23.113609,91.73684,MoPR_LGD_and_ISRO_Bhuvan,LGD_2026_Bhuvan_2024,2432,MATCHED_AUTHORITATIVE_BOUNDARY
2433,Satchand,South Tripura,Tripura,23.067943,91.654021,MoPR_LGD_and_ISRO_Bhuvan,LGD_2026_Bhuvan_2024,2433,MATCHED_AUTHORITATIVE_BOUNDARY
6785,Chandipur,Unakoti,Tripura,24.265487,91.966881,MoPR_LGD_and_ISRO_Bhuvan,LGD_2026_Bhuvan_2024,6785,MATCHED_AUTHORITATIVE_BOUNDARY
2417,Gournagar,Unakoti,Tripura,24.315614,92.036879,MoPR_LGD_and_ISRO_Bhuvan,LGD_2026_Bhuvan_2024,2417,MATCHED_AUTHORITATIVE_BOUNDARY
2420,Kumarghat,Unakoti,Tripura,24.155865,91.997881,MoPR_LGD_and_ISRO_Bhuvan,LGD_2026_Bhuvan_2024,2420,MATCHED_AUTHORITATIVE_BOUNDARY
2422,Pecharthal,Unakoti,Tripura,24.148331,92.119798,MoPR_LGD_and_ISRO_Bhuvan,LGD_2026_Bhuvan_2024,2422,MATCHED_AUTHORITATIVE_BOUNDARY
6791,Bamutia,West Tripura,Tripura,23.914289,91.282183,MoPR_LGD_and_ISRO_Bhuvan,LGD_2026_Bhuvan_2024,6791,MATCHED_AUTHORITATIVE_BOUNDARY
6792,Belbari,West Tripura,Tripura,23.780905,91.487145,MoPR_LGD_and_ISRO_Bhuvan,LGD_2026_Bhuvan_2024,6792,MATCHED_AUTHORITATIVE_BOUNDARY
2436,Dukli,West Tripura,Tripura,23.778474,91.291115,MoPR_LGD_and_ISRO_Bhuvan,LGD_2026_Bhuvan_2024,2436,MATCHED_AUTHORITATIVE_BOUNDARY
2437,Hezamara,West Tripura,Tripura,24.014583,91.453098,MoPR_LGD_and_ISRO_Bhuvan,LGD_2026_Bhuvan_2024,2437,MATCHED_AUTHORITATIVE_BOUNDARY
2439,Jirania,West Tripura,Tripura,23.827439,91.436953,MoPR_LGD_and_ISRO_Bhuvan,LGD_2026_Bhuvan_2024,2439,MATCHED_AUTHORITATIVE_BOUNDARY
6721,Lefunga,West Tripura,Tripura,23.92143,91.371541,MoPR_LGD_and_ISRO_Bhuvan,LGD_2026_Bhuvan_2024,6721,MATCHED_AUTHORITATIVE_BOUNDARY
2443,Mandwai,West Tripura,Tripura,23.870444,91.466634,MoPR_LGD_and_ISRO_Bhuvan,LGD_2026_Bhuvan_2024,2443,MATCHED_AUTHORITATIVE_BOUNDARY
2445,Mohanpur,West Tripura,Tripura,23.853822,91.289542,MoPR_LGD_and_ISRO_Bhuvan,LGD_2026_Bhuvan_2024,2445,MATCHED_AUTHORITATIVE_BOUNDARY
6790,Old Agartala,West Tripura,Tripura,23.811956,91.364213,MoPR_LGD_and_ISRO_Bhuvan,LGD_2026_Bhuvan_2024,6790,MATCHED_AUTHORITATIVE_BOUNDARY
352,Bhaisiya Chhana,Almora,Uttarakhand,29.664724,79.82728,MoPR_LGD_and_ISRO_Bhuvan,LGD_2026_Bhuvan_2024,352,MATCHED_AUTHORITATIVE_BOUNDARY
353,Bhikiyasain,Almora,Uttarakhand,29.711521,79.295213,MoPR_LGD_and_ISRO_Bhuvan,LGD_2026_Bhuvan_2024,353,MATCHED_AUTHORITATIVE_BOUNDARY
354,Chaukhutiya,Almora,Uttarakhand,29.876189,79.383783,MoPR_LGD_and_ISRO_Bhuvan,LGD_2026_Bhuvan_2024,354,MATCHED_AUTHORITATIVE_BOUNDARY
355,Dhauladevi,Almora,Uttarakhand,29.57102,79.901514,MoPR_LGD_and_ISRO_Bhuvan,LGD_2026_Bhuvan_2024,355,MATCHED_AUTHORITATIVE_BOUNDARY
356,Dwarahat,Almora,Uttarakhand,29.741686,79.46321,MoPR_LGD_and_ISRO_Bhuvan,LGD_2026_Bhuvan_2024,356,MATCHED_AUTHORITATIVE_BOUNDARY
357,Hawalbag,Almora,Uttarakhand,29.63455,79.613918,MoPR_LGD_and_ISRO_Bhuvan,LGD_2026_Bhuvan_2024,357,MATCHED_AUTHORITATIVE_BOUNDARY
358,Lamgara,Almora,Uttarakhand,29.510807,79.761248,MoPR_LGD_and_ISRO_Bhuvan,LGD_2026_Bhuvan_2024,358,MATCHED_AUTHORITATIVE_BOUNDARY
359,Sult,Almora,Uttarakhand,29.640281,79.172103,MoPR_LGD_and_ISRO_Bhuvan,LGD_2026_Bhuvan_2024,359,MATCHED_AUTHORITATIVE_BOUNDARY
360,Syaldey,Almora,Uttarakhand,29.852041,79.19135,MoPR_LGD_and_ISRO_Bhuvan,LGD_2026_Bhuvan_2024,360,MATCHED_AUTHORITATIVE_BOUNDARY
361,Takula,Almora,Uttarakhand,29.766732,79.638905,MoPR_LGD_and_ISRO_Bhuvan,LGD_2026_Bhuvan_2024,361,MATCHED_AUTHORITATIVE_BOUNDARY
362,Tarikhet,Almora,Uttarakhand,29.616415,79.428038,MoPR_LGD_and_ISRO_Bhuvan,LGD_2026_Bhuvan_2024,362,MATCHED_AUTHORITATIVE_BOUNDARY
363,Bageshwar,Bageshwar,Uttarakhand,29.816745,79.825086,MoPR_LGD_and_ISRO_Bhuvan,LGD_2026_Bhuvan_2024,363,MATCHED_AUTHORITATIVE_BOUNDARY
364,Garur,Bageshwar,Uttarakhand,29.938263,79.606912,MoPR_LGD_and_ISRO_Bhuvan,LGD_2026_Bhuvan_2024,364,MATCHED_AUTHORITATIVE_BOUNDARY
365,Kapkote,Bageshwar,Uttarakhand,30.078576,79.940439,MoPR_LGD_and_ISRO_Bhuvan,LGD_2026_Bhuvan_2024,365,MATCHED_AUTHORITATIVE_BOUNDARY
366,Dasholi,Chamoli,Uttarakhand,30.436228,79.385759,MoPR_LGD_and_ISRO_Bhuvan,LGD_2026_Bhuvan_2024,366,MATCHED_AUTHORITATIVE_BOUNDARY
367,Dewal,Chamoli,Uttarakhand,30.127174,79.690312,MoPR_LGD_and_ISRO_Bhuvan,LGD_2026_Bhuvan_2024,367,MATCHED_AUTHORITATIVE_BOUNDARY
368,Gairsain,Chamoli,Uttarakhand,30.054475,79.286528,MoPR_LGD_and_ISRO_Bhuvan,LGD_2026_Bhuvan_2024,368,MATCHED_AUTHORITATIVE_BOUNDARY
369,Ghat,Chamoli,Uttarakhand,30.288587,79.561397,MoPR_LGD_and_ISRO_Bhuvan,LGD_2026_Bhuvan_2024,369,MATCHED_AUTHORITATIVE_BOUNDARY
370,Joshimath,Chamoli,Uttarakhand,30.685154,79.674938,MoPR_LGD_and_ISRO_Bhuvan,LGD_2026_Bhuvan_2024,370,MATCHED_AUTHORITATIVE_BOUNDARY
371,Karnaprayag,Chamoli,Uttarakhand,30.241436,79.208866,MoPR_LGD_and_ISRO_Bhuvan,LGD_2026_Bhuvan_2024,371,MATCHED_AUTHORITATIVE_BOUNDARY
372,Narayanbagar,Chamoli,Uttarakhand,30.164282,79.348014,MoPR_LGD_and_ISRO_Bhuvan,LGD_2026_Bhuvan_2024,372,MATCHED_AUTHORITATIVE_BOUNDARY
373,Pokhari,Chamoli,Uttarakhand,30.364613,79.213222,MoPR_LGD_and_ISRO_Bhuvan,LGD_2026_Bhuvan_2024,373,MATCHED_AUTHORITATIVE_BOUNDARY
374,Tharali,Chamoli,Uttarakhand,30.113308,79.494243,MoPR_LGD_and_ISRO_Bhuvan,LGD_2026_Bhuvan_2024,374,MATCHED_AUTHORITATIVE_BOUNDARY
375,Barakot,Champawat,Uttarakhand,29.466048,80.08495,MoPR_LGD_and_ISRO_Bhuvan,LGD_2026_Bhuvan_2024,375,MATCHED_AUTHORITATIVE_BOUNDARY
376,Champawat,Champawat,Uttarakhand,29.199265,80.095849,MoPR_LGD_and_ISRO_Bhuvan,LGD_2026_Bhuvan_2024,376,MATCHED_AUTHORITATIVE_BOUNDARY
377,Lohaghat,Champawat,Uttarakhand,29.381061,80.171444,MoPR_LGD_and_ISRO_Bhuvan,LGD_2026_Bhuvan_2024,377,MATCHED_AUTHORITATIVE_BOUNDARY
378,Pati,Champawat,Uttarakhand,29.363805,79.922645,MoPR_LGD_and_ISRO_Bhuvan,LGD_2026_Bhuvan_2024,378,MATCHED_AUTHORITATIVE_BOUNDARY
379,Chakrata,Dehradun,Uttarakhand,30.803785,77.894169,MoPR_LGD_and_ISRO_Bhuvan,LGD_2026_Bhuvan_2024,379,MATCHED_AUTHORITATIVE_BOUNDARY
380,Doiwala,Dehradun,Uttarakhand,30.130362,78.16428,MoPR_LGD_and_ISRO_Bhuvan,LGD_2026_Bhuvan_2024,380,MATCHED_AUTHORITATIVE_BOUNDARY
381,Kalsi,Dehradun,Uttarakhand,30.599199,77.88639,MoPR_LGD_and_ISRO_Bhuvan,LGD_2026_Bhuvan_2024,381,MATCHED_AUTHORITATIVE_BOUNDARY
382,Raipur,Dehradun,Uttarakhand,30.277119,78.201899,MoPR_LGD_and_ISRO_Bhuvan,LGD_2026_Bhuvan_2024,382,MATCHED_AUTHORITATIVE_BOUNDARY
383,Sahaspur,Dehradun,Uttarakhand,30.39258,77.956244,MoPR_LGD_and_ISRO_Bhuvan,LGD_2026_Bhuvan_2024,383,MATCHED_AUTHORITATIVE_BOUNDARY
384,Vikasnagar,Dehradun,Uttarakhand,30.389361,77.718534,MoPR_LGD_and_ISRO_Bhuvan,LGD_2026_Bhuvan_2024,384,MATCHED_AUTHORITATIVE_BOUNDARY
385,Bahadrabad,Haridwar,Uttarakhand,29.899696,78.115911,MoPR_LGD_and_ISRO_Bhuvan,LGD_2026_Bhuvan_2024,385,MATCHED_AUTHORITATIVE_BOUNDARY
386,Bhagwanpur,Haridwar,Uttarakhand,30.038864,77.869309,MoPR_LGD_and_ISRO_Bhuvan,LGD_2026_Bhuvan_2024,386,MATCHED_AUTHORITATIVE_BOUNDARY
387,Khanpur,Haridwar,Uttarakhand,29.65808,78.009436,MoPR_LGD_and_ISRO_Bhuvan,LGD_2026_Bhuvan_2024,387,MATCHED_AUTHORITATIVE_BOUNDARY
388,Laksar,Haridwar,Uttarakhand,29.738115,78.079864,MoPR_LGD_and_ISRO_Bhuvan,LGD_2026_Bhuvan_2024,388,MATCHED_AUTHORITATIVE_BOUNDARY
389,Narsan,Haridwar,Uttarakhand,29.76571,77.866647,MoPR_LGD_and_ISRO_Bhuvan,LGD_2026_Bhuvan_2024,389,MATCHED_AUTHORITATIVE_BOUNDARY
390,Roorkee,Haridwar,Uttarakhand,29.887146,77.897332,MoPR_LGD_and_ISRO_Bhuvan,LGD_2026_Bhuvan_2024,390,MATCHED_AUTHORITATIVE_BOUNDARY
391,Betalghat,Nainital,Uttarakhand,29.500009,79.404839,MoPR_LGD_and_ISRO_Bhuvan,LGD_2026_Bhuvan_2024,391,MATCHED_AUTHORITATIVE_BOUNDARY
392,Bhimtal,Nainital,Uttarakhand,29.329174,79.489037,MoPR_LGD_and_ISRO_Bhuvan,LGD_2026_Bhuvan_2024,392,MATCHED_AUTHORITATIVE_BOUNDARY
393,Dhari,Nainital,Uttarakhand,29.419527,79.658418,MoPR_LGD_and_ISRO_Bhuvan,LGD_2026_Bhuvan_2024,393,MATCHED_AUTHORITATIVE_BOUNDARY
394,Haldwani,Nainital,Uttarakhand,29.129953,79.650266,MoPR_LGD_and_ISRO_Bhuvan,LGD_2026_Bhuvan_2024,394,MATCHED_AUTHORITATIVE_BOUNDARY
395,Kotabag,Nainital,Uttarakhand,29.362372,79.310921,MoPR_LGD_and_ISRO_Bhuvan,LGD_2026_Bhuvan_2024,395,MATCHED_AUTHORITATIVE_BOUNDARY
396,Okhalkanda,Nainital,Uttarakhand,29.299228,79.770699,MoPR_LGD_and_ISRO_Bhuvan,LGD_2026_Bhuvan_2024,396,MATCHED_AUTHORITATIVE_BOUNDARY
397,Ramgarh,Nainital,Uttarakhand,29.471793,79.601072,MoPR_LGD_and_ISRO_Bhuvan,LGD_2026_Bhuvan_2024,397,MATCHED_AUTHORITATIVE_BOUNDARY
398,Ramnagar,Nainital,Uttarakhand,29.400065,79.099098,MoPR_LGD_and_ISRO_Bhuvan,LGD_2026_Bhuvan_2024,398,MATCHED_AUTHORITATIVE_BOUNDARY
399,Bironkhal,Pauri Garhwal,Uttarakhand,29.87245,79.031499,MoPR_LGD_and_ISRO_Bhuvan,LGD_2026_Bhuvan_2024,399,MATCHED_AUTHORITATIVE_BOUNDARY
400,Duggada,Pauri Garhwal,Uttarakhand,29.685405,78.631521,MoPR_LGD_and_ISRO_Bhuvan,LGD_2026_Bhuvan_2024,400,MATCHED_AUTHORITATIVE_BOUNDARY
401,Dwarikhal,Pauri Garhwal,Uttarakhand,29.959987,78.587923,MoPR_LGD_and_ISRO_Bhuvan,LGD_2026_Bhuvan_2024,401,MATCHED_AUTHORITATIVE_BOUNDARY
402,Ekeshwar,Pauri Garhwal,Uttarakhand,29.957587,78.821917,MoPR_LGD_and_ISRO_Bhuvan,LGD_2026_Bhuvan_2024,402,MATCHED_AUTHORITATIVE_BOUNDARY
403,Kaljikhal,Pauri Garhwal,Uttarakhand,30.016368,78.724698,MoPR_LGD_and_ISRO_Bhuvan,LGD_2026_Bhuvan_2024,403,MATCHED_AUTHORITATIVE_BOUNDARY
404,Khirsu,Pauri Garhwal,Uttarakhand,30.200756,78.848461,MoPR_LGD_and_ISRO_Bhuvan,LGD_2026_Bhuvan_2024,404,MATCHED_AUTHORITATIVE_BOUNDARY
405,Kot,Pauri Garhwal,Uttarakhand,30.131061,78.657935,MoPR_LGD_and_ISRO_Bhuvan,LGD_2026_Bhuvan_2024,405,MATCHED_AUTHORITATIVE_BOUNDARY
406,Nainidanda,Pauri Garhwal,Uttarakhand,29.694016,79.022156,MoPR_LGD_and_ISRO_Bhuvan,LGD_2026_Bhuvan_2024,406,MATCHED_AUTHORITATIVE_BOUNDARY
407,Pabau,Pauri Garhwal,Uttarakhand,30.085792,78.911235,MoPR_LGD_and_ISRO_Bhuvan,LGD_2026_Bhuvan_2024,407,MATCHED_AUTHORITATIVE_BOUNDARY
408,Pauri,Pauri Garhwal,Uttarakhand,30.14016,78.763418,MoPR_LGD_and_ISRO_Bhuvan,LGD_2026_Bhuvan_2024,408,MATCHED_AUTHORITATIVE_BOUNDARY
409,Pokhra,Pauri Garhwal,Uttarakhand,29.910288,78.912205,MoPR_LGD_and_ISRO_Bhuvan,LGD_2026_Bhuvan_2024,409,MATCHED_AUTHORITATIVE_BOUNDARY
410,Rikhnikhal,Pauri Garhwal,Uttarakhand,29.693906,78.831462,MoPR_LGD_and_ISRO_Bhuvan,LGD_2026_Bhuvan_2024,410,MATCHED_AUTHORITATIVE_BOUNDARY
411,Thalisain,Pauri Garhwal,Uttarakhand,30.061107,79.087607,MoPR_LGD_and_ISRO_Bhuvan,LGD_2026_Bhuvan_2024,411,MATCHED_AUTHORITATIVE_BOUNDARY
412,Yamkeshwar,Pauri Garhwal,Uttarakhand,29.994038,78.36616,MoPR_LGD_and_ISRO_Bhuvan,LGD_2026_Bhuvan_2024,412,MATCHED_AUTHORITATIVE_BOUNDARY
413,Zahrikhal,Pauri Garhwal,Uttarakhand,29.827818,78.747613,MoPR_LGD_and_ISRO_Bhuvan,LGD_2026_Bhuvan_2024,413,MATCHED_AUTHORITATIVE_BOUNDARY
414,Berinag,Pithoragarh,Uttarakhand,29.796399,80.082189,MoPR_LGD_and_ISRO_Bhuvan,LGD_2026_Bhuvan_2024,414,MATCHED_AUTHORITATIVE_BOUNDARY
415,Dharchula,Pithoragarh,Uttarakhand,30.197201,80.587429,MoPR_LGD_and_ISRO_Bhuvan,LGD_2026_Bhuvan_2024,415,MATCHED_AUTHORITATIVE_BOUNDARY
416,Didihat,Pithoragarh,Uttarakhand,29.800814,80.239388,MoPR_LGD_and_ISRO_Bhuvan,LGD_2026_Bhuvan_2024,416,MATCHED_AUTHORITATIVE_BOUNDARY
417,Gangolihat,Pithoragarh,Uttarakhand,29.668183,80.004184,MoPR_LGD_and_ISRO_Bhuvan,LGD_2026_Bhuvan_2024,417,MATCHED_AUTHORITATIVE_BOUNDARY
418,Kanalichina,Pithoragarh,Uttarakhand,29.701662,80.287023,MoPR_LGD_and_ISRO_Bhuvan,LGD_2026_Bhuvan_2024,418,MATCHED_AUTHORITATIVE_BOUNDARY
419,Munakot,Pithoragarh,Uttarakhand,29.559991,80.286885,MoPR_LGD_and_ISRO_Bhuvan,LGD_2026_Bhuvan_2024,419,MATCHED_AUTHORITATIVE_BOUNDARY
420,Munsyari,Pithoragarh,Uttarakhand,30.289285,80.213337,MoPR_LGD_and_ISRO_Bhuvan,LGD_2026_Bhuvan_2024,420,MATCHED_AUTHORITATIVE_BOUNDARY
421,Pithoragarh,Pithoragarh,Uttarakhand,29.573405,80.175038,MoPR_LGD_and_ISRO_Bhuvan,LGD_2026_Bhuvan_2024,421,MATCHED_AUTHORITATIVE_BOUNDARY
422,Augustmuni,Rudraprayag,Uttarakhand,30.312702,79.020224,MoPR_LGD_and_ISRO_Bhuvan,LGD_2026_Bhuvan_2024,422,MATCHED_AUTHORITATIVE_BOUNDARY
423,Jakholi,Rudraprayag,Uttarakhand,30.456825,78.928781,MoPR_LGD_and_ISRO_Bhuvan,LGD_2026_Bhuvan_2024,423,MATCHED_AUTHORITATIVE_BOUNDARY
424,Ukhimath,Rudraprayag,Uttarakhand,30.619683,79.11973,MoPR_LGD_and_ISRO_Bhuvan,LGD_2026_Bhuvan_2024,424,MATCHED_AUTHORITATIVE_BOUNDARY
425,Bhilangna,Tehri Garhwal,Uttarakhand,30.591439,78.764937,MoPR_LGD_and_ISRO_Bhuvan,LGD_2026_Bhuvan_2024,425,MATCHED_AUTHORITATIVE_BOUNDARY
426,Chamba,Tehri Garhwal,Uttarakhand,30.354108,78.377983,MoPR_LGD_and_ISRO_Bhuvan,LGD_2026_Bhuvan_2024,426,MATCHED_AUTHORITATIVE_BOUNDARY
427,Deoprayag,Tehri Garhwal,Uttarakhand,30.212837,78.592899,MoPR_LGD_and_ISRO_Bhuvan,LGD_2026_Bhuvan_2024,427,MATCHED_AUTHORITATIVE_BOUNDARY
428,Jakhnidhar,Tehri Garhwal,Uttarakhand,30.368528,78.547699,MoPR_LGD_and_ISRO_Bhuvan,LGD_2026_Bhuvan_2024,428,MATCHED_AUTHORITATIVE_BOUNDARY
429,Jaunpur,Tehri Garhwal,Uttarakhand,30.481009,78.150634,MoPR_LGD_and_ISRO_Bhuvan,LGD_2026_Bhuvan_2024,429,MATCHED_AUTHORITATIVE_BOUNDARY
430,Kirtinagar,Tehri Garhwal,Uttarakhand,30.296979,78.765576,MoPR_LGD_and_ISRO_Bhuvan,LGD_2026_Bhuvan_2024,430,MATCHED_AUTHORITATIVE_BOUNDARY
431,Narendra Nagar,Tehri Garhwal,Uttarakhand,30.192346,78.408313,MoPR_LGD_and_ISRO_Bhuvan,LGD_2026_Bhuvan_2024,431,MATCHED_AUTHORITATIVE_BOUNDARY
432,Pratapnagar,Tehri Garhwal,Uttarakhand,30.502658,78.486104,MoPR_LGD_and_ISRO_Bhuvan,LGD_2026_Bhuvan_2024,432,MATCHED_AUTHORITATIVE_BOUNDARY
433,Thauldhar,Tehri Garhwal,Uttarakhand,30.500797,78.329842,MoPR_LGD_and_ISRO_Bhuvan,LGD_2026_Bhuvan_2024,433,MATCHED_AUTHORITATIVE_BOUNDARY
434,Bajpur,Udham Singh Nagar,Uttarakhand,29.175455,79.179983,MoPR_LGD_and_ISRO_Bhuvan,LGD_2026_Bhuvan_2024,434,MATCHED_AUTHORITATIVE_BOUNDARY
435,Gadarpur,Udham Singh Nagar,Uttarakhand,29.082066,79.299112,MoPR_LGD_and_ISRO_Bhuvan,LGD_2026_Bhuvan_2024,435,MATCHED_AUTHORITATIVE_BOUNDARY
436,Jaspur,Udham Singh Nagar,Uttarakhand,29.284606,78.869389,MoPR_LGD_and_ISRO_Bhuvan,LGD_2026_Bhuvan_2024,436,MATCHED_AUTHORITATIVE_BOUNDARY
437,Kashipur,Udham Singh Nagar,Uttarakhand,29.209914,79.006848,MoPR_LGD_and_ISRO_Bhuvan,LGD_2026_Bhuvan_2024,437,MATCHED_AUTHORITATIVE_BOUNDARY
438,Khatima,Udham Singh Nagar,Uttarakhand,28.898532,79.962419,MoPR_LGD_and_ISRO_Bhuvan,LGD_2026_Bhuvan_2024,438,MATCHED_AUTHORITATIVE_BOUNDARY
439,Rudrapur,Udham Singh Nagar,Uttarakhand,28.96974,79.495161,MoPR_LGD_and_ISRO_Bhuvan,LGD_2026_Bhuvan_2024,439,MATCHED_AUTHORITATIVE_BOUNDARY
440,Sitarganj,Udham Singh Nagar,Uttarakhand,28.95205,79.716704,MoPR_LGD_and_ISRO_Bhuvan,LGD_2026_Bhuvan_2024,440,MATCHED_AUTHORITATIVE_BOUNDARY
441,Bhatwari,Uttarkashi,Uttarakhand,31.005174,78.912633,MoPR_LGD_and_ISRO_Bhuvan,LGD_2026_Bhuvan_2024,441,MATCHED_AUTHORITATIVE_BOUNDARY
442,Chinyalisaur,Uttarkashi,Uttarakhand,30.606627,78.302402,MoPR_LGD_and_ISRO_Bhuvan,LGD_2026_Bhuvan_2024,442,MATCHED_AUTHORITATIVE_BOUNDARY
443,Dunda,Uttarkashi,Uttarakhand,30.686644,78.399388,MoPR_LGD_and_ISRO_Bhuvan,LGD_2026_Bhuvan_2024,443,MATCHED_AUTHORITATIVE_BOUNDARY
444,Mori,Uttarkashi,Uttarakhand,31.100784,78.214953,MoPR_LGD_and_ISRO_Bhuvan,LGD_2026_Bhuvan_2024,444,MATCHED_AUTHORITATIVE_BOUNDARY
445,Naugaon,Uttarkashi,Uttarakhand,30.857628,78.285702,MoPR_LGD_and_ISRO_Bhuvan,LGD_2026_Bhuvan_2024,445,MATCHED_AUTHORITATIVE_BOUNDARY
446,Purola,Uttarkashi,Uttarakhand,30.897275,78.126558,MoPR_LGD_and_ISRO_Bhuvan,LGD_2026_Bhuvan_2024,446,MATCHED_AUTHORITATIVE_BOUNDARY
803,Achhnera,Agra,Uttar Pradesh,27.204088,77.790208,MoPR_LGD_and_ISRO_Bhuvan,LGD_2026_Bhuvan_2024,803,MATCHED_AUTHORITATIVE_BOUNDARY
804,Akola,Agra,Uttar Pradesh,27.086852,77.865266,MoPR_LGD_and_ISRO_Bhuvan,LGD_2026_Bhuvan_2024,804,MATCHED_AUTHORITATIVE_BOUNDARY
805,Bah,Agra,Uttar Pradesh,26.86466,78.531301,MoPR_LGD_and_ISRO_Bhuvan,LGD_2026_Bhuvan_2024,805,MATCHED_AUTHORITATIVE_BOUNDARY
806,Barauli Ahir,Agra,Uttar Pradesh,27.120915,78.091482,MoPR_LGD_and_ISRO_Bhuvan,LGD_2026_Bhuvan_2024,806,MATCHED_AUTHORITATIVE_BOUNDARY
807,Bichpuri,Agra,Uttar Pradesh,27.187455,77.975395,MoPR_LGD_and_ISRO_Bhuvan,LGD_2026_Bhuvan_2024,807,MATCHED_AUTHORITATIVE_BOUNDARY
808,Etmadpur,Agra,Uttar Pradesh,27.30702,78.190048,MoPR_LGD_and_ISRO_Bhuvan,LGD_2026_Bhuvan_2024,808,MATCHED_AUTHORITATIVE_BOUNDARY
809,Fatehabad,Agra,Uttar Pradesh,27.020591,78.304928,MoPR_LGD_and_ISRO_Bhuvan,LGD_2026_Bhuvan_2024,809,MATCHED_AUTHORITATIVE_BOUNDARY
810,Fatehpur Sikri,Agra,Uttar Pradesh,27.07665,77.657847,MoPR_LGD_and_ISRO_Bhuvan,LGD_2026_Bhuvan_2024,810,MATCHED_AUTHORITATIVE_BOUNDARY
811,Jagner,Agra,Uttar Pradesh,26.872035,77.571845,MoPR_LGD_and_ISRO_Bhuvan,LGD_2026_Bhuvan_2024,811,MATCHED_AUTHORITATIVE_BOUNDARY
812,Jaitpur Kalan,Agra,Uttar Pradesh,26.833883,78.703326,MoPR_LGD_and_ISRO_Bhuvan,LGD_2026_Bhuvan_2024,812,MATCHED_AUTHORITATIVE_BOUNDARY
813,Khandauli,Agra,Uttar Pradesh,27.286253,78.032833,MoPR_LGD_and_ISRO_Bhuvan,LGD_2026_Bhuvan_2024,813,MATCHED_AUTHORITATIVE_BOUNDARY
814,Kheragarh,Agra,Uttar Pradesh,26.970517,77.823176,MoPR_LGD_and_ISRO_Bhuvan,LGD_2026_Bhuvan_2024,814,MATCHED_AUTHORITATIVE_BOUNDARY
815,Pinahat,Agra,Uttar Pradesh,26.900717,78.36126,MoPR_LGD_and_ISRO_Bhuvan,LGD_2026_Bhuvan_2024,815,MATCHED_AUTHORITATIVE_BOUNDARY
816,Saiyan,Agra,Uttar Pradesh,26.956265,77.99021,MoPR_LGD_and_ISRO_Bhuvan,LGD_2026_Bhuvan_2024,816,MATCHED_AUTHORITATIVE_BOUNDARY
817,Shamsabad,Agra,Uttar Pradesh,27.016522,78.109993,MoPR_LGD_and_ISRO_Bhuvan,LGD_2026_Bhuvan_2024,817,MATCHED_AUTHORITATIVE_BOUNDARY
818,Akrabad,Aligarh,Uttar Pradesh,27.780869,78.284758,MoPR_LGD_and_ISRO_Bhuvan,LGD_2026_Bhuvan_2024,818,MATCHED_AUTHORITATIVE_BOUNDARY
819,Atrauli,Aligarh,Uttar Pradesh,28.043428,78.300825,MoPR_LGD_and_ISRO_Bhuvan,LGD_2026_Bhuvan_2024,819,MATCHED_AUTHORITATIVE_BOUNDARY
820,Bijauli,Aligarh,Uttar Pradesh,28.014313,78.458142,MoPR_LGD_and_ISRO_Bhuvan,LGD_2026_Bhuvan_2024,820,MATCHED_AUTHORITATIVE_BOUNDARY
821,Chandaus,Aligarh,Uttar Pradesh,28.065835,77.855036,MoPR_LGD_and_ISRO_Bhuvan,LGD_2026_Bhuvan_2024,821,MATCHED_AUTHORITATIVE_BOUNDARY
822,Dhanipur,Aligarh,Uttar Pradesh,27.874126,78.181031,MoPR_LGD_and_ISRO_Bhuvan,LGD_2026_Bhuvan_2024,822,MATCHED_AUTHORITATIVE_BOUNDARY
823,Gangiri,Aligarh,Uttar Pradesh,27.9129,78.432444,MoPR_LGD_and_ISRO_Bhuvan,LGD_2026_Bhuvan_2024,823,MATCHED_AUTHORITATIVE_BOUNDARY
824,Gonda,Aligarh,Uttar Pradesh,27.777083,77.867446,MoPR_LGD_and_ISRO_Bhuvan,LGD_2026_Bhuvan_2024,824,MATCHED_AUTHORITATIVE_BOUNDARY
825,Iglas,Aligarh,Uttar Pradesh,27.692121,77.951351,MoPR_LGD_and_ISRO_Bhuvan,LGD_2026_Bhuvan_2024,825,MATCHED_AUTHORITATIVE_BOUNDARY
826,Jawan Sikanderpur,Aligarh,Uttar Pradesh,28.030522,78.10337,MoPR_LGD_and_ISRO_Bhuvan,LGD_2026_Bhuvan_2024,826,MATCHED_AUTHORITATIVE_BOUNDARY
827,Khair,Aligarh,Uttar Pradesh,27.945447,77.8388,MoPR_LGD_and_ISRO_Bhuvan,LGD_2026_Bhuvan_2024,827,MATCHED_AUTHORITATIVE_BOUNDARY
828,Lodha,Aligarh,Uttar Pradesh,27.881877,78.025458,MoPR_LGD_and_ISRO_Bhuvan,LGD_2026_Bhuvan_2024,828,MATCHED_AUTHORITATIVE_BOUNDARY
829,Tappal,Aligarh,Uttar Pradesh,28.024144,77.618857,MoPR_LGD_and_ISRO_Bhuvan,LGD_2026_Bhuvan_2024,829,MATCHED_AUTHORITATIVE_BOUNDARY
850,Akbarpur,Ambedkar Nagar,Uttar Pradesh,26.394761,82.565553,MoPR_LGD_and_ISRO_Bhuvan,LGD_2026_Bhuvan_2024,850,MATCHED_AUTHORITATIVE_BOUNDARY
851,Baskhari,Ambedkar Nagar,Uttar Pradesh,26.494167,82.775263,MoPR_LGD_and_ISRO_Bhuvan,LGD_2026_Bhuvan_2024,851,MATCHED_AUTHORITATIVE_BOUNDARY
852,Bhiti,Ambedkar Nagar,Uttar Pradesh,26.465347,82.337007,MoPR_LGD_and_ISRO_Bhuvan,LGD_2026_Bhuvan_2024,852,MATCHED_AUTHORITATIVE_BOUNDARY
853,Bhiyawan,Ambedkar Nagar,Uttar Pradesh,26.270987,82.821889,MoPR_LGD_and_ISRO_Bhuvan,LGD_2026_Bhuvan_2024,853,MATCHED_AUTHORITATIVE_BOUNDARY
854,Jahangir Ganj,Ambedkar Nagar,Uttar Pradesh,26.371606,83.039818,MoPR_LGD_and_ISRO_Bhuvan,LGD_2026_Bhuvan_2024,854,MATCHED_AUTHORITATIVE_BOUNDARY
855,Jalal Pur,Ambedkar Nagar,Uttar Pradesh,26.323227,82.694444,MoPR_LGD_and_ISRO_Bhuvan,LGD_2026_Bhuvan_2024,855,MATCHED_AUTHORITATIVE_BOUNDARY
856,Katehari,Ambedkar Nagar,Uttar Pradesh,26.450461,82.445941,MoPR_LGD_and_ISRO_Bhuvan,LGD_2026_Bhuvan_2024,856,MATCHED_AUTHORITATIVE_BOUNDARY
857,Ram Nagar,Ambedkar Nagar,Uttar Pradesh,26.443066,82.886301,MoPR_LGD_and_ISRO_Bhuvan,LGD_2026_Bhuvan_2024,857,MATCHED_AUTHORITATIVE_BOUNDARY
858,Tanda,Ambedkar Nagar,Uttar Pradesh,26.553729,82.595887,MoPR_LGD_and_ISRO_Bhuvan,LGD_2026_Bhuvan_2024,858,MATCHED_AUTHORITATIVE_BOUNDARY
1578,Amethi,Amethi,Uttar Pradesh,26.137703,81.773883,MoPR_LGD_and_ISRO_Bhuvan,LGD_2026_Bhuvan_2024,1578,MATCHED_AUTHORITATIVE_BOUNDARY
1465,Bahadurpur,Amethi,Uttar Pradesh,26.264232,81.461207,MoPR_LGD_and_ISRO_Bhuvan,LGD_2026_Bhuvan_2024,1465,MATCHED_AUTHORITATIVE_BOUNDARY
1581,Bhadar,Amethi,Uttar Pradesh,26.120743,81.981879,MoPR_LGD_and_ISRO_Bhuvan,LGD_2026_Bhuvan_2024,1581,MATCHED_AUTHORITATIVE_BOUNDARY
1582,Bhetua,Amethi,Uttar Pradesh,26.209088,81.880884,MoPR_LGD_and_ISRO_Bhuvan,LGD_2026_Bhuvan_2024,1582,MATCHED_AUTHORITATIVE_BOUNDARY
1586,Gauriganj,Amethi,Uttar Pradesh,26.212176,81.681018,MoPR_LGD_and_ISRO_Bhuvan,LGD_2026_Bhuvan_2024,1586,MATCHED_AUTHORITATIVE_BOUNDARY
1587,Jagdishpur,Amethi,Uttar Pradesh,26.463181,81.645157,MoPR_LGD_and_ISRO_Bhuvan,LGD_2026_Bhuvan_2024,1587,MATCHED_AUTHORITATIVE_BOUNDARY
1589,Jamo,Amethi,Uttar Pradesh,26.342999,81.640008,MoPR_LGD_and_ISRO_Bhuvan,LGD_2026_Bhuvan_2024,1589,MATCHED_AUTHORITATIVE_BOUNDARY
1595,Musafir Khana,Amethi,Uttar Pradesh,26.394802,81.791407,MoPR_LGD_and_ISRO_Bhuvan,LGD_2026_Bhuvan_2024,1595,MATCHED_AUTHORITATIVE_BOUNDARY
1597,Sangrampur,Amethi,Uttar Pradesh,26.080489,81.848558,MoPR_LGD_and_ISRO_Bhuvan,LGD_2026_Bhuvan_2024,1597,MATCHED_AUTHORITATIVE_BOUNDARY
1598,Shahgarh,Amethi,Uttar Pradesh,26.275692,81.767985,MoPR_LGD_and_ISRO_Bhuvan,LGD_2026_Bhuvan_2024,1598,MATCHED_AUTHORITATIVE_BOUNDARY
1599,Shukul Bazar,Amethi,Uttar Pradesh,26.567074,81.619272,MoPR_LGD_and_ISRO_Bhuvan,LGD_2026_Bhuvan_2024,1599,MATCHED_AUTHORITATIVE_BOUNDARY
1481,Singhpur,Amethi,Uttar Pradesh,26.493368,81.459063,MoPR_LGD_and_ISRO_Bhuvan,LGD_2026_Bhuvan_2024,1481,MATCHED_AUTHORITATIVE_BOUNDARY
1482,Tiloi,Amethi,Uttar Pradesh,26.367322,81.469142,MoPR_LGD_and_ISRO_Bhuvan,LGD_2026_Bhuvan_2024,1482,MATCHED_AUTHORITATIVE_BOUNDARY
1252,Amroha,Amroha,Uttar Pradesh,28.965031,78.461079,MoPR_LGD_and_ISRO_Bhuvan,LGD_2026_Bhuvan_2024,1252,MATCHED_AUTHORITATIVE_BOUNDARY
1253,Dhanaura,Amroha,Uttar Pradesh,28.972628,78.192225,MoPR_LGD_and_ISRO_Bhuvan,LGD_2026_Bhuvan_2024,1253,MATCHED_AUTHORITATIVE_BOUNDARY
1254,Gajraula,Amroha,Uttar Pradesh,28.830795,78.233985,MoPR_LGD_and_ISRO_Bhuvan,LGD_2026_Bhuvan_2024,1254,MATCHED_AUTHORITATIVE_BOUNDARY
1255,Gangeshwari,Amroha,Uttar Pradesh,28.55757,78.303281,MoPR_LGD_and_ISRO_Bhuvan,LGD_2026_Bhuvan_2024,1255,MATCHED_AUTHORITATIVE_BOUNDARY
1256,Hasanpur,Amroha,Uttar Pradesh,28.706575,78.331087,MoPR_LGD_and_ISRO_Bhuvan,LGD_2026_Bhuvan_2024,1256,MATCHED_AUTHORITATIVE_BOUNDARY
1257,Joya,Amroha,Uttar Pradesh,28.846777,78.491171,MoPR_LGD_and_ISRO_Bhuvan,LGD_2026_Bhuvan_2024,1257,MATCHED_AUTHORITATIVE_BOUNDARY
859,Achchalda,Auraiya,Uttar Pradesh,26.702327,79.427084,MoPR_LGD_and_ISRO_Bhuvan,LGD_2026_Bhuvan_2024,859,MATCHED_AUTHORITATIVE_BOUNDARY
860,Ajitmal,Auraiya,Uttar Pradesh,26.573839,79.326559,MoPR_LGD_and_ISRO_Bhuvan,LGD_2026_Bhuvan_2024,860,MATCHED_AUTHORITATIVE_BOUNDARY
861,Auraiya,Auraiya,Uttar Pradesh,26.467031,79.427178,MoPR_LGD_and_ISRO_Bhuvan,LGD_2026_Bhuvan_2024,861,MATCHED_AUTHORITATIVE_BOUNDARY
862,Bhagyanagar,Auraiya,Uttar Pradesh,26.579202,79.526383,MoPR_LGD_and_ISRO_Bhuvan,LGD_2026_Bhuvan_2024,862,MATCHED_AUTHORITATIVE_BOUNDARY
863,Bidhuna,Auraiya,Uttar Pradesh,26.810314,79.572827,MoPR_LGD_and_ISRO_Bhuvan,LGD_2026_Bhuvan_2024,863,MATCHED_AUTHORITATIVE_BOUNDARY
864,Erwa Katra,Auraiya,Uttar Pradesh,26.858212,79.408485,MoPR_LGD_and_ISRO_Bhuvan,LGD_2026_Bhuvan_2024,864,MATCHED_AUTHORITATIVE_BOUNDARY
865,Sahar,Auraiya,Uttar Pradesh,26.695724,79.634771,MoPR_LGD_and_ISRO_Bhuvan,LGD_2026_Bhuvan_2024,865,MATCHED_AUTHORITATIVE_BOUNDARY
1086,Amaniganj,Ayodhya,Uttar Pradesh,26.617624,81.796722,MoPR_LGD_and_ISRO_Bhuvan,LGD_2026_Bhuvan_2024,1086,MATCHED_AUTHORITATIVE_BOUNDARY
1087,Bikapur,Ayodhya,Uttar Pradesh,26.551771,82.132628,MoPR_LGD_and_ISRO_Bhuvan,LGD_2026_Bhuvan_2024,1087,MATCHED_AUTHORITATIVE_BOUNDARY
1088,Hariyangatanganj,Ayodhya,Uttar Pradesh,26.560099,82.007836,MoPR_LGD_and_ISRO_Bhuvan,LGD_2026_Bhuvan_2024,1088,MATCHED_AUTHORITATIVE_BOUNDARY
1089,Masodha,Ayodhya,Uttar Pradesh,26.739223,82.107712,MoPR_LGD_and_ISRO_Bhuvan,LGD_2026_Bhuvan_2024,1089,MATCHED_AUTHORITATIVE_BOUNDARY
1090,Mawai,Ayodhya,Uttar Pradesh,26.704541,81.637267,MoPR_LGD_and_ISRO_Bhuvan,LGD_2026_Bhuvan_2024,1090,MATCHED_AUTHORITATIVE_BOUNDARY
1091,Maya Bazar,Ayodhya,Uttar Pradesh,26.616352,82.372847,MoPR_LGD_and_ISRO_Bhuvan,LGD_2026_Bhuvan_2024,1091,MATCHED_AUTHORITATIVE_BOUNDARY
1092,Milkipur,Ayodhya,Uttar Pradesh,26.627132,81.930537,MoPR_LGD_and_ISRO_Bhuvan,LGD_2026_Bhuvan_2024,1092,MATCHED_AUTHORITATIVE_BOUNDARY
1093,Pura Bazar,Ayodhya,Uttar Pradesh,26.707473,82.236859,MoPR_LGD_and_ISRO_Bhuvan,LGD_2026_Bhuvan_2024,1093,MATCHED_AUTHORITATIVE_BOUNDARY
954,Rudauli,Ayodhya,Uttar Pradesh,26.766763,81.740591,MoPR_LGD_and_ISRO_Bhuvan,LGD_2026_Bhuvan_2024,954,MATCHED_AUTHORITATIVE_BOUNDARY
1094,Sohawal,Ayodhya,Uttar Pradesh,26.75682,81.91778,MoPR_LGD_and_ISRO_Bhuvan,LGD_2026_Bhuvan_2024,1094,MATCHED_AUTHORITATIVE_BOUNDARY
1095,Tarun,Ayodhya,Uttar Pradesh,26.524878,82.236386,MoPR_LGD_and_ISRO_Bhuvan,LGD_2026_Bhuvan_2024,1095,MATCHED_AUTHORITATIVE_BOUNDARY
866,Ahiraula,Azamgarh,Uttar Pradesh,26.180636,82.915954,MoPR_LGD_and_ISRO_Bhuvan,LGD_2026_Bhuvan_2024,866,MATCHED_AUTHORITATIVE_BOUNDARY
867,Atraulia,Azamgarh,Uttar Pradesh,26.332299,82.930665,MoPR_LGD_and_ISRO_Bhuvan,LGD_2026_Bhuvan_2024,867,MATCHED_AUTHORITATIVE_BOUNDARY
868,Azmatgarh,Azamgarh,Uttar Pradesh,26.16309,83.358726,MoPR_LGD_and_ISRO_Bhuvan,LGD_2026_Bhuvan_2024,868,MATCHED_AUTHORITATIVE_BOUNDARY
869,Bilariyaganj,Azamgarh,Uttar Pradesh,26.175131,83.193671,MoPR_LGD_and_ISRO_Bhuvan,LGD_2026_Bhuvan_2024,869,MATCHED_AUTHORITATIVE_BOUNDARY
870,Haraiya,Azamgarh,Uttar Pradesh,26.276271,83.319421,MoPR_LGD_and_ISRO_Bhuvan,LGD_2026_Bhuvan_2024,870,MATCHED_AUTHORITATIVE_BOUNDARY
871,Jahanaganj,Azamgarh,Uttar Pradesh,25.9242,83.265604,MoPR_LGD_and_ISRO_Bhuvan,LGD_2026_Bhuvan_2024,871,MATCHED_AUTHORITATIVE_BOUNDARY
872,Koilsa,Azamgarh,Uttar Pradesh,26.253877,83.016984,MoPR_LGD_and_ISRO_Bhuvan,LGD_2026_Bhuvan_2024,872,MATCHED_AUTHORITATIVE_BOUNDARY
873,Lalganj,Azamgarh,Uttar Pradesh,25.77148,82.99921,MoPR_LGD_and_ISRO_Bhuvan,LGD_2026_Bhuvan_2024,873,MATCHED_AUTHORITATIVE_BOUNDARY
874,Mahrajganj,Azamgarh,Uttar Pradesh,26.298027,83.166193,MoPR_LGD_and_ISRO_Bhuvan,LGD_2026_Bhuvan_2024,874,MATCHED_AUTHORITATIVE_BOUNDARY
875,Martinganj,Azamgarh,Uttar Pradesh,25.918487,82.822944,MoPR_LGD_and_ISRO_Bhuvan,LGD_2026_Bhuvan_2024,875,MATCHED_AUTHORITATIVE_BOUNDARY
876,Mehnagar,Azamgarh,Uttar Pradesh,25.865272,83.158966,MoPR_LGD_and_ISRO_Bhuvan,LGD_2026_Bhuvan_2024,876,MATCHED_AUTHORITATIVE_BOUNDARY
877,Mirzapur,Azamgarh,Uttar Pradesh,26.04916,82.938359,MoPR_LGD_and_ISRO_Bhuvan,LGD_2026_Bhuvan_2024,877,MATCHED_AUTHORITATIVE_BOUNDARY
878,Mohammadpur,Azamgarh,Uttar Pradesh,25.954324,83.00266,MoPR_LGD_and_ISRO_Bhuvan,LGD_2026_Bhuvan_2024,878,MATCHED_AUTHORITATIVE_BOUNDARY
879,Palhana,Azamgarh,Uttar Pradesh,25.782629,83.109789,MoPR_LGD_and_ISRO_Bhuvan,LGD_2026_Bhuvan_2024,879,MATCHED_AUTHORITATIVE_BOUNDARY
880,Palhani,Azamgarh,Uttar Pradesh,26.060829,83.178448,MoPR_LGD_and_ISRO_Bhuvan,LGD_2026_Bhuvan_2024,880,MATCHED_AUTHORITATIVE_BOUNDARY
881,Pawai,Azamgarh,Uttar Pradesh,26.159042,82.745524,MoPR_LGD_and_ISRO_Bhuvan,LGD_2026_Bhuvan_2024,881,MATCHED_AUTHORITATIVE_BOUNDARY
882,Phulpur,Azamgarh,Uttar Pradesh,26.046354,82.794276,MoPR_LGD_and_ISRO_Bhuvan,LGD_2026_Bhuvan_2024,882,MATCHED_AUTHORITATIVE_BOUNDARY
883,Rani Ki Sarai,Azamgarh,Uttar Pradesh,26.00087,83.105782,MoPR_LGD_and_ISRO_Bhuvan,LGD_2026_Bhuvan_2024,883,MATCHED_AUTHORITATIVE_BOUNDARY
884,Sathiyaon,Azamgarh,Uttar Pradesh,26.052559,83.278801,MoPR_LGD_and_ISRO_Bhuvan,LGD_2026_Bhuvan_2024,884,MATCHED_AUTHORITATIVE_BOUNDARY
885,Tahbarpur,Azamgarh,Uttar Pradesh,26.118661,83.043438,MoPR_LGD_and_ISRO_Bhuvan,LGD_2026_Bhuvan_2024,885,MATCHED_AUTHORITATIVE_BOUNDARY
886,Tarwa,Azamgarh,Uttar Pradesh,25.746549,83.201841,MoPR_LGD_and_ISRO_Bhuvan,LGD_2026_Bhuvan_2024,886,MATCHED_AUTHORITATIVE_BOUNDARY
887,Thekma,Azamgarh,Uttar Pradesh,25.852156,82.925446,MoPR_LGD_and_ISRO_Bhuvan,LGD_2026_Bhuvan_2024,887,MATCHED_AUTHORITATIVE_BOUNDARY
888,Baghpat,Baghpat,Uttar Pradesh,28.996072,77.258442,MoPR_LGD_and_ISRO_Bhuvan,LGD_2026_Bhuvan_2024,888,MATCHED_AUTHORITATIVE_BOUNDARY
889,Baraut,Baghpat,Uttar Pradesh,29.120258,77.254147,MoPR_LGD_and_ISRO_Bhuvan,LGD_2026_Bhuvan_2024,889,MATCHED_AUTHORITATIVE_BOUNDARY
890,Binauli,Baghpat,Uttar Pradesh,29.141186,77.395801,MoPR_LGD_and_ISRO_Bhuvan,LGD_2026_Bhuvan_2024,890,MATCHED_AUTHORITATIVE_BOUNDARY
891,Chhaprauli,Baghpat,Uttar Pradesh,29.223428,77.213502,MoPR_LGD_and_ISRO_Bhuvan,LGD_2026_Bhuvan_2024,891,MATCHED_AUTHORITATIVE_BOUNDARY
892,Khekra,Baghpat,Uttar Pradesh,28.853297,77.308345,MoPR_LGD_and_ISRO_Bhuvan,LGD_2026_Bhuvan_2024,892,MATCHED_AUTHORITATIVE_BOUNDARY
893,Pilana,Baghpat,Uttar Pradesh,28.95103,77.387241,MoPR_LGD_and_ISRO_Bhuvan,LGD_2026_Bhuvan_2024,893,MATCHED_AUTHORITATIVE_BOUNDARY
894,Balaha,Bahraich,Uttar Pradesh,27.910934,81.437328,MoPR_LGD_and_ISRO_Bhuvan,LGD_2026_Bhuvan_2024,894,MATCHED_AUTHORITATIVE_BOUNDARY
895,Chitaura,Bahraich,Uttar Pradesh,27.608853,81.623093,MoPR_LGD_and_ISRO_Bhuvan,LGD_2026_Bhuvan_2024,895,MATCHED_AUTHORITATIVE_BOUNDARY
896,Huzoorpur,Bahraich,Uttar Pradesh,27.401462,81.655217,MoPR_LGD_and_ISRO_Bhuvan,LGD_2026_Bhuvan_2024,896,MATCHED_AUTHORITATIVE_BOUNDARY
897,Jarwal,Bahraich,Uttar Pradesh,27.184103,81.606686,MoPR_LGD_and_ISRO_Bhuvan,LGD_2026_Bhuvan_2024,897,MATCHED_AUTHORITATIVE_BOUNDARY
898,Kaisarganj,Bahraich,Uttar Pradesh,27.272301,81.526061,MoPR_LGD_and_ISRO_Bhuvan,LGD_2026_Bhuvan_2024,898,MATCHED_AUTHORITATIVE_BOUNDARY
899,Mahasi,Bahraich,Uttar Pradesh,27.616188,81.368787,MoPR_LGD_and_ISRO_Bhuvan,LGD_2026_Bhuvan_2024,899,MATCHED_AUTHORITATIVE_BOUNDARY
900,Mihinpurwa,Bahraich,Uttar Pradesh,28.143688,81.271003,MoPR_LGD_and_ISRO_Bhuvan,LGD_2026_Bhuvan_2024,900,MATCHED_AUTHORITATIVE_BOUNDARY
901,Nawabganj,Bahraich,Uttar Pradesh,27.949466,81.613216,MoPR_LGD_and_ISRO_Bhuvan,LGD_2026_Bhuvan_2024,901,MATCHED_AUTHORITATIVE_BOUNDARY
903,Payagpur,Bahraich,Uttar Pradesh,27.445833,81.791022,MoPR_LGD_and_ISRO_Bhuvan,LGD_2026_Bhuvan_2024,903,MATCHED_AUTHORITATIVE_BOUNDARY
902,Phakharpur,Bahraich,Uttar Pradesh,27.403502,81.487515,MoPR_LGD_and_ISRO_Bhuvan,LGD_2026_Bhuvan_2024,902,MATCHED_AUTHORITATIVE_BOUNDARY
904,Risia,Bahraich,Uttar Pradesh,27.761815,81.596939,MoPR_LGD_and_ISRO_Bhuvan,LGD_2026_Bhuvan_2024,904,MATCHED_AUTHORITATIVE_BOUNDARY
905,Shivpur,Bahraich,Uttar Pradesh,27.788676,81.400146,MoPR_LGD_and_ISRO_Bhuvan,LGD_2026_Bhuvan_2024,905,MATCHED_AUTHORITATIVE_BOUNDARY
906,Tejwapur,Bahraich,Uttar Pradesh,27.534927,81.504925,MoPR_LGD_and_ISRO_Bhuvan,LGD_2026_Bhuvan_2024,906,MATCHED_AUTHORITATIVE_BOUNDARY
907,Visheshwarganj,Bahraich,Uttar Pradesh,27.383996,81.863807,MoPR_LGD_and_ISRO_Bhuvan,LGD_2026_Bhuvan_2024,907,MATCHED_AUTHORITATIVE_BOUNDARY
908,Bairia,Ballia,Uttar Pradesh,25.790417,84.457501,MoPR_LGD_and_ISRO_Bhuvan,LGD_2026_Bhuvan_2024,908,MATCHED_AUTHORITATIVE_BOUNDARY
909,Bansdih,Ballia,Uttar Pradesh,25.895218,84.261361,MoPR_LGD_and_ISRO_Bhuvan,LGD_2026_Bhuvan_2024,909,MATCHED_AUTHORITATIVE_BOUNDARY
910,Belhari,Ballia,Uttar Pradesh,25.738758,84.307268,MoPR_LGD_and_ISRO_Bhuvan,LGD_2026_Bhuvan_2024,910,MATCHED_AUTHORITATIVE_BOUNDARY
911,Beruarbari,Ballia,Uttar Pradesh,25.866768,84.148617,MoPR_LGD_and_ISRO_Bhuvan,LGD_2026_Bhuvan_2024,911,MATCHED_AUTHORITATIVE_BOUNDARY
912,Chilkahar,Ballia,Uttar Pradesh,25.851155,83.951624,MoPR_LGD_and_ISRO_Bhuvan,LGD_2026_Bhuvan_2024,912,MATCHED_AUTHORITATIVE_BOUNDARY
913,Dubhar,Ballia,Uttar Pradesh,25.756666,84.209021,MoPR_LGD_and_ISRO_Bhuvan,LGD_2026_Bhuvan_2024,913,MATCHED_AUTHORITATIVE_BOUNDARY
914,Garwar,Ballia,Uttar Pradesh,25.83722,84.04324,MoPR_LGD_and_ISRO_Bhuvan,LGD_2026_Bhuvan_2024,914,MATCHED_AUTHORITATIVE_BOUNDARY
915,Hanumanganj,Ballia,Uttar Pradesh,25.779168,84.111031,MoPR_LGD_and_ISRO_Bhuvan,LGD_2026_Bhuvan_2024,915,MATCHED_AUTHORITATIVE_BOUNDARY
916,Maniar,Ballia,Uttar Pradesh,25.969285,84.169707,MoPR_LGD_and_ISRO_Bhuvan,LGD_2026_Bhuvan_2024,916,MATCHED_AUTHORITATIVE_BOUNDARY
917,Murlichhapra,Ballia,Uttar Pradesh,25.751567,84.541054,MoPR_LGD_and_ISRO_Bhuvan,LGD_2026_Bhuvan_2024,917,MATCHED_AUTHORITATIVE_BOUNDARY
918,Nagra,Ballia,Uttar Pradesh,25.994099,83.843668,MoPR_LGD_and_ISRO_Bhuvan,LGD_2026_Bhuvan_2024,918,MATCHED_AUTHORITATIVE_BOUNDARY
919,Navanagar,Ballia,Uttar Pradesh,26.064437,84.019693,MoPR_LGD_and_ISRO_Bhuvan,LGD_2026_Bhuvan_2024,919,MATCHED_AUTHORITATIVE_BOUNDARY
920,Pandah,Ballia,Uttar Pradesh,25.968931,84.022744,MoPR_LGD_and_ISRO_Bhuvan,LGD_2026_Bhuvan_2024,920,MATCHED_AUTHORITATIVE_BOUNDARY
921,Rasra,Ballia,Uttar Pradesh,25.85606,83.830895,MoPR_LGD_and_ISRO_Bhuvan,LGD_2026_Bhuvan_2024,921,MATCHED_AUTHORITATIVE_BOUNDARY
922,Reoti,Ballia,Uttar Pradesh,25.858967,84.379181,MoPR_LGD_and_ISRO_Bhuvan,LGD_2026_Bhuvan_2024,922,MATCHED_AUTHORITATIVE_BOUNDARY
923,Siar,Ballia,Uttar Pradesh,26.099042,83.827403,MoPR_LGD_and_ISRO_Bhuvan,LGD_2026_Bhuvan_2024,923,MATCHED_AUTHORITATIVE_BOUNDARY
924,Sohanv,Ballia,Uttar Pradesh,25.675607,83.99484,MoPR_LGD_and_ISRO_Bhuvan,LGD_2026_Bhuvan_2024,924,MATCHED_AUTHORITATIVE_BOUNDARY
925,Balrampur,Balrampur,Uttar Pradesh,27.423799,82.208457,MoPR_LGD_and_ISRO_Bhuvan,LGD_2026_Bhuvan_2024,925,MATCHED_AUTHORITATIVE_BOUNDARY
926,Gaindas Bujurg,Balrampur,Uttar Pradesh,27.220771,82.454061,MoPR_LGD_and_ISRO_Bhuvan,LGD_2026_Bhuvan_2024,926,MATCHED_AUTHORITATIVE_BOUNDARY
927,Gaisri,Balrampur,Uttar Pradesh,27.541932,82.495682,MoPR_LGD_and_ISRO_Bhuvan,LGD_2026_Bhuvan_2024,927,MATCHED_AUTHORITATIVE_BOUNDARY
928,Harriya Satgharwa,Balrampur,Uttar Pradesh,27.668413,82.201828,MoPR_LGD_and_ISRO_Bhuvan,LGD_2026_Bhuvan_2024,928,MATCHED_AUTHORITATIVE_BOUNDARY
929,Pachpedwa,Balrampur,Uttar Pradesh,27.547689,82.659964,MoPR_LGD_and_ISRO_Bhuvan,LGD_2026_Bhuvan_2024,929,MATCHED_AUTHORITATIVE_BOUNDARY
930,Rehera Bazaar,Balrampur,Uttar Pradesh,27.146264,82.336244,MoPR_LGD_and_ISRO_Bhuvan,LGD_2026_Bhuvan_2024,930,MATCHED_AUTHORITATIVE_BOUNDARY
931,Shriduttganj,Balrampur,Uttar Pradesh,27.325864,82.309968,MoPR_LGD_and_ISRO_Bhuvan,LGD_2026_Bhuvan_2024,931,MATCHED_AUTHORITATIVE_BOUNDARY
932,Tulsipur,Balrampur,Uttar Pradesh,27.5446,82.316756,MoPR_LGD_and_ISRO_Bhuvan,LGD_2026_Bhuvan_2024,932,MATCHED_AUTHORITATIVE_BOUNDARY
933,Utraula,Balrampur,Uttar Pradesh,27.289564,82.400489,MoPR_LGD_and_ISRO_Bhuvan,LGD_2026_Bhuvan_2024,933,MATCHED_AUTHORITATIVE_BOUNDARY
934,Baberu,Banda,Uttar Pradesh,25.57782,80.691213,MoPR_LGD_and_ISRO_Bhuvan,LGD_2026_Bhuvan_2024,934,MATCHED_AUTHORITATIVE_BOUNDARY
935,Badokhar Khurd,Banda,Uttar Pradesh,25.48822,80.325267,MoPR_LGD_and_ISRO_Bhuvan,LGD_2026_Bhuvan_2024,935,MATCHED_AUTHORITATIVE_BOUNDARY
936,Bisanda,Banda,Uttar Pradesh,25.396822,80.69581,MoPR_LGD_and_ISRO_Bhuvan,LGD_2026_Bhuvan_2024,936,MATCHED_AUTHORITATIVE_BOUNDARY
937,Jaspura,Banda,Uttar Pradesh,25.821147,80.401387,MoPR_LGD_and_ISRO_Bhuvan,LGD_2026_Bhuvan_2024,937,MATCHED_AUTHORITATIVE_BOUNDARY
938,Kamasin,Banda,Uttar Pradesh,25.539491,80.892268,MoPR_LGD_and_ISRO_Bhuvan,LGD_2026_Bhuvan_2024,938,MATCHED_AUTHORITATIVE_BOUNDARY
939,Mahuva,Banda,Uttar Pradesh,25.319475,80.449693,MoPR_LGD_and_ISRO_Bhuvan,LGD_2026_Bhuvan_2024,939,MATCHED_AUTHORITATIVE_BOUNDARY
940,Naraini,Banda,Uttar Pradesh,25.156812,80.545561,MoPR_LGD_and_ISRO_Bhuvan,LGD_2026_Bhuvan_2024,940,MATCHED_AUTHORITATIVE_BOUNDARY
941,Tindwari,Banda,Uttar Pradesh,25.660583,80.485144,MoPR_LGD_and_ISRO_Bhuvan,LGD_2026_Bhuvan_2024,941,MATCHED_AUTHORITATIVE_BOUNDARY
942,Bani Kodar,Bara Banki,Uttar Pradesh,26.760696,81.499098,MoPR_LGD_and_ISRO_Bhuvan,LGD_2026_Bhuvan_2024,942,MATCHED_AUTHORITATIVE_BOUNDARY
943,Banki,Bara Banki,Uttar Pradesh,26.921581,81.173086,MoPR_LGD_and_ISRO_Bhuvan,LGD_2026_Bhuvan_2024,943,MATCHED_AUTHORITATIVE_BOUNDARY
944,Dariyabad,Bara Banki,Uttar Pradesh,26.893999,81.538031,MoPR_LGD_and_ISRO_Bhuvan,LGD_2026_Bhuvan_2024,944,MATCHED_AUTHORITATIVE_BOUNDARY
945,Dewa,Bara Banki,Uttar Pradesh,27.02382,81.134878,MoPR_LGD_and_ISRO_Bhuvan,LGD_2026_Bhuvan_2024,945,MATCHED_AUTHORITATIVE_BOUNDARY
946,Fatehpur,Bara Banki,Uttar Pradesh,27.170554,81.198795,MoPR_LGD_and_ISRO_Bhuvan,LGD_2026_Bhuvan_2024,946,MATCHED_AUTHORITATIVE_BOUNDARY
947,Haidargarh,Bara Banki,Uttar Pradesh,26.614452,81.455549,MoPR_LGD_and_ISRO_Bhuvan,LGD_2026_Bhuvan_2024,947,MATCHED_AUTHORITATIVE_BOUNDARY
948,Harakh,Bara Banki,Uttar Pradesh,26.826597,81.250173,MoPR_LGD_and_ISRO_Bhuvan,LGD_2026_Bhuvan_2024,948,MATCHED_AUTHORITATIVE_BOUNDARY
949,Masauli,Bara Banki,Uttar Pradesh,26.939523,81.321245,MoPR_LGD_and_ISRO_Bhuvan,LGD_2026_Bhuvan_2024,949,MATCHED_AUTHORITATIVE_BOUNDARY
951,Nindaura,Bara Banki,Uttar Pradesh,27.141774,81.040405,MoPR_LGD_and_ISRO_Bhuvan,LGD_2026_Bhuvan_2024,951,MATCHED_AUTHORITATIVE_BOUNDARY
952,Puredalai,Bara Banki,Uttar Pradesh,26.936721,81.648134,MoPR_LGD_and_ISRO_Bhuvan,LGD_2026_Bhuvan_2024,952,MATCHED_AUTHORITATIVE_BOUNDARY
953,Ramnagar,Bara Banki,Uttar Pradesh,27.068684,81.382752,MoPR_LGD_and_ISRO_Bhuvan,LGD_2026_Bhuvan_2024,953,MATCHED_AUTHORITATIVE_BOUNDARY
955,Sidhaur,Bara Banki,Uttar Pradesh,26.742407,81.368463,MoPR_LGD_and_ISRO_Bhuvan,LGD_2026_Bhuvan_2024,955,MATCHED_AUTHORITATIVE_BOUNDARY
956,Sirauli Gauspur,Bara Banki,Uttar Pradesh,26.982949,81.45217,MoPR_LGD_and_ISRO_Bhuvan,LGD_2026_Bhuvan_2024,956,MATCHED_AUTHORITATIVE_BOUNDARY
957,Suratganj,Bara Banki,Uttar Pradesh,27.223056,81.346081,MoPR_LGD_and_ISRO_Bhuvan,LGD_2026_Bhuvan_2024,957,MATCHED_AUTHORITATIVE_BOUNDARY
958,Trivediganj,Bara Banki,Uttar Pradesh,26.643338,81.262286,MoPR_LGD_and_ISRO_Bhuvan,LGD_2026_Bhuvan_2024,958,MATCHED_AUTHORITATIVE_BOUNDARY
959,Aalampur Jafarabad,Bareilly,Uttar Pradesh,28.228353,79.264438,MoPR_LGD_and_ISRO_Bhuvan,LGD_2026_Bhuvan_2024,959,MATCHED_AUTHORITATIVE_BOUNDARY
960,Baheri,Bareilly,Uttar Pradesh,28.799975,79.505137,MoPR_LGD_and_ISRO_Bhuvan,LGD_2026_Bhuvan_2024,960,MATCHED_AUTHORITATIVE_BOUNDARY
961,Bhadpura,Bareilly,Uttar Pradesh,28.442087,79.685007,MoPR_LGD_and_ISRO_Bhuvan,LGD_2026_Bhuvan_2024,961,MATCHED_AUTHORITATIVE_BOUNDARY
962,Bhojipura,Bareilly,Uttar Pradesh,28.514737,79.452026,MoPR_LGD_and_ISRO_Bhuvan,LGD_2026_Bhuvan_2024,962,MATCHED_AUTHORITATIVE_BOUNDARY
963,Bhuta,Bareilly,Uttar Pradesh,28.261187,79.626338,MoPR_LGD_and_ISRO_Bhuvan,LGD_2026_Bhuvan_2024,963,MATCHED_AUTHORITATIVE_BOUNDARY
964,Bithiri Chainpur,Bareilly,Uttar Pradesh,28.383758,79.519358,MoPR_LGD_and_ISRO_Bhuvan,LGD_2026_Bhuvan_2024,964,MATCHED_AUTHORITATIVE_BOUNDARY
965,Damkhauda,Bareilly,Uttar Pradesh,28.693667,79.563716,MoPR_LGD_and_ISRO_Bhuvan,LGD_2026_Bhuvan_2024,965,MATCHED_AUTHORITATIVE_BOUNDARY
966,Faridpur,Bareilly,Uttar Pradesh,28.158824,79.526388,MoPR_LGD_and_ISRO_Bhuvan,LGD_2026_Bhuvan_2024,966,MATCHED_AUTHORITATIVE_BOUNDARY
967,Fatehganj West,Bareilly,Uttar Pradesh,28.511311,79.330842,MoPR_LGD_and_ISRO_Bhuvan,LGD_2026_Bhuvan_2024,967,MATCHED_AUTHORITATIVE_BOUNDARY
968,Kyara,Bareilly,Uttar Pradesh,28.341328,79.389634,MoPR_LGD_and_ISRO_Bhuvan,LGD_2026_Bhuvan_2024,968,MATCHED_AUTHORITATIVE_BOUNDARY
969,Majhgawan,Bareilly,Uttar Pradesh,28.354082,79.218862,MoPR_LGD_and_ISRO_Bhuvan,LGD_2026_Bhuvan_2024,969,MATCHED_AUTHORITATIVE_BOUNDARY
970,Mirganj,Bareilly,Uttar Pradesh,28.514481,79.221339,MoPR_LGD_and_ISRO_Bhuvan,LGD_2026_Bhuvan_2024,970,MATCHED_AUTHORITATIVE_BOUNDARY
971,Nawabganj,Bareilly,Uttar Pradesh,28.54136,79.581177,MoPR_LGD_and_ISRO_Bhuvan,LGD_2026_Bhuvan_2024,971,MATCHED_AUTHORITATIVE_BOUNDARY
972,Ramnagar,Bareilly,Uttar Pradesh,28.387642,79.086067,MoPR_LGD_and_ISRO_Bhuvan,LGD_2026_Bhuvan_2024,972,MATCHED_AUTHORITATIVE_BOUNDARY
973,Shergarh,Bareilly,Uttar Pradesh,28.666003,79.353496,MoPR_LGD_and_ISRO_Bhuvan,LGD_2026_Bhuvan_2024,973,MATCHED_AUTHORITATIVE_BOUNDARY
974,Bahadurpur,Basti,Uttar Pradesh,26.675209,82.699409,MoPR_LGD_and_ISRO_Bhuvan,LGD_2026_Bhuvan_2024,974,MATCHED_AUTHORITATIVE_BOUNDARY
975,Bankati,Basti,Uttar Pradesh,26.711361,82.891627,MoPR_LGD_and_ISRO_Bhuvan,LGD_2026_Bhuvan_2024,975,MATCHED_AUTHORITATIVE_BOUNDARY
976,Basti,Basti,Uttar Pradesh,26.782784,82.729471,MoPR_LGD_and_ISRO_Bhuvan,LGD_2026_Bhuvan_2024,976,MATCHED_AUTHORITATIVE_BOUNDARY
977,Dubauliya,Basti,Uttar Pradesh,26.670111,82.510896,MoPR_LGD_and_ISRO_Bhuvan,LGD_2026_Bhuvan_2024,977,MATCHED_AUTHORITATIVE_BOUNDARY
978,Gaur,Basti,Uttar Pradesh,26.896947,82.582173,MoPR_LGD_and_ISRO_Bhuvan,LGD_2026_Bhuvan_2024,978,MATCHED_AUTHORITATIVE_BOUNDARY
979,Harraiya,Basti,Uttar Pradesh,26.802249,82.471235,MoPR_LGD_and_ISRO_Bhuvan,LGD_2026_Bhuvan_2024,979,MATCHED_AUTHORITATIVE_BOUNDARY
980,Kaptanganj,Basti,Uttar Pradesh,26.74338,82.588937,MoPR_LGD_and_ISRO_Bhuvan,LGD_2026_Bhuvan_2024,980,MATCHED_AUTHORITATIVE_BOUNDARY
981,Kudaraha,Basti,Uttar Pradesh,26.615831,82.78628,MoPR_LGD_and_ISRO_Bhuvan,LGD_2026_Bhuvan_2024,981,MATCHED_AUTHORITATIVE_BOUNDARY
982,Paras Rampur,Basti,Uttar Pradesh,26.898916,82.344504,MoPR_LGD_and_ISRO_Bhuvan,LGD_2026_Bhuvan_2024,982,MATCHED_AUTHORITATIVE_BOUNDARY
983,Ramnagar,Basti,Uttar Pradesh,27.06128,82.66379,MoPR_LGD_and_ISRO_Bhuvan,LGD_2026_Bhuvan_2024,983,MATCHED_AUTHORITATIVE_BOUNDARY
984,Rudauli,Basti,Uttar Pradesh,27.0029,82.806086,MoPR_LGD_and_ISRO_Bhuvan,LGD_2026_Bhuvan_2024,984,MATCHED_AUTHORITATIVE_BOUNDARY
985,Saltaua Gopal Pur,Basti,Uttar Pradesh,26.934353,82.705918,MoPR_LGD_and_ISRO_Bhuvan,LGD_2026_Bhuvan_2024,985,MATCHED_AUTHORITATIVE_BOUNDARY
986,Sau Ghat,Basti,Uttar Pradesh,26.869775,82.827257,MoPR_LGD_and_ISRO_Bhuvan,LGD_2026_Bhuvan_2024,986,MATCHED_AUTHORITATIVE_BOUNDARY
987,Vikram Jot,Basti,Uttar Pradesh,26.773595,82.338993,MoPR_LGD_and_ISRO_Bhuvan,LGD_2026_Bhuvan_2024,987,MATCHED_AUTHORITATIVE_BOUNDARY
1510,Abhauli,Bhadohi,Uttar Pradesh,25.452854,82.356095,MoPR_LGD_and_ISRO_Bhuvan,LGD_2026_Bhuvan_2024,1510,MATCHED_AUTHORITATIVE_BOUNDARY
1511,Aurai,Bhadohi,Uttar Pradesh,25.276708,82.550366,MoPR_LGD_and_ISRO_Bhuvan,LGD_2026_Bhuvan_2024,1511,MATCHED_AUTHORITATIVE_BOUNDARY
1512,Bhadohi,Bhadohi,Uttar Pradesh,25.370178,82.594274,MoPR_LGD_and_ISRO_Bhuvan,LGD_2026_Bhuvan_2024,1512,MATCHED_AUTHORITATIVE_BOUNDARY
1513,Deegh,Bhadohi,Uttar Pradesh,25.271893,82.321792,MoPR_LGD_and_ISRO_Bhuvan,LGD_2026_Bhuvan_2024,1513,MATCHED_AUTHORITATIVE_BOUNDARY
1514,Gyanpur,Bhadohi,Uttar Pradesh,25.351057,82.428782,MoPR_LGD_and_ISRO_Bhuvan,LGD_2026_Bhuvan_2024,1514,MATCHED_AUTHORITATIVE_BOUNDARY
1515,Suriyavan,Bhadohi,Uttar Pradesh,25.455186,82.438818,MoPR_LGD_and_ISRO_Bhuvan,LGD_2026_Bhuvan_2024,1515,MATCHED_AUTHORITATIVE_BOUNDARY
988,Afzalgarh,Bijnor,Uttar Pradesh,29.392838,78.731074,MoPR_LGD_and_ISRO_Bhuvan,LGD_2026_Bhuvan_2024,988,MATCHED_AUTHORITATIVE_BOUNDARY
989,Budhanpur Seohara,Bijnor,Uttar Pradesh,29.157594,78.576435,MoPR_LGD_and_ISRO_Bhuvan,LGD_2026_Bhuvan_2024,989,MATCHED_AUTHORITATIVE_BOUNDARY
990,Dhampur,Bijnor,Uttar Pradesh,29.305875,78.542279,MoPR_LGD_and_ISRO_Bhuvan,LGD_2026_Bhuvan_2024,990,MATCHED_AUTHORITATIVE_BOUNDARY
991,Haldaur(Khari Jhalu),Bijnor,Uttar Pradesh,29.293723,78.208922,MoPR_LGD_and_ISRO_Bhuvan,LGD_2026_Bhuvan_2024,991,MATCHED_AUTHORITATIVE_BOUNDARY
992,Jalilpur,Bijnor,Uttar Pradesh,29.125934,78.212273,MoPR_LGD_and_ISRO_Bhuvan,LGD_2026_Bhuvan_2024,992,MATCHED_AUTHORITATIVE_BOUNDARY
993,Kiratpur,Bijnor,Uttar Pradesh,29.503762,78.260068,MoPR_LGD_and_ISRO_Bhuvan,LGD_2026_Bhuvan_2024,993,MATCHED_AUTHORITATIVE_BOUNDARY
994,Kotwali,Bijnor,Uttar Pradesh,29.505993,78.484578,MoPR_LGD_and_ISRO_Bhuvan,LGD_2026_Bhuvan_2024,994,MATCHED_AUTHORITATIVE_BOUNDARY
995,Mohammedpur Deomal,Bijnor,Uttar Pradesh,29.478621,78.11367,MoPR_LGD_and_ISRO_Bhuvan,LGD_2026_Bhuvan_2024,995,MATCHED_AUTHORITATIVE_BOUNDARY
996,Najibabad,Bijnor,Uttar Pradesh,29.658792,78.314108,MoPR_LGD_and_ISRO_Bhuvan,LGD_2026_Bhuvan_2024,996,MATCHED_AUTHORITATIVE_BOUNDARY
997,Nehtaur,Bijnor,Uttar Pradesh,29.301662,78.383188,MoPR_LGD_and_ISRO_Bhuvan,LGD_2026_Bhuvan_2024,997,MATCHED_AUTHORITATIVE_BOUNDARY
998,Noorpur,Bijnor,Uttar Pradesh,29.12904,78.402024,MoPR_LGD_and_ISRO_Bhuvan,LGD_2026_Bhuvan_2024,998,MATCHED_AUTHORITATIVE_BOUNDARY
999,Ambiapur,Budaun,Uttar Pradesh,28.131045,78.952692,MoPR_LGD_and_ISRO_Bhuvan,LGD_2026_Bhuvan_2024,999,MATCHED_AUTHORITATIVE_BOUNDARY
1000,Asafpur,Budaun,Uttar Pradesh,28.390919,78.922761,MoPR_LGD_and_ISRO_Bhuvan,LGD_2026_Bhuvan_2024,1000,MATCHED_AUTHORITATIVE_BOUNDARY
1001,Bisauli,Budaun,Uttar Pradesh,28.284239,78.909658,MoPR_LGD_and_ISRO_Bhuvan,LGD_2026_Bhuvan_2024,1001,MATCHED_AUTHORITATIVE_BOUNDARY
1002,Dahgavan,Budaun,Uttar Pradesh,28.130846,78.664984,MoPR_LGD_and_ISRO_Bhuvan,LGD_2026_Bhuvan_2024,1002,MATCHED_AUTHORITATIVE_BOUNDARY
1003,Dataganj,Budaun,Uttar Pradesh,28.00128,79.400772,MoPR_LGD_and_ISRO_Bhuvan,LGD_2026_Bhuvan_2024,1003,MATCHED_AUTHORITATIVE_BOUNDARY
1005,Islamnagar,Budaun,Uttar Pradesh,28.314002,78.752352,MoPR_LGD_and_ISRO_Bhuvan,LGD_2026_Bhuvan_2024,1005,MATCHED_AUTHORITATIVE_BOUNDARY
1006,Jagat,Budaun,Uttar Pradesh,28.01362,79.21468,MoPR_LGD_and_ISRO_Bhuvan,LGD_2026_Bhuvan_2024,1006,MATCHED_AUTHORITATIVE_BOUNDARY
1008,Mion,Budaun,Uttar Pradesh,27.887157,79.322507,MoPR_LGD_and_ISRO_Bhuvan,LGD_2026_Bhuvan_2024,1008,MATCHED_AUTHORITATIVE_BOUNDARY
1009,Qadar Chowk,Budaun,Uttar Pradesh,27.90245,79.062154,MoPR_LGD_and_ISRO_Bhuvan,LGD_2026_Bhuvan_2024,1009,MATCHED_AUTHORITATIVE_BOUNDARY
1011,Sahaswan,Budaun,Uttar Pradesh,28.086423,78.805324,MoPR_LGD_and_ISRO_Bhuvan,LGD_2026_Bhuvan_2024,1011,MATCHED_AUTHORITATIVE_BOUNDARY
1012,Salarpur,Budaun,Uttar Pradesh,28.136171,79.192331,MoPR_LGD_and_ISRO_Bhuvan,LGD_2026_Bhuvan_2024,1012,MATCHED_AUTHORITATIVE_BOUNDARY
1013,Samrer,Budaun,Uttar Pradesh,28.107946,79.389123,MoPR_LGD_and_ISRO_Bhuvan,LGD_2026_Bhuvan_2024,1013,MATCHED_AUTHORITATIVE_BOUNDARY
1014,Ujhani,Budaun,Uttar Pradesh,27.988557,78.979479,MoPR_LGD_and_ISRO_Bhuvan,LGD_2026_Bhuvan_2024,1014,MATCHED_AUTHORITATIVE_BOUNDARY
1015,Usawan,Budaun,Uttar Pradesh,27.774229,79.263423,MoPR_LGD_and_ISRO_Bhuvan,LGD_2026_Bhuvan_2024,1015,MATCHED_AUTHORITATIVE_BOUNDARY
1016,Wazirganj,Budaun,Uttar Pradesh,28.225459,79.045123,MoPR_LGD_and_ISRO_Bhuvan,LGD_2026_Bhuvan_2024,1016,MATCHED_AUTHORITATIVE_BOUNDARY
1017,Agauta,Bulandshahr,Uttar Pradesh,28.517665,77.880949,MoPR_LGD_and_ISRO_Bhuvan,LGD_2026_Bhuvan_2024,1017,MATCHED_AUTHORITATIVE_BOUNDARY
1018,Anupshahr,Bulandshahr,Uttar Pradesh,28.384025,78.211487,MoPR_LGD_and_ISRO_Bhuvan,LGD_2026_Bhuvan_2024,1018,MATCHED_AUTHORITATIVE_BOUNDARY
1019,Araniya,Bulandshahr,Uttar Pradesh,28.172757,77.945618,MoPR_LGD_and_ISRO_Bhuvan,LGD_2026_Bhuvan_2024,1019,MATCHED_AUTHORITATIVE_BOUNDARY
1020,Bhawan Bahadur Nagar,Bulandshahr,Uttar Pradesh,28.639338,77.931536,MoPR_LGD_and_ISRO_Bhuvan,LGD_2026_Bhuvan_2024,1020,MATCHED_AUTHORITATIVE_BOUNDARY
1021,Bulandshahr,Bulandshahr,Uttar Pradesh,28.380269,77.860385,MoPR_LGD_and_ISRO_Bhuvan,LGD_2026_Bhuvan_2024,1021,MATCHED_AUTHORITATIVE_BOUNDARY
1022,Danpur,Bulandshahr,Uttar Pradesh,28.208363,78.222601,MoPR_LGD_and_ISRO_Bhuvan,LGD_2026_Bhuvan_2024,1022,MATCHED_AUTHORITATIVE_BOUNDARY
1023,Dibai,Bulandshahr,Uttar Pradesh,28.190792,78.347964,MoPR_LGD_and_ISRO_Bhuvan,LGD_2026_Bhuvan_2024,1023,MATCHED_AUTHORITATIVE_BOUNDARY
1024,Gulaothi,Bulandshahr,Uttar Pradesh,28.543161,77.795538,MoPR_LGD_and_ISRO_Bhuvan,LGD_2026_Bhuvan_2024,1024,MATCHED_AUTHORITATIVE_BOUNDARY
1025,Jahangirabad,Bulandshahr,Uttar Pradesh,28.453696,78.062583,MoPR_LGD_and_ISRO_Bhuvan,LGD_2026_Bhuvan_2024,1025,MATCHED_AUTHORITATIVE_BOUNDARY
1026,Khurja,Bulandshahr,Uttar Pradesh,28.231852,77.801673,MoPR_LGD_and_ISRO_Bhuvan,LGD_2026_Bhuvan_2024,1026,MATCHED_AUTHORITATIVE_BOUNDARY
1027,Lakhaothi,Bulandshahr,Uttar Pradesh,28.455422,77.962305,MoPR_LGD_and_ISRO_Bhuvan,LGD_2026_Bhuvan_2024,1027,MATCHED_AUTHORITATIVE_BOUNDARY
1028,Pahasu,Bulandshahr,Uttar Pradesh,28.169982,78.102271,MoPR_LGD_and_ISRO_Bhuvan,LGD_2026_Bhuvan_2024,1028,MATCHED_AUTHORITATIVE_BOUNDARY
1029,Shikarpur,Bulandshahr,Uttar Pradesh,28.312602,78.023407,MoPR_LGD_and_ISRO_Bhuvan,LGD_2026_Bhuvan_2024,1029,MATCHED_AUTHORITATIVE_BOUNDARY
1030,Sikandrabad,Bulandshahr,Uttar Pradesh,28.421341,77.731847,MoPR_LGD_and_ISRO_Bhuvan,LGD_2026_Bhuvan_2024,1030,MATCHED_AUTHORITATIVE_BOUNDARY
1031,Syana,Bulandshahr,Uttar Pradesh,28.612763,78.070341,MoPR_LGD_and_ISRO_Bhuvan,LGD_2026_Bhuvan_2024,1031,MATCHED_AUTHORITATIVE_BOUNDARY
1032,Unchagaon,Bulandshahr,Uttar Pradesh,28.521964,78.143779,MoPR_LGD_and_ISRO_Bhuvan,LGD_2026_Bhuvan_2024,1032,MATCHED_AUTHORITATIVE_BOUNDARY
1033,Berahani,Chandauli,Uttar Pradesh,25.306849,83.428778,MoPR_LGD_and_ISRO_Bhuvan,LGD_2026_Bhuvan_2024,1033,MATCHED_AUTHORITATIVE_BOUNDARY
1034,Chahniya,Chandauli,Uttar Pradesh,25.438492,83.211257,MoPR_LGD_and_ISRO_Bhuvan,LGD_2026_Bhuvan_2024,1034,MATCHED_AUTHORITATIVE_BOUNDARY
1035,Chakiya,Chandauli,Uttar Pradesh,25.068553,83.178988,MoPR_LGD_and_ISRO_Bhuvan,LGD_2026_Bhuvan_2024,1035,MATCHED_AUTHORITATIVE_BOUNDARY
1036,Chandauli,Chandauli,Uttar Pradesh,25.208913,83.264901,MoPR_LGD_and_ISRO_Bhuvan,LGD_2026_Bhuvan_2024,1036,MATCHED_AUTHORITATIVE_BOUNDARY
1037,Dhanapur,Chandauli,Uttar Pradesh,25.427774,83.376597,MoPR_LGD_and_ISRO_Bhuvan,LGD_2026_Bhuvan_2024,1037,MATCHED_AUTHORITATIVE_BOUNDARY
1038,Naugarh,Chandauli,Uttar Pradesh,24.867743,83.222464,MoPR_LGD_and_ISRO_Bhuvan,LGD_2026_Bhuvan_2024,1038,MATCHED_AUTHORITATIVE_BOUNDARY
1039,Niyamatabad,Chandauli,Uttar Pradesh,25.262416,83.108737,MoPR_LGD_and_ISRO_Bhuvan,LGD_2026_Bhuvan_2024,1039,MATCHED_AUTHORITATIVE_BOUNDARY
1040,Sahabganj,Chandauli,Uttar Pradesh,25.070022,83.298942,MoPR_LGD_and_ISRO_Bhuvan,LGD_2026_Bhuvan_2024,1040,MATCHED_AUTHORITATIVE_BOUNDARY
1041,Sakaldiha,Chandauli,Uttar Pradesh,25.31869,83.262643,MoPR_LGD_and_ISRO_Bhuvan,LGD_2026_Bhuvan_2024,1041,MATCHED_AUTHORITATIVE_BOUNDARY
1042,Karwi,Chitrakoot,Uttar Pradesh,25.235128,80.833684,MoPR_LGD_and_ISRO_Bhuvan,LGD_2026_Bhuvan_2024,1042,MATCHED_AUTHORITATIVE_BOUNDARY
1043,Manikpur,Chitrakoot,Uttar Pradesh,25.07422,81.053264,MoPR_LGD_and_ISRO_Bhuvan,LGD_2026_Bhuvan_2024,1043,MATCHED_AUTHORITATIVE_BOUNDARY
1044,Mau,Chitrakoot,Uttar Pradesh,25.214286,81.400052,MoPR_LGD_and_ISRO_Bhuvan,LGD_2026_Bhuvan_2024,1044,MATCHED_AUTHORITATIVE_BOUNDARY
1045,Pahari,Chitrakoot,Uttar Pradesh,25.394955,81.038366,MoPR_LGD_and_ISRO_Bhuvan,LGD_2026_Bhuvan_2024,1045,MATCHED_AUTHORITATIVE_BOUNDARY
1046,Ramnagar,Chitrakoot,Uttar Pradesh,25.272374,81.208399,MoPR_LGD_and_ISRO_Bhuvan,LGD_2026_Bhuvan_2024,1046,MATCHED_AUTHORITATIVE_BOUNDARY
1047,Baitalpur,Deoria,Uttar Pradesh,26.550763,83.718055,MoPR_LGD_and_ISRO_Bhuvan,LGD_2026_Bhuvan_2024,1047,MATCHED_AUTHORITATIVE_BOUNDARY
1048,Bankata,Deoria,Uttar Pradesh,26.301717,84.1229,MoPR_LGD_and_ISRO_Bhuvan,LGD_2026_Bhuvan_2024,1048,MATCHED_AUTHORITATIVE_BOUNDARY
1049,Barhaj,Deoria,Uttar Pradesh,26.301141,83.695386,MoPR_LGD_and_ISRO_Bhuvan,LGD_2026_Bhuvan_2024,1049,MATCHED_AUTHORITATIVE_BOUNDARY
1050,Bhagalpur,Deoria,Uttar Pradesh,26.239948,83.854533,MoPR_LGD_and_ISRO_Bhuvan,LGD_2026_Bhuvan_2024,1050,MATCHED_AUTHORITATIVE_BOUNDARY
1051,Bhaluani,Deoria,Uttar Pradesh,26.376333,83.759029,MoPR_LGD_and_ISRO_Bhuvan,LGD_2026_Bhuvan_2024,1051,MATCHED_AUTHORITATIVE_BOUNDARY
1052,Bhatni,Deoria,Uttar Pradesh,26.397543,83.956965,MoPR_LGD_and_ISRO_Bhuvan,LGD_2026_Bhuvan_2024,1052,MATCHED_AUTHORITATIVE_BOUNDARY
1053,Bhatpar Rani,Deoria,Uttar Pradesh,26.320934,84.039022,MoPR_LGD_and_ISRO_Bhuvan,LGD_2026_Bhuvan_2024,1053,MATCHED_AUTHORITATIVE_BOUNDARY
1054,Deoria Sadar,Deoria,Uttar Pradesh,26.463888,83.794816,MoPR_LGD_and_ISRO_Bhuvan,LGD_2026_Bhuvan_2024,1054,MATCHED_AUTHORITATIVE_BOUNDARY
1055,Desai Deoria,Deoria,Uttar Pradesh,26.673232,83.822618,MoPR_LGD_and_ISRO_Bhuvan,LGD_2026_Bhuvan_2024,1055,MATCHED_AUTHORITATIVE_BOUNDARY
1056,Gauri Bazar,Deoria,Uttar Pradesh,26.586127,83.663431,MoPR_LGD_and_ISRO_Bhuvan,LGD_2026_Bhuvan_2024,1056,MATCHED_AUTHORITATIVE_BOUNDARY
1057,Lar,Deoria,Uttar Pradesh,26.178889,83.974054,MoPR_LGD_and_ISRO_Bhuvan,LGD_2026_Bhuvan_2024,1057,MATCHED_AUTHORITATIVE_BOUNDARY
1058,Pathar Dewa,Deoria,Uttar Pradesh,26.563418,83.952283,MoPR_LGD_and_ISRO_Bhuvan,LGD_2026_Bhuvan_2024,1058,MATCHED_AUTHORITATIVE_BOUNDARY
1059,Rampur Karkhana,Deoria,Uttar Pradesh,26.552509,83.839925,MoPR_LGD_and_ISRO_Bhuvan,LGD_2026_Bhuvan_2024,1059,MATCHED_AUTHORITATIVE_BOUNDARY
1060,Rudrapur,Deoria,Uttar Pradesh,26.433743,83.569211,MoPR_LGD_and_ISRO_Bhuvan,LGD_2026_Bhuvan_2024,1060,MATCHED_AUTHORITATIVE_BOUNDARY
1061,Salempur,Deoria,Uttar Pradesh,26.313802,83.910215,MoPR_LGD_and_ISRO_Bhuvan,LGD_2026_Bhuvan_2024,1061,MATCHED_AUTHORITATIVE_BOUNDARY
1062,Tarkalua,Deoria,Uttar Pradesh,26.661126,83.906882,MoPR_LGD_and_ISRO_Bhuvan,LGD_2026_Bhuvan_2024,1062,MATCHED_AUTHORITATIVE_BOUNDARY
1063,Aliganj,Etah,Uttar Pradesh,27.467428,79.180257,MoPR_LGD_and_ISRO_Bhuvan,LGD_2026_Bhuvan_2024,1063,MATCHED_AUTHORITATIVE_BOUNDARY
1065,Awagarh,Etah,Uttar Pradesh,27.469713,78.412079,MoPR_LGD_and_ISRO_Bhuvan,LGD_2026_Bhuvan_2024,1065,MATCHED_AUTHORITATIVE_BOUNDARY
1067,Jaithara,Etah,Uttar Pradesh,27.504333,79.006359,MoPR_LGD_and_ISRO_Bhuvan,LGD_2026_Bhuvan_2024,1067,MATCHED_AUTHORITATIVE_BOUNDARY
1068,Jalesar,Etah,Uttar Pradesh,27.460856,78.279915,MoPR_LGD_and_ISRO_Bhuvan,LGD_2026_Bhuvan_2024,1068,MATCHED_AUTHORITATIVE_BOUNDARY
1070,Marehra,Etah,Uttar Pradesh,27.697503,78.622369,MoPR_LGD_and_ISRO_Bhuvan,LGD_2026_Bhuvan_2024,1070,MATCHED_AUTHORITATIVE_BOUNDARY
1071,Nidhauli Kalan,Etah,Uttar Pradesh,27.575017,78.538062,MoPR_LGD_and_ISRO_Bhuvan,LGD_2026_Bhuvan_2024,1071,MATCHED_AUTHORITATIVE_BOUNDARY
1074,Sakit,Etah,Uttar Pradesh,27.443957,78.765656,MoPR_LGD_and_ISRO_Bhuvan,LGD_2026_Bhuvan_2024,1074,MATCHED_AUTHORITATIVE_BOUNDARY
1075,Shitalpur,Etah,Uttar Pradesh,27.565947,78.74945,MoPR_LGD_and_ISRO_Bhuvan,LGD_2026_Bhuvan_2024,1075,MATCHED_AUTHORITATIVE_BOUNDARY
1078,Barhpura,Etawah,Uttar Pradesh,26.749207,78.948837,MoPR_LGD_and_ISRO_Bhuvan,LGD_2026_Bhuvan_2024,1078,MATCHED_AUTHORITATIVE_BOUNDARY
1079,Basrehar,Etawah,Uttar Pradesh,26.871807,79.116632,MoPR_LGD_and_ISRO_Bhuvan,LGD_2026_Bhuvan_2024,1079,MATCHED_AUTHORITATIVE_BOUNDARY
1080,Bharthana,Etawah,Uttar Pradesh,26.768697,79.224838,MoPR_LGD_and_ISRO_Bhuvan,LGD_2026_Bhuvan_2024,1080,MATCHED_AUTHORITATIVE_BOUNDARY
1081,Chakarnagar,Etawah,Uttar Pradesh,26.525766,79.130819,MoPR_LGD_and_ISRO_Bhuvan,LGD_2026_Bhuvan_2024,1081,MATCHED_AUTHORITATIVE_BOUNDARY
1082,Jaswantnagar,Etawah,Uttar Pradesh,26.889006,78.874522,MoPR_LGD_and_ISRO_Bhuvan,LGD_2026_Bhuvan_2024,1082,MATCHED_AUTHORITATIVE_BOUNDARY
1083,Mahewa,Etawah,Uttar Pradesh,26.654216,79.17493,MoPR_LGD_and_ISRO_Bhuvan,LGD_2026_Bhuvan_2024,1083,MATCHED_AUTHORITATIVE_BOUNDARY
1084,Sefai,Etawah,Uttar Pradesh,26.928228,79.015846,MoPR_LGD_and_ISRO_Bhuvan,LGD_2026_Bhuvan_2024,1084,MATCHED_AUTHORITATIVE_BOUNDARY
1085,Takha,Etawah,Uttar Pradesh,26.89962,79.269482,MoPR_LGD_and_ISRO_Bhuvan,LGD_2026_Bhuvan_2024,1085,MATCHED_AUTHORITATIVE_BOUNDARY
1096,Barhpur,Farrukhabad,Uttar Pradesh,27.388144,79.572978,MoPR_LGD_and_ISRO_Bhuvan,LGD_2026_Bhuvan_2024,1096,MATCHED_AUTHORITATIVE_BOUNDARY
1097,Kaimganj,Farrukhabad,Uttar Pradesh,27.611357,79.262763,MoPR_LGD_and_ISRO_Bhuvan,LGD_2026_Bhuvan_2024,1097,MATCHED_AUTHORITATIVE_BOUNDARY
1098,Kamalganj,Farrukhabad,Uttar Pradesh,27.245705,79.577356,MoPR_LGD_and_ISRO_Bhuvan,LGD_2026_Bhuvan_2024,1098,MATCHED_AUTHORITATIVE_BOUNDARY
1099,Mohamdabad,Farrukhabad,Uttar Pradesh,27.32018,79.401023,MoPR_LGD_and_ISRO_Bhuvan,LGD_2026_Bhuvan_2024,1099,MATCHED_AUTHORITATIVE_BOUNDARY
1100,Nawabganj,Farrukhabad,Uttar Pradesh,27.444665,79.334802,MoPR_LGD_and_ISRO_Bhuvan,LGD_2026_Bhuvan_2024,1100,MATCHED_AUTHORITATIVE_BOUNDARY
1101,Rajepur,Farrukhabad,Uttar Pradesh,27.46034,79.641266,MoPR_LGD_and_ISRO_Bhuvan,LGD_2026_Bhuvan_2024,1101,MATCHED_AUTHORITATIVE_BOUNDARY
1102,Shamsabad,Farrukhabad,Uttar Pradesh,27.527677,79.465238,MoPR_LGD_and_ISRO_Bhuvan,LGD_2026_Bhuvan_2024,1102,MATCHED_AUTHORITATIVE_BOUNDARY
1103,Airayan,Fatehpur,Uttar Pradesh,25.783189,81.192671,MoPR_LGD_and_ISRO_Bhuvan,LGD_2026_Bhuvan_2024,1103,MATCHED_AUTHORITATIVE_BOUNDARY
1104,Amauli,Fatehpur,Uttar Pradesh,25.996876,80.351945,MoPR_LGD_and_ISRO_Bhuvan,LGD_2026_Bhuvan_2024,1104,MATCHED_AUTHORITATIVE_BOUNDARY
1105,Asothar,Fatehpur,Uttar Pradesh,25.742953,80.827884,MoPR_LGD_and_ISRO_Bhuvan,LGD_2026_Bhuvan_2024,1105,MATCHED_AUTHORITATIVE_BOUNDARY
1106,Bahua,Fatehpur,Uttar Pradesh,25.824104,80.698927,MoPR_LGD_and_ISRO_Bhuvan,LGD_2026_Bhuvan_2024,1106,MATCHED_AUTHORITATIVE_BOUNDARY
1107,Bhitaura,Fatehpur,Uttar Pradesh,25.983702,80.950992,MoPR_LGD_and_ISRO_Bhuvan,LGD_2026_Bhuvan_2024,1107,MATCHED_AUTHORITATIVE_BOUNDARY
1108,Devmai,Fatehpur,Uttar Pradesh,26.125114,80.452927,MoPR_LGD_and_ISRO_Bhuvan,LGD_2026_Bhuvan_2024,1108,MATCHED_AUTHORITATIVE_BOUNDARY
1109,Dhata,Fatehpur,Uttar Pradesh,25.583297,81.176123,MoPR_LGD_and_ISRO_Bhuvan,LGD_2026_Bhuvan_2024,1109,MATCHED_AUTHORITATIVE_BOUNDARY
1110,Haswa,Fatehpur,Uttar Pradesh,25.828123,80.921813,MoPR_LGD_and_ISRO_Bhuvan,LGD_2026_Bhuvan_2024,1110,MATCHED_AUTHORITATIVE_BOUNDARY
1111,Hathgaon,Fatehpur,Uttar Pradesh,25.902429,81.112404,MoPR_LGD_and_ISRO_Bhuvan,LGD_2026_Bhuvan_2024,1111,MATCHED_AUTHORITATIVE_BOUNDARY
1112,Khajuha,Fatehpur,Uttar Pradesh,25.951927,80.528859,MoPR_LGD_and_ISRO_Bhuvan,LGD_2026_Bhuvan_2024,1112,MATCHED_AUTHORITATIVE_BOUNDARY
1113,Malwan,Fatehpur,Uttar Pradesh,26.076067,80.638421,MoPR_LGD_and_ISRO_Bhuvan,LGD_2026_Bhuvan_2024,1113,MATCHED_AUTHORITATIVE_BOUNDARY
1114,Telyani,Fatehpur,Uttar Pradesh,25.952502,80.767241,MoPR_LGD_and_ISRO_Bhuvan,LGD_2026_Bhuvan_2024,1114,MATCHED_AUTHORITATIVE_BOUNDARY
1115,Vijayipur,Fatehpur,Uttar Pradesh,25.665746,81.045707,MoPR_LGD_and_ISRO_Bhuvan,LGD_2026_Bhuvan_2024,1115,MATCHED_AUTHORITATIVE_BOUNDARY
1116,Araon,Firozabad,Uttar Pradesh,27.10895,78.719963,MoPR_LGD_and_ISRO_Bhuvan,LGD_2026_Bhuvan_2024,1116,MATCHED_AUTHORITATIVE_BOUNDARY
1117,Eka,Firozabad,Uttar Pradesh,27.385279,78.595914,MoPR_LGD_and_ISRO_Bhuvan,LGD_2026_Bhuvan_2024,1117,MATCHED_AUTHORITATIVE_BOUNDARY
1118,Firozabad,Firozabad,Uttar Pradesh,27.109569,78.403376,MoPR_LGD_and_ISRO_Bhuvan,LGD_2026_Bhuvan_2024,1118,MATCHED_AUTHORITATIVE_BOUNDARY
1119,Hathwant,Firozabad,Uttar Pradesh,27.23245,78.514133,MoPR_LGD_and_ISRO_Bhuvan,LGD_2026_Bhuvan_2024,1119,MATCHED_AUTHORITATIVE_BOUNDARY
1120,Jasrana,Firozabad,Uttar Pradesh,27.231402,78.651522,MoPR_LGD_and_ISRO_Bhuvan,LGD_2026_Bhuvan_2024,1120,MATCHED_AUTHORITATIVE_BOUNDARY
1121,Madanpur,Firozabad,Uttar Pradesh,26.984916,78.68229,MoPR_LGD_and_ISRO_Bhuvan,LGD_2026_Bhuvan_2024,1121,MATCHED_AUTHORITATIVE_BOUNDARY
1122,Narkhi,Firozabad,Uttar Pradesh,27.272166,78.416934,MoPR_LGD_and_ISRO_Bhuvan,LGD_2026_Bhuvan_2024,1122,MATCHED_AUTHORITATIVE_BOUNDARY
1123,Shikohabad,Firozabad,Uttar Pradesh,27.062721,78.55673,MoPR_LGD_and_ISRO_Bhuvan,LGD_2026_Bhuvan_2024,1123,MATCHED_AUTHORITATIVE_BOUNDARY
1124,Tundla,Firozabad,Uttar Pradesh,27.244196,78.283909,MoPR_LGD_and_ISRO_Bhuvan,LGD_2026_Bhuvan_2024,1124,MATCHED_AUTHORITATIVE_BOUNDARY
1125,Bisrakh,Gautam Buddha Nagar,Uttar Pradesh,28.559363,77.440655,MoPR_LGD_and_ISRO_Bhuvan,LGD_2026_Bhuvan_2024,1125,MATCHED_AUTHORITATIVE_BOUNDARY
1126,Dadri,Gautam Buddha Nagar,Uttar Pradesh,28.538964,77.603883,MoPR_LGD_and_ISRO_Bhuvan,LGD_2026_Bhuvan_2024,1126,MATCHED_AUTHORITATIVE_BOUNDARY
1128,Jewar,Gautam Buddha Nagar,Uttar Pradesh,28.177483,77.611653,MoPR_LGD_and_ISRO_Bhuvan,LGD_2026_Bhuvan_2024,1128,MATCHED_AUTHORITATIVE_BOUNDARY
1129,Bhojpur,Ghaziabad,Uttar Pradesh,28.809551,77.626252,MoPR_LGD_and_ISRO_Bhuvan,LGD_2026_Bhuvan_2024,1129,MATCHED_AUTHORITATIVE_BOUNDARY
1133,Loni,Ghaziabad,Uttar Pradesh,28.734918,77.326263,MoPR_LGD_and_ISRO_Bhuvan,LGD_2026_Bhuvan_2024,1133,MATCHED_AUTHORITATIVE_BOUNDARY
1134,Muradnagar,Ghaziabad,Uttar Pradesh,28.826103,77.478517,MoPR_LGD_and_ISRO_Bhuvan,LGD_2026_Bhuvan_2024,1134,MATCHED_AUTHORITATIVE_BOUNDARY
1135,Rajapur,Ghaziabad,Uttar Pradesh,28.705053,77.489455,MoPR_LGD_and_ISRO_Bhuvan,LGD_2026_Bhuvan_2024,1135,MATCHED_AUTHORITATIVE_BOUNDARY
1137,Bhadaura,Ghazipur,Uttar Pradesh,25.453709,83.758953,MoPR_LGD_and_ISRO_Bhuvan,LGD_2026_Bhuvan_2024,1137,MATCHED_AUTHORITATIVE_BOUNDARY
1138,Bhanwarkol,Ghazipur,Uttar Pradesh,25.604216,83.865117,MoPR_LGD_and_ISRO_Bhuvan,LGD_2026_Bhuvan_2024,1138,MATCHED_AUTHORITATIVE_BOUNDARY
1139,Devkali,Ghazipur,Uttar Pradesh,25.552298,83.353088,MoPR_LGD_and_ISRO_Bhuvan,LGD_2026_Bhuvan_2024,1139,MATCHED_AUTHORITATIVE_BOUNDARY
1140,Ghazipur,Ghazipur,Uttar Pradesh,25.60268,83.570716,MoPR_LGD_and_ISRO_Bhuvan,LGD_2026_Bhuvan_2024,1140,MATCHED_AUTHORITATIVE_BOUNDARY
1141,Jakhania,Ghazipur,Uttar Pradesh,25.771621,83.392383,MoPR_LGD_and_ISRO_Bhuvan,LGD_2026_Bhuvan_2024,1141,MATCHED_AUTHORITATIVE_BOUNDARY
1142,Karanda,Ghazipur,Uttar Pradesh,25.49025,83.472276,MoPR_LGD_and_ISRO_Bhuvan,LGD_2026_Bhuvan_2024,1142,MATCHED_AUTHORITATIVE_BOUNDARY
1143,Kasimabad,Ghazipur,Uttar Pradesh,25.789078,83.692424,MoPR_LGD_and_ISRO_Bhuvan,LGD_2026_Bhuvan_2024,1143,MATCHED_AUTHORITATIVE_BOUNDARY
1144,Manihari,Ghazipur,Uttar Pradesh,25.66536,83.426294,MoPR_LGD_and_ISRO_Bhuvan,LGD_2026_Bhuvan_2024,1144,MATCHED_AUTHORITATIVE_BOUNDARY
1145,Mardah,Ghazipur,Uttar Pradesh,25.7785,83.588887,MoPR_LGD_and_ISRO_Bhuvan,LGD_2026_Bhuvan_2024,1145,MATCHED_AUTHORITATIVE_BOUNDARY
1146,Mohammadabad,Ghazipur,Uttar Pradesh,25.64741,83.73618,MoPR_LGD_and_ISRO_Bhuvan,LGD_2026_Bhuvan_2024,1146,MATCHED_AUTHORITATIVE_BOUNDARY
1147,Revatipur,Ghazipur,Uttar Pradesh,25.53286,83.683856,MoPR_LGD_and_ISRO_Bhuvan,LGD_2026_Bhuvan_2024,1147,MATCHED_AUTHORITATIVE_BOUNDARY
1148,Sadat,Ghazipur,Uttar Pradesh,25.674401,83.254367,MoPR_LGD_and_ISRO_Bhuvan,LGD_2026_Bhuvan_2024,1148,MATCHED_AUTHORITATIVE_BOUNDARY
1149,Saidpur,Ghazipur,Uttar Pradesh,25.575751,83.153219,MoPR_LGD_and_ISRO_Bhuvan,LGD_2026_Bhuvan_2024,1149,MATCHED_AUTHORITATIVE_BOUNDARY
1150,Varachakwar,Ghazipur,Uttar Pradesh,25.734656,83.835028,MoPR_LGD_and_ISRO_Bhuvan,LGD_2026_Bhuvan_2024,1150,MATCHED_AUTHORITATIVE_BOUNDARY
1151,Virno,Ghazipur,Uttar Pradesh,25.749236,83.52841,MoPR_LGD_and_ISRO_Bhuvan,LGD_2026_Bhuvan_2024,1151,MATCHED_AUTHORITATIVE_BOUNDARY
1152,Zamania,Ghazipur,Uttar Pradesh,25.434976,83.582986,MoPR_LGD_and_ISRO_Bhuvan,LGD_2026_Bhuvan_2024,1152,MATCHED_AUTHORITATIVE_BOUNDARY
1153,Babhanjot,Gonda,Uttar Pradesh,27.064242,82.484929,MoPR_LGD_and_ISRO_Bhuvan,LGD_2026_Bhuvan_2024,1153,MATCHED_AUTHORITATIVE_BOUNDARY
1154,Belsar,Gonda,Uttar Pradesh,26.935257,81.881482,MoPR_LGD_and_ISRO_Bhuvan,LGD_2026_Bhuvan_2024,1154,MATCHED_AUTHORITATIVE_BOUNDARY
1155,Chhapia,Gonda,Uttar Pradesh,26.976285,82.415556,MoPR_LGD_and_ISRO_Bhuvan,LGD_2026_Bhuvan_2024,1155,MATCHED_AUTHORITATIVE_BOUNDARY
1156,Colonelganj,Gonda,Uttar Pradesh,27.078578,81.644809,MoPR_LGD_and_ISRO_Bhuvan,LGD_2026_Bhuvan_2024,1156,MATCHED_AUTHORITATIVE_BOUNDARY
1157,Haldharmau,Gonda,Uttar Pradesh,27.149469,81.757054,MoPR_LGD_and_ISRO_Bhuvan,LGD_2026_Bhuvan_2024,1157,MATCHED_AUTHORITATIVE_BOUNDARY
1158,Itiathok,Gonda,Uttar Pradesh,27.292106,82.101739,MoPR_LGD_and_ISRO_Bhuvan,LGD_2026_Bhuvan_2024,1158,MATCHED_AUTHORITATIVE_BOUNDARY
1159,Jhanjhari,Gonda,Uttar Pradesh,27.110079,81.986219,MoPR_LGD_and_ISRO_Bhuvan,LGD_2026_Bhuvan_2024,1159,MATCHED_AUTHORITATIVE_BOUNDARY
1160,Katra Bazar,Gonda,Uttar Pradesh,27.231746,81.790209,MoPR_LGD_and_ISRO_Bhuvan,LGD_2026_Bhuvan_2024,1160,MATCHED_AUTHORITATIVE_BOUNDARY
1161,Mankapur,Gonda,Uttar Pradesh,27.06618,82.233501,MoPR_LGD_and_ISRO_Bhuvan,LGD_2026_Bhuvan_2024,1161,MATCHED_AUTHORITATIVE_BOUNDARY
1162,Mujehana,Gonda,Uttar Pradesh,27.197193,82.170735,MoPR_LGD_and_ISRO_Bhuvan,LGD_2026_Bhuvan_2024,1162,MATCHED_AUTHORITATIVE_BOUNDARY
1163,Nawabganj,Gonda,Uttar Pradesh,26.891588,82.163303,MoPR_LGD_and_ISRO_Bhuvan,LGD_2026_Bhuvan_2024,1163,MATCHED_AUTHORITATIVE_BOUNDARY
1164,Pandri Kripal,Gonda,Uttar Pradesh,27.188734,82.0114,MoPR_LGD_and_ISRO_Bhuvan,LGD_2026_Bhuvan_2024,1164,MATCHED_AUTHORITATIVE_BOUNDARY
1165,Paraspur,Gonda,Uttar Pradesh,27.017344,81.800886,MoPR_LGD_and_ISRO_Bhuvan,LGD_2026_Bhuvan_2024,1165,MATCHED_AUTHORITATIVE_BOUNDARY
1166,Rupaideeh,Gonda,Uttar Pradesh,27.334613,81.965896,MoPR_LGD_and_ISRO_Bhuvan,LGD_2026_Bhuvan_2024,1166,MATCHED_AUTHORITATIVE_BOUNDARY
1167,Tarabganj,Gonda,Uttar Pradesh,26.906447,81.991923,MoPR_LGD_and_ISRO_Bhuvan,LGD_2026_Bhuvan_2024,1167,MATCHED_AUTHORITATIVE_BOUNDARY
1168,Wazirganj,Gonda,Uttar Pradesh,26.974114,82.105299,MoPR_LGD_and_ISRO_Bhuvan,LGD_2026_Bhuvan_2024,1168,MATCHED_AUTHORITATIVE_BOUNDARY
1169,Bansgaon,Gorakhpur,Uttar Pradesh,26.561601,83.337979,MoPR_LGD_and_ISRO_Bhuvan,LGD_2026_Bhuvan_2024,1169,MATCHED_AUTHORITATIVE_BOUNDARY
1170,Barhalganj,Gorakhpur,Uttar Pradesh,26.309356,83.555673,MoPR_LGD_and_ISRO_Bhuvan,LGD_2026_Bhuvan_2024,1170,MATCHED_AUTHORITATIVE_BOUNDARY
1171,Belghat,Gorakhpur,Uttar Pradesh,26.451137,83.164928,MoPR_LGD_and_ISRO_Bhuvan,LGD_2026_Bhuvan_2024,1171,MATCHED_AUTHORITATIVE_BOUNDARY
7480,Bharohiya,Gorakhpur,Uttar Pradesh,,,MoPR_LGD_and_ISRO_Bhuvan,LGD_2026_Bhuvan_2024,7480,PENDING_OFFICIAL_BOUNDARY_MATCH
1172,Bhathat,Gorakhpur,Uttar Pradesh,26.889819,83.458429,MoPR_LGD_and_ISRO_Bhuvan,LGD_2026_Bhuvan_2024,1172,MATCHED_AUTHORITATIVE_BOUNDARY
1173,Brahmpur,Gorakhpur,Uttar Pradesh,26.560824,83.539753,MoPR_LGD_and_ISRO_Bhuvan,LGD_2026_Bhuvan_2024,1173,MATCHED_AUTHORITATIVE_BOUNDARY
1174,Campierganj,Gorakhpur,Uttar Pradesh,27.028626,83.261287,MoPR_LGD_and_ISRO_Bhuvan,LGD_2026_Bhuvan_2024,1174,MATCHED_AUTHORITATIVE_BOUNDARY
1175,Chargawan,Gorakhpur,Uttar Pradesh,26.806035,83.390883,MoPR_LGD_and_ISRO_Bhuvan,LGD_2026_Bhuvan_2024,1175,MATCHED_AUTHORITATIVE_BOUNDARY
1176,Gagaha,Gorakhpur,Uttar Pradesh,26.408865,83.426704,MoPR_LGD_and_ISRO_Bhuvan,LGD_2026_Bhuvan_2024,1176,MATCHED_AUTHORITATIVE_BOUNDARY
1177,Gola,Gorakhpur,Uttar Pradesh,26.366765,83.363298,MoPR_LGD_and_ISRO_Bhuvan,LGD_2026_Bhuvan_2024,1177,MATCHED_AUTHORITATIVE_BOUNDARY
1178,Jangal Kaudia,Gorakhpur,Uttar Pradesh,26.86949,83.285289,MoPR_LGD_and_ISRO_Bhuvan,LGD_2026_Bhuvan_2024,1178,MATCHED_AUTHORITATIVE_BOUNDARY
1179,Kauri Ram,Gorakhpur,Uttar Pradesh,26.536543,83.423998,MoPR_LGD_and_ISRO_Bhuvan,LGD_2026_Bhuvan_2024,1179,MATCHED_AUTHORITATIVE_BOUNDARY
1180,Khajni,Gorakhpur,Uttar Pradesh,26.624167,83.215192,MoPR_LGD_and_ISRO_Bhuvan,LGD_2026_Bhuvan_2024,1180,MATCHED_AUTHORITATIVE_BOUNDARY
1181,Khorabar,Gorakhpur,Uttar Pradesh,26.6719,83.453223,MoPR_LGD_and_ISRO_Bhuvan,LGD_2026_Bhuvan_2024,1181,MATCHED_AUTHORITATIVE_BOUNDARY
1182,Pali,Gorakhpur,Uttar Pradesh,26.828409,83.178972,MoPR_LGD_and_ISRO_Bhuvan,LGD_2026_Bhuvan_2024,1182,MATCHED_AUTHORITATIVE_BOUNDARY
1183,Pipraich,Gorakhpur,Uttar Pradesh,26.772879,83.524966,MoPR_LGD_and_ISRO_Bhuvan,LGD_2026_Bhuvan_2024,1183,MATCHED_AUTHORITATIVE_BOUNDARY
1184,Piprauli,Gorakhpur,Uttar Pradesh,26.691311,83.315409,MoPR_LGD_and_ISRO_Bhuvan,LGD_2026_Bhuvan_2024,1184,MATCHED_AUTHORITATIVE_BOUNDARY
1185,Sahjanawa,Gorakhpur,Uttar Pradesh,26.706896,83.16535,MoPR_LGD_and_ISRO_Bhuvan,LGD_2026_Bhuvan_2024,1185,MATCHED_AUTHORITATIVE_BOUNDARY
1186,Sardarnagar,Gorakhpur,Uttar Pradesh,26.680782,83.576371,MoPR_LGD_and_ISRO_Bhuvan,LGD_2026_Bhuvan_2024,1186,MATCHED_AUTHORITATIVE_BOUNDARY
1187,Uruwa,Gorakhpur,Uttar Pradesh,26.486218,83.261037,MoPR_LGD_and_ISRO_Bhuvan,LGD_2026_Bhuvan_2024,1187,MATCHED_AUTHORITATIVE_BOUNDARY
1188,Gohand,Hamirpur,Uttar Pradesh,25.701336,79.554611,MoPR_LGD_and_ISRO_Bhuvan,LGD_2026_Bhuvan_2024,1188,MATCHED_AUTHORITATIVE_BOUNDARY
1189,Kurara,Hamirpur,Uttar Pradesh,25.980122,80.002269,MoPR_LGD_and_ISRO_Bhuvan,LGD_2026_Bhuvan_2024,1189,MATCHED_AUTHORITATIVE_BOUNDARY
1190,Maudaha,Hamirpur,Uttar Pradesh,25.657109,80.137362,MoPR_LGD_and_ISRO_Bhuvan,LGD_2026_Bhuvan_2024,1190,MATCHED_AUTHORITATIVE_BOUNDARY
1191,Muskara,Hamirpur,Uttar Pradesh,25.703992,79.869095,MoPR_LGD_and_ISRO_Bhuvan,LGD_2026_Bhuvan_2024,1191,MATCHED_AUTHORITATIVE_BOUNDARY
1192,Rath,Hamirpur,Uttar Pradesh,25.575725,79.509076,MoPR_LGD_and_ISRO_Bhuvan,LGD_2026_Bhuvan_2024,1192,MATCHED_AUTHORITATIVE_BOUNDARY
1193,Sarila,Hamirpur,Uttar Pradesh,25.811916,79.702604,MoPR_LGD_and_ISRO_Bhuvan,LGD_2026_Bhuvan_2024,1193,MATCHED_AUTHORITATIVE_BOUNDARY
1194,Sumerpur,Hamirpur,Uttar Pradesh,25.834925,80.147428,MoPR_LGD_and_ISRO_Bhuvan,LGD_2026_Bhuvan_2024,1194,MATCHED_AUTHORITATIVE_BOUNDARY
1130,Dhaulana,Hapur,Uttar Pradesh,28.646262,77.657927,MoPR_LGD_and_ISRO_Bhuvan,LGD_2026_Bhuvan_2024,1130,MATCHED_AUTHORITATIVE_BOUNDARY
1131,Garh Mukteshwar,Hapur,Uttar Pradesh,28.76307,78.090741,MoPR_LGD_and_ISRO_Bhuvan,LGD_2026_Bhuvan_2024,1131,MATCHED_AUTHORITATIVE_BOUNDARY
1132,Hapur,Hapur,Uttar Pradesh,28.696878,77.809446,MoPR_LGD_and_ISRO_Bhuvan,LGD_2026_Bhuvan_2024,1132,MATCHED_AUTHORITATIVE_BOUNDARY
1136,Simbhawali,Hapur,Uttar Pradesh,28.770844,77.944349,MoPR_LGD_and_ISRO_Bhuvan,LGD_2026_Bhuvan_2024,1136,MATCHED_AUTHORITATIVE_BOUNDARY
1195,Ahirori,Hardoi,Uttar Pradesh,27.315135,80.298887,MoPR_LGD_and_ISRO_Bhuvan,LGD_2026_Bhuvan_2024,1195,MATCHED_AUTHORITATIVE_BOUNDARY
1196,Bawan,Hardoi,Uttar Pradesh,27.426828,80.006708,MoPR_LGD_and_ISRO_Bhuvan,LGD_2026_Bhuvan_2024,1196,MATCHED_AUTHORITATIVE_BOUNDARY
1197,Behendar,Hardoi,Uttar Pradesh,27.019765,80.390938,MoPR_LGD_and_ISRO_Bhuvan,LGD_2026_Bhuvan_2024,1197,MATCHED_AUTHORITATIVE_BOUNDARY
1198,Bharawan,Hardoi,Uttar Pradesh,27.156984,80.694202,MoPR_LGD_and_ISRO_Bhuvan,LGD_2026_Bhuvan_2024,1198,MATCHED_AUTHORITATIVE_BOUNDARY
1199,Bharkhani,Hardoi,Uttar Pradesh,27.554472,79.790861,MoPR_LGD_and_ISRO_Bhuvan,LGD_2026_Bhuvan_2024,1199,MATCHED_AUTHORITATIVE_BOUNDARY
1200,Bilgram,Hardoi,Uttar Pradesh,27.187207,80.013663,MoPR_LGD_and_ISRO_Bhuvan,LGD_2026_Bhuvan_2024,1200,MATCHED_AUTHORITATIVE_BOUNDARY
1201,Hariyawan,Hardoi,Uttar Pradesh,27.540984,80.203857,MoPR_LGD_and_ISRO_Bhuvan,LGD_2026_Bhuvan_2024,1201,MATCHED_AUTHORITATIVE_BOUNDARY
1202,Harpalpur,Hardoi,Uttar Pradesh,27.32561,79.777068,MoPR_LGD_and_ISRO_Bhuvan,LGD_2026_Bhuvan_2024,1202,MATCHED_AUTHORITATIVE_BOUNDARY
1203,Kachauna,Hardoi,Uttar Pradesh,27.158177,80.344043,MoPR_LGD_and_ISRO_Bhuvan,LGD_2026_Bhuvan_2024,1203,MATCHED_AUTHORITATIVE_BOUNDARY
1204,Kothawan,Hardoi,Uttar Pradesh,27.247253,80.489332,MoPR_LGD_and_ISRO_Bhuvan,LGD_2026_Bhuvan_2024,1204,MATCHED_AUTHORITATIVE_BOUNDARY
1205,Madhoganj,Hardoi,Uttar Pradesh,27.056726,80.040018,MoPR_LGD_and_ISRO_Bhuvan,LGD_2026_Bhuvan_2024,1205,MATCHED_AUTHORITATIVE_BOUNDARY
1206,Mallawan,Hardoi,Uttar Pradesh,27.038203,80.185596,MoPR_LGD_and_ISRO_Bhuvan,LGD_2026_Bhuvan_2024,1206,MATCHED_AUTHORITATIVE_BOUNDARY
1207,Pihani,Hardoi,Uttar Pradesh,27.661199,80.193325,MoPR_LGD_and_ISRO_Bhuvan,LGD_2026_Bhuvan_2024,1207,MATCHED_AUTHORITATIVE_BOUNDARY
1208,Sandi,Hardoi,Uttar Pradesh,27.26585,79.908283,MoPR_LGD_and_ISRO_Bhuvan,LGD_2026_Bhuvan_2024,1208,MATCHED_AUTHORITATIVE_BOUNDARY
1209,Sandila,Hardoi,Uttar Pradesh,27.090645,80.537202,MoPR_LGD_and_ISRO_Bhuvan,LGD_2026_Bhuvan_2024,1209,MATCHED_AUTHORITATIVE_BOUNDARY
1210,Shahabad,Hardoi,Uttar Pradesh,27.590999,79.928721,MoPR_LGD_and_ISRO_Bhuvan,LGD_2026_Bhuvan_2024,1210,MATCHED_AUTHORITATIVE_BOUNDARY
1211,Sursa,Hardoi,Uttar Pradesh,27.273683,80.14003,MoPR_LGD_and_ISRO_Bhuvan,LGD_2026_Bhuvan_2024,1211,MATCHED_AUTHORITATIVE_BOUNDARY
1212,Tandiyawan,Hardoi,Uttar Pradesh,27.434879,80.275955,MoPR_LGD_and_ISRO_Bhuvan,LGD_2026_Bhuvan_2024,1212,MATCHED_AUTHORITATIVE_BOUNDARY
1213,Todarpur,Hardoi,Uttar Pradesh,27.650858,80.050437,MoPR_LGD_and_ISRO_Bhuvan,LGD_2026_Bhuvan_2024,1213,MATCHED_AUTHORITATIVE_BOUNDARY
1337,Hasayan,Hathras,Uttar Pradesh,27.630256,78.32564,MoPR_LGD_and_ISRO_Bhuvan,LGD_2026_Bhuvan_2024,1337,MATCHED_AUTHORITATIVE_BOUNDARY
1338,Hathras,Hathras,Uttar Pradesh,27.568261,78.148825,MoPR_LGD_and_ISRO_Bhuvan,LGD_2026_Bhuvan_2024,1338,MATCHED_AUTHORITATIVE_BOUNDARY
1339,Mursan,Hathras,Uttar Pradesh,27.555824,77.986272,MoPR_LGD_and_ISRO_Bhuvan,LGD_2026_Bhuvan_2024,1339,MATCHED_AUTHORITATIVE_BOUNDARY
1340,Sadabad,Hathras,Uttar Pradesh,27.400864,77.986521,MoPR_LGD_and_ISRO_Bhuvan,LGD_2026_Bhuvan_2024,1340,MATCHED_AUTHORITATIVE_BOUNDARY
1341,Sasni,Hathras,Uttar Pradesh,27.69774,78.107658,MoPR_LGD_and_ISRO_Bhuvan,LGD_2026_Bhuvan_2024,1341,MATCHED_AUTHORITATIVE_BOUNDARY
1342,Sehpau,Hathras,Uttar Pradesh,27.450368,78.123761,MoPR_LGD_and_ISRO_Bhuvan,LGD_2026_Bhuvan_2024,1342,MATCHED_AUTHORITATIVE_BOUNDARY
1343,Sikandrarao,Hathras,Uttar Pradesh,27.730466,78.435532,MoPR_LGD_and_ISRO_Bhuvan,LGD_2026_Bhuvan_2024,1343,MATCHED_AUTHORITATIVE_BOUNDARY
1214,Dakore,Jalaun,Uttar Pradesh,25.929213,79.411022,MoPR_LGD_and_ISRO_Bhuvan,LGD_2026_Bhuvan_2024,1214,MATCHED_AUTHORITATIVE_BOUNDARY
1215,Jalaun,Jalaun,Uttar Pradesh,26.139955,79.35168,MoPR_LGD_and_ISRO_Bhuvan,LGD_2026_Bhuvan_2024,1215,MATCHED_AUTHORITATIVE_BOUNDARY
1216,Kadaura,Jalaun,Uttar Pradesh,26.009699,79.755649,MoPR_LGD_and_ISRO_Bhuvan,LGD_2026_Bhuvan_2024,1216,MATCHED_AUTHORITATIVE_BOUNDARY
1217,Konch,Jalaun,Uttar Pradesh,25.945455,79.153844,MoPR_LGD_and_ISRO_Bhuvan,LGD_2026_Bhuvan_2024,1217,MATCHED_AUTHORITATIVE_BOUNDARY
1218,Kuthaund,Jalaun,Uttar Pradesh,26.338137,79.410865,MoPR_LGD_and_ISRO_Bhuvan,LGD_2026_Bhuvan_2024,1218,MATCHED_AUTHORITATIVE_BOUNDARY
1219,Madhogarh,Jalaun,Uttar Pradesh,26.267067,79.193713,MoPR_LGD_and_ISRO_Bhuvan,LGD_2026_Bhuvan_2024,1219,MATCHED_AUTHORITATIVE_BOUNDARY
1220,Maheva,Jalaun,Uttar Pradesh,26.178227,79.575881,MoPR_LGD_and_ISRO_Bhuvan,LGD_2026_Bhuvan_2024,1220,MATCHED_AUTHORITATIVE_BOUNDARY
1221,Nadigaon,Jalaun,Uttar Pradesh,26.107808,79.09894,MoPR_LGD_and_ISRO_Bhuvan,LGD_2026_Bhuvan_2024,1221,MATCHED_AUTHORITATIVE_BOUNDARY
1222,Rampura,Jalaun,Uttar Pradesh,26.375005,79.215296,MoPR_LGD_and_ISRO_Bhuvan,LGD_2026_Bhuvan_2024,1222,MATCHED_AUTHORITATIVE_BOUNDARY
1223,Badla Pur,Jaunpur,Uttar Pradesh,25.931083,82.468893,MoPR_LGD_and_ISRO_Bhuvan,LGD_2026_Bhuvan_2024,1223,MATCHED_AUTHORITATIVE_BOUNDARY
1224,Baksha,Jaunpur,Uttar Pradesh,25.823076,82.527696,MoPR_LGD_and_ISRO_Bhuvan,LGD_2026_Bhuvan_2024,1224,MATCHED_AUTHORITATIVE_BOUNDARY
1225,Barasathi,Jaunpur,Uttar Pradesh,25.564005,82.472225,MoPR_LGD_and_ISRO_Bhuvan,LGD_2026_Bhuvan_2024,1225,MATCHED_AUTHORITATIVE_BOUNDARY
1226,Dharma Pur,Jaunpur,Uttar Pradesh,25.721183,82.745063,MoPR_LGD_and_ISRO_Bhuvan,LGD_2026_Bhuvan_2024,1226,MATCHED_AUTHORITATIVE_BOUNDARY
1227,Dobhi,Jaunpur,Uttar Pradesh,25.627424,83.024207,MoPR_LGD_and_ISRO_Bhuvan,LGD_2026_Bhuvan_2024,1227,MATCHED_AUTHORITATIVE_BOUNDARY
1228,Jalal Pur,Jaunpur,Uttar Pradesh,25.595752,82.78939,MoPR_LGD_and_ISRO_Bhuvan,LGD_2026_Bhuvan_2024,1228,MATCHED_AUTHORITATIVE_BOUNDARY
1229,Karanja Kala,Jaunpur,Uttar Pradesh,25.813593,82.682476,MoPR_LGD_and_ISRO_Bhuvan,LGD_2026_Bhuvan_2024,1229,MATCHED_AUTHORITATIVE_BOUNDARY
1230,Kerakat,Jaunpur,Uttar Pradesh,25.622426,82.927981,MoPR_LGD_and_ISRO_Bhuvan,LGD_2026_Bhuvan_2024,1230,MATCHED_AUTHORITATIVE_BOUNDARY
1231,Khuthan,Jaunpur,Uttar Pradesh,25.981824,82.587841,MoPR_LGD_and_ISRO_Bhuvan,LGD_2026_Bhuvan_2024,1231,MATCHED_AUTHORITATIVE_BOUNDARY
1232,Machchali Shahar,Jaunpur,Uttar Pradesh,25.644122,82.367164,MoPR_LGD_and_ISRO_Bhuvan,LGD_2026_Bhuvan_2024,1232,MATCHED_AUTHORITATIVE_BOUNDARY
1233,Maharaj Ganj,Jaunpur,Uttar Pradesh,25.848858,82.351153,MoPR_LGD_and_ISRO_Bhuvan,LGD_2026_Bhuvan_2024,1233,MATCHED_AUTHORITATIVE_BOUNDARY
1234,Mariyahu,Jaunpur,Uttar Pradesh,25.657994,82.561637,MoPR_LGD_and_ISRO_Bhuvan,LGD_2026_Bhuvan_2024,1234,MATCHED_AUTHORITATIVE_BOUNDARY
1235,Mufti Ganj,Jaunpur,Uttar Pradesh,25.707049,82.863656,MoPR_LGD_and_ISRO_Bhuvan,LGD_2026_Bhuvan_2024,1235,MATCHED_AUTHORITATIVE_BOUNDARY
1236,Mungra Badshah Pur,Jaunpur,Uttar Pradesh,25.638728,82.231228,MoPR_LGD_and_ISRO_Bhuvan,LGD_2026_Bhuvan_2024,1236,MATCHED_AUTHORITATIVE_BOUNDARY
1237,Ram Nagar,Jaunpur,Uttar Pradesh,25.55807,82.638267,MoPR_LGD_and_ISRO_Bhuvan,LGD_2026_Bhuvan_2024,1237,MATCHED_AUTHORITATIVE_BOUNDARY
1238,Ram Pur,Jaunpur,Uttar Pradesh,25.469784,82.623763,MoPR_LGD_and_ISRO_Bhuvan,LGD_2026_Bhuvan_2024,1238,MATCHED_AUTHORITATIVE_BOUNDARY
1239,Shah Ganj,Jaunpur,Uttar Pradesh,25.970971,82.68676,MoPR_LGD_and_ISRO_Bhuvan,LGD_2026_Bhuvan_2024,1239,MATCHED_AUTHORITATIVE_BOUNDARY
1240,Sikrara,Jaunpur,Uttar Pradesh,25.737885,82.558323,MoPR_LGD_and_ISRO_Bhuvan,LGD_2026_Bhuvan_2024,1240,MATCHED_AUTHORITATIVE_BOUNDARY
1241,Sirkoni,Jaunpur,Uttar Pradesh,25.675366,82.757173,MoPR_LGD_and_ISRO_Bhuvan,LGD_2026_Bhuvan_2024,1241,MATCHED_AUTHORITATIVE_BOUNDARY
1242,Suitha Kala,Jaunpur,Uttar Pradesh,26.104417,82.550847,MoPR_LGD_and_ISRO_Bhuvan,LGD_2026_Bhuvan_2024,1242,MATCHED_AUTHORITATIVE_BOUNDARY
1243,Sujan Ganj,Jaunpur,Uttar Pradesh,25.762709,82.295832,MoPR_LGD_and_ISRO_Bhuvan,LGD_2026_Bhuvan_2024,1243,MATCHED_AUTHORITATIVE_BOUNDARY
1244,Babina,Jhansi,Uttar Pradesh,25.337306,78.455417,MoPR_LGD_and_ISRO_Bhuvan,LGD_2026_Bhuvan_2024,1244,MATCHED_AUTHORITATIVE_BOUNDARY
1245,Badagaon,Jhansi,Uttar Pradesh,25.486723,78.63463,MoPR_LGD_and_ISRO_Bhuvan,LGD_2026_Bhuvan_2024,1245,MATCHED_AUTHORITATIVE_BOUNDARY
1246,Bamaur,Jhansi,Uttar Pradesh,25.695143,79.206489,MoPR_LGD_and_ISRO_Bhuvan,LGD_2026_Bhuvan_2024,1246,MATCHED_AUTHORITATIVE_BOUNDARY
1247,Bangra,Jhansi,Uttar Pradesh,25.306538,78.988102,MoPR_LGD_and_ISRO_Bhuvan,LGD_2026_Bhuvan_2024,1247,MATCHED_AUTHORITATIVE_BOUNDARY
1248,Chirgaon,Jhansi,Uttar Pradesh,25.585837,78.879921,MoPR_LGD_and_ISRO_Bhuvan,LGD_2026_Bhuvan_2024,1248,MATCHED_AUTHORITATIVE_BOUNDARY
1249,Gursarai,Jhansi,Uttar Pradesh,25.504476,79.196796,MoPR_LGD_and_ISRO_Bhuvan,LGD_2026_Bhuvan_2024,1249,MATCHED_AUTHORITATIVE_BOUNDARY
1250,Mauranipur,Jhansi,Uttar Pradesh,25.271194,79.189025,MoPR_LGD_and_ISRO_Bhuvan,LGD_2026_Bhuvan_2024,1250,MATCHED_AUTHORITATIVE_BOUNDARY
1251,Moth,Jhansi,Uttar Pradesh,25.801895,78.950503,MoPR_LGD_and_ISRO_Bhuvan,LGD_2026_Bhuvan_2024,1251,MATCHED_AUTHORITATIVE_BOUNDARY
1258,Chhibramau,Kannauj,Uttar Pradesh,27.13371,79.50951,MoPR_LGD_and_ISRO_Bhuvan,LGD_2026_Bhuvan_2024,1258,MATCHED_AUTHORITATIVE_BOUNDARY
1259,Gughrapur,Kannauj,Uttar Pradesh,27.152526,79.815895,MoPR_LGD_and_ISRO_Bhuvan,LGD_2026_Bhuvan_2024,1259,MATCHED_AUTHORITATIVE_BOUNDARY
1260,Haseran,Kannauj,Uttar Pradesh,26.938864,79.577199,MoPR_LGD_and_ISRO_Bhuvan,LGD_2026_Bhuvan_2024,1260,MATCHED_AUTHORITATIVE_BOUNDARY
1261,Jalalabad,Kannauj,Uttar Pradesh,27.074496,79.799257,MoPR_LGD_and_ISRO_Bhuvan,LGD_2026_Bhuvan_2024,1261,MATCHED_AUTHORITATIVE_BOUNDARY
1262,Kannauj,Kannauj,Uttar Pradesh,27.025592,79.898619,MoPR_LGD_and_ISRO_Bhuvan,LGD_2026_Bhuvan_2024,1262,MATCHED_AUTHORITATIVE_BOUNDARY
1263,Saurikh,Kannauj,Uttar Pradesh,27.000527,79.46417,MoPR_LGD_and_ISRO_Bhuvan,LGD_2026_Bhuvan_2024,1263,MATCHED_AUTHORITATIVE_BOUNDARY
1264,Talgram,Kannauj,Uttar Pradesh,27.08721,79.680896,MoPR_LGD_and_ISRO_Bhuvan,LGD_2026_Bhuvan_2024,1264,MATCHED_AUTHORITATIVE_BOUNDARY
1265,Umarda,Kannauj,Uttar Pradesh,26.892632,79.798615,MoPR_LGD_and_ISRO_Bhuvan,LGD_2026_Bhuvan_2024,1265,MATCHED_AUTHORITATIVE_BOUNDARY
1266,Akbarpur,Kanpur Dehat,Uttar Pradesh,26.425177,79.941429,MoPR_LGD_and_ISRO_Bhuvan,LGD_2026_Bhuvan_2024,1266,MATCHED_AUTHORITATIVE_BOUNDARY
1267,Amrodha,Kanpur Dehat,Uttar Pradesh,26.185991,79.822452,MoPR_LGD_and_ISRO_Bhuvan,LGD_2026_Bhuvan_2024,1267,MATCHED_AUTHORITATIVE_BOUNDARY
1268,Derapur,Kanpur Dehat,Uttar Pradesh,26.44378,79.806116,MoPR_LGD_and_ISRO_Bhuvan,LGD_2026_Bhuvan_2024,1268,MATCHED_AUTHORITATIVE_BOUNDARY
1269,Jhinjhak,Kanpur Dehat,Uttar Pradesh,26.561353,79.74659,MoPR_LGD_and_ISRO_Bhuvan,LGD_2026_Bhuvan_2024,1269,MATCHED_AUTHORITATIVE_BOUNDARY
1270,Maitha,Kanpur Dehat,Uttar Pradesh,26.545124,80.031838,MoPR_LGD_and_ISRO_Bhuvan,LGD_2026_Bhuvan_2024,1270,MATCHED_AUTHORITATIVE_BOUNDARY
1271,Malasa,Kanpur Dehat,Uttar Pradesh,26.276395,79.885335,MoPR_LGD_and_ISRO_Bhuvan,LGD_2026_Bhuvan_2024,1271,MATCHED_AUTHORITATIVE_BOUNDARY
1272,Rajpur,Kanpur Dehat,Uttar Pradesh,26.32579,79.636377,MoPR_LGD_and_ISRO_Bhuvan,LGD_2026_Bhuvan_2024,1272,MATCHED_AUTHORITATIVE_BOUNDARY
1273,Rasulabad,Kanpur Dehat,Uttar Pradesh,26.691164,79.843676,MoPR_LGD_and_ISRO_Bhuvan,LGD_2026_Bhuvan_2024,1273,MATCHED_AUTHORITATIVE_BOUNDARY
1274,Sandalpur,Kanpur Dehat,Uttar Pradesh,26.44061,79.674312,MoPR_LGD_and_ISRO_Bhuvan,LGD_2026_Bhuvan_2024,1274,MATCHED_AUTHORITATIVE_BOUNDARY
1275,Sarbankhera,Kanpur Dehat,Uttar Pradesh,26.353751,80.068593,MoPR_LGD_and_ISRO_Bhuvan,LGD_2026_Bhuvan_2024,1275,MATCHED_AUTHORITATIVE_BOUNDARY
1276,Bhitargaon,Kanpur Nagar,Uttar Pradesh,26.178104,80.325789,MoPR_LGD_and_ISRO_Bhuvan,LGD_2026_Bhuvan_2024,1276,MATCHED_AUTHORITATIVE_BOUNDARY
1277,Bilhaur,Kanpur Nagar,Uttar Pradesh,26.841619,80.047934,MoPR_LGD_and_ISRO_Bhuvan,LGD_2026_Bhuvan_2024,1277,MATCHED_AUTHORITATIVE_BOUNDARY
1278,Chaubeypur,Kanpur Nagar,Uttar Pradesh,26.613398,80.192784,MoPR_LGD_and_ISRO_Bhuvan,LGD_2026_Bhuvan_2024,1278,MATCHED_AUTHORITATIVE_BOUNDARY
1279,Ghatampur,Kanpur Nagar,Uttar Pradesh,26.087286,80.123592,MoPR_LGD_and_ISRO_Bhuvan,LGD_2026_Bhuvan_2024,1279,MATCHED_AUTHORITATIVE_BOUNDARY
1280,Kakwan,Kanpur Nagar,Uttar Pradesh,26.799619,79.971273,MoPR_LGD_and_ISRO_Bhuvan,LGD_2026_Bhuvan_2024,1280,MATCHED_AUTHORITATIVE_BOUNDARY
1281,Kalyanpur,Kanpur Nagar,Uttar Pradesh,26.458046,80.281561,MoPR_LGD_and_ISRO_Bhuvan,LGD_2026_Bhuvan_2024,1281,MATCHED_AUTHORITATIVE_BOUNDARY
1282,Patara,Kanpur Nagar,Uttar Pradesh,26.227291,80.144212,MoPR_LGD_and_ISRO_Bhuvan,LGD_2026_Bhuvan_2024,1282,MATCHED_AUTHORITATIVE_BOUNDARY
1283,Sarsol,Kanpur Nagar,Uttar Pradesh,26.279613,80.470571,MoPR_LGD_and_ISRO_Bhuvan,LGD_2026_Bhuvan_2024,1283,MATCHED_AUTHORITATIVE_BOUNDARY
1284,Shivrajpur,Kanpur Nagar,Uttar Pradesh,26.678164,80.07996,MoPR_LGD_and_ISRO_Bhuvan,LGD_2026_Bhuvan_2024,1284,MATCHED_AUTHORITATIVE_BOUNDARY
1285,Vidhunu,Kanpur Nagar,Uttar Pradesh,26.331255,80.266627,MoPR_LGD_and_ISRO_Bhuvan,LGD_2026_Bhuvan_2024,1285,MATCHED_AUTHORITATIVE_BOUNDARY
1064,Amanpur,Kasganj,Uttar Pradesh,27.724008,78.748677,MoPR_LGD_and_ISRO_Bhuvan,LGD_2026_Bhuvan_2024,1064,MATCHED_AUTHORITATIVE_BOUNDARY
1066,Ganj Dundwara,Kasganj,Uttar Pradesh,27.779866,79.028075,MoPR_LGD_and_ISRO_Bhuvan,LGD_2026_Bhuvan_2024,1066,MATCHED_AUTHORITATIVE_BOUNDARY
1069,Kasganj,Kasganj,Uttar Pradesh,27.814691,78.582353,MoPR_LGD_and_ISRO_Bhuvan,LGD_2026_Bhuvan_2024,1069,MATCHED_AUTHORITATIVE_BOUNDARY
1072,Patiyali,Kasganj,Uttar Pradesh,27.645207,79.061082,MoPR_LGD_and_ISRO_Bhuvan,LGD_2026_Bhuvan_2024,1072,MATCHED_AUTHORITATIVE_BOUNDARY
1073,Sahawar,Kasganj,Uttar Pradesh,27.810654,78.843717,MoPR_LGD_and_ISRO_Bhuvan,LGD_2026_Bhuvan_2024,1073,MATCHED_AUTHORITATIVE_BOUNDARY
1076,Sidhpura,Kasganj,Uttar Pradesh,27.640091,78.885395,MoPR_LGD_and_ISRO_Bhuvan,LGD_2026_Bhuvan_2024,1076,MATCHED_AUTHORITATIVE_BOUNDARY
1077,Soron,Kasganj,Uttar Pradesh,27.913518,78.687696,MoPR_LGD_and_ISRO_Bhuvan,LGD_2026_Bhuvan_2024,1077,MATCHED_AUTHORITATIVE_BOUNDARY
1286,Chail,Kaushambi,Uttar Pradesh,25.44654,81.608687,MoPR_LGD_and_ISRO_Bhuvan,LGD_2026_Bhuvan_2024,1286,MATCHED_AUTHORITATIVE_BOUNDARY
1287,Kara,Kaushambi,Uttar Pradesh,25.700793,81.327038,MoPR_LGD_and_ISRO_Bhuvan,LGD_2026_Bhuvan_2024,1287,MATCHED_AUTHORITATIVE_BOUNDARY
1288,Kaushambi,Kaushambi,Uttar Pradesh,25.358128,81.445681,MoPR_LGD_and_ISRO_Bhuvan,LGD_2026_Bhuvan_2024,1288,MATCHED_AUTHORITATIVE_BOUNDARY
1289,Manjhanpur,Kaushambi,Uttar Pradesh,25.479635,81.395972,MoPR_LGD_and_ISRO_Bhuvan,LGD_2026_Bhuvan_2024,1289,MATCHED_AUTHORITATIVE_BOUNDARY
1290,Mooratganj,Kaushambi,Uttar Pradesh,25.525349,81.568856,MoPR_LGD_and_ISRO_Bhuvan,LGD_2026_Bhuvan_2024,1290,MATCHED_AUTHORITATIVE_BOUNDARY
1291,Nevada,Kaushambi,Uttar Pradesh,25.362052,81.569443,MoPR_LGD_and_ISRO_Bhuvan,LGD_2026_Bhuvan_2024,1291,MATCHED_AUTHORITATIVE_BOUNDARY
1292,Sarsawan,Kaushambi,Uttar Pradesh,25.412325,81.272385,MoPR_LGD_and_ISRO_Bhuvan,LGD_2026_Bhuvan_2024,1292,MATCHED_AUTHORITATIVE_BOUNDARY
1293,Sirathu,Kaushambi,Uttar Pradesh,25.587628,81.354127,MoPR_LGD_and_ISRO_Bhuvan,LGD_2026_Bhuvan_2024,1293,MATCHED_AUTHORITATIVE_BOUNDARY
1294,Bankeyganj,Kheri,Uttar Pradesh,28.182179,80.43882,MoPR_LGD_and_ISRO_Bhuvan,LGD_2026_Bhuvan_2024,1294,MATCHED_AUTHORITATIVE_BOUNDARY
1295,Behjam,Kheri,Uttar Pradesh,27.897169,80.622847,MoPR_LGD_and_ISRO_Bhuvan,LGD_2026_Bhuvan_2024,1295,MATCHED_AUTHORITATIVE_BOUNDARY
1296,Bijuwa,Kheri,Uttar Pradesh,28.286445,80.554366,MoPR_LGD_and_ISRO_Bhuvan,LGD_2026_Bhuvan_2024,1296,MATCHED_AUTHORITATIVE_BOUNDARY
1297,Dhaurhara,Kheri,Uttar Pradesh,27.970494,81.094338,MoPR_LGD_and_ISRO_Bhuvan,LGD_2026_Bhuvan_2024,1297,MATCHED_AUTHORITATIVE_BOUNDARY
1298,Isanagar,Kheri,Uttar Pradesh,27.839435,81.19128,MoPR_LGD_and_ISRO_Bhuvan,LGD_2026_Bhuvan_2024,1298,MATCHED_AUTHORITATIVE_BOUNDARY
1299,Kumbhigola,Kheri,Uttar Pradesh,27.985686,80.395768,MoPR_LGD_and_ISRO_Bhuvan,LGD_2026_Bhuvan_2024,1299,MATCHED_AUTHORITATIVE_BOUNDARY
1300,Lakhimpur,Kheri,Uttar Pradesh,27.951445,80.701332,MoPR_LGD_and_ISRO_Bhuvan,LGD_2026_Bhuvan_2024,1300,MATCHED_AUTHORITATIVE_BOUNDARY
1301,Mitauli,Kheri,Uttar Pradesh,27.843683,80.47226,MoPR_LGD_and_ISRO_Bhuvan,LGD_2026_Bhuvan_2024,1301,MATCHED_AUTHORITATIVE_BOUNDARY
1302,Mohammadi,Kheri,Uttar Pradesh,27.9839,80.227205,MoPR_LGD_and_ISRO_Bhuvan,LGD_2026_Bhuvan_2024,1302,MATCHED_AUTHORITATIVE_BOUNDARY
1303,Nakaha,Kheri,Uttar Pradesh,27.93599,80.930801,MoPR_LGD_and_ISRO_Bhuvan,LGD_2026_Bhuvan_2024,1303,MATCHED_AUTHORITATIVE_BOUNDARY
1304,Nighasan,Kheri,Uttar Pradesh,28.291867,80.874685,MoPR_LGD_and_ISRO_Bhuvan,LGD_2026_Bhuvan_2024,1304,MATCHED_AUTHORITATIVE_BOUNDARY
1305,Palia,Kheri,Uttar Pradesh,28.486848,80.634846,MoPR_LGD_and_ISRO_Bhuvan,LGD_2026_Bhuvan_2024,1305,MATCHED_AUTHORITATIVE_BOUNDARY
1306,Pasgawan,Kheri,Uttar Pradesh,27.807715,80.217563,MoPR_LGD_and_ISRO_Bhuvan,LGD_2026_Bhuvan_2024,1306,MATCHED_AUTHORITATIVE_BOUNDARY
1307,Phoolbehar,Kheri,Uttar Pradesh,28.050396,80.796257,MoPR_LGD_and_ISRO_Bhuvan,LGD_2026_Bhuvan_2024,1307,MATCHED_AUTHORITATIVE_BOUNDARY
1308,Ramia Behar,Kheri,Uttar Pradesh,28.155788,81.044659,MoPR_LGD_and_ISRO_Bhuvan,LGD_2026_Bhuvan_2024,1308,MATCHED_AUTHORITATIVE_BOUNDARY
1309,Dudhahi,Kushinagar,Uttar Pradesh,26.801929,84.164172,MoPR_LGD_and_ISRO_Bhuvan,LGD_2026_Bhuvan_2024,1309,MATCHED_AUTHORITATIVE_BOUNDARY
1310,Fazilnagar,Kushinagar,Uttar Pradesh,26.648057,84.027205,MoPR_LGD_and_ISRO_Bhuvan,LGD_2026_Bhuvan_2024,1310,MATCHED_AUTHORITATIVE_BOUNDARY
1311,Hata,Kushinagar,Uttar Pradesh,26.765645,83.800222,MoPR_LGD_and_ISRO_Bhuvan,LGD_2026_Bhuvan_2024,1311,MATCHED_AUTHORITATIVE_BOUNDARY
1312,Kaptainganj,Kushinagar,Uttar Pradesh,26.896796,83.639465,MoPR_LGD_and_ISRO_Bhuvan,LGD_2026_Bhuvan_2024,1312,MATCHED_AUTHORITATIVE_BOUNDARY
1313,Kasaya,Kushinagar,Uttar Pradesh,26.736155,83.94361,MoPR_LGD_and_ISRO_Bhuvan,LGD_2026_Bhuvan_2024,1313,MATCHED_AUTHORITATIVE_BOUNDARY
1314,Khadda,Kushinagar,Uttar Pradesh,27.164888,83.894113,MoPR_LGD_and_ISRO_Bhuvan,LGD_2026_Bhuvan_2024,1314,MATCHED_AUTHORITATIVE_BOUNDARY
1315,Motichak,Kushinagar,Uttar Pradesh,26.829829,83.729539,MoPR_LGD_and_ISRO_Bhuvan,LGD_2026_Bhuvan_2024,1315,MATCHED_AUTHORITATIVE_BOUNDARY
1316,Nebua Naurangia,Kushinagar,Uttar Pradesh,27.032385,83.829532,MoPR_LGD_and_ISRO_Bhuvan,LGD_2026_Bhuvan_2024,1316,MATCHED_AUTHORITATIVE_BOUNDARY
1317,Padrauna,Kushinagar,Uttar Pradesh,26.86253,83.990246,MoPR_LGD_and_ISRO_Bhuvan,LGD_2026_Bhuvan_2024,1317,MATCHED_AUTHORITATIVE_BOUNDARY
1318,Ramkola,Kushinagar,Uttar Pradesh,26.9068,83.81714,MoPR_LGD_and_ISRO_Bhuvan,LGD_2026_Bhuvan_2024,1318,MATCHED_AUTHORITATIVE_BOUNDARY
1319,Seorahi,Kushinagar,Uttar Pradesh,26.667231,84.298481,MoPR_LGD_and_ISRO_Bhuvan,LGD_2026_Bhuvan_2024,1319,MATCHED_AUTHORITATIVE_BOUNDARY
1320,Sukrauli,Kushinagar,Uttar Pradesh,26.758068,83.644926,MoPR_LGD_and_ISRO_Bhuvan,LGD_2026_Bhuvan_2024,1320,MATCHED_AUTHORITATIVE_BOUNDARY
1321,Tamkuhiraj,Kushinagar,Uttar Pradesh,26.693992,84.128582,MoPR_LGD_and_ISRO_Bhuvan,LGD_2026_Bhuvan_2024,1321,MATCHED_AUTHORITATIVE_BOUNDARY
1322,Vishunpura,Kushinagar,Uttar Pradesh,26.986893,83.968365,MoPR_LGD_and_ISRO_Bhuvan,LGD_2026_Bhuvan_2024,1322,MATCHED_AUTHORITATIVE_BOUNDARY
1323,Bar,Lalitpur,Uttar Pradesh,24.79976,78.636736,MoPR_LGD_and_ISRO_Bhuvan,LGD_2026_Bhuvan_2024,1323,MATCHED_AUTHORITATIVE_BOUNDARY
1324,Birdha,Lalitpur,Uttar Pradesh,24.523818,78.44074,MoPR_LGD_and_ISRO_Bhuvan,LGD_2026_Bhuvan_2024,1324,MATCHED_AUTHORITATIVE_BOUNDARY
1325,Jakhaura,Lalitpur,Uttar Pradesh,24.778769,78.358361,MoPR_LGD_and_ISRO_Bhuvan,LGD_2026_Bhuvan_2024,1325,MATCHED_AUTHORITATIVE_BOUNDARY
1326,Mandawara,Lalitpur,Uttar Pradesh,24.349569,78.745531,MoPR_LGD_and_ISRO_Bhuvan,LGD_2026_Bhuvan_2024,1326,MATCHED_AUTHORITATIVE_BOUNDARY
1327,Mehroni,Lalitpur,Uttar Pradesh,24.521409,78.77589,MoPR_LGD_and_ISRO_Bhuvan,LGD_2026_Bhuvan_2024,1327,MATCHED_AUTHORITATIVE_BOUNDARY
1328,Talbehat,Lalitpur,Uttar Pradesh,25.032959,78.497837,MoPR_LGD_and_ISRO_Bhuvan,LGD_2026_Bhuvan_2024,1328,MATCHED_AUTHORITATIVE_BOUNDARY
1329,Bakshi-Ka-Talab,Lucknow,Uttar Pradesh,27.03972,80.940925,MoPR_LGD_and_ISRO_Bhuvan,LGD_2026_Bhuvan_2024,1329,MATCHED_AUTHORITATIVE_BOUNDARY
1330,Chinhat,Lucknow,Uttar Pradesh,26.857946,80.941193,MoPR_LGD_and_ISRO_Bhuvan,LGD_2026_Bhuvan_2024,1330,MATCHED_AUTHORITATIVE_BOUNDARY
1331,Gosaiganj,Lucknow,Uttar Pradesh,26.74153,81.115891,MoPR_LGD_and_ISRO_Bhuvan,LGD_2026_Bhuvan_2024,1331,MATCHED_AUTHORITATIVE_BOUNDARY
1332,Kakori,Lucknow,Uttar Pradesh,26.875936,80.782835,MoPR_LGD_and_ISRO_Bhuvan,LGD_2026_Bhuvan_2024,1332,MATCHED_AUTHORITATIVE_BOUNDARY
1333,Mal,Lucknow,Uttar Pradesh,27.033477,80.736084,MoPR_LGD_and_ISRO_Bhuvan,LGD_2026_Bhuvan_2024,1333,MATCHED_AUTHORITATIVE_BOUNDARY
1334,Malihabad,Lucknow,Uttar Pradesh,26.937965,80.685993,MoPR_LGD_and_ISRO_Bhuvan,LGD_2026_Bhuvan_2024,1334,MATCHED_AUTHORITATIVE_BOUNDARY
1335,Mohanlalganj,Lucknow,Uttar Pradesh,26.623104,81.022703,MoPR_LGD_and_ISRO_Bhuvan,LGD_2026_Bhuvan_2024,1335,MATCHED_AUTHORITATIVE_BOUNDARY
1336,Sarojaninagar,Lucknow,Uttar Pradesh,26.733836,80.76557,MoPR_LGD_and_ISRO_Bhuvan,LGD_2026_Bhuvan_2024,1336,MATCHED_AUTHORITATIVE_BOUNDARY
1356,Charkhari,Mahoba,Uttar Pradesh,25.450628,79.757994,MoPR_LGD_and_ISRO_Bhuvan,LGD_2026_Bhuvan_2024,1356,MATCHED_AUTHORITATIVE_BOUNDARY
1357,Jaitpur,Mahoba,Uttar Pradesh,25.22237,79.54874,MoPR_LGD_and_ISRO_Bhuvan,LGD_2026_Bhuvan_2024,1357,MATCHED_AUTHORITATIVE_BOUNDARY
1358,Kabrai,Mahoba,Uttar Pradesh,25.364467,79.934102,MoPR_LGD_and_ISRO_Bhuvan,LGD_2026_Bhuvan_2024,1358,MATCHED_AUTHORITATIVE_BOUNDARY
1359,Panwari,Mahoba,Uttar Pradesh,25.379136,79.443319,MoPR_LGD_and_ISRO_Bhuvan,LGD_2026_Bhuvan_2024,1359,MATCHED_AUTHORITATIVE_BOUNDARY
1344,Bridgemanganj,Mahrajganj,Uttar Pradesh,27.231646,83.267627,MoPR_LGD_and_ISRO_Bhuvan,LGD_2026_Bhuvan_2024,1344,MATCHED_AUTHORITATIVE_BOUNDARY
1345,Dhani,Mahrajganj,Uttar Pradesh,27.137956,83.186187,MoPR_LGD_and_ISRO_Bhuvan,LGD_2026_Bhuvan_2024,1345,MATCHED_AUTHORITATIVE_BOUNDARY
1346,Ghughli,Mahrajganj,Uttar Pradesh,27.030062,83.675828,MoPR_LGD_and_ISRO_Bhuvan,LGD_2026_Bhuvan_2024,1346,MATCHED_AUTHORITATIVE_BOUNDARY
1347,Lakshmipur,Mahrajganj,Uttar Pradesh,27.286182,83.445522,MoPR_LGD_and_ISRO_Bhuvan,LGD_2026_Bhuvan_2024,1347,MATCHED_AUTHORITATIVE_BOUNDARY
1348,Mahrajganj,Mahrajganj,Uttar Pradesh,27.143499,83.513678,MoPR_LGD_and_ISRO_Bhuvan,LGD_2026_Bhuvan_2024,1348,MATCHED_AUTHORITATIVE_BOUNDARY
1349,Mithaura,Mahrajganj,Uttar Pradesh,27.256902,83.61335,MoPR_LGD_and_ISRO_Bhuvan,LGD_2026_Bhuvan_2024,1349,MATCHED_AUTHORITATIVE_BOUNDARY
1350,Nautanwa,Mahrajganj,Uttar Pradesh,27.417796,83.511166,MoPR_LGD_and_ISRO_Bhuvan,LGD_2026_Bhuvan_2024,1350,MATCHED_AUTHORITATIVE_BOUNDARY
1351,Nichlaul,Mahrajganj,Uttar Pradesh,27.311146,83.767865,MoPR_LGD_and_ISRO_Bhuvan,LGD_2026_Bhuvan_2024,1351,MATCHED_AUTHORITATIVE_BOUNDARY
1352,Paniyara,Mahrajganj,Uttar Pradesh,27.022642,83.448258,MoPR_LGD_and_ISRO_Bhuvan,LGD_2026_Bhuvan_2024,1352,MATCHED_AUTHORITATIVE_BOUNDARY
1353,Partawal,Mahrajganj,Uttar Pradesh,26.96795,83.549425,MoPR_LGD_and_ISRO_Bhuvan,LGD_2026_Bhuvan_2024,1353,MATCHED_AUTHORITATIVE_BOUNDARY
1354,Pharenda,Mahrajganj,Uttar Pradesh,27.127856,83.329877,MoPR_LGD_and_ISRO_Bhuvan,LGD_2026_Bhuvan_2024,1354,MATCHED_AUTHORITATIVE_BOUNDARY
1355,Siswa,Mahrajganj,Uttar Pradesh,27.142462,83.721351,MoPR_LGD_and_ISRO_Bhuvan,LGD_2026_Bhuvan_2024,1355,MATCHED_AUTHORITATIVE_BOUNDARY
1360,Barnahal,Mainpuri,Uttar Pradesh,27.060018,78.853634,MoPR_LGD_and_ISRO_Bhuvan,LGD_2026_Bhuvan_2024,1360,MATCHED_AUTHORITATIVE_BOUNDARY
1361,Bewar,Mainpuri,Uttar Pradesh,27.200817,79.299333,MoPR_LGD_and_ISRO_Bhuvan,LGD_2026_Bhuvan_2024,1361,MATCHED_AUTHORITATIVE_BOUNDARY
1362,Ghiror,Mainpuri,Uttar Pradesh,27.239723,78.814024,MoPR_LGD_and_ISRO_Bhuvan,LGD_2026_Bhuvan_2024,1362,MATCHED_AUTHORITATIVE_BOUNDARY
1363,Jageer,Mainpuri,Uttar Pradesh,27.15542,79.140082,MoPR_LGD_and_ISRO_Bhuvan,LGD_2026_Bhuvan_2024,1363,MATCHED_AUTHORITATIVE_BOUNDARY
1364,Karhal,Mainpuri,Uttar Pradesh,27.029987,79.015366,MoPR_LGD_and_ISRO_Bhuvan,LGD_2026_Bhuvan_2024,1364,MATCHED_AUTHORITATIVE_BOUNDARY
1365,Kishni,Mainpuri,Uttar Pradesh,27.053739,79.280554,MoPR_LGD_and_ISRO_Bhuvan,LGD_2026_Bhuvan_2024,1365,MATCHED_AUTHORITATIVE_BOUNDARY
1366,Kuraoli,Mainpuri,Uttar Pradesh,27.374132,78.935113,MoPR_LGD_and_ISRO_Bhuvan,LGD_2026_Bhuvan_2024,1366,MATCHED_AUTHORITATIVE_BOUNDARY
1367,Mainpuri,Mainpuri,Uttar Pradesh,27.214375,78.980407,MoPR_LGD_and_ISRO_Bhuvan,LGD_2026_Bhuvan_2024,1367,MATCHED_AUTHORITATIVE_BOUNDARY
1368,Sultanganj,Mainpuri,Uttar Pradesh,27.313219,79.125568,MoPR_LGD_and_ISRO_Bhuvan,LGD_2026_Bhuvan_2024,1368,MATCHED_AUTHORITATIVE_BOUNDARY
1369,Baldeo,Mathura,Uttar Pradesh,27.38104,77.840778,MoPR_LGD_and_ISRO_Bhuvan,LGD_2026_Bhuvan_2024,1369,MATCHED_AUTHORITATIVE_BOUNDARY
1370,Chaumuha,Mathura,Uttar Pradesh,27.65662,77.568416,MoPR_LGD_and_ISRO_Bhuvan,LGD_2026_Bhuvan_2024,1370,MATCHED_AUTHORITATIVE_BOUNDARY
1371,Chhata,Mathura,Uttar Pradesh,27.777409,77.523776,MoPR_LGD_and_ISRO_Bhuvan,LGD_2026_Bhuvan_2024,1371,MATCHED_AUTHORITATIVE_BOUNDARY
1372,Farah,Mathura,Uttar Pradesh,27.311898,77.711238,MoPR_LGD_and_ISRO_Bhuvan,LGD_2026_Bhuvan_2024,1372,MATCHED_AUTHORITATIVE_BOUNDARY
1373,Govardhan,Mathura,Uttar Pradesh,27.465794,77.481102,MoPR_LGD_and_ISRO_Bhuvan,LGD_2026_Bhuvan_2024,1373,MATCHED_AUTHORITATIVE_BOUNDARY
1374,Mat,Mathura,Uttar Pradesh,27.663586,77.749021,MoPR_LGD_and_ISRO_Bhuvan,LGD_2026_Bhuvan_2024,1374,MATCHED_AUTHORITATIVE_BOUNDARY
1375,Mathura,Mathura,Uttar Pradesh,27.504889,77.628517,MoPR_LGD_and_ISRO_Bhuvan,LGD_2026_Bhuvan_2024,1375,MATCHED_AUTHORITATIVE_BOUNDARY
1376,Nandgaon,Mathura,Uttar Pradesh,27.746906,77.38329,MoPR_LGD_and_ISRO_Bhuvan,LGD_2026_Bhuvan_2024,1376,MATCHED_AUTHORITATIVE_BOUNDARY
1377,Nohjhil,Mathura,Uttar Pradesh,27.856082,77.681388,MoPR_LGD_and_ISRO_Bhuvan,LGD_2026_Bhuvan_2024,1377,MATCHED_AUTHORITATIVE_BOUNDARY
1378,Raya,Mathura,Uttar Pradesh,27.535808,77.816677,MoPR_LGD_and_ISRO_Bhuvan,LGD_2026_Bhuvan_2024,1378,MATCHED_AUTHORITATIVE_BOUNDARY
1379,Badraon,Mau,Uttar Pradesh,26.160661,83.482216,MoPR_LGD_and_ISRO_Bhuvan,LGD_2026_Bhuvan_2024,1379,MATCHED_AUTHORITATIVE_BOUNDARY
1380,Dohri Ghat,Mau,Uttar Pradesh,26.2146,83.584048,MoPR_LGD_and_ISRO_Bhuvan,LGD_2026_Bhuvan_2024,1380,MATCHED_AUTHORITATIVE_BOUNDARY
1381,Fatehpur Madaun,Mau,Uttar Pradesh,26.164042,83.730366,MoPR_LGD_and_ISRO_Bhuvan,LGD_2026_Bhuvan_2024,1381,MATCHED_AUTHORITATIVE_BOUNDARY
1382,Ghosi,Mau,Uttar Pradesh,26.095179,83.593114,MoPR_LGD_and_ISRO_Bhuvan,LGD_2026_Bhuvan_2024,1382,MATCHED_AUTHORITATIVE_BOUNDARY
1383,Kopaganj,Mau,Uttar Pradesh,26.015051,83.558676,MoPR_LGD_and_ISRO_Bhuvan,LGD_2026_Bhuvan_2024,1383,MATCHED_AUTHORITATIVE_BOUNDARY
1384,Mohammadabad Gohana,Mau,Uttar Pradesh,26.016886,83.379973,MoPR_LGD_and_ISRO_Bhuvan,LGD_2026_Bhuvan_2024,1384,MATCHED_AUTHORITATIVE_BOUNDARY
1385,Pardaha,Mau,Uttar Pradesh,25.91596,83.539887,MoPR_LGD_and_ISRO_Bhuvan,LGD_2026_Bhuvan_2024,1385,MATCHED_AUTHORITATIVE_BOUNDARY
1386,Ranipur,Mau,Uttar Pradesh,25.91488,83.414912,MoPR_LGD_and_ISRO_Bhuvan,LGD_2026_Bhuvan_2024,1386,MATCHED_AUTHORITATIVE_BOUNDARY
1387,Ratanpura,Mau,Uttar Pradesh,25.943243,83.712487,MoPR_LGD_and_ISRO_Bhuvan,LGD_2026_Bhuvan_2024,1387,MATCHED_AUTHORITATIVE_BOUNDARY
1388,Daurala,Meerut,Uttar Pradesh,29.108952,77.729195,MoPR_LGD_and_ISRO_Bhuvan,LGD_2026_Bhuvan_2024,1388,MATCHED_AUTHORITATIVE_BOUNDARY
1389,Hastinapur,Meerut,Uttar Pradesh,29.155734,78.022328,MoPR_LGD_and_ISRO_Bhuvan,LGD_2026_Bhuvan_2024,1389,MATCHED_AUTHORITATIVE_BOUNDARY
1390,Janikhurd,Meerut,Uttar Pradesh,28.949885,77.542015,MoPR_LGD_and_ISRO_Bhuvan,LGD_2026_Bhuvan_2024,1390,MATCHED_AUTHORITATIVE_BOUNDARY
1391,Kharkhoda,Meerut,Uttar Pradesh,28.824675,77.768817,MoPR_LGD_and_ISRO_Bhuvan,LGD_2026_Bhuvan_2024,1391,MATCHED_AUTHORITATIVE_BOUNDARY
1392,Machra,Meerut,Uttar Pradesh,28.915001,77.907711,MoPR_LGD_and_ISRO_Bhuvan,LGD_2026_Bhuvan_2024,1392,MATCHED_AUTHORITATIVE_BOUNDARY
1393,Mawana Kalan,Meerut,Uttar Pradesh,29.139031,77.876452,MoPR_LGD_and_ISRO_Bhuvan,LGD_2026_Bhuvan_2024,1393,MATCHED_AUTHORITATIVE_BOUNDARY
1394,Meerut,Meerut,Uttar Pradesh,28.954786,77.690172,MoPR_LGD_and_ISRO_Bhuvan,LGD_2026_Bhuvan_2024,1394,MATCHED_AUTHORITATIVE_BOUNDARY
1395,Parikshitgarh,Meerut,Uttar Pradesh,28.977678,77.989766,MoPR_LGD_and_ISRO_Bhuvan,LGD_2026_Bhuvan_2024,1395,MATCHED_AUTHORITATIVE_BOUNDARY
1396,Rajpura,Meerut,Uttar Pradesh,28.990449,77.79918,MoPR_LGD_and_ISRO_Bhuvan,LGD_2026_Bhuvan_2024,1396,MATCHED_AUTHORITATIVE_BOUNDARY
1397,Rohta,Meerut,Uttar Pradesh,29.039974,77.542026,MoPR_LGD_and_ISRO_Bhuvan,LGD_2026_Bhuvan_2024,1397,MATCHED_AUTHORITATIVE_BOUNDARY
1398,Sardhana,Meerut,Uttar Pradesh,29.189401,77.650848,MoPR_LGD_and_ISRO_Bhuvan,LGD_2026_Bhuvan_2024,1398,MATCHED_AUTHORITATIVE_BOUNDARY
1399,Sarurpur Khurd,Meerut,Uttar Pradesh,29.132083,77.539695,MoPR_LGD_and_ISRO_Bhuvan,LGD_2026_Bhuvan_2024,1399,MATCHED_AUTHORITATIVE_BOUNDARY
1400,Chhanvey,Mirzapur,Uttar Pradesh,25.16979,82.380667,MoPR_LGD_and_ISRO_Bhuvan,LGD_2026_Bhuvan_2024,1400,MATCHED_AUTHORITATIVE_BOUNDARY
1401,Hallia,Mirzapur,Uttar Pradesh,24.78221,82.325865,MoPR_LGD_and_ISRO_Bhuvan,LGD_2026_Bhuvan_2024,1401,MATCHED_AUTHORITATIVE_BOUNDARY
1402,Jamalpur,Mirzapur,Uttar Pradesh,25.09718,83.073447,MoPR_LGD_and_ISRO_Bhuvan,LGD_2026_Bhuvan_2024,1402,MATCHED_AUTHORITATIVE_BOUNDARY
1403,Kon,Mirzapur,Uttar Pradesh,25.206606,82.548236,MoPR_LGD_and_ISRO_Bhuvan,LGD_2026_Bhuvan_2024,1403,MATCHED_AUTHORITATIVE_BOUNDARY
1404,Lalganj,Mirzapur,Uttar Pradesh,24.981703,82.400624,MoPR_LGD_and_ISRO_Bhuvan,LGD_2026_Bhuvan_2024,1404,MATCHED_AUTHORITATIVE_BOUNDARY
1405,Majhawa,Mirzapur,Uttar Pradesh,25.223267,82.726997,MoPR_LGD_and_ISRO_Bhuvan,LGD_2026_Bhuvan_2024,1405,MATCHED_AUTHORITATIVE_BOUNDARY
1406,Nagar (City),Mirzapur,Uttar Pradesh,25.12684,82.573291,MoPR_LGD_and_ISRO_Bhuvan,LGD_2026_Bhuvan_2024,1406,MATCHED_AUTHORITATIVE_BOUNDARY
1407,Narainpur,Mirzapur,Uttar Pradesh,25.134665,82.96361,MoPR_LGD_and_ISRO_Bhuvan,LGD_2026_Bhuvan_2024,1407,MATCHED_AUTHORITATIVE_BOUNDARY
1408,Pahari,Mirzapur,Uttar Pradesh,25.057725,82.700367,MoPR_LGD_and_ISRO_Bhuvan,LGD_2026_Bhuvan_2024,1408,MATCHED_AUTHORITATIVE_BOUNDARY
1409,Patehra,Mirzapur,Uttar Pradesh,24.899721,82.570926,MoPR_LGD_and_ISRO_Bhuvan,LGD_2026_Bhuvan_2024,1409,MATCHED_AUTHORITATIVE_BOUNDARY
1410,Rajgarh,Mirzapur,Uttar Pradesh,24.956762,82.861597,MoPR_LGD_and_ISRO_Bhuvan,LGD_2026_Bhuvan_2024,1410,MATCHED_AUTHORITATIVE_BOUNDARY
1411,Shikhar,Mirzapur,Uttar Pradesh,25.157289,82.815346,MoPR_LGD_and_ISRO_Bhuvan,LGD_2026_Bhuvan_2024,1411,MATCHED_AUTHORITATIVE_BOUNDARY
1415,Bhagatpur Tanda,Moradabad,Uttar Pradesh,28.986502,78.880888,MoPR_LGD_and_ISRO_Bhuvan,LGD_2026_Bhuvan_2024,1415,MATCHED_AUTHORITATIVE_BOUNDARY
1416,Bilari,Moradabad,Uttar Pradesh,28.586991,78.797994,MoPR_LGD_and_ISRO_Bhuvan,LGD_2026_Bhuvan_2024,1416,MATCHED_AUTHORITATIVE_BOUNDARY
1417,Chhajlet,Moradabad,Uttar Pradesh,29.002635,78.629661,MoPR_LGD_and_ISRO_Bhuvan,LGD_2026_Bhuvan_2024,1417,MATCHED_AUTHORITATIVE_BOUNDARY
1418,Dilari,Moradabad,Uttar Pradesh,29.046753,78.763146,MoPR_LGD_and_ISRO_Bhuvan,LGD_2026_Bhuvan_2024,1418,MATCHED_AUTHORITATIVE_BOUNDARY
1419,Kundarki,Moradabad,Uttar Pradesh,28.712786,78.748965,MoPR_LGD_and_ISRO_Bhuvan,LGD_2026_Bhuvan_2024,1419,MATCHED_AUTHORITATIVE_BOUNDARY
1420,Moradabad,Moradabad,Uttar Pradesh,28.860684,78.745421,MoPR_LGD_and_ISRO_Bhuvan,LGD_2026_Bhuvan_2024,1420,MATCHED_AUTHORITATIVE_BOUNDARY
1421,Munda Pandey,Moradabad,Uttar Pradesh,28.788993,78.90068,MoPR_LGD_and_ISRO_Bhuvan,LGD_2026_Bhuvan_2024,1421,MATCHED_AUTHORITATIVE_BOUNDARY
1424,Thakurdwara,Moradabad,Uttar Pradesh,29.17766,78.794249,MoPR_LGD_and_ISRO_Bhuvan,LGD_2026_Bhuvan_2024,1424,MATCHED_AUTHORITATIVE_BOUNDARY
1425,Baghara,Muzaffarnagar,Uttar Pradesh,29.457041,77.553518,MoPR_LGD_and_ISRO_Bhuvan,LGD_2026_Bhuvan_2024,1425,MATCHED_AUTHORITATIVE_BOUNDARY
1426,Budhana,Muzaffarnagar,Uttar Pradesh,29.291123,77.437144,MoPR_LGD_and_ISRO_Bhuvan,LGD_2026_Bhuvan_2024,1426,MATCHED_AUTHORITATIVE_BOUNDARY
1427,Charthawal,Muzaffarnagar,Uttar Pradesh,29.560297,77.596876,MoPR_LGD_and_ISRO_Bhuvan,LGD_2026_Bhuvan_2024,1427,MATCHED_AUTHORITATIVE_BOUNDARY
1428,Jansath,Muzaffarnagar,Uttar Pradesh,29.316612,77.939657,MoPR_LGD_and_ISRO_Bhuvan,LGD_2026_Bhuvan_2024,1428,MATCHED_AUTHORITATIVE_BOUNDARY
1431,Khatauli,Muzaffarnagar,Uttar Pradesh,29.288591,77.742865,MoPR_LGD_and_ISRO_Bhuvan,LGD_2026_Bhuvan_2024,1431,MATCHED_AUTHORITATIVE_BOUNDARY
1432,Morna,Muzaffarnagar,Uttar Pradesh,29.474509,77.916744,MoPR_LGD_and_ISRO_Bhuvan,LGD_2026_Bhuvan_2024,1432,MATCHED_AUTHORITATIVE_BOUNDARY
1433,Muzaffarnagar,Muzaffarnagar,Uttar Pradesh,29.468862,77.733811,MoPR_LGD_and_ISRO_Bhuvan,LGD_2026_Bhuvan_2024,1433,MATCHED_AUTHORITATIVE_BOUNDARY
1434,Purkaji,Muzaffarnagar,Uttar Pradesh,29.615775,77.862213,MoPR_LGD_and_ISRO_Bhuvan,LGD_2026_Bhuvan_2024,1434,MATCHED_AUTHORITATIVE_BOUNDARY
1435,Shahpur,Muzaffarnagar,Uttar Pradesh,29.354559,77.563716,MoPR_LGD_and_ISRO_Bhuvan,LGD_2026_Bhuvan_2024,1435,MATCHED_AUTHORITATIVE_BOUNDARY
1439,Amariya,Pilibhit,Uttar Pradesh,28.764031,79.768061,MoPR_LGD_and_ISRO_Bhuvan,LGD_2026_Bhuvan_2024,1439,MATCHED_AUTHORITATIVE_BOUNDARY
1440,Barkhera,Pilibhit,Uttar Pradesh,28.435476,79.848092,MoPR_LGD_and_ISRO_Bhuvan,LGD_2026_Bhuvan_2024,1440,MATCHED_AUTHORITATIVE_BOUNDARY
1441,Bilsanda,Pilibhit,Uttar Pradesh,28.288541,79.93678,MoPR_LGD_and_ISRO_Bhuvan,LGD_2026_Bhuvan_2024,1441,MATCHED_AUTHORITATIVE_BOUNDARY
1442,Bisalpur,Pilibhit,Uttar Pradesh,28.286324,79.781867,MoPR_LGD_and_ISRO_Bhuvan,LGD_2026_Bhuvan_2024,1442,MATCHED_AUTHORITATIVE_BOUNDARY
1443,Lalaurikhera,Pilibhit,Uttar Pradesh,28.58639,79.739893,MoPR_LGD_and_ISRO_Bhuvan,LGD_2026_Bhuvan_2024,1443,MATCHED_AUTHORITATIVE_BOUNDARY
1444,Marori,Pilibhit,Uttar Pradesh,28.637885,79.894861,MoPR_LGD_and_ISRO_Bhuvan,LGD_2026_Bhuvan_2024,1444,MATCHED_AUTHORITATIVE_BOUNDARY
1445,Puranpur,Pilibhit,Uttar Pradesh,28.55053,80.173903,MoPR_LGD_and_ISRO_Bhuvan,LGD_2026_Bhuvan_2024,1445,MATCHED_AUTHORITATIVE_BOUNDARY
1446,Aspur Deosara,Pratapgarh,Uttar Pradesh,25.961279,82.309449,MoPR_LGD_and_ISRO_Bhuvan,LGD_2026_Bhuvan_2024,1446,MATCHED_AUTHORITATIVE_BOUNDARY
1447,Baba Belkharnath Dham,Pratapgarh,Uttar Pradesh,25.884252,82.055715,MoPR_LGD_and_ISRO_Bhuvan,LGD_2026_Bhuvan_2024,1447,MATCHED_AUTHORITATIVE_BOUNDARY
1448,Babaganj,Pratapgarh,Uttar Pradesh,25.799057,81.580978,MoPR_LGD_and_ISRO_Bhuvan,LGD_2026_Bhuvan_2024,1448,MATCHED_AUTHORITATIVE_BOUNDARY
1449,Bihar,Pratapgarh,Uttar Pradesh,25.734804,81.695415,MoPR_LGD_and_ISRO_Bhuvan,LGD_2026_Bhuvan_2024,1449,MATCHED_AUTHORITATIVE_BOUNDARY
1450,Gaura,Pratapgarh,Uttar Pradesh,25.736883,82.078415,MoPR_LGD_and_ISRO_Bhuvan,LGD_2026_Bhuvan_2024,1450,MATCHED_AUTHORITATIVE_BOUNDARY
1451,Kalakankar,Pratapgarh,Uttar Pradesh,25.83116,81.413721,MoPR_LGD_and_ISRO_Bhuvan,LGD_2026_Bhuvan_2024,1451,MATCHED_AUTHORITATIVE_BOUNDARY
1452,Kunda,Pratapgarh,Uttar Pradesh,25.680377,81.506486,MoPR_LGD_and_ISRO_Bhuvan,LGD_2026_Bhuvan_2024,1452,MATCHED_AUTHORITATIVE_BOUNDARY
1453,Lakshamanpur,Pratapgarh,Uttar Pradesh,25.903108,81.805456,MoPR_LGD_and_ISRO_Bhuvan,LGD_2026_Bhuvan_2024,1453,MATCHED_AUTHORITATIVE_BOUNDARY
1454,Lalganj,Pratapgarh,Uttar Pradesh,25.946367,81.660036,MoPR_LGD_and_ISRO_Bhuvan,LGD_2026_Bhuvan_2024,1454,MATCHED_AUTHORITATIVE_BOUNDARY
1455,Magraura,Pratapgarh,Uttar Pradesh,26.003429,82.074631,MoPR_LGD_and_ISRO_Bhuvan,LGD_2026_Bhuvan_2024,1455,MATCHED_AUTHORITATIVE_BOUNDARY
1456,Mandhata,Pratapgarh,Uttar Pradesh,25.789447,81.870029,MoPR_LGD_and_ISRO_Bhuvan,LGD_2026_Bhuvan_2024,1456,MATCHED_AUTHORITATIVE_BOUNDARY
1457,Patti,Pratapgarh,Uttar Pradesh,25.925388,82.211,MoPR_LGD_and_ISRO_Bhuvan,LGD_2026_Bhuvan_2024,1457,MATCHED_AUTHORITATIVE_BOUNDARY
1458,Pratapgarh (Sadar),Pratapgarh,Uttar Pradesh,25.903661,81.960451,MoPR_LGD_and_ISRO_Bhuvan,LGD_2026_Bhuvan_2024,1458,MATCHED_AUTHORITATIVE_BOUNDARY
1459,Rampur Sanramgarh,Pratapgarh,Uttar Pradesh,25.896332,81.566693,MoPR_LGD_and_ISRO_Bhuvan,LGD_2026_Bhuvan_2024,1459,MATCHED_AUTHORITATIVE_BOUNDARY
1460,Sandwa Chandrika,Pratapgarh,Uttar Pradesh,26.007548,81.858664,MoPR_LGD_and_ISRO_Bhuvan,LGD_2026_Bhuvan_2024,1460,MATCHED_AUTHORITATIVE_BOUNDARY
1461,Sangipur,Pratapgarh,Uttar Pradesh,26.066007,81.639256,MoPR_LGD_and_ISRO_Bhuvan,LGD_2026_Bhuvan_2024,1461,MATCHED_AUTHORITATIVE_BOUNDARY
1462,Shivgarh,Pratapgarh,Uttar Pradesh,25.818886,82.086512,MoPR_LGD_and_ISRO_Bhuvan,LGD_2026_Bhuvan_2024,1462,MATCHED_AUTHORITATIVE_BOUNDARY
830,Bahadurpur,Prayagraj,Uttar Pradesh,25.413397,81.979672,MoPR_LGD_and_ISRO_Bhuvan,LGD_2026_Bhuvan_2024,830,MATCHED_AUTHORITATIVE_BOUNDARY
831,Bahria,Prayagraj,Uttar Pradesh,25.620087,81.98015,MoPR_LGD_and_ISRO_Bhuvan,LGD_2026_Bhuvan_2024,831,MATCHED_AUTHORITATIVE_BOUNDARY
7359,Bhagwatpur,Prayagraj,Uttar Pradesh,25.425144,81.731761,MoPR_LGD_and_ISRO_Bhuvan,LGD_2026_Bhuvan_2024,7359,MATCHED_AUTHORITATIVE_BOUNDARY
832,Chaka,Prayagraj,Uttar Pradesh,25.370883,81.857389,MoPR_LGD_and_ISRO_Bhuvan,LGD_2026_Bhuvan_2024,832,MATCHED_AUTHORITATIVE_BOUNDARY
833,Dhanupur,Prayagraj,Uttar Pradesh,25.42542,82.250425,MoPR_LGD_and_ISRO_Bhuvan,LGD_2026_Bhuvan_2024,833,MATCHED_AUTHORITATIVE_BOUNDARY
834,Handia,Prayagraj,Uttar Pradesh,25.346066,82.218266,MoPR_LGD_and_ISRO_Bhuvan,LGD_2026_Bhuvan_2024,834,MATCHED_AUTHORITATIVE_BOUNDARY
835,Holagarh,Prayagraj,Uttar Pradesh,25.666172,81.787912,MoPR_LGD_and_ISRO_Bhuvan,LGD_2026_Bhuvan_2024,835,MATCHED_AUTHORITATIVE_BOUNDARY
836,Jasra,Prayagraj,Uttar Pradesh,25.264385,81.745158,MoPR_LGD_and_ISRO_Bhuvan,LGD_2026_Bhuvan_2024,836,MATCHED_AUTHORITATIVE_BOUNDARY
837,Karchhana,Prayagraj,Uttar Pradesh,25.26458,81.980176,MoPR_LGD_and_ISRO_Bhuvan,LGD_2026_Bhuvan_2024,837,MATCHED_AUTHORITATIVE_BOUNDARY
838,Kaudhiyara,Prayagraj,Uttar Pradesh,25.219964,81.86399,MoPR_LGD_and_ISRO_Bhuvan,LGD_2026_Bhuvan_2024,838,MATCHED_AUTHORITATIVE_BOUNDARY
839,Kaurihar,Prayagraj,Uttar Pradesh,25.531271,81.751999,MoPR_LGD_and_ISRO_Bhuvan,LGD_2026_Bhuvan_2024,839,MATCHED_AUTHORITATIVE_BOUNDARY
840,Koraon,Prayagraj,Uttar Pradesh,24.970711,82.019989,MoPR_LGD_and_ISRO_Bhuvan,LGD_2026_Bhuvan_2024,840,MATCHED_AUTHORITATIVE_BOUNDARY
841,Manda,Prayagraj,Uttar Pradesh,25.04369,82.209757,MoPR_LGD_and_ISRO_Bhuvan,LGD_2026_Bhuvan_2024,841,MATCHED_AUTHORITATIVE_BOUNDARY
842,Mauaima,Prayagraj,Uttar Pradesh,25.683047,81.892284,MoPR_LGD_and_ISRO_Bhuvan,LGD_2026_Bhuvan_2024,842,MATCHED_AUTHORITATIVE_BOUNDARY
843,Meja,Prayagraj,Uttar Pradesh,25.115518,81.975216,MoPR_LGD_and_ISRO_Bhuvan,LGD_2026_Bhuvan_2024,843,MATCHED_AUTHORITATIVE_BOUNDARY
844,Phulpur,Prayagraj,Uttar Pradesh,25.567437,82.068347,MoPR_LGD_and_ISRO_Bhuvan,LGD_2026_Bhuvan_2024,844,MATCHED_AUTHORITATIVE_BOUNDARY
845,Pratappur,Prayagraj,Uttar Pradesh,25.525056,82.213896,MoPR_LGD_and_ISRO_Bhuvan,LGD_2026_Bhuvan_2024,845,MATCHED_AUTHORITATIVE_BOUNDARY
7360,Sahson,Prayagraj,Uttar Pradesh,,,MoPR_LGD_and_ISRO_Bhuvan,LGD_2026_Bhuvan_2024,7360,PENDING_OFFICIAL_BOUNDARY_MATCH
846,Saidabad,Prayagraj,Uttar Pradesh,25.403387,82.104752,MoPR_LGD_and_ISRO_Bhuvan,LGD_2026_Bhuvan_2024,846,MATCHED_AUTHORITATIVE_BOUNDARY
847,Shankargarh,Prayagraj,Uttar Pradesh,25.178032,81.660191,MoPR_LGD_and_ISRO_Bhuvan,LGD_2026_Bhuvan_2024,847,MATCHED_AUTHORITATIVE_BOUNDARY
848,Soraon,Prayagraj,Uttar Pradesh,25.562839,81.864049,MoPR_LGD_and_ISRO_Bhuvan,LGD_2026_Bhuvan_2024,848,MATCHED_AUTHORITATIVE_BOUNDARY
7361,Sringverpur Dham,Prayagraj,Uttar Pradesh,25.632012,81.736379,MoPR_LGD_and_ISRO_Bhuvan,LGD_2026_Bhuvan_2024,7361,MATCHED_AUTHORITATIVE_BOUNDARY
849,Uruwan,Prayagraj,Uttar Pradesh,25.247694,82.142632,MoPR_LGD_and_ISRO_Bhuvan,LGD_2026_Bhuvan_2024,849,MATCHED_AUTHORITATIVE_BOUNDARY
1463,Amawan,Rae Bareli,Uttar Pradesh,26.303772,81.303887,MoPR_LGD_and_ISRO_Bhuvan,LGD_2026_Bhuvan_2024,1463,MATCHED_AUTHORITATIVE_BOUNDARY
1464,Bachharawan,Rae Bareli,Uttar Pradesh,26.476879,81.103135,MoPR_LGD_and_ISRO_Bhuvan,LGD_2026_Bhuvan_2024,1464,MATCHED_AUTHORITATIVE_BOUNDARY
1466,Chhatoh,Rae Bareli,Uttar Pradesh,26.169835,81.544557,MoPR_LGD_and_ISRO_Bhuvan,LGD_2026_Bhuvan_2024,1466,MATCHED_AUTHORITATIVE_BOUNDARY
1467,Dalmau,Rae Bareli,Uttar Pradesh,26.125565,81.074677,MoPR_LGD_and_ISRO_Bhuvan,LGD_2026_Bhuvan_2024,1467,MATCHED_AUTHORITATIVE_BOUNDARY
1468,Deenshah Gaura,Rae Bareli,Uttar Pradesh,26.028702,81.157601,MoPR_LGD_and_ISRO_Bhuvan,LGD_2026_Bhuvan_2024,1468,MATCHED_AUTHORITATIVE_BOUNDARY
1469,Dih,Rae Bareli,Uttar Pradesh,26.147464,81.438952,MoPR_LGD_and_ISRO_Bhuvan,LGD_2026_Bhuvan_2024,1469,MATCHED_AUTHORITATIVE_BOUNDARY
1470,Harchandpur,Rae Bareli,Uttar Pradesh,26.345029,81.145333,MoPR_LGD_and_ISRO_Bhuvan,LGD_2026_Bhuvan_2024,1470,MATCHED_AUTHORITATIVE_BOUNDARY
1471,Jagatpur,Rae Bareli,Uttar Pradesh,26.039369,81.258901,MoPR_LGD_and_ISRO_Bhuvan,LGD_2026_Bhuvan_2024,1471,MATCHED_AUTHORITATIVE_BOUNDARY
1472,Khiron,Rae Bareli,Uttar Pradesh,26.2764,80.917447,MoPR_LGD_and_ISRO_Bhuvan,LGD_2026_Bhuvan_2024,1472,MATCHED_AUTHORITATIVE_BOUNDARY
1473,Lalganj,Rae Bareli,Uttar Pradesh,26.142648,80.941597,MoPR_LGD_and_ISRO_Bhuvan,LGD_2026_Bhuvan_2024,1473,MATCHED_AUTHORITATIVE_BOUNDARY
1474,Mahrajganj,Rae Bareli,Uttar Pradesh,26.418464,81.291461,MoPR_LGD_and_ISRO_Bhuvan,LGD_2026_Bhuvan_2024,1474,MATCHED_AUTHORITATIVE_BOUNDARY
1475,Rahi,Rae Bareli,Uttar Pradesh,26.166586,81.274425,MoPR_LGD_and_ISRO_Bhuvan,LGD_2026_Bhuvan_2024,1475,MATCHED_AUTHORITATIVE_BOUNDARY
1476,Rohania,Rae Bareli,Uttar Pradesh,25.956753,81.363688,MoPR_LGD_and_ISRO_Bhuvan,LGD_2026_Bhuvan_2024,1476,MATCHED_AUTHORITATIVE_BOUNDARY
1477,Salon,Rae Bareli,Uttar Pradesh,26.021756,81.439453,MoPR_LGD_and_ISRO_Bhuvan,LGD_2026_Bhuvan_2024,1477,MATCHED_AUTHORITATIVE_BOUNDARY
1478,Sareni,Rae Bareli,Uttar Pradesh,26.122828,80.799666,MoPR_LGD_and_ISRO_Bhuvan,LGD_2026_Bhuvan_2024,1478,MATCHED_AUTHORITATIVE_BOUNDARY
1479,Sataon,Rae Bareli,Uttar Pradesh,26.257147,81.101414,MoPR_LGD_and_ISRO_Bhuvan,LGD_2026_Bhuvan_2024,1479,MATCHED_AUTHORITATIVE_BOUNDARY
1480,Shivgarh,Rae Bareli,Uttar Pradesh,26.531299,81.250505,MoPR_LGD_and_ISRO_Bhuvan,LGD_2026_Bhuvan_2024,1480,MATCHED_AUTHORITATIVE_BOUNDARY
1483,Unchahar,Rae Bareli,Uttar Pradesh,25.90958,81.286661,MoPR_LGD_and_ISRO_Bhuvan,LGD_2026_Bhuvan_2024,1483,MATCHED_AUTHORITATIVE_BOUNDARY
1484,Bilaspur,Rampur,Uttar Pradesh,28.869638,79.285137,MoPR_LGD_and_ISRO_Bhuvan,LGD_2026_Bhuvan_2024,1484,MATCHED_AUTHORITATIVE_BOUNDARY
1485,Chamraon,Rampur,Uttar Pradesh,28.756476,79.057961,MoPR_LGD_and_ISRO_Bhuvan,LGD_2026_Bhuvan_2024,1485,MATCHED_AUTHORITATIVE_BOUNDARY
1486,Milak,Rampur,Uttar Pradesh,28.678719,79.169847,MoPR_LGD_and_ISRO_Bhuvan,LGD_2026_Bhuvan_2024,1486,MATCHED_AUTHORITATIVE_BOUNDARY
1487,Saidnagar,Rampur,Uttar Pradesh,28.871802,79.032019,MoPR_LGD_and_ISRO_Bhuvan,LGD_2026_Bhuvan_2024,1487,MATCHED_AUTHORITATIVE_BOUNDARY
1488,Shahabad,Rampur,Uttar Pradesh,28.576328,78.997852,MoPR_LGD_and_ISRO_Bhuvan,LGD_2026_Bhuvan_2024,1488,MATCHED_AUTHORITATIVE_BOUNDARY
1489,Suar,Rampur,Uttar Pradesh,29.020736,79.063757,MoPR_LGD_and_ISRO_Bhuvan,LGD_2026_Bhuvan_2024,1489,MATCHED_AUTHORITATIVE_BOUNDARY
1490,Ballia Kheri,Saharanpur,Uttar Pradesh,29.919927,77.585259,MoPR_LGD_and_ISRO_Bhuvan,LGD_2026_Bhuvan_2024,1490,MATCHED_AUTHORITATIVE_BOUNDARY
1491,Deoband,Saharanpur,Uttar Pradesh,29.673576,77.68648,MoPR_LGD_and_ISRO_Bhuvan,LGD_2026_Bhuvan_2024,1491,MATCHED_AUTHORITATIVE_BOUNDARY
1492,Gangoh,Saharanpur,Uttar Pradesh,29.763138,77.262957,MoPR_LGD_and_ISRO_Bhuvan,LGD_2026_Bhuvan_2024,1492,MATCHED_AUTHORITATIVE_BOUNDARY
1493,Muzaffarabad,Saharanpur,Uttar Pradesh,30.13601,77.728248,MoPR_LGD_and_ISRO_Bhuvan,LGD_2026_Bhuvan_2024,1493,MATCHED_AUTHORITATIVE_BOUNDARY
1494,Nagal,Saharanpur,Uttar Pradesh,29.801129,77.665854,MoPR_LGD_and_ISRO_Bhuvan,LGD_2026_Bhuvan_2024,1494,MATCHED_AUTHORITATIVE_BOUNDARY
1495,Nakur,Saharanpur,Uttar Pradesh,29.909768,77.330866,MoPR_LGD_and_ISRO_Bhuvan,LGD_2026_Bhuvan_2024,1495,MATCHED_AUTHORITATIVE_BOUNDARY
1496,Nanauta,Saharanpur,Uttar Pradesh,29.69566,77.468801,MoPR_LGD_and_ISRO_Bhuvan,LGD_2026_Bhuvan_2024,1496,MATCHED_AUTHORITATIVE_BOUNDARY
1497,Puwarka,Saharanpur,Uttar Pradesh,30.015331,77.627886,MoPR_LGD_and_ISRO_Bhuvan,LGD_2026_Bhuvan_2024,1497,MATCHED_AUTHORITATIVE_BOUNDARY
1498,Rampur Maniharan,Saharanpur,Uttar Pradesh,29.800059,77.493515,MoPR_LGD_and_ISRO_Bhuvan,LGD_2026_Bhuvan_2024,1498,MATCHED_AUTHORITATIVE_BOUNDARY
1499,Sadauli Qadeem,Saharanpur,Uttar Pradesh,30.251252,77.680485,MoPR_LGD_and_ISRO_Bhuvan,LGD_2026_Bhuvan_2024,1499,MATCHED_AUTHORITATIVE_BOUNDARY
1500,Sarsawan,Saharanpur,Uttar Pradesh,30.051503,77.432181,MoPR_LGD_and_ISRO_Bhuvan,LGD_2026_Bhuvan_2024,1500,MATCHED_AUTHORITATIVE_BOUNDARY
1412,Asmauli,Sambhal,Uttar Pradesh,28.736914,78.536213,MoPR_LGD_and_ISRO_Bhuvan,LGD_2026_Bhuvan_2024,1412,MATCHED_AUTHORITATIVE_BOUNDARY
1413,Bahjoi,Sambhal,Uttar Pradesh,28.397695,78.602243,MoPR_LGD_and_ISRO_Bhuvan,LGD_2026_Bhuvan_2024,1413,MATCHED_AUTHORITATIVE_BOUNDARY
1414,Baniyakhera,Sambhal,Uttar Pradesh,28.480112,78.809072,MoPR_LGD_and_ISRO_Bhuvan,LGD_2026_Bhuvan_2024,1414,MATCHED_AUTHORITATIVE_BOUNDARY
1004,Gunnaur,Sambhal,Uttar Pradesh,28.272944,78.487087,MoPR_LGD_and_ISRO_Bhuvan,LGD_2026_Bhuvan_2024,1004,MATCHED_AUTHORITATIVE_BOUNDARY
1007,Junawai,Sambhal,Uttar Pradesh,28.179131,78.549519,MoPR_LGD_and_ISRO_Bhuvan,LGD_2026_Bhuvan_2024,1007,MATCHED_AUTHORITATIVE_BOUNDARY
1422,Panwasa,Sambhal,Uttar Pradesh,28.510933,78.563864,MoPR_LGD_and_ISRO_Bhuvan,LGD_2026_Bhuvan_2024,1422,MATCHED_AUTHORITATIVE_BOUNDARY
1010,Rajpura,Sambhal,Uttar Pradesh,28.372672,78.382691,MoPR_LGD_and_ISRO_Bhuvan,LGD_2026_Bhuvan_2024,1010,MATCHED_AUTHORITATIVE_BOUNDARY
1423,Sambhal,Sambhal,Uttar Pradesh,28.626058,78.548766,MoPR_LGD_and_ISRO_Bhuvan,LGD_2026_Bhuvan_2024,1423,MATCHED_AUTHORITATIVE_BOUNDARY
1501,Baghauli,Sant Kabir Nagar,Uttar Pradesh,26.86801,83.064237,MoPR_LGD_and_ISRO_Bhuvan,LGD_2026_Bhuvan_2024,1501,MATCHED_AUTHORITATIVE_BOUNDARY
1502,Belhar Kala,Sant Kabir Nagar,Uttar Pradesh,26.962774,82.963948,MoPR_LGD_and_ISRO_Bhuvan,LGD_2026_Bhuvan_2024,1502,MATCHED_AUTHORITATIVE_BOUNDARY
1503,Hainsar Bazar,Sant Kabir Nagar,Uttar Pradesh,26.515559,83.069764,MoPR_LGD_and_ISRO_Bhuvan,LGD_2026_Bhuvan_2024,1503,MATCHED_AUTHORITATIVE_BOUNDARY
1504,Khalilabad,Sant Kabir Nagar,Uttar Pradesh,26.737074,83.051072,MoPR_LGD_and_ISRO_Bhuvan,LGD_2026_Bhuvan_2024,1504,MATCHED_AUTHORITATIVE_BOUNDARY
1505,Mehdawal,Sant Kabir Nagar,Uttar Pradesh,26.961265,83.131052,MoPR_LGD_and_ISRO_Bhuvan,LGD_2026_Bhuvan_2024,1505,MATCHED_AUTHORITATIVE_BOUNDARY
1506,Nath Nagar,Sant Kabir Nagar,Uttar Pradesh,26.628091,83.021288,MoPR_LGD_and_ISRO_Bhuvan,LGD_2026_Bhuvan_2024,1506,MATCHED_AUTHORITATIVE_BOUNDARY
1507,Pauli,Sant Kabir Nagar,Uttar Pradesh,26.559455,82.91762,MoPR_LGD_and_ISRO_Bhuvan,LGD_2026_Bhuvan_2024,1507,MATCHED_AUTHORITATIVE_BOUNDARY
1508,Santha,Sant Kabir Nagar,Uttar Pradesh,27.039719,83.05275,MoPR_LGD_and_ISRO_Bhuvan,LGD_2026_Bhuvan_2024,1508,MATCHED_AUTHORITATIVE_BOUNDARY
1509,Semariyawan,Sant Kabir Nagar,Uttar Pradesh,26.846228,82.921826,MoPR_LGD_and_ISRO_Bhuvan,LGD_2026_Bhuvan_2024,1509,MATCHED_AUTHORITATIVE_BOUNDARY
1516,Banda,Shahjahanpur,Uttar Pradesh,28.259096,80.076469,MoPR_LGD_and_ISRO_Bhuvan,LGD_2026_Bhuvan_2024,1516,MATCHED_AUTHORITATIVE_BOUNDARY
1517,Bhawal Khera,Shahjahanpur,Uttar Pradesh,27.831306,79.970419,MoPR_LGD_and_ISRO_Bhuvan,LGD_2026_Bhuvan_2024,1517,MATCHED_AUTHORITATIVE_BOUNDARY
1518,Dadrol,Shahjahanpur,Uttar Pradesh,27.850087,79.851608,MoPR_LGD_and_ISRO_Bhuvan,LGD_2026_Bhuvan_2024,1518,MATCHED_AUTHORITATIVE_BOUNDARY
1519,Jaitipur,Shahjahanpur,Uttar Pradesh,27.969515,79.545982,MoPR_LGD_and_ISRO_Bhuvan,LGD_2026_Bhuvan_2024,1519,MATCHED_AUTHORITATIVE_BOUNDARY
1520,Jalalabad,Shahjahanpur,Uttar Pradesh,27.666567,79.656318,MoPR_LGD_and_ISRO_Bhuvan,LGD_2026_Bhuvan_2024,1520,MATCHED_AUTHORITATIVE_BOUNDARY
1521,Kalan,Shahjahanpur,Uttar Pradesh,27.731888,79.422639,MoPR_LGD_and_ISRO_Bhuvan,LGD_2026_Bhuvan_2024,1521,MATCHED_AUTHORITATIVE_BOUNDARY
1522,Kanth,Shahjahanpur,Uttar Pradesh,27.775337,79.769228,MoPR_LGD_and_ISRO_Bhuvan,LGD_2026_Bhuvan_2024,1522,MATCHED_AUTHORITATIVE_BOUNDARY
1523,Khudaganj Katra,Shahjahanpur,Uttar Pradesh,28.108654,79.7021,MoPR_LGD_and_ISRO_Bhuvan,LGD_2026_Bhuvan_2024,1523,MATCHED_AUTHORITATIVE_BOUNDARY
1524,Khutar,Shahjahanpur,Uttar Pradesh,28.238317,80.247832,MoPR_LGD_and_ISRO_Bhuvan,LGD_2026_Bhuvan_2024,1524,MATCHED_AUTHORITATIVE_BOUNDARY
1525,Madnapur,Shahjahanpur,Uttar Pradesh,27.85453,79.624954,MoPR_LGD_and_ISRO_Bhuvan,LGD_2026_Bhuvan_2024,1525,MATCHED_AUTHORITATIVE_BOUNDARY
1526,Mirzapur,Shahjahanpur,Uttar Pradesh,27.687965,79.541094,MoPR_LGD_and_ISRO_Bhuvan,LGD_2026_Bhuvan_2024,1526,MATCHED_AUTHORITATIVE_BOUNDARY
1527,Nigohi,Shahjahanpur,Uttar Pradesh,28.096189,79.850717,MoPR_LGD_and_ISRO_Bhuvan,LGD_2026_Bhuvan_2024,1527,MATCHED_AUTHORITATIVE_BOUNDARY
1528,Powayan,Shahjahanpur,Uttar Pradesh,28.097856,80.117704,MoPR_LGD_and_ISRO_Bhuvan,LGD_2026_Bhuvan_2024,1528,MATCHED_AUTHORITATIVE_BOUNDARY
1529,Sindhauli,Shahjahanpur,Uttar Pradesh,28.009808,80.002003,MoPR_LGD_and_ISRO_Bhuvan,LGD_2026_Bhuvan_2024,1529,MATCHED_AUTHORITATIVE_BOUNDARY
1530,Tilhar,Shahjahanpur,Uttar Pradesh,27.979235,79.725897,MoPR_LGD_and_ISRO_Bhuvan,LGD_2026_Bhuvan_2024,1530,MATCHED_AUTHORITATIVE_BOUNDARY
1429,Kairana,Shamli,Uttar Pradesh,29.425151,77.201882,MoPR_LGD_and_ISRO_Bhuvan,LGD_2026_Bhuvan_2024,1429,MATCHED_AUTHORITATIVE_BOUNDARY
1430,Kandhla,Shamli,Uttar Pradesh,29.334953,77.265785,MoPR_LGD_and_ISRO_Bhuvan,LGD_2026_Bhuvan_2024,1430,MATCHED_AUTHORITATIVE_BOUNDARY
1436,Shamli,Shamli,Uttar Pradesh,29.446978,77.359393,MoPR_LGD_and_ISRO_Bhuvan,LGD_2026_Bhuvan_2024,1436,MATCHED_AUTHORITATIVE_BOUNDARY
1437,Thana Bhawan,Shamli,Uttar Pradesh,29.579849,77.408925,MoPR_LGD_and_ISRO_Bhuvan,LGD_2026_Bhuvan_2024,1437,MATCHED_AUTHORITATIVE_BOUNDARY
1438,Un,Shamli,Uttar Pradesh,29.585827,77.215009,MoPR_LGD_and_ISRO_Bhuvan,LGD_2026_Bhuvan_2024,1438,MATCHED_AUTHORITATIVE_BOUNDARY
1531,Ekona,Shrawasti,Uttar Pradesh,27.529873,81.971618,MoPR_LGD_and_ISRO_Bhuvan,LGD_2026_Bhuvan_2024,1531,MATCHED_AUTHORITATIVE_BOUNDARY
1532,Gilaula,Shrawasti,Uttar Pradesh,27.619075,81.78344,MoPR_LGD_and_ISRO_Bhuvan,LGD_2026_Bhuvan_2024,1532,MATCHED_AUTHORITATIVE_BOUNDARY
1533,Hariharpur Rani,Shrawasti,Uttar Pradesh,27.738831,81.899603,MoPR_LGD_and_ISRO_Bhuvan,LGD_2026_Bhuvan_2024,1533,MATCHED_AUTHORITATIVE_BOUNDARY
1534,Jamunaha,Shrawasti,Uttar Pradesh,27.815613,81.727413,MoPR_LGD_and_ISRO_Bhuvan,LGD_2026_Bhuvan_2024,1534,MATCHED_AUTHORITATIVE_BOUNDARY
1535,Sirsiya,Shrawasti,Uttar Pradesh,27.794459,82.048268,MoPR_LGD_and_ISRO_Bhuvan,LGD_2026_Bhuvan_2024,1535,MATCHED_AUTHORITATIVE_BOUNDARY
1536,Bansi,Siddharthnagar,Uttar Pradesh,27.215211,82.912777,MoPR_LGD_and_ISRO_Bhuvan,LGD_2026_Bhuvan_2024,1536,MATCHED_AUTHORITATIVE_BOUNDARY
1537,Barhni,Siddharthnagar,Uttar Pradesh,27.44947,82.841501,MoPR_LGD_and_ISRO_Bhuvan,LGD_2026_Bhuvan_2024,1537,MATCHED_AUTHORITATIVE_BOUNDARY
1538,Bhanwapur,Siddharthnagar,Uttar Pradesh,27.28584,82.577263,MoPR_LGD_and_ISRO_Bhuvan,LGD_2026_Bhuvan_2024,1538,MATCHED_AUTHORITATIVE_BOUNDARY
1539,Birdpur,Siddharthnagar,Uttar Pradesh,27.396195,83.137319,MoPR_LGD_and_ISRO_Bhuvan,LGD_2026_Bhuvan_2024,1539,MATCHED_AUTHORITATIVE_BOUNDARY
1540,Domariyaganj,Siddharthnagar,Uttar Pradesh,27.155027,82.638488,MoPR_LGD_and_ISRO_Bhuvan,LGD_2026_Bhuvan_2024,1540,MATCHED_AUTHORITATIVE_BOUNDARY
1541,Itwa,Siddharthnagar,Uttar Pradesh,27.361904,82.716884,MoPR_LGD_and_ISRO_Bhuvan,LGD_2026_Bhuvan_2024,1541,MATCHED_AUTHORITATIVE_BOUNDARY
1542,Jogia,Siddharthnagar,Uttar Pradesh,27.27145,82.976342,MoPR_LGD_and_ISRO_Bhuvan,LGD_2026_Bhuvan_2024,1542,MATCHED_AUTHORITATIVE_BOUNDARY
1543,Khesraha,Siddharthnagar,Uttar Pradesh,27.090069,82.993464,MoPR_LGD_and_ISRO_Bhuvan,LGD_2026_Bhuvan_2024,1543,MATCHED_AUTHORITATIVE_BOUNDARY
1544,Khuniyaon,Siddharthnagar,Uttar Pradesh,27.269637,82.777237,MoPR_LGD_and_ISRO_Bhuvan,LGD_2026_Bhuvan_2024,1544,MATCHED_AUTHORITATIVE_BOUNDARY
1545,Lotan,Siddharthnagar,Uttar Pradesh,27.307626,83.21606,MoPR_LGD_and_ISRO_Bhuvan,LGD_2026_Bhuvan_2024,1545,MATCHED_AUTHORITATIVE_BOUNDARY
1546,Mithwal,Siddharthnagar,Uttar Pradesh,27.12069,82.869255,MoPR_LGD_and_ISRO_Bhuvan,LGD_2026_Bhuvan_2024,1546,MATCHED_AUTHORITATIVE_BOUNDARY
1547,Naugarh,Siddharthnagar,Uttar Pradesh,27.319593,83.078668,MoPR_LGD_and_ISRO_Bhuvan,LGD_2026_Bhuvan_2024,1547,MATCHED_AUTHORITATIVE_BOUNDARY
1548,Shoharatgarh,Siddharthnagar,Uttar Pradesh,27.398767,82.980384,MoPR_LGD_and_ISRO_Bhuvan,LGD_2026_Bhuvan_2024,1548,MATCHED_AUTHORITATIVE_BOUNDARY
1549,Uska Bazar,Siddharthnagar,Uttar Pradesh,27.215874,83.113379,MoPR_LGD_and_ISRO_Bhuvan,LGD_2026_Bhuvan_2024,1549,MATCHED_AUTHORITATIVE_BOUNDARY
1550,Ailiya,Sitapur,Uttar Pradesh,27.678381,80.620862,MoPR_LGD_and_ISRO_Bhuvan,LGD_2026_Bhuvan_2024,1550,MATCHED_AUTHORITATIVE_BOUNDARY
1551,Behta,Sitapur,Uttar Pradesh,27.766083,81.057814,MoPR_LGD_and_ISRO_Bhuvan,LGD_2026_Bhuvan_2024,1551,MATCHED_AUTHORITATIVE_BOUNDARY
1552,Biswan,Sitapur,Uttar Pradesh,27.482035,80.963052,MoPR_LGD_and_ISRO_Bhuvan,LGD_2026_Bhuvan_2024,1552,MATCHED_AUTHORITATIVE_BOUNDARY
1553,Gondlamau,Sitapur,Uttar Pradesh,27.308034,80.661683,MoPR_LGD_and_ISRO_Bhuvan,LGD_2026_Bhuvan_2024,1553,MATCHED_AUTHORITATIVE_BOUNDARY
1554,Hargaon,Sitapur,Uttar Pradesh,27.757274,80.769589,MoPR_LGD_and_ISRO_Bhuvan,LGD_2026_Bhuvan_2024,1554,MATCHED_AUTHORITATIVE_BOUNDARY
1555,Kasmanda,Sitapur,Uttar Pradesh,27.355126,80.859769,MoPR_LGD_and_ISRO_Bhuvan,LGD_2026_Bhuvan_2024,1555,MATCHED_AUTHORITATIVE_BOUNDARY
1556,Khairabad,Sitapur,Uttar Pradesh,27.517253,80.716776,MoPR_LGD_and_ISRO_Bhuvan,LGD_2026_Bhuvan_2024,1556,MATCHED_AUTHORITATIVE_BOUNDARY
1557,Laharpur,Sitapur,Uttar Pradesh,27.698911,80.921694,MoPR_LGD_and_ISRO_Bhuvan,LGD_2026_Bhuvan_2024,1557,MATCHED_AUTHORITATIVE_BOUNDARY
1558,Machhrehta,Sitapur,Uttar Pradesh,27.41986,80.678031,MoPR_LGD_and_ISRO_Bhuvan,LGD_2026_Bhuvan_2024,1558,MATCHED_AUTHORITATIVE_BOUNDARY
1559,Mahmudabad,Sitapur,Uttar Pradesh,27.386335,81.15632,MoPR_LGD_and_ISRO_Bhuvan,LGD_2026_Bhuvan_2024,1559,MATCHED_AUTHORITATIVE_BOUNDARY
1560,Maholi,Sitapur,Uttar Pradesh,27.686581,80.511511,MoPR_LGD_and_ISRO_Bhuvan,LGD_2026_Bhuvan_2024,1560,MATCHED_AUTHORITATIVE_BOUNDARY
1561,Misrikh,Sitapur,Uttar Pradesh,27.424695,80.497524,MoPR_LGD_and_ISRO_Bhuvan,LGD_2026_Bhuvan_2024,1561,MATCHED_AUTHORITATIVE_BOUNDARY
1562,Pahala,Sitapur,Uttar Pradesh,27.344345,81.036869,MoPR_LGD_and_ISRO_Bhuvan,LGD_2026_Bhuvan_2024,1562,MATCHED_AUTHORITATIVE_BOUNDARY
1563,Parsendi,Sitapur,Uttar Pradesh,27.618614,80.796858,MoPR_LGD_and_ISRO_Bhuvan,LGD_2026_Bhuvan_2024,1563,MATCHED_AUTHORITATIVE_BOUNDARY
1564,Pisawan,Sitapur,Uttar Pradesh,27.599411,80.408044,MoPR_LGD_and_ISRO_Bhuvan,LGD_2026_Bhuvan_2024,1564,MATCHED_AUTHORITATIVE_BOUNDARY
1565,Rampur Mathura,Sitapur,Uttar Pradesh,27.35824,81.285226,MoPR_LGD_and_ISRO_Bhuvan,LGD_2026_Bhuvan_2024,1565,MATCHED_AUTHORITATIVE_BOUNDARY
1566,Reusa,Sitapur,Uttar Pradesh,27.569741,81.227157,MoPR_LGD_and_ISRO_Bhuvan,LGD_2026_Bhuvan_2024,1566,MATCHED_AUTHORITATIVE_BOUNDARY
1567,Sakran,Sitapur,Uttar Pradesh,27.607755,81.048835,MoPR_LGD_and_ISRO_Bhuvan,LGD_2026_Bhuvan_2024,1567,MATCHED_AUTHORITATIVE_BOUNDARY
1568,Sidhauli,Sitapur,Uttar Pradesh,27.219157,80.868636,MoPR_LGD_and_ISRO_Bhuvan,LGD_2026_Bhuvan_2024,1568,MATCHED_AUTHORITATIVE_BOUNDARY
1569,Babhani,Sonbhadra,Uttar Pradesh,23.94721,83.075296,MoPR_LGD_and_ISRO_Bhuvan,LGD_2026_Bhuvan_2024,1569,MATCHED_AUTHORITATIVE_BOUNDARY
1570,Chatra,Sonbhadra,Uttar Pradesh,24.654178,83.248847,MoPR_LGD_and_ISRO_Bhuvan,LGD_2026_Bhuvan_2024,1570,MATCHED_AUTHORITATIVE_BOUNDARY
1571,Chopan,Sonbhadra,Uttar Pradesh,24.44142,83.031218,MoPR_LGD_and_ISRO_Bhuvan,LGD_2026_Bhuvan_2024,1571,MATCHED_AUTHORITATIVE_BOUNDARY
1572,Dudhi,Sonbhadra,Uttar Pradesh,24.228289,83.233791,MoPR_LGD_and_ISRO_Bhuvan,LGD_2026_Bhuvan_2024,1572,MATCHED_AUTHORITATIVE_BOUNDARY
1573,Ghorawal,Sonbhadra,Uttar Pradesh,24.743938,82.786478,MoPR_LGD_and_ISRO_Bhuvan,LGD_2026_Bhuvan_2024,1573,MATCHED_AUTHORITATIVE_BOUNDARY
7381,Karma,Sonbhadra,Uttar Pradesh,,,MoPR_LGD_and_ISRO_Bhuvan,LGD_2026_Bhuvan_2024,7381,PENDING_OFFICIAL_BOUNDARY_MATCH
7380,Kone,Sonbhadra,Uttar Pradesh,,,MoPR_LGD_and_ISRO_Bhuvan,LGD_2026_Bhuvan_2024,7380,PENDING_OFFICIAL_BOUNDARY_MATCH
1574,Myorpur,Sonbhadra,Uttar Pradesh,24.133057,82.952367,MoPR_LGD_and_ISRO_Bhuvan,LGD_2026_Bhuvan_2024,1574,MATCHED_AUTHORITATIVE_BOUNDARY
1575,Nagwa,Sonbhadra,Uttar Pradesh,24.598063,83.336784,MoPR_LGD_and_ISRO_Bhuvan,LGD_2026_Bhuvan_2024,1575,MATCHED_AUTHORITATIVE_BOUNDARY
1576,Robertsganj,Sonbhadra,Uttar Pradesh,24.710407,83.055691,MoPR_LGD_and_ISRO_Bhuvan,LGD_2026_Bhuvan_2024,1576,MATCHED_AUTHORITATIVE_BOUNDARY
1577,Akhand Nagar,Sultanpur,Uttar Pradesh,26.206373,82.55623,MoPR_LGD_and_ISRO_Bhuvan,LGD_2026_Bhuvan_2024,1577,MATCHED_AUTHORITATIVE_BOUNDARY
1579,Baldirai,Sultanpur,Uttar Pradesh,26.471808,81.851081,MoPR_LGD_and_ISRO_Bhuvan,LGD_2026_Bhuvan_2024,1579,MATCHED_AUTHORITATIVE_BOUNDARY
1580,Bhadaiya,Sultanpur,Uttar Pradesh,26.16361,82.118163,MoPR_LGD_and_ISRO_Bhuvan,LGD_2026_Bhuvan_2024,1580,MATCHED_AUTHORITATIVE_BOUNDARY
1583,Dhanpatganj,Sultanpur,Uttar Pradesh,26.427978,82.017865,MoPR_LGD_and_ISRO_Bhuvan,LGD_2026_Bhuvan_2024,1583,MATCHED_AUTHORITATIVE_BOUNDARY
1584,Dostpur,Sultanpur,Uttar Pradesh,26.285347,82.403766,MoPR_LGD_and_ISRO_Bhuvan,LGD_2026_Bhuvan_2024,1584,MATCHED_AUTHORITATIVE_BOUNDARY
1585,Dubepur,Sultanpur,Uttar Pradesh,26.246828,82.024482,MoPR_LGD_and_ISRO_Bhuvan,LGD_2026_Bhuvan_2024,1585,MATCHED_AUTHORITATIVE_BOUNDARY
1588,Jaisinghpur,Sultanpur,Uttar Pradesh,26.293096,82.237751,MoPR_LGD_and_ISRO_Bhuvan,LGD_2026_Bhuvan_2024,1588,MATCHED_AUTHORITATIVE_BOUNDARY
1590,Kadipur,Sultanpur,Uttar Pradesh,26.105538,82.411774,MoPR_LGD_and_ISRO_Bhuvan,LGD_2026_Bhuvan_2024,1590,MATCHED_AUTHORITATIVE_BOUNDARY
6714,Karaudikala,Sultanpur,Uttar Pradesh,,,MoPR_LGD_and_ISRO_Bhuvan,LGD_2026_Bhuvan_2024,6714,PENDING_OFFICIAL_BOUNDARY_MATCH
1591,Kurebhar,Sultanpur,Uttar Pradesh,26.366897,82.158764,MoPR_LGD_and_ISRO_Bhuvan,LGD_2026_Bhuvan_2024,1591,MATCHED_AUTHORITATIVE_BOUNDARY
1592,Kurwar,Sultanpur,Uttar Pradesh,26.333484,81.939462,MoPR_LGD_and_ISRO_Bhuvan,LGD_2026_Bhuvan_2024,1592,MATCHED_AUTHORITATIVE_BOUNDARY
1593,Lambhua,Sultanpur,Uttar Pradesh,26.116283,82.21715,MoPR_LGD_and_ISRO_Bhuvan,LGD_2026_Bhuvan_2024,1593,MATCHED_AUTHORITATIVE_BOUNDARY
1594,Motigarpur,Sultanpur,Uttar Pradesh,26.240312,82.309111,MoPR_LGD_and_ISRO_Bhuvan,LGD_2026_Bhuvan_2024,1594,MATCHED_AUTHORITATIVE_BOUNDARY
1596,P.P.Kamaicha,Sultanpur,Uttar Pradesh,26.078469,82.318456,MoPR_LGD_and_ISRO_Bhuvan,LGD_2026_Bhuvan_2024,1596,MATCHED_AUTHORITATIVE_BOUNDARY
1600,Asoha,Unnao,Uttar Pradesh,26.560067,80.813294,MoPR_LGD_and_ISRO_Bhuvan,LGD_2026_Bhuvan_2024,1600,MATCHED_AUTHORITATIVE_BOUNDARY
1601,Auras,Unnao,Uttar Pradesh,26.918578,80.533619,MoPR_LGD_and_ISRO_Bhuvan,LGD_2026_Bhuvan_2024,1601,MATCHED_AUTHORITATIVE_BOUNDARY
1602,Bangarmau,Unnao,Uttar Pradesh,26.88281,80.257619,MoPR_LGD_and_ISRO_Bhuvan,LGD_2026_Bhuvan_2024,1602,MATCHED_AUTHORITATIVE_BOUNDARY
1603,Bichhiya,Unnao,Uttar Pradesh,26.531878,80.575622,MoPR_LGD_and_ISRO_Bhuvan,LGD_2026_Bhuvan_2024,1603,MATCHED_AUTHORITATIVE_BOUNDARY
1604,Bighapur,Unnao,Uttar Pradesh,26.298835,80.681773,MoPR_LGD_and_ISRO_Bhuvan,LGD_2026_Bhuvan_2024,1604,MATCHED_AUTHORITATIVE_BOUNDARY
1605,Fatehpur Chaurasi,Unnao,Uttar Pradesh,26.794188,80.256768,MoPR_LGD_and_ISRO_Bhuvan,LGD_2026_Bhuvan_2024,1605,MATCHED_AUTHORITATIVE_BOUNDARY
1606,Ganj Moradabad,Unnao,Uttar Pradesh,26.948159,80.141587,MoPR_LGD_and_ISRO_Bhuvan,LGD_2026_Bhuvan_2024,1606,MATCHED_AUTHORITATIVE_BOUNDARY
1607,Hasanganj,Unnao,Uttar Pradesh,26.768692,80.63192,MoPR_LGD_and_ISRO_Bhuvan,LGD_2026_Bhuvan_2024,1607,MATCHED_AUTHORITATIVE_BOUNDARY
1608,Hilauli,Unnao,Uttar Pradesh,26.435304,80.938652,MoPR_LGD_and_ISRO_Bhuvan,LGD_2026_Bhuvan_2024,1608,MATCHED_AUTHORITATIVE_BOUNDARY
1609,Mianganj,Unnao,Uttar Pradesh,26.767075,80.484788,MoPR_LGD_and_ISRO_Bhuvan,LGD_2026_Bhuvan_2024,1609,MATCHED_AUTHORITATIVE_BOUNDARY
1610,Nawabganj,Unnao,Uttar Pradesh,26.633682,80.660972,MoPR_LGD_and_ISRO_Bhuvan,LGD_2026_Bhuvan_2024,1610,MATCHED_AUTHORITATIVE_BOUNDARY
1611,Purwa,Unnao,Uttar Pradesh,26.427384,80.771817,MoPR_LGD_and_ISRO_Bhuvan,LGD_2026_Bhuvan_2024,1611,MATCHED_AUTHORITATIVE_BOUNDARY
1612,Safipur,Unnao,Uttar Pradesh,26.720445,80.341654,MoPR_LGD_and_ISRO_Bhuvan,LGD_2026_Bhuvan_2024,1612,MATCHED_AUTHORITATIVE_BOUNDARY
1613,Sikandarpur Karan,Unnao,Uttar Pradesh,26.409799,80.533481,MoPR_LGD_and_ISRO_Bhuvan,LGD_2026_Bhuvan_2024,1613,MATCHED_AUTHORITATIVE_BOUNDARY
1614,Sikandarpur Sarausi,Unnao,Uttar Pradesh,26.591892,80.381043,MoPR_LGD_and_ISRO_Bhuvan,LGD_2026_Bhuvan_2024,1614,MATCHED_AUTHORITATIVE_BOUNDARY
1615,Sumerpur,Unnao,Uttar Pradesh,26.241426,80.745129,MoPR_LGD_and_ISRO_Bhuvan,LGD_2026_Bhuvan_2024,1615,MATCHED_AUTHORITATIVE_BOUNDARY
1616,Arajiline,Varanasi,Uttar Pradesh,25.271151,82.839212,MoPR_LGD_and_ISRO_Bhuvan,LGD_2026_Bhuvan_2024,1616,MATCHED_AUTHORITATIVE_BOUNDARY
1617,Baragaon,Varanasi,Uttar Pradesh,25.450543,82.76663,MoPR_LGD_and_ISRO_Bhuvan,LGD_2026_Bhuvan_2024,1617,MATCHED_AUTHORITATIVE_BOUNDARY
1618,Chiraigaon,Varanasi,Uttar Pradesh,25.386174,83.094872,MoPR_LGD_and_ISRO_Bhuvan,LGD_2026_Bhuvan_2024,1618,MATCHED_AUTHORITATIVE_BOUNDARY
1619,Cholapur,Varanasi,Uttar Pradesh,25.496296,83.051866,MoPR_LGD_and_ISRO_Bhuvan,LGD_2026_Bhuvan_2024,1619,MATCHED_AUTHORITATIVE_BOUNDARY
1620,Harahua,Varanasi,Uttar Pradesh,25.375084,82.96572,MoPR_LGD_and_ISRO_Bhuvan,LGD_2026_Bhuvan_2024,1620,MATCHED_AUTHORITATIVE_BOUNDARY
1621,Kashi Vidyapeeth,Varanasi,Uttar Pradesh,25.262898,82.950502,MoPR_LGD_and_ISRO_Bhuvan,LGD_2026_Bhuvan_2024,1621,MATCHED_AUTHORITATIVE_BOUNDARY
1622,Pindra,Varanasi,Uttar Pradesh,25.495792,82.870327,MoPR_LGD_and_ISRO_Bhuvan,LGD_2026_Bhuvan_2024,1622,MATCHED_AUTHORITATIVE_BOUNDARY
1623,Sevapuri,Varanasi,Uttar Pradesh,25.335222,82.756109,MoPR_LGD_and_ISRO_Bhuvan,LGD_2026_Bhuvan_2024,1623,MATCHED_AUTHORITATIVE_BOUNDARY
2919,Alipurduar-I,Alipurduar,West Bengal,26.630449,89.498532,MoPR_LGD_and_ISRO_Bhuvan,LGD_2026_Bhuvan_2024,2919,MATCHED_AUTHORITATIVE_BOUNDARY
2920,Alipurduar-Ii,Alipurduar,West Bengal,26.510261,89.643315,MoPR_LGD_and_ISRO_Bhuvan,LGD_2026_Bhuvan_2024,2920,MATCHED_AUTHORITATIVE_BOUNDARY
2922,Falakata,Alipurduar,West Bengal,26.597129,89.166726,MoPR_LGD_and_ISRO_Bhuvan,LGD_2026_Bhuvan_2024,2922,MATCHED_AUTHORITATIVE_BOUNDARY
2924,Kalchini,Alipurduar,West Bengal,26.71394,89.463167,MoPR_LGD_and_ISRO_Bhuvan,LGD_2026_Bhuvan_2024,2924,MATCHED_AUTHORITATIVE_BOUNDARY
2925,Kumargram,Alipurduar,West Bengal,26.59922,89.772229,MoPR_LGD_and_ISRO_Bhuvan,LGD_2026_Bhuvan_2024,2925,MATCHED_AUTHORITATIVE_BOUNDARY
2926,Madarihat,Alipurduar,West Bengal,26.741929,89.200256,MoPR_LGD_and_ISRO_Bhuvan,LGD_2026_Bhuvan_2024,2926,MATCHED_AUTHORITATIVE_BOUNDARY
2774,Bankura-I,Bankura,West Bengal,23.225692,86.985741,MoPR_LGD_and_ISRO_Bhuvan,LGD_2026_Bhuvan_2024,2774,MATCHED_AUTHORITATIVE_BOUNDARY
2775,Bankura-Ii,Bankura,West Bengal,23.277567,87.102949,MoPR_LGD_and_ISRO_Bhuvan,LGD_2026_Bhuvan_2024,2775,MATCHED_AUTHORITATIVE_BOUNDARY
2776,Barjora,Bankura,West Bengal,23.377555,87.274019,MoPR_LGD_and_ISRO_Bhuvan,LGD_2026_Bhuvan_2024,2776,MATCHED_AUTHORITATIVE_BOUNDARY
2777,Chhatna,Bankura,West Bengal,23.338564,86.893506,MoPR_LGD_and_ISRO_Bhuvan,LGD_2026_Bhuvan_2024,2777,MATCHED_AUTHORITATIVE_BOUNDARY
2778,Gangajal Ghati,Bankura,West Bengal,23.412952,87.118486,MoPR_LGD_and_ISRO_Bhuvan,LGD_2026_Bhuvan_2024,2778,MATCHED_AUTHORITATIVE_BOUNDARY
2779,Hirbandh,Bankura,West Bengal,23.07409,86.805408,MoPR_LGD_and_ISRO_Bhuvan,LGD_2026_Bhuvan_2024,2779,MATCHED_AUTHORITATIVE_BOUNDARY
2780,Indpur,Bankura,West Bengal,23.142488,86.887998,MoPR_LGD_and_ISRO_Bhuvan,LGD_2026_Bhuvan_2024,2780,MATCHED_AUTHORITATIVE_BOUNDARY
2781,Indus,Bankura,West Bengal,23.111386,87.648891,MoPR_LGD_and_ISRO_Bhuvan,LGD_2026_Bhuvan_2024,2781,MATCHED_AUTHORITATIVE_BOUNDARY
2782,Jaypur,Bankura,West Bengal,23.027356,87.466824,MoPR_LGD_and_ISRO_Bhuvan,LGD_2026_Bhuvan_2024,2782,MATCHED_AUTHORITATIVE_BOUNDARY
2783,Khatra-I,Bankura,West Bengal,22.9783,86.87728,MoPR_LGD_and_ISRO_Bhuvan,LGD_2026_Bhuvan_2024,2783,MATCHED_AUTHORITATIVE_BOUNDARY
2784,Kotulpur,Bankura,West Bengal,22.991888,87.593568,MoPR_LGD_and_ISRO_Bhuvan,LGD_2026_Bhuvan_2024,2784,MATCHED_AUTHORITATIVE_BOUNDARY
2785,Mejhia,Bankura,West Bengal,23.544627,87.125382,MoPR_LGD_and_ISRO_Bhuvan,LGD_2026_Bhuvan_2024,2785,MATCHED_AUTHORITATIVE_BOUNDARY
2786,Onda,Bankura,West Bengal,23.129431,87.161855,MoPR_LGD_and_ISRO_Bhuvan,LGD_2026_Bhuvan_2024,2786,MATCHED_AUTHORITATIVE_BOUNDARY
2787,Patrasayer,Bankura,West Bengal,23.200579,87.51267,MoPR_LGD_and_ISRO_Bhuvan,LGD_2026_Bhuvan_2024,2787,MATCHED_AUTHORITATIVE_BOUNDARY
2788,Raipur-I,Bankura,West Bengal,22.758162,86.897995,MoPR_LGD_and_ISRO_Bhuvan,LGD_2026_Bhuvan_2024,2788,MATCHED_AUTHORITATIVE_BOUNDARY
2789,Ranibundh,Bankura,West Bengal,22.854244,86.756507,MoPR_LGD_and_ISRO_Bhuvan,LGD_2026_Bhuvan_2024,2789,MATCHED_AUTHORITATIVE_BOUNDARY
2790,Saltora,Bankura,West Bengal,23.534305,86.971013,MoPR_LGD_and_ISRO_Bhuvan,LGD_2026_Bhuvan_2024,2790,MATCHED_AUTHORITATIVE_BOUNDARY
2791,Sarenga,Bankura,West Bengal,22.794918,87.004706,MoPR_LGD_and_ISRO_Bhuvan,LGD_2026_Bhuvan_2024,2791,MATCHED_AUTHORITATIVE_BOUNDARY
2792,Simlapal,Bankura,West Bengal,22.917485,87.072774,MoPR_LGD_and_ISRO_Bhuvan,LGD_2026_Bhuvan_2024,2792,MATCHED_AUTHORITATIVE_BOUNDARY
2793,Sonamukhi,Bankura,West Bengal,23.301558,87.402874,MoPR_LGD_and_ISRO_Bhuvan,LGD_2026_Bhuvan_2024,2793,MATCHED_AUTHORITATIVE_BOUNDARY
2794,Taldangra,Bankura,West Bengal,23.000228,87.139299,MoPR_LGD_and_ISRO_Bhuvan,LGD_2026_Bhuvan_2024,2794,MATCHED_AUTHORITATIVE_BOUNDARY
2795,Vishnupur,Bankura,West Bengal,23.081162,87.342686,MoPR_LGD_and_ISRO_Bhuvan,LGD_2026_Bhuvan_2024,2795,MATCHED_AUTHORITATIVE_BOUNDARY
2827,Bolpur-Sriniketan,Birbhum,West Bengal,23.674047,87.706878,MoPR_LGD_and_ISRO_Bhuvan,LGD_2026_Bhuvan_2024,2827,MATCHED_AUTHORITATIVE_BOUNDARY
2828,Dubrajpur,Birbhum,West Bengal,23.799102,87.41169,MoPR_LGD_and_ISRO_Bhuvan,LGD_2026_Bhuvan_2024,2828,MATCHED_AUTHORITATIVE_BOUNDARY
2829,Illambazar,Birbhum,West Bengal,23.672687,87.531256,MoPR_LGD_and_ISRO_Bhuvan,LGD_2026_Bhuvan_2024,2829,MATCHED_AUTHORITATIVE_BOUNDARY
2830,Khoyrasol,Birbhum,West Bengal,23.799324,87.239621,MoPR_LGD_and_ISRO_Bhuvan,LGD_2026_Bhuvan_2024,2830,MATCHED_AUTHORITATIVE_BOUNDARY
2831,Labpur,Birbhum,West Bengal,23.814023,87.819931,MoPR_LGD_and_ISRO_Bhuvan,LGD_2026_Bhuvan_2024,2831,MATCHED_AUTHORITATIVE_BOUNDARY
2832,Mayureswar-I,Birbhum,West Bengal,24.042109,87.765285,MoPR_LGD_and_ISRO_Bhuvan,LGD_2026_Bhuvan_2024,2832,MATCHED_AUTHORITATIVE_BOUNDARY
2833,Mayureswar-Ii,Birbhum,West Bengal,23.949263,87.792349,MoPR_LGD_and_ISRO_Bhuvan,LGD_2026_Bhuvan_2024,2833,MATCHED_AUTHORITATIVE_BOUNDARY
2834,Mohammad Bazar,Birbhum,West Bengal,24.031819,87.575841,MoPR_LGD_and_ISRO_Bhuvan,LGD_2026_Bhuvan_2024,2834,MATCHED_AUTHORITATIVE_BOUNDARY
2835,Murarai-I,Birbhum,West Bengal,24.477138,87.842895,MoPR_LGD_and_ISRO_Bhuvan,LGD_2026_Bhuvan_2024,2835,MATCHED_AUTHORITATIVE_BOUNDARY
2836,Murarai-Ii,Birbhum,West Bengal,24.427629,87.919206,MoPR_LGD_and_ISRO_Bhuvan,LGD_2026_Bhuvan_2024,2836,MATCHED_AUTHORITATIVE_BOUNDARY
2837,Nalhati-I,Birbhum,West Bengal,24.295342,87.836036,MoPR_LGD_and_ISRO_Bhuvan,LGD_2026_Bhuvan_2024,2837,MATCHED_AUTHORITATIVE_BOUNDARY
2838,Nalhati-Ii,Birbhum,West Bengal,24.27457,87.972233,MoPR_LGD_and_ISRO_Bhuvan,LGD_2026_Bhuvan_2024,2838,MATCHED_AUTHORITATIVE_BOUNDARY
2839,Nanoor,Birbhum,West Bengal,23.669326,87.870063,MoPR_LGD_and_ISRO_Bhuvan,LGD_2026_Bhuvan_2024,2839,MATCHED_AUTHORITATIVE_BOUNDARY
2840,Rajnagar,Birbhum,West Bengal,23.959912,87.342776,MoPR_LGD_and_ISRO_Bhuvan,LGD_2026_Bhuvan_2024,2840,MATCHED_AUTHORITATIVE_BOUNDARY
2841,Rampurhat-I,Birbhum,West Bengal,24.176318,87.731971,MoPR_LGD_and_ISRO_Bhuvan,LGD_2026_Bhuvan_2024,2841,MATCHED_AUTHORITATIVE_BOUNDARY
2842,Rampurhat-Ii,Birbhum,West Bengal,24.158234,87.868915,MoPR_LGD_and_ISRO_Bhuvan,LGD_2026_Bhuvan_2024,2842,MATCHED_AUTHORITATIVE_BOUNDARY
2843,Sainthia,Birbhum,West Bengal,23.867186,87.674714,MoPR_LGD_and_ISRO_Bhuvan,LGD_2026_Bhuvan_2024,2843,MATCHED_AUTHORITATIVE_BOUNDARY
2844,Suri-I,Birbhum,West Bengal,23.905717,87.499285,MoPR_LGD_and_ISRO_Bhuvan,LGD_2026_Bhuvan_2024,2844,MATCHED_AUTHORITATIVE_BOUNDARY
2845,Suri-Ii,Birbhum,West Bengal,23.839835,87.578586,MoPR_LGD_and_ISRO_Bhuvan,LGD_2026_Bhuvan_2024,2845,MATCHED_AUTHORITATIVE_BOUNDARY
2847,Coochbehar I,Cooch Behar,West Bengal,26.262955,89.416495,MoPR_LGD_and_ISRO_Bhuvan,LGD_2026_Bhuvan_2024,2847,MATCHED_AUTHORITATIVE_BOUNDARY
2846,Cooch Behar Ii,Cooch Behar,West Bengal,26.405365,89.435128,MoPR_LGD_and_ISRO_Bhuvan,LGD_2026_Bhuvan_2024,2846,MATCHED_AUTHORITATIVE_BOUNDARY
2848,Dinhata-I,Cooch Behar,West Bengal,26.123395,89.441671,MoPR_LGD_and_ISRO_Bhuvan,LGD_2026_Bhuvan_2024,2848,MATCHED_AUTHORITATIVE_BOUNDARY
2849,Dinhata-Ii,Cooch Behar,West Bengal,26.105523,89.56432,MoPR_LGD_and_ISRO_Bhuvan,LGD_2026_Bhuvan_2024,2849,MATCHED_AUTHORITATIVE_BOUNDARY
2850,Haldibari,Cooch Behar,West Bengal,26.317593,88.825253,MoPR_LGD_and_ISRO_Bhuvan,LGD_2026_Bhuvan_2024,2850,MATCHED_AUTHORITATIVE_BOUNDARY
2852,Mathabhanga-I,Cooch Behar,West Bengal,26.376932,89.152538,MoPR_LGD_and_ISRO_Bhuvan,LGD_2026_Bhuvan_2024,2852,MATCHED_AUTHORITATIVE_BOUNDARY
2851,Mathabhanga Ii,Cooch Behar,West Bengal,26.405201,89.258105,MoPR_LGD_and_ISRO_Bhuvan,LGD_2026_Bhuvan_2024,2851,MATCHED_AUTHORITATIVE_BOUNDARY
2853,Mekliganj,Cooch Behar,West Bengal,26.392524,88.892108,MoPR_LGD_and_ISRO_Bhuvan,LGD_2026_Bhuvan_2024,2853,MATCHED_AUTHORITATIVE_BOUNDARY
2854,Sitai,Cooch Behar,West Bengal,26.082465,89.338086,MoPR_LGD_and_ISRO_Bhuvan,LGD_2026_Bhuvan_2024,2854,MATCHED_AUTHORITATIVE_BOUNDARY
2855,Sitalkuchi,Cooch Behar,West Bengal,26.199446,89.214196,MoPR_LGD_and_ISRO_Bhuvan,LGD_2026_Bhuvan_2024,2855,MATCHED_AUTHORITATIVE_BOUNDARY
2856,Tufanganj-I,Cooch Behar,West Bengal,26.301666,89.625487,MoPR_LGD_and_ISRO_Bhuvan,LGD_2026_Bhuvan_2024,2856,MATCHED_AUTHORITATIVE_BOUNDARY
2857,Tufanganj-Ii,Cooch Behar,West Bengal,26.375663,89.750843,MoPR_LGD_and_ISRO_Bhuvan,LGD_2026_Bhuvan_2024,2857,MATCHED_AUTHORITATIVE_BOUNDARY
2870,Balurghat,Dakshin Dinajpur,West Bengal,25.263225,88.796293,MoPR_LGD_and_ISRO_Bhuvan,LGD_2026_Bhuvan_2024,2870,MATCHED_AUTHORITATIVE_BOUNDARY
2871,Bansihari,Dakshin Dinajpur,West Bengal,25.389384,88.390988,MoPR_LGD_and_ISRO_Bhuvan,LGD_2026_Bhuvan_2024,2871,MATCHED_AUTHORITATIVE_BOUNDARY
2872,Gangarampur,Dakshin Dinajpur,West Bengal,25.42537,88.561707,MoPR_LGD_and_ISRO_Bhuvan,LGD_2026_Bhuvan_2024,2872,MATCHED_AUTHORITATIVE_BOUNDARY
2873,Harirampur,Dakshin Dinajpur,West Bengal,25.380037,88.260214,MoPR_LGD_and_ISRO_Bhuvan,LGD_2026_Bhuvan_2024,2873,MATCHED_AUTHORITATIVE_BOUNDARY
2874,Hili,Dakshin Dinajpur,West Bengal,25.265301,88.936216,MoPR_LGD_and_ISRO_Bhuvan,LGD_2026_Bhuvan_2024,2874,MATCHED_AUTHORITATIVE_BOUNDARY
2875,Kumarganj,Dakshin Dinajpur,West Bengal,25.415296,88.760702,MoPR_LGD_and_ISRO_Bhuvan,LGD_2026_Bhuvan_2024,2875,MATCHED_AUTHORITATIVE_BOUNDARY
2876,Kushmandi,Dakshin Dinajpur,West Bengal,25.5164,88.402213,MoPR_LGD_and_ISRO_Bhuvan,LGD_2026_Bhuvan_2024,2876,MATCHED_AUTHORITATIVE_BOUNDARY
2877,Tapan,Dakshin Dinajpur,West Bengal,25.279975,88.563417,MoPR_LGD_and_ISRO_Bhuvan,LGD_2026_Bhuvan_2024,2877,MATCHED_AUTHORITATIVE_BOUNDARY
2858,Darjeeling-Pulbazar,Darjeeling,West Bengal,27.091001,88.14467,MoPR_LGD_and_ISRO_Bhuvan,LGD_2026_Bhuvan_2024,2858,MATCHED_AUTHORITATIVE_BOUNDARY
2860,Jore Bunglow-Sukiapokhri,Darjeeling,West Bengal,26.972264,88.243737,MoPR_LGD_and_ISRO_Bhuvan,LGD_2026_Bhuvan_2024,2860,MATCHED_AUTHORITATIVE_BOUNDARY
2863,Kharibari,Darjeeling,West Bengal,26.592235,88.181519,MoPR_LGD_and_ISRO_Bhuvan,LGD_2026_Bhuvan_2024,2863,MATCHED_AUTHORITATIVE_BOUNDARY
2864,Kurseong,Darjeeling,West Bengal,26.869723,88.337422,MoPR_LGD_and_ISRO_Bhuvan,LGD_2026_Bhuvan_2024,2864,MATCHED_AUTHORITATIVE_BOUNDARY
2865,Matigara,Darjeeling,West Bengal,26.78777,88.400648,MoPR_LGD_and_ISRO_Bhuvan,LGD_2026_Bhuvan_2024,2865,MATCHED_AUTHORITATIVE_BOUNDARY
2866,Mirik,Darjeeling,West Bengal,26.857348,88.200232,MoPR_LGD_and_ISRO_Bhuvan,LGD_2026_Bhuvan_2024,2866,MATCHED_AUTHORITATIVE_BOUNDARY
2867,Naxal Bari,Darjeeling,West Bengal,26.718694,88.25154,MoPR_LGD_and_ISRO_Bhuvan,LGD_2026_Bhuvan_2024,2867,MATCHED_AUTHORITATIVE_BOUNDARY
2868,Phansidewa,Darjeeling,West Bengal,26.5785,88.298137,MoPR_LGD_and_ISRO_Bhuvan,LGD_2026_Bhuvan_2024,2868,MATCHED_AUTHORITATIVE_BOUNDARY
2869,Rangli Rangliot,Darjeeling,West Bengal,27.048142,88.367626,MoPR_LGD_and_ISRO_Bhuvan,LGD_2026_Bhuvan_2024,2869,MATCHED_AUTHORITATIVE_BOUNDARY
2887,Arambagh,Hooghly,West Bengal,22.859609,87.842513,MoPR_LGD_and_ISRO_Bhuvan,LGD_2026_Bhuvan_2024,2887,MATCHED_AUTHORITATIVE_BOUNDARY
2888,Balagarh,Hooghly,West Bengal,23.116477,88.423852,MoPR_LGD_and_ISRO_Bhuvan,LGD_2026_Bhuvan_2024,2888,MATCHED_AUTHORITATIVE_BOUNDARY
2889,Chanditala-I,Hooghly,West Bengal,22.721427,88.18718,MoPR_LGD_and_ISRO_Bhuvan,LGD_2026_Bhuvan_2024,2889,MATCHED_AUTHORITATIVE_BOUNDARY
2890,Chanditala-Ii,Hooghly,West Bengal,22.70764,88.263738,MoPR_LGD_and_ISRO_Bhuvan,LGD_2026_Bhuvan_2024,2890,MATCHED_AUTHORITATIVE_BOUNDARY
2891,Chinsurah-Magrah,Hooghly,West Bengal,22.967719,88.379163,MoPR_LGD_and_ISRO_Bhuvan,LGD_2026_Bhuvan_2024,2891,MATCHED_AUTHORITATIVE_BOUNDARY
2892,Dhaniakhali,Hooghly,West Bengal,22.973951,88.092442,MoPR_LGD_and_ISRO_Bhuvan,LGD_2026_Bhuvan_2024,2892,MATCHED_AUTHORITATIVE_BOUNDARY
2893,Goghat-I,Hooghly,West Bengal,22.869461,87.725958,MoPR_LGD_and_ISRO_Bhuvan,LGD_2026_Bhuvan_2024,2893,MATCHED_AUTHORITATIVE_BOUNDARY
2894,Goghat-Ii,Hooghly,West Bengal,22.90222,87.633464,MoPR_LGD_and_ISRO_Bhuvan,LGD_2026_Bhuvan_2024,2894,MATCHED_AUTHORITATIVE_BOUNDARY
2895,Haripal,Hooghly,West Bengal,22.834658,88.121501,MoPR_LGD_and_ISRO_Bhuvan,LGD_2026_Bhuvan_2024,2895,MATCHED_AUTHORITATIVE_BOUNDARY
2896,Jangipara,Hooghly,West Bengal,22.739301,88.066578,MoPR_LGD_and_ISRO_Bhuvan,LGD_2026_Bhuvan_2024,2896,MATCHED_AUTHORITATIVE_BOUNDARY
2897,Khanakul-I,Hooghly,West Bengal,22.732826,87.849176,MoPR_LGD_and_ISRO_Bhuvan,LGD_2026_Bhuvan_2024,2897,MATCHED_AUTHORITATIVE_BOUNDARY
2898,Khanakul-Ii,Hooghly,West Bengal,22.653895,87.858403,MoPR_LGD_and_ISRO_Bhuvan,LGD_2026_Bhuvan_2024,2898,MATCHED_AUTHORITATIVE_BOUNDARY
2899,Pandua,Hooghly,West Bengal,23.078016,88.253532,MoPR_LGD_and_ISRO_Bhuvan,LGD_2026_Bhuvan_2024,2899,MATCHED_AUTHORITATIVE_BOUNDARY
2900,Polba-Dadpur,Hooghly,West Bengal,22.941172,88.265021,MoPR_LGD_and_ISRO_Bhuvan,LGD_2026_Bhuvan_2024,2900,MATCHED_AUTHORITATIVE_BOUNDARY
2901,Pursurah,Hooghly,West Bengal,22.853567,87.944352,MoPR_LGD_and_ISRO_Bhuvan,LGD_2026_Bhuvan_2024,2901,MATCHED_AUTHORITATIVE_BOUNDARY
2902,Singur,Hooghly,West Bengal,22.823148,88.272436,MoPR_LGD_and_ISRO_Bhuvan,LGD_2026_Bhuvan_2024,2902,MATCHED_AUTHORITATIVE_BOUNDARY
2903,Sirampur-Uttarpara,Hooghly,West Bengal,22.73065,88.326196,MoPR_LGD_and_ISRO_Bhuvan,LGD_2026_Bhuvan_2024,2903,MATCHED_AUTHORITATIVE_BOUNDARY
2904,Tarakeswar,Hooghly,West Bengal,22.859471,88.01332,MoPR_LGD_and_ISRO_Bhuvan,LGD_2026_Bhuvan_2024,2904,MATCHED_AUTHORITATIVE_BOUNDARY
2905,Amta-I,Howrah,West Bengal,22.599504,88.025246,MoPR_LGD_and_ISRO_Bhuvan,LGD_2026_Bhuvan_2024,2905,MATCHED_AUTHORITATIVE_BOUNDARY
2906,Amta-Ii,Howrah,West Bengal,22.573476,87.92386,MoPR_LGD_and_ISRO_Bhuvan,LGD_2026_Bhuvan_2024,2906,MATCHED_AUTHORITATIVE_BOUNDARY
2907,Bagnan-I,Howrah,West Bengal,22.495248,87.947904,MoPR_LGD_and_ISRO_Bhuvan,LGD_2026_Bhuvan_2024,2907,MATCHED_AUTHORITATIVE_BOUNDARY
2908,Bagnan-Ii,Howrah,West Bengal,22.432621,87.955119,MoPR_LGD_and_ISRO_Bhuvan,LGD_2026_Bhuvan_2024,2908,MATCHED_AUTHORITATIVE_BOUNDARY
2909,Bally-Jagacha,Howrah,West Bengal,22.644005,88.313204,MoPR_LGD_and_ISRO_Bhuvan,LGD_2026_Bhuvan_2024,2909,MATCHED_AUTHORITATIVE_BOUNDARY
2910,Domjur,Howrah,West Bengal,22.625863,88.226582,MoPR_LGD_and_ISRO_Bhuvan,LGD_2026_Bhuvan_2024,2910,MATCHED_AUTHORITATIVE_BOUNDARY
2911,Jagatballavpur,Howrah,West Bengal,22.632834,88.105324,MoPR_LGD_and_ISRO_Bhuvan,LGD_2026_Bhuvan_2024,2911,MATCHED_AUTHORITATIVE_BOUNDARY
2912,Panchla,Howrah,West Bengal,22.564634,88.137329,MoPR_LGD_and_ISRO_Bhuvan,LGD_2026_Bhuvan_2024,2912,MATCHED_AUTHORITATIVE_BOUNDARY
2913,Sankrail,Howrah,West Bengal,22.556027,88.213081,MoPR_LGD_and_ISRO_Bhuvan,LGD_2026_Bhuvan_2024,2913,MATCHED_AUTHORITATIVE_BOUNDARY
2914,Shyampur-I,Howrah,West Bengal,22.290881,88.045696,MoPR_LGD_and_ISRO_Bhuvan,LGD_2026_Bhuvan_2024,2914,MATCHED_AUTHORITATIVE_BOUNDARY
2915,Shyampur-Ii,Howrah,West Bengal,22.348229,87.99685,MoPR_LGD_and_ISRO_Bhuvan,LGD_2026_Bhuvan_2024,2915,MATCHED_AUTHORITATIVE_BOUNDARY
2916,Udaynarayanpur,Howrah,West Bengal,22.692041,87.972422,MoPR_LGD_and_ISRO_Bhuvan,LGD_2026_Bhuvan_2024,2916,MATCHED_AUTHORITATIVE_BOUNDARY
2917,Uluberia-I,Howrah,West Bengal,22.446426,88.085712,MoPR_LGD_and_ISRO_Bhuvan,LGD_2026_Bhuvan_2024,2917,MATCHED_AUTHORITATIVE_BOUNDARY
2918,Uluberia-Ii,Howrah,West Bengal,22.508219,88.076052,MoPR_LGD_and_ISRO_Bhuvan,LGD_2026_Bhuvan_2024,2918,MATCHED_AUTHORITATIVE_BOUNDARY
7483,Banarhat,Jalpaiguri,West Bengal,,,MoPR_LGD_and_ISRO_Bhuvan,LGD_2026_Bhuvan_2024,7483,PENDING_OFFICIAL_BOUNDARY_MATCH
2921,Dhupguri,Jalpaiguri,West Bengal,26.690022,89.006005,MoPR_LGD_and_ISRO_Bhuvan,LGD_2026_Bhuvan_2024,2921,MATCHED_AUTHORITATIVE_BOUNDARY
2923,Jalpaiguri,Jalpaiguri,West Bengal,26.490102,88.691462,MoPR_LGD_and_ISRO_Bhuvan,LGD_2026_Bhuvan_2024,2923,MATCHED_AUTHORITATIVE_BOUNDARY
7484,Kranti,Jalpaiguri,West Bengal,,,MoPR_LGD_and_ISRO_Bhuvan,LGD_2026_Bhuvan_2024,7484,PENDING_OFFICIAL_BOUNDARY_MATCH
2927,Mal,Jalpaiguri,West Bengal,26.780261,88.688313,MoPR_LGD_and_ISRO_Bhuvan,LGD_2026_Bhuvan_2024,2927,MATCHED_AUTHORITATIVE_BOUNDARY
2928,Matiali,Jalpaiguri,West Bengal,26.893799,88.794799,MoPR_LGD_and_ISRO_Bhuvan,LGD_2026_Bhuvan_2024,2928,MATCHED_AUTHORITATIVE_BOUNDARY
2929,Maynaguri,Jalpaiguri,West Bengal,26.545146,88.842224,MoPR_LGD_and_ISRO_Bhuvan,LGD_2026_Bhuvan_2024,2929,MATCHED_AUTHORITATIVE_BOUNDARY
2930,Nagrakata,Jalpaiguri,West Bengal,26.842283,88.914051,MoPR_LGD_and_ISRO_Bhuvan,LGD_2026_Bhuvan_2024,2930,MATCHED_AUTHORITATIVE_BOUNDARY
2931,Rajganj,Jalpaiguri,West Bengal,26.664418,88.51518,MoPR_LGD_and_ISRO_Bhuvan,LGD_2026_Bhuvan_2024,2931,MATCHED_AUTHORITATIVE_BOUNDARY
2972,Binpur-I,Jhargram,West Bengal,22.591377,87.0262,MoPR_LGD_and_ISRO_Bhuvan,LGD_2026_Bhuvan_2024,2972,MATCHED_AUTHORITATIVE_BOUNDARY
2973,Binpur-Ii,Jhargram,West Bengal,22.655176,86.752271,MoPR_LGD_and_ISRO_Bhuvan,LGD_2026_Bhuvan_2024,2973,MATCHED_AUTHORITATIVE_BOUNDARY
2986,Gopiballavpur-I,Jhargram,West Bengal,22.165824,86.861635,MoPR_LGD_and_ISRO_Bhuvan,LGD_2026_Bhuvan_2024,2986,MATCHED_AUTHORITATIVE_BOUNDARY
2985,Gopiballav Pur -Ii,Jhargram,West Bengal,22.245025,86.944768,MoPR_LGD_and_ISRO_Bhuvan,LGD_2026_Bhuvan_2024,2985,MATCHED_AUTHORITATIVE_BOUNDARY
2987,Jambani,Jhargram,West Bengal,22.446625,86.859123,MoPR_LGD_and_ISRO_Bhuvan,LGD_2026_Bhuvan_2024,2987,MATCHED_AUTHORITATIVE_BOUNDARY
2988,Jhargram,Jhargram,West Bengal,22.37943,87.040501,MoPR_LGD_and_ISRO_Bhuvan,LGD_2026_Bhuvan_2024,2988,MATCHED_AUTHORITATIVE_BOUNDARY
2996,Nayagram,Jhargram,West Bengal,22.026275,87.078405,MoPR_LGD_and_ISRO_Bhuvan,LGD_2026_Bhuvan_2024,2996,MATCHED_AUTHORITATIVE_BOUNDARY
3000,Sankrail,Jhargram,West Bengal,22.219127,87.123651,MoPR_LGD_and_ISRO_Bhuvan,LGD_2026_Bhuvan_2024,3000,MATCHED_AUTHORITATIVE_BOUNDARY
2859,Gorubathan,Kalimpong,West Bengal,27.032339,88.743818,MoPR_LGD_and_ISRO_Bhuvan,LGD_2026_Bhuvan_2024,2859,MATCHED_AUTHORITATIVE_BOUNDARY
2861,Kalimpong-I,Kalimpong,West Bengal,26.984178,88.511527,MoPR_LGD_and_ISRO_Bhuvan,LGD_2026_Bhuvan_2024,2861,MATCHED_AUTHORITATIVE_BOUNDARY
2862,Lava,Kalimpong,West Bengal,27.110327,88.599764,MoPR_LGD_and_ISRO_Bhuvan,LGD_2026_Bhuvan_2024,2862,MATCHED_AUTHORITATIVE_BOUNDARY
7355,Pedong,Kalimpong,West Bengal,,,MoPR_LGD_and_ISRO_Bhuvan,LGD_2026_Bhuvan_2024,7355,PENDING_OFFICIAL_BOUNDARY_MATCH
2932,Bamongola,Malda,West Bengal,25.181304,88.399281,MoPR_LGD_and_ISRO_Bhuvan,LGD_2026_Bhuvan_2024,2932,MATCHED_AUTHORITATIVE_BOUNDARY
2933,Chanchal-I,Malda,West Bengal,25.417867,88.039872,MoPR_LGD_and_ISRO_Bhuvan,LGD_2026_Bhuvan_2024,2933,MATCHED_AUTHORITATIVE_BOUNDARY
2934,Chanchal-Ii,Malda,West Bengal,25.318335,88.010005,MoPR_LGD_and_ISRO_Bhuvan,LGD_2026_Bhuvan_2024,2934,MATCHED_AUTHORITATIVE_BOUNDARY
2935,English Bazar,Malda,West Bengal,24.989791,88.089366,MoPR_LGD_and_ISRO_Bhuvan,LGD_2026_Bhuvan_2024,2935,MATCHED_AUTHORITATIVE_BOUNDARY
2936,Gazole,Malda,West Bengal,25.215156,88.231325,MoPR_LGD_and_ISRO_Bhuvan,LGD_2026_Bhuvan_2024,2936,MATCHED_AUTHORITATIVE_BOUNDARY
2937,Habibpur,Malda,West Bengal,25.012298,88.328006,MoPR_LGD_and_ISRO_Bhuvan,LGD_2026_Bhuvan_2024,2937,MATCHED_AUTHORITATIVE_BOUNDARY
2938,Harishchandrapur-I,Malda,West Bengal,25.456832,87.929748,MoPR_LGD_and_ISRO_Bhuvan,LGD_2026_Bhuvan_2024,2938,MATCHED_AUTHORITATIVE_BOUNDARY
2939,Harishchandrapur-Ii,Malda,West Bengal,25.37375,87.856587,MoPR_LGD_and_ISRO_Bhuvan,LGD_2026_Bhuvan_2024,2939,MATCHED_AUTHORITATIVE_BOUNDARY
2940,Kaliachak-I,Malda,West Bengal,24.875158,88.047708,MoPR_LGD_and_ISRO_Bhuvan,LGD_2026_Bhuvan_2024,2940,MATCHED_AUTHORITATIVE_BOUNDARY
2941,Kaliachak-Ii,Malda,West Bengal,24.930624,88.002064,MoPR_LGD_and_ISRO_Bhuvan,LGD_2026_Bhuvan_2024,2941,MATCHED_AUTHORITATIVE_BOUNDARY
2942,Kaliachak-Iii,Malda,West Bengal,24.777678,88.015049,MoPR_LGD_and_ISRO_Bhuvan,LGD_2026_Bhuvan_2024,2942,MATCHED_AUTHORITATIVE_BOUNDARY
2943,Manikchak,Malda,West Bengal,25.111981,87.878082,MoPR_LGD_and_ISRO_Bhuvan,LGD_2026_Bhuvan_2024,2943,MATCHED_AUTHORITATIVE_BOUNDARY
2944,Old Malda,Malda,West Bengal,25.060583,88.178648,MoPR_LGD_and_ISRO_Bhuvan,LGD_2026_Bhuvan_2024,2944,MATCHED_AUTHORITATIVE_BOUNDARY
2945,Ratua-I,Malda,West Bengal,25.22194,87.939583,MoPR_LGD_and_ISRO_Bhuvan,LGD_2026_Bhuvan_2024,2945,MATCHED_AUTHORITATIVE_BOUNDARY
2946,Ratua-Ii,Malda,West Bengal,25.149087,88.032522,MoPR_LGD_and_ISRO_Bhuvan,LGD_2026_Bhuvan_2024,2946,MATCHED_AUTHORITATIVE_BOUNDARY
3001,Beldanga-I,Murshidabad,West Bengal,23.953919,88.262712,MoPR_LGD_and_ISRO_Bhuvan,LGD_2026_Bhuvan_2024,3001,MATCHED_AUTHORITATIVE_BOUNDARY
3002,Beldanga-Ii,Murshidabad,West Bengal,23.846748,88.245645,MoPR_LGD_and_ISRO_Bhuvan,LGD_2026_Bhuvan_2024,3002,MATCHED_AUTHORITATIVE_BOUNDARY
3003,Berhampore,Murshidabad,West Bengal,24.080536,88.287067,MoPR_LGD_and_ISRO_Bhuvan,LGD_2026_Bhuvan_2024,3003,MATCHED_AUTHORITATIVE_BOUNDARY
3004,Bhagabangola-Ii,Murshidabad,West Bengal,24.282583,88.388466,MoPR_LGD_and_ISRO_Bhuvan,LGD_2026_Bhuvan_2024,3004,MATCHED_AUTHORITATIVE_BOUNDARY
3005,Bhagawangola-I,Murshidabad,West Bengal,24.321094,88.318642,MoPR_LGD_and_ISRO_Bhuvan,LGD_2026_Bhuvan_2024,3005,MATCHED_AUTHORITATIVE_BOUNDARY
3006,Bharatpur-I,Murshidabad,West Bengal,23.883965,88.083507,MoPR_LGD_and_ISRO_Bhuvan,LGD_2026_Bhuvan_2024,3006,MATCHED_AUTHORITATIVE_BOUNDARY
3007,Bharatpur-Ii,Murshidabad,West Bengal,23.789365,88.109527,MoPR_LGD_and_ISRO_Bhuvan,LGD_2026_Bhuvan_2024,3007,MATCHED_AUTHORITATIVE_BOUNDARY
3008,Burwan,Murshidabad,West Bengal,23.930811,87.925224,MoPR_LGD_and_ISRO_Bhuvan,LGD_2026_Bhuvan_2024,3008,MATCHED_AUTHORITATIVE_BOUNDARY
3009,Domkal,Murshidabad,West Bengal,24.089923,88.563139,MoPR_LGD_and_ISRO_Bhuvan,LGD_2026_Bhuvan_2024,3009,MATCHED_AUTHORITATIVE_BOUNDARY
3010,Farakka,Murshidabad,West Bengal,24.758625,87.910235,MoPR_LGD_and_ISRO_Bhuvan,LGD_2026_Bhuvan_2024,3010,MATCHED_AUTHORITATIVE_BOUNDARY
3011,Hariharpara,Murshidabad,West Bengal,24.0307,88.404187,MoPR_LGD_and_ISRO_Bhuvan,LGD_2026_Bhuvan_2024,3011,MATCHED_AUTHORITATIVE_BOUNDARY
3012,Jalangi,Murshidabad,West Bengal,24.185668,88.674774,MoPR_LGD_and_ISRO_Bhuvan,LGD_2026_Bhuvan_2024,3012,MATCHED_AUTHORITATIVE_BOUNDARY
3013,Kandi,Murshidabad,West Bengal,24.010727,88.099581,MoPR_LGD_and_ISRO_Bhuvan,LGD_2026_Bhuvan_2024,3013,MATCHED_AUTHORITATIVE_BOUNDARY
3014,Khargram,Murshidabad,West Bengal,24.083389,87.985581,MoPR_LGD_and_ISRO_Bhuvan,LGD_2026_Bhuvan_2024,3014,MATCHED_AUTHORITATIVE_BOUNDARY
3015,Lalgola,Murshidabad,West Bengal,24.391951,88.235136,MoPR_LGD_and_ISRO_Bhuvan,LGD_2026_Bhuvan_2024,3015,MATCHED_AUTHORITATIVE_BOUNDARY
3016,Murshidabad-Jiagunj,Murshidabad,West Bengal,24.194883,88.302579,MoPR_LGD_and_ISRO_Bhuvan,LGD_2026_Bhuvan_2024,3016,MATCHED_AUTHORITATIVE_BOUNDARY
3017,Nabagram,Murshidabad,West Bengal,24.179997,88.112258,MoPR_LGD_and_ISRO_Bhuvan,LGD_2026_Bhuvan_2024,3017,MATCHED_AUTHORITATIVE_BOUNDARY
3018,Nawda,Murshidabad,West Bengal,23.901872,88.412855,MoPR_LGD_and_ISRO_Bhuvan,LGD_2026_Bhuvan_2024,3018,MATCHED_AUTHORITATIVE_BOUNDARY
3019,Raghunathganj-I,Murshidabad,West Bengal,24.424973,88.04525,MoPR_LGD_and_ISRO_Bhuvan,LGD_2026_Bhuvan_2024,3019,MATCHED_AUTHORITATIVE_BOUNDARY
3020,Raghunathganj-Ii,Murshidabad,West Bengal,24.468462,88.125246,MoPR_LGD_and_ISRO_Bhuvan,LGD_2026_Bhuvan_2024,3020,MATCHED_AUTHORITATIVE_BOUNDARY
3021,Raninagar-I,Murshidabad,West Bengal,24.217466,88.46567,MoPR_LGD_and_ISRO_Bhuvan,LGD_2026_Bhuvan_2024,3021,MATCHED_AUTHORITATIVE_BOUNDARY
3022,Raninagar-Ii,Murshidabad,West Bengal,24.281386,88.558604,MoPR_LGD_and_ISRO_Bhuvan,LGD_2026_Bhuvan_2024,3022,MATCHED_AUTHORITATIVE_BOUNDARY
3023,Sagardighi,Murshidabad,West Bengal,24.311072,88.11076,MoPR_LGD_and_ISRO_Bhuvan,LGD_2026_Bhuvan_2024,3023,MATCHED_AUTHORITATIVE_BOUNDARY
3024,Shamsherganj,Murshidabad,West Bengal,24.647794,87.951842,MoPR_LGD_and_ISRO_Bhuvan,LGD_2026_Bhuvan_2024,3024,MATCHED_AUTHORITATIVE_BOUNDARY
3025,Suti-I,Murshidabad,West Bengal,24.528813,87.998996,MoPR_LGD_and_ISRO_Bhuvan,LGD_2026_Bhuvan_2024,3025,MATCHED_AUTHORITATIVE_BOUNDARY
3026,Suti-Ii,Murshidabad,West Bengal,24.590363,88.00078,MoPR_LGD_and_ISRO_Bhuvan,LGD_2026_Bhuvan_2024,3026,MATCHED_AUTHORITATIVE_BOUNDARY
3027,Chakdah,Nadia,West Bengal,23.037371,88.546676,MoPR_LGD_and_ISRO_Bhuvan,LGD_2026_Bhuvan_2024,3027,MATCHED_AUTHORITATIVE_BOUNDARY
3028,Chapra,Nadia,West Bengal,23.549043,88.577069,MoPR_LGD_and_ISRO_Bhuvan,LGD_2026_Bhuvan_2024,3028,MATCHED_AUTHORITATIVE_BOUNDARY
3029,Hanskhali,Nadia,West Bengal,23.343009,88.630939,MoPR_LGD_and_ISRO_Bhuvan,LGD_2026_Bhuvan_2024,3029,MATCHED_AUTHORITATIVE_BOUNDARY
3030,Haringhata,Nadia,West Bengal,22.957607,88.598618,MoPR_LGD_and_ISRO_Bhuvan,LGD_2026_Bhuvan_2024,3030,MATCHED_AUTHORITATIVE_BOUNDARY
3031,Kaliganj,Nadia,West Bengal,23.706277,88.254278,MoPR_LGD_and_ISRO_Bhuvan,LGD_2026_Bhuvan_2024,3031,MATCHED_AUTHORITATIVE_BOUNDARY
7115,Kalyani,Nadia,West Bengal,,,MoPR_LGD_and_ISRO_Bhuvan,LGD_2026_Bhuvan_2024,7115,PENDING_OFFICIAL_BOUNDARY_MATCH
3032,Karimpur-1,Nadia,West Bengal,23.997064,88.684068,MoPR_LGD_and_ISRO_Bhuvan,LGD_2026_Bhuvan_2024,3032,MATCHED_AUTHORITATIVE_BOUNDARY
3033,Karimpur-Ii,Nadia,West Bengal,23.929233,88.57563,MoPR_LGD_and_ISRO_Bhuvan,LGD_2026_Bhuvan_2024,3033,MATCHED_AUTHORITATIVE_BOUNDARY
3034,Krishnaganj,Nadia,West Bengal,23.443783,88.717053,MoPR_LGD_and_ISRO_Bhuvan,LGD_2026_Bhuvan_2024,3034,MATCHED_AUTHORITATIVE_BOUNDARY
3035,Krishnagar-I,Nadia,West Bengal,23.391052,88.503155,MoPR_LGD_and_ISRO_Bhuvan,LGD_2026_Bhuvan_2024,3035,MATCHED_AUTHORITATIVE_BOUNDARY
3036,Krishnagar-Ii,Nadia,West Bengal,23.487481,88.452803,MoPR_LGD_and_ISRO_Bhuvan,LGD_2026_Bhuvan_2024,3036,MATCHED_AUTHORITATIVE_BOUNDARY
3037,Nabadwip,Nadia,West Bengal,23.399633,88.375968,MoPR_LGD_and_ISRO_Bhuvan,LGD_2026_Bhuvan_2024,3037,MATCHED_AUTHORITATIVE_BOUNDARY
3038,Nakashipara,Nadia,West Bengal,23.60492,88.392649,MoPR_LGD_and_ISRO_Bhuvan,LGD_2026_Bhuvan_2024,3038,MATCHED_AUTHORITATIVE_BOUNDARY
3039,Ranaghat-I,Nadia,West Bengal,23.202585,88.531736,MoPR_LGD_and_ISRO_Bhuvan,LGD_2026_Bhuvan_2024,3039,MATCHED_AUTHORITATIVE_BOUNDARY
3040,Ranaghat-Ii,Nadia,West Bengal,23.195566,88.642244,MoPR_LGD_and_ISRO_Bhuvan,LGD_2026_Bhuvan_2024,3040,MATCHED_AUTHORITATIVE_BOUNDARY
3041,Santipur,Nadia,West Bengal,23.262258,88.437754,MoPR_LGD_and_ISRO_Bhuvan,LGD_2026_Bhuvan_2024,3041,MATCHED_AUTHORITATIVE_BOUNDARY
3042,Tehatta-I,Nadia,West Bengal,23.762695,88.519605,MoPR_LGD_and_ISRO_Bhuvan,LGD_2026_Bhuvan_2024,3042,MATCHED_AUTHORITATIVE_BOUNDARY
3043,Tehatta-Ii,Nadia,West Bengal,23.760867,88.41292,MoPR_LGD_and_ISRO_Bhuvan,LGD_2026_Bhuvan_2024,3043,MATCHED_AUTHORITATIVE_BOUNDARY
2723,Amdanga,North 24 Parganas,West Bengal,22.838093,88.4905,MoPR_LGD_and_ISRO_Bhuvan,LGD_2026_Bhuvan_2024,2723,MATCHED_AUTHORITATIVE_BOUNDARY
2724,Baduria,North 24 Parganas,West Bengal,22.759695,88.8032,MoPR_LGD_and_ISRO_Bhuvan,LGD_2026_Bhuvan_2024,2724,MATCHED_AUTHORITATIVE_BOUNDARY
2725,Bagda,North 24 Parganas,West Bengal,23.189734,88.832322,MoPR_LGD_and_ISRO_Bhuvan,LGD_2026_Bhuvan_2024,2725,MATCHED_AUTHORITATIVE_BOUNDARY
2726,Barasat-I,North 24 Parganas,West Bengal,22.741231,88.517608,MoPR_LGD_and_ISRO_Bhuvan,LGD_2026_Bhuvan_2024,2726,MATCHED_AUTHORITATIVE_BOUNDARY
2727,Barasat-Ii,North 24 Parganas,West Bengal,22.667903,88.540062,MoPR_LGD_and_ISRO_Bhuvan,LGD_2026_Bhuvan_2024,2727,MATCHED_AUTHORITATIVE_BOUNDARY
2728,Barrackpur-I,North 24 Parganas,West Bengal,22.873609,88.430205,MoPR_LGD_and_ISRO_Bhuvan,LGD_2026_Bhuvan_2024,2728,MATCHED_AUTHORITATIVE_BOUNDARY
2729,Barrackpur-Ii,North 24 Parganas,West Bengal,22.702069,88.39672,MoPR_LGD_and_ISRO_Bhuvan,LGD_2026_Bhuvan_2024,2729,MATCHED_AUTHORITATIVE_BOUNDARY
2730,Basirhat-I,North 24 Parganas,West Bengal,22.652787,88.894064,MoPR_LGD_and_ISRO_Bhuvan,LGD_2026_Bhuvan_2024,2730,MATCHED_AUTHORITATIVE_BOUNDARY
2731,Basirhat-Ii,North 24 Parganas,West Bengal,22.65851,88.782185,MoPR_LGD_and_ISRO_Bhuvan,LGD_2026_Bhuvan_2024,2731,MATCHED_AUTHORITATIVE_BOUNDARY
2732,Bongaon,North 24 Parganas,West Bengal,23.068514,88.774341,MoPR_LGD_and_ISRO_Bhuvan,LGD_2026_Bhuvan_2024,2732,MATCHED_AUTHORITATIVE_BOUNDARY
2733,Deganga,North 24 Parganas,West Bengal,22.712464,88.66676,MoPR_LGD_and_ISRO_Bhuvan,LGD_2026_Bhuvan_2024,2733,MATCHED_AUTHORITATIVE_BOUNDARY
2734,Gaighata,North 24 Parganas,West Bengal,22.940064,88.781203,MoPR_LGD_and_ISRO_Bhuvan,LGD_2026_Bhuvan_2024,2734,MATCHED_AUTHORITATIVE_BOUNDARY
2735,Habra-I,North 24 Parganas,West Bengal,22.829104,88.68437,MoPR_LGD_and_ISRO_Bhuvan,LGD_2026_Bhuvan_2024,2735,MATCHED_AUTHORITATIVE_BOUNDARY
2736,Habra-Ii,North 24 Parganas,West Bengal,22.847881,88.58279,MoPR_LGD_and_ISRO_Bhuvan,LGD_2026_Bhuvan_2024,2736,MATCHED_AUTHORITATIVE_BOUNDARY
2737,Haroa,North 24 Parganas,West Bengal,22.585548,88.685681,MoPR_LGD_and_ISRO_Bhuvan,LGD_2026_Bhuvan_2024,2737,MATCHED_AUTHORITATIVE_BOUNDARY
2738,Hasnabad,North 24 Parganas,West Bengal,22.541797,88.888212,MoPR_LGD_and_ISRO_Bhuvan,LGD_2026_Bhuvan_2024,2738,MATCHED_AUTHORITATIVE_BOUNDARY
2739,Hingalganj,North 24 Parganas,West Bengal,22.323843,88.980701,MoPR_LGD_and_ISRO_Bhuvan,LGD_2026_Bhuvan_2024,2739,MATCHED_AUTHORITATIVE_BOUNDARY
2740,Minakhan,North 24 Parganas,West Bengal,22.513345,88.745224,MoPR_LGD_and_ISRO_Bhuvan,LGD_2026_Bhuvan_2024,2740,MATCHED_AUTHORITATIVE_BOUNDARY
2741,Rajarhat,North 24 Parganas,West Bengal,22.590811,88.469941,MoPR_LGD_and_ISRO_Bhuvan,LGD_2026_Bhuvan_2024,2741,MATCHED_AUTHORITATIVE_BOUNDARY
2742,Sandeshkhali-I,North 24 Parganas,West Bengal,22.440913,88.818319,MoPR_LGD_and_ISRO_Bhuvan,LGD_2026_Bhuvan_2024,2742,MATCHED_AUTHORITATIVE_BOUNDARY
2743,Sandeshkhali-Ii,North 24 Parganas,West Bengal,22.33439,88.875368,MoPR_LGD_and_ISRO_Bhuvan,LGD_2026_Bhuvan_2024,2743,MATCHED_AUTHORITATIVE_BOUNDARY
2744,Swarupnagar,North 24 Parganas,West Bengal,22.831463,88.877455,MoPR_LGD_and_ISRO_Bhuvan,LGD_2026_Bhuvan_2024,2744,MATCHED_AUTHORITATIVE_BOUNDARY
2798,Barabani,Paschim Bardhaman,West Bengal,23.785323,86.995672,MoPR_LGD_and_ISRO_Bhuvan,LGD_2026_Bhuvan_2024,2798,MATCHED_AUTHORITATIVE_BOUNDARY
2802,Faridpur - Durgapur,Paschim Bardhaman,West Bengal,23.593498,87.315609,MoPR_LGD_and_ISRO_Bhuvan,LGD_2026_Bhuvan_2024,2802,MATCHED_AUTHORITATIVE_BOUNDARY
2806,Jamuria,Paschim Bardhaman,West Bengal,23.716273,87.110045,MoPR_LGD_and_ISRO_Bhuvan,LGD_2026_Bhuvan_2024,2806,MATCHED_AUTHORITATIVE_BOUNDARY
2809,Kanksa,Paschim Bardhaman,West Bengal,23.54031,87.426111,MoPR_LGD_and_ISRO_Bhuvan,LGD_2026_Bhuvan_2024,2809,MATCHED_AUTHORITATIVE_BOUNDARY
2819,Ondal,Paschim Bardhaman,West Bengal,23.607606,87.200464,MoPR_LGD_and_ISRO_Bhuvan,LGD_2026_Bhuvan_2024,2819,MATCHED_AUTHORITATIVE_BOUNDARY
2820,Pandabeswar,Paschim Bardhaman,West Bengal,23.691615,87.244112,MoPR_LGD_and_ISRO_Bhuvan,LGD_2026_Bhuvan_2024,2820,MATCHED_AUTHORITATIVE_BOUNDARY
2825,Raniganj,Paschim Bardhaman,West Bengal,23.623944,87.093273,MoPR_LGD_and_ISRO_Bhuvan,LGD_2026_Bhuvan_2024,2825,MATCHED_AUTHORITATIVE_BOUNDARY
2826,Salanpur,Paschim Bardhaman,West Bengal,23.805433,86.892412,MoPR_LGD_and_ISRO_Bhuvan,LGD_2026_Bhuvan_2024,2826,MATCHED_AUTHORITATIVE_BOUNDARY
2974,Chandrakona-I,Paschim Medinipur,West Bengal,22.75009,87.607344,MoPR_LGD_and_ISRO_Bhuvan,LGD_2026_Bhuvan_2024,2974,MATCHED_AUTHORITATIVE_BOUNDARY
2975,Chandrakona-Ii,Paschim Medinipur,West Bengal,22.738934,87.530499,MoPR_LGD_and_ISRO_Bhuvan,LGD_2026_Bhuvan_2024,2975,MATCHED_AUTHORITATIVE_BOUNDARY
2976,Dantan-I,Paschim Medinipur,West Bengal,21.931536,87.28612,MoPR_LGD_and_ISRO_Bhuvan,LGD_2026_Bhuvan_2024,2976,MATCHED_AUTHORITATIVE_BOUNDARY
2977,Dantan-Ii,Paschim Medinipur,West Bengal,21.949013,87.415918,MoPR_LGD_and_ISRO_Bhuvan,LGD_2026_Bhuvan_2024,2977,MATCHED_AUTHORITATIVE_BOUNDARY
2978,Daspur-I,Paschim Medinipur,West Bengal,22.56652,87.683842,MoPR_LGD_and_ISRO_Bhuvan,LGD_2026_Bhuvan_2024,2978,MATCHED_AUTHORITATIVE_BOUNDARY
2979,Daspur-Ii,Paschim Medinipur,West Bengal,22.554169,87.798727,MoPR_LGD_and_ISRO_Bhuvan,LGD_2026_Bhuvan_2024,2979,MATCHED_AUTHORITATIVE_BOUNDARY
2980,Debra,Paschim Medinipur,West Bengal,22.429985,87.590458,MoPR_LGD_and_ISRO_Bhuvan,LGD_2026_Bhuvan_2024,2980,MATCHED_AUTHORITATIVE_BOUNDARY
2981,Garbeta-I,Paschim Medinipur,West Bengal,22.867595,87.37781,MoPR_LGD_and_ISRO_Bhuvan,LGD_2026_Bhuvan_2024,2981,MATCHED_AUTHORITATIVE_BOUNDARY
2982,Garbeta-Ii,Paschim Medinipur,West Bengal,22.785555,87.173142,MoPR_LGD_and_ISRO_Bhuvan,LGD_2026_Bhuvan_2024,2982,MATCHED_AUTHORITATIVE_BOUNDARY
2983,Garbeta-Iii,Paschim Medinipur,West Bengal,22.740967,87.376569,MoPR_LGD_and_ISRO_Bhuvan,LGD_2026_Bhuvan_2024,2983,MATCHED_AUTHORITATIVE_BOUNDARY
2984,Ghatal,Paschim Medinipur,West Bengal,22.675609,87.693303,MoPR_LGD_and_ISRO_Bhuvan,LGD_2026_Bhuvan_2024,2984,MATCHED_AUTHORITATIVE_BOUNDARY
2989,Keshiary,Paschim Medinipur,West Bengal,22.129936,87.233798,MoPR_LGD_and_ISRO_Bhuvan,LGD_2026_Bhuvan_2024,2989,MATCHED_AUTHORITATIVE_BOUNDARY
2990,Keshpur,Paschim Medinipur,West Bengal,22.576072,87.455893,MoPR_LGD_and_ISRO_Bhuvan,LGD_2026_Bhuvan_2024,2990,MATCHED_AUTHORITATIVE_BOUNDARY
2991,Kharagpur-I,Paschim Medinipur,West Bengal,22.316582,87.277803,MoPR_LGD_and_ISRO_Bhuvan,LGD_2026_Bhuvan_2024,2991,MATCHED_AUTHORITATIVE_BOUNDARY
2992,Kharagpur-Ii,Paschim Medinipur,West Bengal,22.332316,87.434475,MoPR_LGD_and_ISRO_Bhuvan,LGD_2026_Bhuvan_2024,2992,MATCHED_AUTHORITATIVE_BOUNDARY
2993,Midnapore,Paschim Medinipur,West Bengal,22.45018,87.277487,MoPR_LGD_and_ISRO_Bhuvan,LGD_2026_Bhuvan_2024,2993,MATCHED_AUTHORITATIVE_BOUNDARY
2994,Mohanpur,Paschim Medinipur,West Bengal,21.832891,87.394108,MoPR_LGD_and_ISRO_Bhuvan,LGD_2026_Bhuvan_2024,2994,MATCHED_AUTHORITATIVE_BOUNDARY
2995,Narayangarh,Paschim Medinipur,West Bengal,22.129205,87.397461,MoPR_LGD_and_ISRO_Bhuvan,LGD_2026_Bhuvan_2024,2995,MATCHED_AUTHORITATIVE_BOUNDARY
2997,Pingla,Paschim Medinipur,West Bengal,22.279647,87.603722,MoPR_LGD_and_ISRO_Bhuvan,LGD_2026_Bhuvan_2024,2997,MATCHED_AUTHORITATIVE_BOUNDARY
2998,Sabang,Paschim Medinipur,West Bengal,22.164019,87.603206,MoPR_LGD_and_ISRO_Bhuvan,LGD_2026_Bhuvan_2024,2998,MATCHED_AUTHORITATIVE_BOUNDARY
2999,Salbani,Paschim Medinipur,West Bengal,22.581962,87.23396,MoPR_LGD_and_ISRO_Bhuvan,LGD_2026_Bhuvan_2024,2999,MATCHED_AUTHORITATIVE_BOUNDARY
2796,Ausgram-I,Purba Bardhaman,West Bengal,23.504168,87.647074,MoPR_LGD_and_ISRO_Bhuvan,LGD_2026_Bhuvan_2024,2796,MATCHED_AUTHORITATIVE_BOUNDARY
2797,Ausgram-Ii,Purba Bardhaman,West Bengal,23.435275,87.513357,MoPR_LGD_and_ISRO_Bhuvan,LGD_2026_Bhuvan_2024,2797,MATCHED_AUTHORITATIVE_BOUNDARY
2799,Bhatar,Purba Bardhaman,West Bengal,23.421814,87.889209,MoPR_LGD_and_ISRO_Bhuvan,LGD_2026_Bhuvan_2024,2799,MATCHED_AUTHORITATIVE_BOUNDARY
2800,Burdwan-I,Purba Bardhaman,West Bengal,23.29791,87.888039,MoPR_LGD_and_ISRO_Bhuvan,LGD_2026_Bhuvan_2024,2800,MATCHED_AUTHORITATIVE_BOUNDARY
2801,Burdwan-Ii,Purba Bardhaman,West Bengal,23.24405,87.970025,MoPR_LGD_and_ISRO_Bhuvan,LGD_2026_Bhuvan_2024,2801,MATCHED_AUTHORITATIVE_BOUNDARY
2803,Galsi -I,Purba Bardhaman,West Bengal,23.34583,87.6107,MoPR_LGD_and_ISRO_Bhuvan,LGD_2026_Bhuvan_2024,2803,MATCHED_AUTHORITATIVE_BOUNDARY
2804,Galsi-Ii,Purba Bardhaman,West Bengal,23.304825,87.711264,MoPR_LGD_and_ISRO_Bhuvan,LGD_2026_Bhuvan_2024,2804,MATCHED_AUTHORITATIVE_BOUNDARY
2805,Jamal Pur,Purba Bardhaman,West Bengal,23.068809,88.024814,MoPR_LGD_and_ISRO_Bhuvan,LGD_2026_Bhuvan_2024,2805,MATCHED_AUTHORITATIVE_BOUNDARY
2808,Kalna-I,Purba Bardhaman,West Bengal,23.276187,88.281109,MoPR_LGD_and_ISRO_Bhuvan,LGD_2026_Bhuvan_2024,2808,MATCHED_AUTHORITATIVE_BOUNDARY
2807,Kalna Ii,Purba Bardhaman,West Bengal,23.179753,88.294792,MoPR_LGD_and_ISRO_Bhuvan,LGD_2026_Bhuvan_2024,2807,MATCHED_AUTHORITATIVE_BOUNDARY
2810,Katwa-I,Purba Bardhaman,West Bengal,23.577921,88.09933,MoPR_LGD_and_ISRO_Bhuvan,LGD_2026_Bhuvan_2024,2810,MATCHED_AUTHORITATIVE_BOUNDARY
2811,Katwa-Ii,Purba Bardhaman,West Bengal,23.543631,88.178646,MoPR_LGD_and_ISRO_Bhuvan,LGD_2026_Bhuvan_2024,2811,MATCHED_AUTHORITATIVE_BOUNDARY
2813,Ketugram_I,Purba Bardhaman,West Bengal,23.733965,87.980385,MoPR_LGD_and_ISRO_Bhuvan,LGD_2026_Bhuvan_2024,2813,MATCHED_AUTHORITATIVE_BOUNDARY
2812,Ketugram-Ii,Purba Bardhaman,West Bengal,23.70259,88.09651,MoPR_LGD_and_ISRO_Bhuvan,LGD_2026_Bhuvan_2024,2812,MATCHED_AUTHORITATIVE_BOUNDARY
2814,Khandaghosh,Purba Bardhaman,West Bengal,23.162803,87.747056,MoPR_LGD_and_ISRO_Bhuvan,LGD_2026_Bhuvan_2024,2814,MATCHED_AUTHORITATIVE_BOUNDARY
2815,Mangolkote,Purba Bardhaman,West Bengal,23.541411,87.932813,MoPR_LGD_and_ISRO_Bhuvan,LGD_2026_Bhuvan_2024,2815,MATCHED_AUTHORITATIVE_BOUNDARY
2816,Manteswar,Purba Bardhaman,West Bengal,23.39568,88.13512,MoPR_LGD_and_ISRO_Bhuvan,LGD_2026_Bhuvan_2024,2816,MATCHED_AUTHORITATIVE_BOUNDARY
2817,Memari-1,Purba Bardhaman,West Bengal,23.175078,88.101862,MoPR_LGD_and_ISRO_Bhuvan,LGD_2026_Bhuvan_2024,2817,MATCHED_AUTHORITATIVE_BOUNDARY
2818,Memari-Ii,Purba Bardhaman,West Bengal,23.271858,88.120312,MoPR_LGD_and_ISRO_Bhuvan,LGD_2026_Bhuvan_2024,2818,MATCHED_AUTHORITATIVE_BOUNDARY
2821,Purbasthali-I,Purba Bardhaman,West Bengal,23.391143,88.283439,MoPR_LGD_and_ISRO_Bhuvan,LGD_2026_Bhuvan_2024,2821,MATCHED_AUTHORITATIVE_BOUNDARY
2822,Purbasthali-Ii,Purba Bardhaman,West Bengal,23.506398,88.288873,MoPR_LGD_and_ISRO_Bhuvan,LGD_2026_Bhuvan_2024,2822,MATCHED_AUTHORITATIVE_BOUNDARY
2823,Raina-I,Purba Bardhaman,West Bengal,23.114286,87.880012,MoPR_LGD_and_ISRO_Bhuvan,LGD_2026_Bhuvan_2024,2823,MATCHED_AUTHORITATIVE_BOUNDARY
2824,Raina-Ii,Purba Bardhaman,West Bengal,22.996166,87.851776,MoPR_LGD_and_ISRO_Bhuvan,LGD_2026_Bhuvan_2024,2824,MATCHED_AUTHORITATIVE_BOUNDARY
2947,Bhagawanpur-I,Purba Medinipur,West Bengal,22.096048,87.754663,MoPR_LGD_and_ISRO_Bhuvan,LGD_2026_Bhuvan_2024,2947,MATCHED_AUTHORITATIVE_BOUNDARY
2948,Bhagawanpur-Ii,Purba Medinipur,West Bengal,21.992795,87.728584,MoPR_LGD_and_ISRO_Bhuvan,LGD_2026_Bhuvan_2024,2948,MATCHED_AUTHORITATIVE_BOUNDARY
2949,Chandipur,Purba Medinipur,West Bengal,22.100654,87.863175,MoPR_LGD_and_ISRO_Bhuvan,LGD_2026_Bhuvan_2024,2949,MATCHED_AUTHORITATIVE_BOUNDARY
2950,Contai-I,Purba Medinipur,West Bengal,21.752392,87.702454,MoPR_LGD_and_ISRO_Bhuvan,LGD_2026_Bhuvan_2024,2950,MATCHED_AUTHORITATIVE_BOUNDARY
2951,Contai-Iii,Purba Medinipur,West Bengal,21.854378,87.727195,MoPR_LGD_and_ISRO_Bhuvan,LGD_2026_Bhuvan_2024,2951,MATCHED_AUTHORITATIVE_BOUNDARY
2952,Deshapran,Purba Medinipur,West Bengal,21.80686,87.820005,MoPR_LGD_and_ISRO_Bhuvan,LGD_2026_Bhuvan_2024,2952,MATCHED_AUTHORITATIVE_BOUNDARY
2953,Egra-I,Purba Medinipur,West Bengal,21.836952,87.501805,MoPR_LGD_and_ISRO_Bhuvan,LGD_2026_Bhuvan_2024,2953,MATCHED_AUTHORITATIVE_BOUNDARY
2954,Egra-Ii,Purba Medinipur,West Bengal,21.843924,87.595327,MoPR_LGD_and_ISRO_Bhuvan,LGD_2026_Bhuvan_2024,2954,MATCHED_AUTHORITATIVE_BOUNDARY
2955,Haldia,Purba Medinipur,West Bengal,22.084767,88.058269,MoPR_LGD_and_ISRO_Bhuvan,LGD_2026_Bhuvan_2024,2955,MATCHED_AUTHORITATIVE_BOUNDARY
2956,Khejuri-I,Purba Medinipur,West Bengal,21.947355,87.83406,MoPR_LGD_and_ISRO_Bhuvan,LGD_2026_Bhuvan_2024,2956,MATCHED_AUTHORITATIVE_BOUNDARY
2957,Khejuri-Ii,Purba Medinipur,West Bengal,21.871502,87.918246,MoPR_LGD_and_ISRO_Bhuvan,LGD_2026_Bhuvan_2024,2957,MATCHED_AUTHORITATIVE_BOUNDARY
2958,Kolaghat,Purba Medinipur,West Bengal,22.442967,87.824069,MoPR_LGD_and_ISRO_Bhuvan,LGD_2026_Bhuvan_2024,2958,MATCHED_AUTHORITATIVE_BOUNDARY
2959,Mahishadal,Purba Medinipur,West Bengal,22.166976,87.994121,MoPR_LGD_and_ISRO_Bhuvan,LGD_2026_Bhuvan_2024,2959,MATCHED_AUTHORITATIVE_BOUNDARY
2960,Moyna,Purba Medinipur,West Bengal,22.233881,87.7587,MoPR_LGD_and_ISRO_Bhuvan,LGD_2026_Bhuvan_2024,2960,MATCHED_AUTHORITATIVE_BOUNDARY
2961,Nandakumar,Purba Medinipur,West Bengal,22.205042,87.890375,MoPR_LGD_and_ISRO_Bhuvan,LGD_2026_Bhuvan_2024,2961,MATCHED_AUTHORITATIVE_BOUNDARY
2962,Nandigram-I,Purba Medinipur,West Bengal,21.992952,87.985346,MoPR_LGD_and_ISRO_Bhuvan,LGD_2026_Bhuvan_2024,2962,MATCHED_AUTHORITATIVE_BOUNDARY
2963,Nandigram-Ii,Purba Medinipur,West Bengal,22.027365,87.911349,MoPR_LGD_and_ISRO_Bhuvan,LGD_2026_Bhuvan_2024,2963,MATCHED_AUTHORITATIVE_BOUNDARY
2964,Panskura-I,Purba Medinipur,West Bengal,22.390822,87.722634,MoPR_LGD_and_ISRO_Bhuvan,LGD_2026_Bhuvan_2024,2964,MATCHED_AUTHORITATIVE_BOUNDARY
2965,Patashpur-I,Purba Medinipur,West Bengal,22.050602,87.573879,MoPR_LGD_and_ISRO_Bhuvan,LGD_2026_Bhuvan_2024,2965,MATCHED_AUTHORITATIVE_BOUNDARY
2966,Patashpur-Ii,Purba Medinipur,West Bengal,21.973193,87.586631,MoPR_LGD_and_ISRO_Bhuvan,LGD_2026_Bhuvan_2024,2966,MATCHED_AUTHORITATIVE_BOUNDARY
2967,Ramnagar-I,Purba Medinipur,West Bengal,21.670287,87.528203,MoPR_LGD_and_ISRO_Bhuvan,LGD_2026_Bhuvan_2024,2967,MATCHED_AUTHORITATIVE_BOUNDARY
2968,Ramnagar-Ii,Purba Medinipur,West Bengal,21.709886,87.614855,MoPR_LGD_and_ISRO_Bhuvan,LGD_2026_Bhuvan_2024,2968,MATCHED_AUTHORITATIVE_BOUNDARY
2969,Shahid Matangini,Purba Medinipur,West Bengal,22.367436,87.902538,MoPR_LGD_and_ISRO_Bhuvan,LGD_2026_Bhuvan_2024,2969,MATCHED_AUTHORITATIVE_BOUNDARY
2970,Sutahata,Purba Medinipur,West Bengal,22.129617,88.128769,MoPR_LGD_and_ISRO_Bhuvan,LGD_2026_Bhuvan_2024,2970,MATCHED_AUTHORITATIVE_BOUNDARY
2971,Tamluk,Purba Medinipur,West Bengal,22.295958,87.860381,MoPR_LGD_and_ISRO_Bhuvan,LGD_2026_Bhuvan_2024,2971,MATCHED_AUTHORITATIVE_BOUNDARY
3044,Arsha,Purulia,West Bengal,23.288483,86.203022,MoPR_LGD_and_ISRO_Bhuvan,LGD_2026_Bhuvan_2024,3044,MATCHED_AUTHORITATIVE_BOUNDARY
3045,Bagmundi,Purulia,West Bengal,23.197318,86.037954,MoPR_LGD_and_ISRO_Bhuvan,LGD_2026_Bhuvan_2024,3045,MATCHED_AUTHORITATIVE_BOUNDARY
3046,Balarampur,Purulia,West Bengal,23.111514,86.223376,MoPR_LGD_and_ISRO_Bhuvan,LGD_2026_Bhuvan_2024,3046,MATCHED_AUTHORITATIVE_BOUNDARY
3047,Barabazar,Purulia,West Bengal,23.074139,86.383669,MoPR_LGD_and_ISRO_Bhuvan,LGD_2026_Bhuvan_2024,3047,MATCHED_AUTHORITATIVE_BOUNDARY
3048,Bundwan,Purulia,West Bengal,22.826918,86.524879,MoPR_LGD_and_ISRO_Bhuvan,LGD_2026_Bhuvan_2024,3048,MATCHED_AUTHORITATIVE_BOUNDARY
3049,Hura,Purulia,West Bengal,23.311712,86.605334,MoPR_LGD_and_ISRO_Bhuvan,LGD_2026_Bhuvan_2024,3049,MATCHED_AUTHORITATIVE_BOUNDARY
3050,Jaipur,Purulia,West Bengal,23.474842,86.131841,MoPR_LGD_and_ISRO_Bhuvan,LGD_2026_Bhuvan_2024,3050,MATCHED_AUTHORITATIVE_BOUNDARY
3051,Jhalda-I,Purulia,West Bengal,23.342975,85.923363,MoPR_LGD_and_ISRO_Bhuvan,LGD_2026_Bhuvan_2024,3051,MATCHED_AUTHORITATIVE_BOUNDARY
3052,Jhalda-Ii,Purulia,West Bengal,23.413532,86.040364,MoPR_LGD_and_ISRO_Bhuvan,LGD_2026_Bhuvan_2024,3052,MATCHED_AUTHORITATIVE_BOUNDARY
3053,Kashipur,Purulia,West Bengal,23.411637,86.720103,MoPR_LGD_and_ISRO_Bhuvan,LGD_2026_Bhuvan_2024,3053,MATCHED_AUTHORITATIVE_BOUNDARY
3054,Manbazar-I,Purulia,West Bengal,23.084669,86.615406,MoPR_LGD_and_ISRO_Bhuvan,LGD_2026_Bhuvan_2024,3054,MATCHED_AUTHORITATIVE_BOUNDARY
3055,Manbazar-Ii,Purulia,West Bengal,22.95016,86.607293,MoPR_LGD_and_ISRO_Bhuvan,LGD_2026_Bhuvan_2024,3055,MATCHED_AUTHORITATIVE_BOUNDARY
3056,Neturia,Purulia,West Bengal,23.648087,86.744487,MoPR_LGD_and_ISRO_Bhuvan,LGD_2026_Bhuvan_2024,3056,MATCHED_AUTHORITATIVE_BOUNDARY
3057,Para,Purulia,West Bengal,23.508564,86.474958,MoPR_LGD_and_ISRO_Bhuvan,LGD_2026_Bhuvan_2024,3057,MATCHED_AUTHORITATIVE_BOUNDARY
3058,Puncha,Purulia,West Bengal,23.196085,86.610054,MoPR_LGD_and_ISRO_Bhuvan,LGD_2026_Bhuvan_2024,3058,MATCHED_AUTHORITATIVE_BOUNDARY
3059,Purulia-I,Purulia,West Bengal,23.294365,86.347014,MoPR_LGD_and_ISRO_Bhuvan,LGD_2026_Bhuvan_2024,3059,MATCHED_AUTHORITATIVE_BOUNDARY
3060,Purulia-Ii,Purulia,West Bengal,23.371997,86.422146,MoPR_LGD_and_ISRO_Bhuvan,LGD_2026_Bhuvan_2024,3060,MATCHED_AUTHORITATIVE_BOUNDARY
3061,Raghunath Pur-I,Purulia,West Bengal,23.542993,86.697019,MoPR_LGD_and_ISRO_Bhuvan,LGD_2026_Bhuvan_2024,3061,MATCHED_AUTHORITATIVE_BOUNDARY
3062,Raghunathpur-Ii,Purulia,West Bengal,23.598141,86.572135,MoPR_LGD_and_ISRO_Bhuvan,LGD_2026_Bhuvan_2024,3062,MATCHED_AUTHORITATIVE_BOUNDARY
3063,Santuri,Purulia,West Bengal,23.555583,86.842617,MoPR_LGD_and_ISRO_Bhuvan,LGD_2026_Bhuvan_2024,3063,MATCHED_AUTHORITATIVE_BOUNDARY
2745,Baruipur,South 24 Parganas,West Bengal,22.338668,88.479613,MoPR_LGD_and_ISRO_Bhuvan,LGD_2026_Bhuvan_2024,2745,MATCHED_AUTHORITATIVE_BOUNDARY
2746,Basanti,South 24 Parganas,West Bengal,22.175228,88.763179,MoPR_LGD_and_ISRO_Bhuvan,LGD_2026_Bhuvan_2024,2746,MATCHED_AUTHORITATIVE_BOUNDARY
2747,Bhangar-I,South 24 Parganas,West Bengal,22.469134,88.570706,MoPR_LGD_and_ISRO_Bhuvan,LGD_2026_Bhuvan_2024,2747,MATCHED_AUTHORITATIVE_BOUNDARY
2748,Bhangar-Ii,South 24 Parganas,West Bengal,22.552101,88.561678,MoPR_LGD_and_ISRO_Bhuvan,LGD_2026_Bhuvan_2024,2748,MATCHED_AUTHORITATIVE_BOUNDARY
2749,Bishnupur-I,South 24 Parganas,West Bengal,22.388481,88.324397,MoPR_LGD_and_ISRO_Bhuvan,LGD_2026_Bhuvan_2024,2749,MATCHED_AUTHORITATIVE_BOUNDARY
2750,Bishnupur-Ii,South 24 Parganas,West Bengal,22.382815,88.240145,MoPR_LGD_and_ISRO_Bhuvan,LGD_2026_Bhuvan_2024,2750,MATCHED_AUTHORITATIVE_BOUNDARY
2751,Budge Budge-I,South 24 Parganas,West Bengal,22.462391,88.175263,MoPR_LGD_and_ISRO_Bhuvan,LGD_2026_Bhuvan_2024,2751,MATCHED_AUTHORITATIVE_BOUNDARY
2752,Budge Budge-Ii,South 24 Parganas,West Bengal,22.39024,88.165851,MoPR_LGD_and_ISRO_Bhuvan,LGD_2026_Bhuvan_2024,2752,MATCHED_AUTHORITATIVE_BOUNDARY
2753,Canning-I,South 24 Parganas,West Bengal,22.271162,88.613997,MoPR_LGD_and_ISRO_Bhuvan,LGD_2026_Bhuvan_2024,2753,MATCHED_AUTHORITATIVE_BOUNDARY
2754,Canning-Ii,South 24 Parganas,West Bengal,22.392807,88.659123,MoPR_LGD_and_ISRO_Bhuvan,LGD_2026_Bhuvan_2024,2754,MATCHED_AUTHORITATIVE_BOUNDARY
2755,Diamond Harbour-I,South 24 Parganas,West Bengal,22.217164,88.163374,MoPR_LGD_and_ISRO_Bhuvan,LGD_2026_Bhuvan_2024,2755,MATCHED_AUTHORITATIVE_BOUNDARY
2756,Diamond Harbour-Ii,South 24 Parganas,West Bengal,22.246362,88.14417,MoPR_LGD_and_ISRO_Bhuvan,LGD_2026_Bhuvan_2024,2756,MATCHED_AUTHORITATIVE_BOUNDARY
2757,Falta,South 24 Parganas,West Bengal,22.309225,88.17966,MoPR_LGD_and_ISRO_Bhuvan,LGD_2026_Bhuvan_2024,2757,MATCHED_AUTHORITATIVE_BOUNDARY
2758,Gosaba,South 24 Parganas,West Bengal,21.871073,88.888013,MoPR_LGD_and_ISRO_Bhuvan,LGD_2026_Bhuvan_2024,2758,MATCHED_AUTHORITATIVE_BOUNDARY
2759,Jaynagar-I,South 24 Parganas,West Bengal,22.226145,88.494501,MoPR_LGD_and_ISRO_Bhuvan,LGD_2026_Bhuvan_2024,2759,MATCHED_AUTHORITATIVE_BOUNDARY
2760,Jaynagar-Ii,South 24 Parganas,West Bengal,22.107423,88.500481,MoPR_LGD_and_ISRO_Bhuvan,LGD_2026_Bhuvan_2024,2760,MATCHED_AUTHORITATIVE_BOUNDARY
2761,Kak Dwip,South 24 Parganas,West Bengal,21.790494,88.236262,MoPR_LGD_and_ISRO_Bhuvan,LGD_2026_Bhuvan_2024,2761,MATCHED_AUTHORITATIVE_BOUNDARY
2762,Kulpi,South 24 Parganas,West Bengal,22.056161,88.255522,MoPR_LGD_and_ISRO_Bhuvan,LGD_2026_Bhuvan_2024,2762,MATCHED_AUTHORITATIVE_BOUNDARY
2763,Kultali,South 24 Parganas,West Bengal,21.903538,88.574802,MoPR_LGD_and_ISRO_Bhuvan,LGD_2026_Bhuvan_2024,2763,MATCHED_AUTHORITATIVE_BOUNDARY
2764,Magra Hat-I,South 24 Parganas,West Bengal,22.246135,88.300683,MoPR_LGD_and_ISRO_Bhuvan,LGD_2026_Bhuvan_2024,2764,MATCHED_AUTHORITATIVE_BOUNDARY
2765,Magra Hat-Ii,South 24 Parganas,West Bengal,22.265775,88.378847,MoPR_LGD_and_ISRO_Bhuvan,LGD_2026_Bhuvan_2024,2765,MATCHED_AUTHORITATIVE_BOUNDARY
2766,Mandirbazar,South 24 Parganas,West Bengal,22.146988,88.335236,MoPR_LGD_and_ISRO_Bhuvan,LGD_2026_Bhuvan_2024,2766,MATCHED_AUTHORITATIVE_BOUNDARY
2767,Mathurapur I,South 24 Parganas,West Bengal,22.073688,88.379777,MoPR_LGD_and_ISRO_Bhuvan,LGD_2026_Bhuvan_2024,2767,MATCHED_AUTHORITATIVE_BOUNDARY
2768,Mathurapur-Ii,South 24 Parganas,West Bengal,21.989121,88.442271,MoPR_LGD_and_ISRO_Bhuvan,LGD_2026_Bhuvan_2024,2768,MATCHED_AUTHORITATIVE_BOUNDARY
2769,Namkhana,South 24 Parganas,West Bengal,21.745281,88.313355,MoPR_LGD_and_ISRO_Bhuvan,LGD_2026_Bhuvan_2024,2769,MATCHED_AUTHORITATIVE_BOUNDARY
2770,Pathar Pratima,South 24 Parganas,West Bengal,21.831288,88.388215,MoPR_LGD_and_ISRO_Bhuvan,LGD_2026_Bhuvan_2024,2770,MATCHED_AUTHORITATIVE_BOUNDARY
2771,Sagar,South 24 Parganas,West Bengal,21.731963,88.117454,MoPR_LGD_and_ISRO_Bhuvan,LGD_2026_Bhuvan_2024,2771,MATCHED_AUTHORITATIVE_BOUNDARY
2772,Sonarpur,South 24 Parganas,West Bengal,22.443157,88.438021,MoPR_LGD_and_ISRO_Bhuvan,LGD_2026_Bhuvan_2024,2772,MATCHED_AUTHORITATIVE_BOUNDARY
2773,Thakurpukur Mahestola,South 24 Parganas,West Bengal,22.487759,88.257669,MoPR_LGD_and_ISRO_Bhuvan,LGD_2026_Bhuvan_2024,2773,MATCHED_AUTHORITATIVE_BOUNDARY
2878,Chopra,Uttar Dinajpur,West Bengal,26.407581,88.371278,MoPR_LGD_and_ISRO_Bhuvan,LGD_2026_Bhuvan_2024,2878,MATCHED_AUTHORITATIVE_BOUNDARY
2880,Goalpokhar-I,Uttar Dinajpur,West Bengal,26.056623,88.079156,MoPR_LGD_and_ISRO_Bhuvan,LGD_2026_Bhuvan_2024,2880,MATCHED_AUTHORITATIVE_BOUNDARY
2879,Goalpokhar Ii,Uttar Dinajpur,West Bengal,25.993329,87.941638,MoPR_LGD_and_ISRO_Bhuvan,LGD_2026_Bhuvan_2024,2879,MATCHED_AUTHORITATIVE_BOUNDARY
2881,Hemtabad,Uttar Dinajpur,West Bengal,25.706401,88.255756,MoPR_LGD_and_ISRO_Bhuvan,LGD_2026_Bhuvan_2024,2881,MATCHED_AUTHORITATIVE_BOUNDARY
2882,Islampur,Uttar Dinajpur,West Bengal,26.236388,88.233686,MoPR_LGD_and_ISRO_Bhuvan,LGD_2026_Bhuvan_2024,2882,MATCHED_AUTHORITATIVE_BOUNDARY
2883,Itahar,Uttar Dinajpur,West Bengal,25.437936,88.157315,MoPR_LGD_and_ISRO_Bhuvan,LGD_2026_Bhuvan_2024,2883,MATCHED_AUTHORITATIVE_BOUNDARY
2884,Kaliaganj,Uttar Dinajpur,West Bengal,25.61169,88.32595,MoPR_LGD_and_ISRO_Bhuvan,LGD_2026_Bhuvan_2024,2884,MATCHED_AUTHORITATIVE_BOUNDARY
2885,Karandighi,Uttar Dinajpur,West Bengal,25.847362,87.974762,MoPR_LGD_and_ISRO_Bhuvan,LGD_2026_Bhuvan_2024,2885,MATCHED_AUTHORITATIVE_BOUNDARY
2886,Raiganj,Uttar Dinajpur,West Bengal,25.68332,88.117986,MoPR_LGD_and_ISRO_Bhuvan,LGD_2026_Bhuvan_2024,2886,MATCHED_AUTHORITATIVE_BOUNDARY
